{
  "Dataset": {
    "AtomTypeStyle": "chemicalsymbol",
    "Data": [
      {
        "AtomTypes": [
          "Cr"
        ],
        "Energy": -41.876395137155214,
        "Forces": [
          [
            -0.32088155608006697,
            -0.4770181889413756,
            -0.41525090701635964
          ]
        ],
        "Lattice": [
          [
            4.528829785037279,
            0.0,
            0.0
          ],
          [
            0.12855989110785324,
            3.677853610769204,
            0.0
          ],
          [
            1.9908826311619578,
            -2.8140608482094738,
            4.071236823557112
          ]
        ],
        "NumAtoms": 1,
        "Positions": [
          [
            0.0,
            0.0,
            0.0
          ]
        ],
        "Stress": [
          [
            -28330.97745314296,
            -470.73642375023337,
            -2063.8850078799296
          ],
          [
            -470.73642375023337,
            -44013.855620646835,
            -904.69656439498
          ],
          [
            -2063.8850078799296,
            -904.69656439498,
            -26714.292047825747
          ]
        ]
      }
    ],
    "EnergyStyle": "electronvolt",
    "ForcesStyle": "electronvoltperangstrom",
    "Label": "ASE generated",
    "LatticeStyle": "angstrom",
    "PositionsStyle": "angstrom",
    "StressStyle": "bar"
  }
}