<?xml version="1.0" encoding="UTF-8"?>
<!-- All quantities are in Hartree atomic units unless otherwise specified -->
<qes:espresso xmlns:xsi="http://www.w3.org/2001/XMLSchema-instance" xmlns:qes="http://www.quantum-espresso.org/ns/qes/qes-1.0" xsi:schemaLocation="http://www.quantum-espresso.org/ns/qes/qes-1.0 http://www.quantum-espresso.org/ns/qes/qes_230310.xsd" Units="Hartree atomic units">
  <general_info>
    <xml_format NAME="QEXSD" VERSION="23.03.10">QEXSD_23.03.10</xml_format>
    <creator NAME="CP" VERSION="7.2">XML file generated by CP</creator>
    <created DATE="27Jul2023" TIME="16:12: 5">This run was terminated on:  16:12: 5  27 Jul 2023</created>
    <job>MD Simulation</job>
  </general_info>
  <parallel_info>
    <nprocs>24</nprocs>
    <nthreads>1</nthreads>
    <ntasks>1</ntasks>
    <nbgrp>1</nbgrp>
    <npool>1</npool>
    <ndiag>24</ndiag>
  </parallel_info>
  <output>
    <algorithmic_info>
      <real_space_q>false</real_space_q>
      <real_space_beta>false</real_space_beta>
      <uspp>true</uspp>
      <paw>false</paw>
    </algorithmic_info>
    <atomic_species ntyp="1">
      <species name="Cr">
        <mass>5.199610000000000E+01</mass>
        <pseudo_file>Cr.upf</pseudo_file>
      </species>
    </atomic_species>
    <atomic_structure nat="16" alat="11.9733047256289">
      <atomic_positions>
        <atom name="Cr" index="1">7.571241844197207E-02   2.631631152167855E-03  -1.770359507796133E-01</atom>
        <atom name="Cr" index="2">3.063103903064116E+00   2.854162652575759E+00   2.992372657764079E+00</atom>
        <atom name="Cr" index="3">2.228462240830829E-04  -5.246925546741497E-02   6.037117952862219E+00</atom>
        <atom name="Cr" index="4">2.980447051895544E+00   3.062344059918760E+00   8.987692337005253E+00</atom>
        <atom name="Cr" index="5">-4.603248440262758E-02   5.980946873375934E+00   6.403753951126720E-02</atom>
        <atom name="Cr" index="6">2.997805355596547E+00   8.980380489857071E+00   2.925495761897311E+00</atom>
        <atom name="Cr" index="7">-6.007854131873430E-02   5.897663265303940E+00   6.002978883944564E+00</atom>
        <atom name="Cr" index="8">2.995674547432567E+00   8.979708435950911E+00   8.978127687478395E+00</atom>
        <atom name="Cr" index="9">5.918295019600022E+00  -6.186321848554879E-02  -2.712140743401786E-03</atom>
        <atom name="Cr" index="10">8.982637221284140E+00   2.994085757295695E+00   2.997433761648093E+00</atom>
        <atom name="Cr" index="11">5.927727529308001E+00  -6.891512137133980E-02   6.045973760339703E+00</atom>
        <atom name="Cr" index="12">8.977015032232350E+00   2.988385933006620E+00   9.051774295484696E+00</atom>
        <atom name="Cr" index="13">6.001114124563116E+00   5.983806482621516E+00   5.840308727470294E-02</atom>
        <atom name="Cr" index="14">9.115976485025485E+00   9.104519892110156E+00   2.925123864787932E+00</atom>
        <atom name="Cr" index="15">5.928981963118872E+00   6.018997410000390E+00   5.974108875989406E+00</atom>
        <atom name="Cr" index="16">8.981225881707838E+00   9.175443065928681E+00   8.978935979308703E+00</atom>
      </atomic_positions>
      <cell>
        <a1>1.197330472562888E+01   0.000000000000000E+00   0.000000000000000E+00</a1>
        <a2>0.000000000000000E+00   1.197330472562888E+01   0.000000000000000E+00</a2>
        <a3>0.000000000000000E+00   0.000000000000000E+00   1.197330472562888E+01</a3>
      </cell>
    </atomic_structure>
    <basis_set>
      <gamma_only>true</gamma_only>
      <ecutwfc>3.000000000000000E+01</ecutwfc>
      <ecutrho>2.400000000000000E+02</ecutrho>
      <fft_grid nr1="90" nr2="90" nr3="90"></fft_grid>
      <fft_smooth nr1="60" nr2="60" nr3="60"></fft_smooth>
      <fft_box nr1="90" nr2="90" nr3="90"></fft_box>
      <ngm>152398</ngm>
      <ngms>53892</ngms>
      <npwx>6699</npwx>
      <reciprocal_lattice>
        <b1>1.000000000000000E+00   0.000000000000000E+00   0.000000000000000E+00</b1>
        <b2>0.000000000000000E+00   1.000000000000000E+00   0.000000000000000E+00</b2>
        <b3>0.000000000000000E+00   0.000000000000000E+00   1.000000000000000E+00</b3>
      </reciprocal_lattice>
    </basis_set>
    <dft>
      <functional>PBE</functional>
    </dft>
    <magnetization>
      <lsda>true</lsda>
      <noncolin>false</noncolin>
      <spinorbit>false</spinorbit>
      <absolute>0.000000000000000E+00</absolute>
    </magnetization>
    <total_energy>
      <etot>-6.625415684837370E+02</etot>
      <ehart>-1.145222830832076E+03</ehart>
      <vtxc>0.000000000000000E+00</vtxc>
      <etxc>-2.738279939777437E+02</etxc>
    </total_energy>
    <band_structure>
      <lsda>true</lsda>
      <noncolin>false</noncolin>
      <spinorbit>false</spinorbit>
      <nbnd_up>112</nbnd_up>
      <nbnd_dw>112</nbnd_dw>
      <nelec>2.240000000000000E+02</nelec>
      <num_of_atomic_wfc>160</num_of_atomic_wfc>
      <wf_collected>true</wf_collected>
      <starting_k_points>
        <nk>1</nk>
        <k_point weight="1.00000000000000">0.000000000000000E+00   0.000000000000000E+00   0.000000000000000E+00</k_point>
      </starting_k_points>
      <nks>1</nks>
      <occupations_kind spin="0">fixed</occupations_kind>
      <ks_energies>
        <k_point weight="1.00000000000000">0.000000000000000E+00   0.000000000000000E+00   0.000000000000000E+00</k_point>
        <npw>6699</npw>
        <eigenvalues size="224">
  -3.734134012870615E+00  -3.576595659110285E+00  -3.491716616202665E+00
  -3.243977508771623E+00  -2.778686341376545E+00
  -2.657366894361512E+00  -2.536281963027558E+00  -2.492814916117838E+00
  -2.419847228592455E+00  -2.370591949887380E+00
  -2.326946029945824E+00  -2.319273073704511E+00  -2.273182636185524E+00
  -2.242492180564674E+00  -2.129876056920784E+00
  -2.109130963342302E+00  -2.080254699607104E+00  -2.020652918108621E+00
  -1.984697777103321E+00  -1.967758632437943E+00
  -1.896787796028314E+00  -1.868625944844613E+00  -1.825466868292690E+00
  -1.812688670134745E+00  -1.755317505851118E+00
  -1.730331563559812E+00  -1.712295919496838E+00  -1.673150845817365E+00
  -1.623539912035347E+00  -1.595716536431381E+00
  -1.576864458631446E+00  -1.551387537707585E+00  -1.532901584790099E+00
  -1.526736139486705E+00  -1.504325590809934E+00
  -1.496117517304520E+00  -1.462703859830067E+00  -1.450622649538391E+00
  -1.429355773843478E+00  -1.407488530934178E+00
  -1.394864956636948E+00  -1.383971515140780E+00  -1.362729132180361E+00
  -1.352629011722272E+00  -1.345647797937538E+00
  -1.322977006220206E+00  -1.291001939670883E+00  -1.272270758220261E+00
  -1.267788385535114E+00  -1.244640057477699E+00
  -1.219203744846296E+00  -1.205689048304649E+00  -1.179403905967085E+00
  -1.161486329724568E+00  -1.144850821722997E+00
  -1.127049906651070E+00  -1.115376984117803E+00  -1.096553500887042E+00
  -1.085746999799236E+00  -1.071635071523952E+00
  -1.068092029190880E+00  -1.049043023303110E+00  -1.024840011780350E+00
  -1.004036179777475E+00  -9.892364818243606E-01
  -9.800289090212538E-01  -9.638203958365891E-01  -9.441334598203314E-01
  -9.103603035899512E-01  -9.075430527198376E-01
  -8.895493246186085E-01  -8.672373064091520E-01  -8.545468033616013E-01
  -8.430289141233844E-01  -8.105819317053761E-01
  -8.070197109870428E-01  -7.724736835493083E-01  -7.544707166448233E-01
  -7.514867814046283E-01  -7.358659805948710E-01
  -7.083806598739663E-01  -7.023096276142360E-01  -6.602798190245485E-01
  -6.448360616773440E-01  -6.265689181463105E-01
  -6.123848730568442E-01  -6.091916656648821E-01  -5.911983645321987E-01
  -5.401093082081873E-01  -4.893355886011832E-01
  -4.623571042781563E-01  -4.298749604789436E-01  -3.685183631932764E-01
  -3.384940992171234E-01  -3.109014781413385E-01
  -3.025163647224980E-01  -2.658425165209115E-01  -2.355644397369391E-01
  -2.203483068559619E-01  -2.050062669675340E-01
  -1.818633637724362E-01  -1.720888215614241E-01  -1.546480366715620E-01
  -1.427911814356337E-01  -9.901272161043388E-02
  -8.183966769772996E-02  -4.262856058872136E-02  -3.149127947595214E-02
  -3.875612792696155E-03   1.210126319322199E-02
   4.384708487033268E-02   8.028715689853479E-02  -3.682980907626963E+00
  -3.559568792136088E+00  -3.481475393086765E+00
  -3.386022544895071E+00  -3.326328222350829E+00  -3.245571351751408E+00
  -3.182281236174802E+00  -3.055903494910232E+00
  -2.993313719690649E+00  -2.957572573298574E+00  -2.938222493728633E+00
  -2.798843544876857E+00  -2.334650099260319E+00
  -2.291567593873885E+00  -2.272519914402450E+00  -2.122996347622546E+00
  -2.013371581166661E+00  -1.956800599582138E+00
  -1.900781851511164E+00  -1.792796025833550E+00  -1.746382528741250E+00
  -1.683525732300623E+00  -1.649386245486218E+00
  -1.638653364630794E+00  -1.597079100322403E+00  -1.587591695909863E+00
  -1.568985162892276E+00  -1.538079841410277E+00
  -1.521056894764556E+00  -1.499650820504380E+00  -1.496593586193840E+00
  -1.472668720466719E+00  -1.460452376000683E+00
  -1.427041015303070E+00  -1.420082922242027E+00  -1.408581866973873E+00
  -1.382089652919292E+00  -1.370021554500071E+00
  -1.350837495588744E+00  -1.338936317655003E+00  -1.318195468593396E+00
  -1.314955810332283E+00  -1.280831166037625E+00
  -1.253739689107707E+00  -1.238899989487750E+00  -1.233042836422634E+00
  -1.210841345155087E+00  -1.190377591149914E+00
  -1.174634945182208E+00  -1.160259658947470E+00  -1.145460894128765E+00
  -1.141398638321324E+00  -1.111420531945815E+00
  -1.096601821281739E+00  -1.073948674292693E+00  -1.061024058512400E+00
  -1.050540182216309E+00  -1.016083952553980E+00
  -1.015102486165247E+00  -9.969844299345921E-01  -9.913576319909396E-01
  -9.874768915138369E-01  -9.587919252566117E-01
  -9.518422853376134E-01  -8.959477904598473E-01  -8.902080089322948E-01
  -8.721982074144279E-01  -8.502449675817367E-01
  -8.335230480003908E-01  -8.214748527375123E-01  -8.134763799032872E-01
  -7.908148392428145E-01  -7.769713361171376E-01
  -7.739536057616563E-01  -7.205475178587785E-01  -7.057768767863415E-01
  -6.798218443223948E-01  -6.675585705744869E-01
  -6.444584094897007E-01  -6.198727848119990E-01  -5.934504329006536E-01
  -5.837354461348389E-01  -5.351075125834226E-01
  -5.154589289854764E-01  -4.830794515365678E-01  -4.006360830418160E-01
  -3.764285697207759E-01  -3.481160977960210E-01
  -3.396185776018592E-01  -3.168183611032418E-01  -3.059842682940962E-01
  -2.896857161579981E-01  -2.694484250228779E-01
  -2.472601007176274E-01  -2.128286314796666E-01  -2.070600339070507E-01
  -1.935401007044785E-01  -1.840309001211480E-01
  -1.611856737693373E-01  -1.431018701448576E-01  -1.381803003352191E-01
  -1.135268040219089E-01  -8.939890024371039E-02
  -7.021161453769931E-02  -6.086048337130588E-02  -2.487764243794778E-02
  -1.958027193298295E-02  -7.714652632311143E-03
   1.588664033560340E-02   5.383971783232740E-02   9.248304048264501E-02
   1.103070881078310E-01
        </eigenvalues>
        <occupations size="224">
   1.000000000000000E+00   1.000000000000000E+00   1.000000000000000E+00
   1.000000000000000E+00   1.000000000000000E+00
   1.000000000000000E+00   1.000000000000000E+00   1.000000000000000E+00
   1.000000000000000E+00   1.000000000000000E+00
   1.000000000000000E+00   1.000000000000000E+00   1.000000000000000E+00
   1.000000000000000E+00   1.000000000000000E+00
   1.000000000000000E+00   1.000000000000000E+00   1.000000000000000E+00
   1.000000000000000E+00   1.000000000000000E+00
   1.000000000000000E+00   1.000000000000000E+00   1.000000000000000E+00
   1.000000000000000E+00   1.000000000000000E+00
   1.000000000000000E+00   1.000000000000000E+00   1.000000000000000E+00
   1.000000000000000E+00   1.000000000000000E+00
   1.000000000000000E+00   1.000000000000000E+00   1.000000000000000E+00
   1.000000000000000E+00   1.000000000000000E+00
   1.000000000000000E+00   1.000000000000000E+00   1.000000000000000E+00
   1.000000000000000E+00   1.000000000000000E+00
   1.000000000000000E+00   1.000000000000000E+00   1.000000000000000E+00
   1.000000000000000E+00   1.000000000000000E+00
   1.000000000000000E+00   1.000000000000000E+00   1.000000000000000E+00
   1.000000000000000E+00   1.000000000000000E+00
   1.000000000000000E+00   1.000000000000000E+00   1.000000000000000E+00
   1.000000000000000E+00   1.000000000000000E+00
   1.000000000000000E+00   1.000000000000000E+00   1.000000000000000E+00
   1.000000000000000E+00   1.000000000000000E+00
   1.000000000000000E+00   1.000000000000000E+00   1.000000000000000E+00
   1.000000000000000E+00   1.000000000000000E+00
   1.000000000000000E+00   1.000000000000000E+00   1.000000000000000E+00
   1.000000000000000E+00   1.000000000000000E+00
   1.000000000000000E+00   1.000000000000000E+00   1.000000000000000E+00
   1.000000000000000E+00   1.000000000000000E+00
   1.000000000000000E+00   1.000000000000000E+00   1.000000000000000E+00
   1.000000000000000E+00   1.000000000000000E+00
   1.000000000000000E+00   1.000000000000000E+00   1.000000000000000E+00
   1.000000000000000E+00   1.000000000000000E+00
   1.000000000000000E+00   1.000000000000000E+00   1.000000000000000E+00
   1.000000000000000E+00   1.000000000000000E+00
   1.000000000000000E+00   1.000000000000000E+00   1.000000000000000E+00
   1.000000000000000E+00   1.000000000000000E+00
   1.000000000000000E+00   1.000000000000000E+00   1.000000000000000E+00
   1.000000000000000E+00   1.000000000000000E+00
   1.000000000000000E+00   1.000000000000000E+00   1.000000000000000E+00
   1.000000000000000E+00   1.000000000000000E+00
   1.000000000000000E+00   1.000000000000000E+00   1.000000000000000E+00
   1.000000000000000E+00   1.000000000000000E+00
   1.000000000000000E+00   1.000000000000000E+00   1.000000000000000E+00
   1.000000000000000E+00   1.000000000000000E+00
   1.000000000000000E+00   1.000000000000000E+00   1.000000000000000E+00
   1.000000000000000E+00   1.000000000000000E+00
   1.000000000000000E+00   1.000000000000000E+00   1.000000000000000E+00
   1.000000000000000E+00   1.000000000000000E+00
   1.000000000000000E+00   1.000000000000000E+00   1.000000000000000E+00
   1.000000000000000E+00   1.000000000000000E+00
   1.000000000000000E+00   1.000000000000000E+00   1.000000000000000E+00
   1.000000000000000E+00   1.000000000000000E+00
   1.000000000000000E+00   1.000000000000000E+00   1.000000000000000E+00
   1.000000000000000E+00   1.000000000000000E+00
   1.000000000000000E+00   1.000000000000000E+00   1.000000000000000E+00
   1.000000000000000E+00   1.000000000000000E+00
   1.000000000000000E+00   1.000000000000000E+00   1.000000000000000E+00
   1.000000000000000E+00   1.000000000000000E+00
   1.000000000000000E+00   1.000000000000000E+00   1.000000000000000E+00
   1.000000000000000E+00   1.000000000000000E+00
   1.000000000000000E+00   1.000000000000000E+00   1.000000000000000E+00
   1.000000000000000E+00   1.000000000000000E+00
   1.000000000000000E+00   1.000000000000000E+00   1.000000000000000E+00
   1.000000000000000E+00   1.000000000000000E+00
   1.000000000000000E+00   1.000000000000000E+00   1.000000000000000E+00
   1.000000000000000E+00   1.000000000000000E+00
   1.000000000000000E+00   1.000000000000000E+00   1.000000000000000E+00
   1.000000000000000E+00   1.000000000000000E+00
   1.000000000000000E+00   1.000000000000000E+00   1.000000000000000E+00
   1.000000000000000E+00   1.000000000000000E+00
   1.000000000000000E+00   1.000000000000000E+00   1.000000000000000E+00
   1.000000000000000E+00   1.000000000000000E+00
   1.000000000000000E+00   1.000000000000000E+00   1.000000000000000E+00
   1.000000000000000E+00   1.000000000000000E+00
   1.000000000000000E+00   1.000000000000000E+00   1.000000000000000E+00
   1.000000000000000E+00   1.000000000000000E+00
   1.000000000000000E+00   1.000000000000000E+00   1.000000000000000E+00
   1.000000000000000E+00   1.000000000000000E+00
   1.000000000000000E+00   1.000000000000000E+00   1.000000000000000E+00
   1.000000000000000E+00   1.000000000000000E+00
   1.000000000000000E+00   1.000000000000000E+00   1.000000000000000E+00
   1.000000000000000E+00   1.000000000000000E+00
   1.000000000000000E+00   1.000000000000000E+00   1.000000000000000E+00
   1.000000000000000E+00   1.000000000000000E+00
   1.000000000000000E+00   1.000000000000000E+00   1.000000000000000E+00
   1.000000000000000E+00   1.000000000000000E+00
   1.000000000000000E+00   1.000000000000000E+00   1.000000000000000E+00
   1.000000000000000E+00
        </occupations>
      </ks_energies>
    </band_structure>
    <forces rank="2" dims="           3          16">
   4.169936634956262E-01  -2.188587662205939E-01  -9.639460238952180E-02
  -1.390611181057595E+00   9.074641316802734E-01   1.383690608178760E+00
  -1.422694874664088E+00  -1.552263613476569E-01   9.398024615560748E-01
   4.094236475269122E-01  -1.751961429408120E-01   6.079447116398873E-01
  -2.169459589329181E+00  -9.715152583499799E-01  -2.231218110417305E+00
   1.042460944060220E+00   1.478124715081906E+00   4.868911290572268E-01
   8.782281168391384E-01  -9.777779605557093E-01  -1.552652570106059E+00
  -1.158849957864572E+00   1.908755328044022E-01   1.125919114122640E+00
  -3.885126859560273E-01   1.067923931925419E+00   4.975414892770084E-01
  -9.403386637554161E-01  -1.012831973831267E+00   4.776614945552449E-01
   3.169945808006103E-01   7.882542597039965E-02   6.068624407367982E-01
   8.097806956532340E-01  -1.044511442646288E+00  -9.254802078743016E-01
   1.258150456999729E-01   8.800754834788069E-01   7.405914685343100E-01
  -9.384705526982724E-01   1.108612820716377E+00   6.765375415096273E-01
  -1.304833867933741E+00   9.136978354031941E-02  -1.824724041135607E-01
  -1.875749043269676E+00   1.459773576953372E+00  -6.923378417023723E-01
    </forces>
  </output>
  <STATUS>
    <STEP ITERATION="200"/>
    <TIME UNITS="pico-seconds">2.418884326585714E-02</TIME>
    <TITLE>temporary title</TITLE>
    <KINETIC_ENERGY UNITS="Hartree">9.848844733936899E+02</KINETIC_ENERGY>
    <HARTREE_ENERGY>-1.145222830832076E+03</HARTREE_ENERGY>
    <EWALD_TERM>5.850862228025895E-04</EWALD_TERM>
    <GAUSS_SELFINT>1.251082991338893E+03</GAUSS_SELFINT>
    <LPSP_ENERGY>-4.690881745953366E+02</LPSP_ENERGY>
    <NLPSP_ENERGY>2.407129575277296E+02</NLPSP_ENERGY>
    <EXC_ENERGY>-2.738279939777437E+02</EXC_ENERGY>
    <AVERAGE_POT>0.000000000000000E+00</AVERAGE_POT>
    <ENTHALPY>-6.625415684837370E+02</ENTHALPY>
  </STATUS>
  <TIMESTEPS nt="2">
    <STEP0>
      <ACCUMULATORS>
   1.243740707143365E+05   1.726073691269038E+05  -3.631685254024783E+05
  -1.452350791681079E+05   5.847197594753018E+05  -1.452350791681079E+05
  -1.451906384330113E+05   0.000000000000000E+00   3.432986554807750E+05
   0.000000000000000E+00
      </ACCUMULATORS>
      <IONS_POSITIONS>
        <stau>
   6.323435356982898E-03   2.197915456486164E-04  -1.478588867789087E-02
   2.558277746416607E-01   2.383771830734767E-01   2.499203625344054E-01
   1.861192287256167E-05  -4.382186595076332E-03   5.042148422013980E-01
   2.489243463014761E-01   2.557643132028375E-01   7.506442492662098E-01
  -3.844593072461855E-03   4.995234824829695E-01   5.348359619896313E-03
   2.503740967336895E-01   7.500335701499812E-01   2.443348623404933E-01
  -5.017707533170527E-03   4.925677079511708E-01   5.013635768490196E-01
   2.501961334885531E-01   7.499774407920838E-01   7.498454180541063E-01
   4.942908541308483E-01  -5.166762218381568E-03  -2.265156367060837E-04
   7.502220503965616E-01   2.500634391177607E-01   2.503430615302123E-01
   4.950786491401735E-01  -5.755731015834489E-03   5.049544715418698E-01
   7.497524900554007E-01   2.495873947490850E-01   7.559963187197063E-01
   5.012078337668731E-01   4.997623145607551E-01   4.877775068205775E-03
   7.613584297669064E-01   7.604015850880264E-01   2.443038018172793E-01
   4.951834183613381E-01   5.027014302172328E-01   4.989523788868260E-01
   7.501041765422964E-01   7.663250268982655E-01   7.499129258849710E-01
        </stau>
        <svel>
   4.068328124126684E-06   3.421358495575964E-05   6.893392361245186E-05
  -7.535113211617345E-06  -7.316708056357994E-06   1.160392539138140E-05
  -3.801071420326562E-05   1.197608251471681E-05  -2.155346440173692E-05
   3.732605976593283E-06   1.991402390239132E-05   7.788903244541286E-06
  -4.612598298099668E-05  -6.241165384384686E-05   2.732174205657928E-05
   2.011118742472095E-05  -3.673276945177359E-06   5.818367112544999E-06
   1.330873983851461E-05  -1.391656772959168E-05  -7.605168264816860E-06
   6.572951505562218E-06   1.449756572704579E-05   3.484159570466638E-06
   5.743520762488974E-07   4.414814328779748E-05   1.071318259157785E-05
  -1.337528646527504E-05  -5.357430435299691E-05   9.289191983274132E-06
  -3.325057960064639E-05   2.762205416676734E-05  -1.183791965626535E-05
   1.102170378402094E-05  -2.313468047063488E-06  -1.586318997572003E-05
   1.070928204028310E-05   1.358637611337500E-05  -1.209359562299042E-05
   3.392028650729356E-06  -2.533797660859321E-06  -2.558485405783232E-06
  -2.626158504438833E-05   2.032049723302249E-05  -1.668505737729028E-05
  -4.268899726610229E-05   7.169732955219730E-06  -2.392646553365731E-05
        </svel>
        <taui>
  -4.489989272110831E+00  -4.489989272110831E+00  -4.489989272110831E+00
  -1.496663090703611E+00  -1.496663090703611E+00  -1.496663090703611E+00
  -4.489989272110831E+00  -4.489989272110831E+00   1.496663090703609E+00
  -1.496663090703611E+00  -1.496663090703611E+00   4.489989272110829E+00
  -4.489989272110831E+00   1.496663090703609E+00  -4.489989272110831E+00
  -1.496663090703611E+00   4.489989272110829E+00  -1.496663090703611E+00
  -4.489989272110831E+00   1.496663090703609E+00   1.496663090703609E+00
  -1.496663090703611E+00   4.489989272110829E+00   4.489989272110829E+00
   1.496663090703609E+00  -4.489989272110831E+00  -4.489989272110831E+00
   4.489989272110829E+00  -1.496663090703611E+00  -1.496663090703611E+00
   1.496663090703609E+00  -4.489989272110831E+00   1.496663090703609E+00
   4.489989272110829E+00  -1.496663090703611E+00   4.489989272110829E+00
   1.496663090703609E+00   1.496663090703609E+00  -4.489989272110831E+00
   4.489989272110829E+00   4.489989272110829E+00  -1.496663090703611E+00
   1.496663090703609E+00   1.496663090703609E+00   1.496663090703609E+00
   4.489989272110829E+00   4.489989272110829E+00   4.489989272110829E+00
        </taui>
        <cdmi>4.489989272110831E+00   4.489989272110831E+00   4.489989272110831E+00</cdmi>
        <force>
   8.339873269912523E-01  -4.377175324411877E-01  -1.927892047790436E-01
  -2.781222362115191E+00   1.814928263360547E+00   2.767381216357521E+00
  -2.845389749328176E+00  -3.104527226953138E-01   1.879604923112150E+00
   8.188472950538245E-01  -3.503922858816241E-01   1.215889423279775E+00
  -4.338919178658362E+00  -1.943030516699960E+00  -4.462436220834610E+00
   2.084921888120440E+00   2.956249430163812E+00   9.737822581144535E-01
   1.756456233678277E+00  -1.955555921111419E+00  -3.105305140212117E+00
  -2.317699915729143E+00   3.817510656088043E-01   2.251838228245280E+00
  -7.770253719120547E-01   2.135847863850838E+00   9.950829785540167E-01
  -1.880677327510832E+00  -2.025663947662534E+00   9.553229891104897E-01
   6.339891616012205E-01   1.576508519407993E-01   1.213724881473596E+00
   1.619561391306468E+00  -2.089022885292576E+00  -1.850960415748603E+00
   2.516300913999458E-01   1.760150966957614E+00   1.481182937068620E+00
  -1.876941105396545E+00   2.217225641432753E+00   1.353075083019255E+00
  -2.609667735867483E+00   1.827395670806388E-01  -3.649448082271214E-01
  -3.751498086539352E+00   2.919547153906743E+00  -1.384675683404745E+00
        </force>
      </IONS_POSITIONS>
      <IONS_NOSE>
        <nhpcl>1</nhpcl>
        <nhpdim>1</nhpdim>
        <xnhp>4.491026272544487E-02</xnhp>
        <vnhp>1.007819840294910E-04</vnhp>
      </IONS_NOSE>
      <ekincm>6.950679411010021E+02</ekincm>
      <ELECTRONS_NOSE>
        <xnhe>0.000000000000000E+00</xnhe>
        <vnhe>0.000000000000000E+00</vnhe>
      </ELECTRONS_NOSE>
      <CELL_PARAMETERS>
        <ht>
   1.197330472562888E+01   0.000000000000000E+00   0.000000000000000E+00
   0.000000000000000E+00   1.197330472562888E+01   0.000000000000000E+00
   0.000000000000000E+00   0.000000000000000E+00   1.197330472562888E+01
        </ht>
        <htvel>
   0.000000000000000E+00   0.000000000000000E+00   0.000000000000000E+00
   0.000000000000000E+00   0.000000000000000E+00   0.000000000000000E+00
   0.000000000000000E+00   0.000000000000000E+00   0.000000000000000E+00
        </htvel>
        <gvel>
   0.000000000000000E+00   0.000000000000000E+00   0.000000000000000E+00
   0.000000000000000E+00   0.000000000000000E+00   0.000000000000000E+00
   0.000000000000000E+00   0.000000000000000E+00   0.000000000000000E+00
        </gvel>
      </CELL_PARAMETERS>
      <CELL_NOSE>
        <xnhh>
   0.000000000000000E+00   0.000000000000000E+00   0.000000000000000E+00
   0.000000000000000E+00   0.000000000000000E+00   0.000000000000000E+00
   0.000000000000000E+00   0.000000000000000E+00   0.000000000000000E+00
        </xnhh>
        <vnhh>
   0.000000000000000E+00   0.000000000000000E+00   0.000000000000000E+00
   0.000000000000000E+00   0.000000000000000E+00   0.000000000000000E+00
   0.000000000000000E+00   0.000000000000000E+00   0.000000000000000E+00
        </vnhh>
      </CELL_NOSE>
    </STEP0>
    <STEPM>
      <IONS_POSITIONS>
        <stau>
   6.252658402392132E-03   3.677200497996893E-06  -1.517904603431780E-02
   2.557792202373230E-01   2.384514849307257E-01   2.499290640484738E-01
   1.765904227258225E-04  -4.450876152817671E-03   5.043434032260206E-01
   2.488874288778549E-01   2.556545440884869E-01   7.506216963466477E-01
  -3.694456105155556E-03   4.998167820284151E-01   5.132593760840227E-03
   2.502922933055571E-01   7.501111654765875E-01   2.443289432710091E-01
  -5.090759993519275E-03   4.926354386782983E-01   5.013732300539846E-01
   2.500591834342956E-01   7.499223884710151E-01   7.498751540031192E-01
   4.942519778886320E-01  -5.345983234742870E-03  -2.760361404075084E-04
   7.502453183437368E-01   2.503414250121136E-01   2.503242111755709E-01
   4.952437975982937E-01  -5.867458329054993E-03   5.050531363140021E-01
   7.496923920489246E-01   2.495857282521984E-01   7.560567420679922E-01
   5.011410650783968E-01   4.997413260573254E-01   4.989467979716092E-03
   7.612654814977106E-01   7.604631659311190E-01   2.443518045682311E-01
   4.952538858102474E-01   5.025983540223204E-01   4.990520188597951E-01
   7.502439231525864E-01   7.663388375675151E-01   7.500236164993246E-01
        </stau>
        <svel>
   1.023082223216539E-05   4.494388346372975E-05   7.958918934737065E-05
   1.375115040024855E-05  -1.811760272716345E-05  -7.325447520534212E-06
  -2.742445039420402E-05   1.517107271986748E-05  -2.934721429651566E-05
   3.490569798889065E-06   2.347705970439651E-05   2.345659662250643E-06
  -2.256482108829181E-05  -5.364767888796918E-05   5.350993137232841E-05
   9.680292469471664E-06  -2.129131447006216E-05  -4.484760850576031E-07
   8.653417706443006E-06  -8.494946536052873E-06   5.424376927820607E-06
   3.041338417200667E-05   1.091769688448263E-05  -1.039741802769667E-05
   7.398868705021933E-06   3.189261801261247E-05   8.227073214617511E-06
  -2.601252080425276E-06  -5.040209761089098E-05   2.179106932326258E-06
  -3.652546450743089E-05   2.274934707979281E-05  -2.189921902157055E-05
   6.363515848784030E-06   5.682084830863077E-06  -7.496105132287489E-06
   1.071216597954283E-05   1.065971799840693E-06  -2.509483583067905E-05
   2.063961631622036E-05  -1.645920359697462E-05  -1.207131337955525E-05
  -1.043723259503970E-05   2.096340547041997E-05  -1.861577790414071E-05
  -2.178058296352648E-05  -8.450296136908175E-06  -1.857953025864445E-05
        </svel>
      </IONS_POSITIONS>
      <IONS_NOSE>
        <nhpcl>1</nhpcl>
        <nhpdim>1</nhpdim>
        <xnhp>4.440524558929902E-02</xnhp>
      </IONS_NOSE>
      <ELECTRONS_NOSE>
        <xnhe>0.000000000000000E+00</xnhe>
      </ELECTRONS_NOSE>
      <CELL_PARAMETERS>
        <ht>
   1.197330472562888E+01   0.000000000000000E+00   0.000000000000000E+00
   0.000000000000000E+00   1.197330472562888E+01   0.000000000000000E+00
   0.000000000000000E+00   0.000000000000000E+00   1.197330472562888E+01
        </ht>
      </CELL_PARAMETERS>
      <CELL_NOSE>
        <xnhh>
   0.000000000000000E+00   0.000000000000000E+00   0.000000000000000E+00
   0.000000000000000E+00   0.000000000000000E+00   0.000000000000000E+00
   0.000000000000000E+00   0.000000000000000E+00   0.000000000000000E+00
        </xnhh>
      </CELL_NOSE>
    </STEPM>
  </TIMESTEPS>
  <exit_status>0</exit_status>
  <timing_info>
    <total label="CP">
      <cpu>2.894966210000000E+02</cpu>
      <wall>2.940392549037933E+02</wall>
    </total>
    <partial label="initialize" calls="1">
      <cpu>6.321993000000000E+00</cpu>
      <wall>6.441028833389282E+00</wall>
    </partial>
    <partial label="init_dim" calls="1">
      <cpu>4.686699999999999E-02</cpu>
      <wall>4.948687553405762E-02</wall>
    </partial>
    <partial label="nlinit" calls="1">
      <cpu>4.617679000000000E+00</cpu>
      <wall>4.626662969589233E+00</wall>
    </partial>
    <partial label="qradx" calls="1">
      <cpu>1.360632000000000E+00</cpu>
      <wall>1.362147808074951E+00</wall>
    </partial>
    <partial label="betagx" calls="1">
      <cpu>2.434972000000000E+00</cpu>
      <wall>2.434710025787354E+00</wall>
    </partial>
    <partial label="newnlinit" calls="1">
      <cpu>4.649480000000006E-01</cpu>
      <wall>4.719190597534180E-01</wall>
    </partial>
    <partial label="from_scratch" calls="1">
      <cpu>1.652615000000000E+00</cpu>
      <wall>1.701531887054443E+00</wall>
    </partial>
    <partial label="strucf" calls="201">
      <cpu>2.871400000003632E-02</cpu>
      <wall>2.901291847229004E-02</wall>
    </partial>
    <partial label="fftb" calls="144117">
      <cpu>4.743050600000038E+01</cpu>
      <wall>4.772132968902588E+01</wall>
    </partial>
    <partial label="prefor" calls="801">
      <cpu>2.439819999996189E-01</cpu>
      <wall>2.454915046691895E-01</wall>
    </partial>
    <partial label="gram" calls="1">
      <cpu>5.705399999999994E-02</cpu>
      <wall>5.798101425170898E-02</wall>
    </partial>
    <partial label="calbec" calls="404">
      <cpu>5.426170000001775E-01</cpu>
      <wall>6.072700023651123E-01</wall>
    </partial>
    <partial label="nlsm1" calls="404">
      <cpu>5.412170000003584E-01</cpu>
      <wall>6.063828468322754E-01</wall>
    </partial>
    <partial label="formf" calls="1">
      <cpu>5.720000000000169E-04</cpu>
      <wall>7.600784301757812E-04</wall>
    </partial>
    <partial label="rhoofr" calls="201">
      <cpu>1.518354999999997E+01</cpu>
      <wall>1.539024686813354E+01</wall>
    </partial>
    <partial label="fftw" calls="67536">
      <cpu>7.985852999998883E+00</cpu>
      <wall>8.234763622283936E+00</wall>
    </partial>
    <partial label="fft_scatter" calls="70972">
      <cpu>4.790358999998659E+00</cpu>
      <wall>5.059598207473755E+00</wall>
    </partial>
    <partial label="ffts" calls="402">
      <cpu>9.066499999994448E-02</cpu>
      <wall>9.844017028808594E-02</wall>
    </partial>
    <partial label="fft" calls="3034">
      <cpu>2.202785000000517E+00</cpu>
      <wall>2.431483983993530E+00</wall>
    </partial>
    <partial label="rhov" calls="201">
      <cpu>1.103012800000050E+01</cpu>
      <wall>1.107324004173279E+01</wall>
    </partial>
    <partial label="set_cc" calls="201">
      <cpu>4.667849999998452E-01</cpu>
      <wall>4.787523746490479E-01</wall>
    </partial>
    <partial label="vofrho" calls="201">
      <cpu>1.109858599999973E+01</cpu>
      <wall>1.139342904090881E+01</wall>
    </partial>
    <partial label="force_loc" calls="201">
      <cpu>1.087979999999220E-01</cpu>
      <wall>1.087610721588135E-01</wall>
    </partial>
    <partial label="exch_corr" calls="201">
      <cpu>6.896215000000097E+00</cpu>
      <wall>7.098555326461792E+00</wall>
    </partial>
    <partial label="forcecc" calls="201">
      <cpu>1.138102000000345E+00</cpu>
      <wall>1.150339365005493E+00</wall>
    </partial>
    <partial label="newd" calls="201">
      <cpu>2.334381119999998E+02</cpu>
      <wall>2.338245673179626E+02</wall>
    </partial>
    <partial label="runcp_uspp" calls="201">
      <cpu>8.619277000000125E+00</cpu>
      <wall>8.861259937286377E+00</wall>
    </partial>
    <partial label="dforce" calls="22512">
      <cpu>8.523823000001926E+00</cpu>
      <wall>8.774158477783203E+00</wall>
    </partial>
    <partial label="nlfq" calls="201">
      <cpu>2.098340000000007E+00</cpu>
      <wall>2.319979667663574E+00</wall>
    </partial>
    <partial label="nlsm2" calls="201">
      <cpu>2.023900999999967E+00</cpu>
      <wall>2.244381189346313E+00</wall>
    </partial>
    <partial label="calphi" calls="201">
      <cpu>6.614790000001562E-01</cpu>
      <wall>6.696803569793701E-01</wall>
    </partial>
    <partial label="ortho" calls="201">
      <cpu>6.805497000000230E+00</cpu>
      <wall>6.992412567138672E+00</wall>
    </partial>
    <partial label="nlsm1us" calls="402">
      <cpu>1.069921000000249E+00</cpu>
      <wall>1.180177927017212E+00</wall>
    </partial>
    <partial label="rhoset" calls="402">
      <cpu>3.707919999998808E-01</cpu>
      <wall>3.927118778228760E-01</wall>
    </partial>
    <partial label="sigset" calls="402">
      <cpu>3.102730000004499E-01</cpu>
      <wall>3.284111022949219E-01</wall>
    </partial>
    <partial label="tauset" calls="402">
      <cpu>3.109179999999583E-01</cpu>
      <wall>3.316471576690674E-01</wall>
    </partial>
    <partial label="rsg" calls="402">
      <cpu>1.521905999999774E+00</cpu>
      <wall>1.524853467941284E+00</wall>
    </partial>
    <partial label="ortho_iter" calls="402">
      <cpu>2.866247999999985E+00</cpu>
      <wall>2.867992401123047E+00</wall>
    </partial>
    <partial label="nlfl" calls="201">
      <cpu>6.779390000003787E-01</cpu>
      <wall>6.800522804260254E-01</wall>
    </partial>
    <partial label="updatc" calls="201">
      <cpu>4.055490000001214E-01</cpu>
      <wall>4.333145618438721E-01</wall>
    </partial>
    <partial label="main_loop" calls="200">
      <cpu>2.818011770000001E+02</cpu>
      <wall>2.836721937656403E+02</wall>
    </partial>
    <partial label="cpr_md" calls="199">
      <cpu>2.830836639999999E+02</cpu>
      <wall>2.874981365203857E+02</wall>
    </partial>
    <partial label="move_electro" calls="200">
      <cpu>2.708223870000002E+02</cpu>
      <wall>2.721565732955933E+02</wall>
    </partial>
    <partial label="restart" calls="19">
      <cpu>1.272116999999980E+00</cpu>
      <wall>3.808823108673096E+00</wall>
    </partial>
  </timing_info>
  <closed DATE="27 Jul 2023" TIME="16:12: 5"></closed>
</qes:espresso>
