{
  "Dataset": {
    "AtomTypeStyle": "chemicalsymbol",
    "Data": [
      {
        "AtomTypes": [
          "Cr"
        ],
        "Energy": 2236.540887241585,
        "Forces": [
          [
            -2.146922393943749,
            -4.017174697683604,
            -3.9271905648087295
          ]
        ],
        "Lattice": [
          [
            3.5694696070513094,
            0.0,
            0.0
          ],
          [
            -0.8983498328242454,
            2.9843300238369954,
            0.0
          ],
          [
            -3.4927045936820638,
            -5.73619120057556,
            1.7193314119156538
          ]
        ],
        "NumAtoms": 1,
        "Positions": [
          [
            0.0,
            0.0,
            0.0
          ]
        ],
        "Stress": [
          [
            -278937.80999584927,
            -39075.536325242036,
            -4892.7167043539885
          ],
          [
            -39075.536325242036,
            -359969.2011391551,
            8317.324187136937
          ],
          [
            -4892.7167043539885,
            8317.324187136937,
            -297787.8616643977
          ]
        ]
      }
    ],
    "EnergyStyle": "electronvolt",
    "ForcesStyle": "electronvoltperangstrom",
    "Label": "ASE generated",
    "LatticeStyle": "angstrom",
    "PositionsStyle": "angstrom",
    "StressStyle": "bar"
  }
}