{
  "Dataset": {
    "AtomTypeStyle": "chemicalsymbol",
    "Data": [
      {
        "AtomTypes": [
          "Ni"
        ],
        "Energy": -3.995733348037902,
        "Forces": [
          [
            -0.23381817158978413,
            -0.23446452820819325,
            0.1637455493659441
          ]
        ],
        "Lattice": [
          [
            2.2869967250065923,
            -3.956657986859428e-06,
            -1.5308038283251243e-05
          ],
          [
            -3.956657986859428e-06,
            2.286990851668757,
            -1.8193641600403106e-05
          ],
          [
            -2.045111157123931e-05,
            -2.370819728865536e-05,
            2.2938841537020456
          ]
        ],
        "NumAtoms": 1,
        "Positions": [
          [
            0.0,
            0.0,
            0.0
          ]
        ],
        "Stress": [
          [
            -71626.96002757068,
            2.9421026484389587,
            -0.0
          ],
          [
            2.9421026484389587,
            -71609.30741168006,
            -0.0
          ],
          [
            -0.0,
            -0.0,
            50008.3897668412
          ]
        ]
      }
    ],
    "EnergyStyle": "electronvolt",
    "ForceStyle": "electronvoltperangstrom",
    "ForcesStyle": null,
    "Label": "ASE generated",
    "LatticeStyle": "angstrom",
    "PositionsStyle": "angstrom",
    "StressStyle": "bar"
  }
}