{
  "Dataset": {
    "AtomTypeStyle": "chemicalsymbol",
    "Data": [
      {
        "AtomTypes": [
          "Ni"
        ],
        "Energy": -4.002879607994146,
        "Forces": [
          [
            0.0007551990823838546,
            0.0007555351847285336,
            0.0010461256367727927
          ]
        ],
        "Lattice": [
          [
            2.2673158139284415,
            -1.935730228157254e-06,
            -1.5671053848181772e-05
          ],
          [
            -1.935730228157254e-06,
            2.267315821866099,
            -1.8665138493046107e-05
          ],
          [
            -2.1645464530493255e-05,
            -2.5167668029294423e-05,
            2.3264870626105387
          ]
        ],
        "NumAtoms": 1,
        "Positions": [
          [
            0.0,
            0.0,
            0.0
          ]
        ],
        "Stress": [
          [
            233.89716055089724,
            1.4710513242194794,
            -0.0
          ],
          [
            1.4710513242194794,
            229.48400657823882,
            -1.4710513242194794
          ],
          [
            -0.0,
            -1.4710513242194794,
            319.21813735562705
          ]
        ]
      }
    ],
    "EnergyStyle": "electronvolt",
    "ForceStyle": "electronvoltperangstrom",
    "ForcesStyle": null,
    "Label": "ASE generated",
    "LatticeStyle": "angstrom",
    "PositionsStyle": "angstrom",
    "StressStyle": "bar"
  }
}