{
  "Dataset": {
    "AtomTypeStyle": "chemicalsymbol",
    "Data": [
      {
        "AtomTypes": [
          "Ni"
        ],
        "Energy": -3.9212871536474267,
        "Forces": [
          [
            -0.35781456320315075,
            -0.39411688876327394,
            -0.743593656063733
          ]
        ],
        "Lattice": [
          [
            2.2868957908042256,
            -4.6837474711371944e-06,
            -1.3137882551793372e-05
          ],
          [
            -4.6837474711371944e-06,
            2.2869174928907174,
            -1.561654859572136e-05
          ],
          [
            -1.8232800713821268e-05,
            -2.1238527257269382e-05,
            2.5176304931599303
          ]
        ],
        "NumAtoms": 1,
        "Positions": [
          [
            0.0,
            0.0,
            0.0
          ]
        ],
        "Stress": [
          [
            -109619.80257818718,
            2.9421026484389587,
            1.4710513242194794
          ],
          [
            2.9421026484389587,
            -109677.17357983172,
            2.9421026484389587
          ],
          [
            1.4710513242194794,
            2.9421026484389587,
            -206926.9055726573
          ]
        ]
      }
    ],
    "EnergyStyle": "electronvolt",
    "ForceStyle": "electronvoltperangstrom",
    "ForcesStyle": null,
    "Label": "ASE generated",
    "LatticeStyle": "angstrom",
    "PositionsStyle": "angstrom",
    "StressStyle": "bar"
  }
}