{
  "Dataset": {
    "AtomTypeStyle": "chemicalsymbol",
    "Data": [
      {
        "AtomTypes": [
          "Ni"
        ],
        "Energy": -3.5059963055246044,
        "Forces": [
          [
            1.0870828975128377,
            1.449470445856232,
            -1.0398844168125723
          ]
        ],
        "Lattice": [
          [
            2.140000039062638,
            0.0,
            0.0
          ],
          [
            0.0,
            2.140000039062638,
            0.0
          ],
          [
            0.0,
            0.0,
            2.8533305320834654
          ]
        ],
        "NumAtoms": 1,
        "Positions": [
          [
            0.0,
            0.0,
            0.0
          ]
        ],
        "Stress": [
          [
            380335.90672297374,
            -4.413153972658439,
            -14.710513242194793
          ],
          [
            -4.413153972658439,
            380349.14618489175,
            -20.594718539072716
          ],
          [
            -14.710513242194793,
            -20.594718539072716,
            -272818.23648709623
          ]
        ]
      }
    ],
    "EnergyStyle": "electronvolt",
    "ForceStyle": "electronvoltperangstrom",
    "ForcesStyle": null,
    "Label": "ASE generated",
    "LatticeStyle": "angstrom",
    "PositionsStyle": "angstrom",
    "StressStyle": "bar"
  }
}