{
  "Dataset": {
    "AtomTypeStyle": "chemicalsymbol",
    "Data": [
      {
        "AtomTypes": [
          "Ni"
        ],
        "Energy": -4.002000543460781,
        "Forces": [
          [
            -0.008390441094978014,
            -0.008664372595569689,
            -0.09675301899357369
          ]
        ],
        "Lattice": [
          [
            2.267085509128062,
            -3.0634068591586507e-06,
            -1.457989044455677e-05
          ],
          [
            -3.0634068591586507e-06,
            2.267084459769658,
            -1.7334786991245308e-05
          ],
          [
            -1.9891242084801264e-05,
            -2.3043021537754954e-05,
            2.345058210764546
          ]
        ],
        "NumAtoms": 1,
        "Positions": [
          [
            0.0,
            0.0,
            0.0
          ]
        ],
        "Stress": [
          [
            -2615.529254462235,
            1.4710513242194794,
            -1.4710513242194794
          ],
          [
            1.4710513242194794,
            -2611.116100489576,
            -1.4710513242194794
          ],
          [
            -1.4710513242194794,
            -1.4710513242194794,
            -29154.766194705866
          ]
        ]
      }
    ],
    "EnergyStyle": "electronvolt",
    "ForceStyle": "electronvoltperangstrom",
    "ForcesStyle": null,
    "Label": "ASE generated",
    "LatticeStyle": "angstrom",
    "PositionsStyle": "angstrom",
    "StressStyle": "bar"
  }
}