{
  "Dataset": {
    "AtomTypeStyle": "chemicalsymbol",
    "Data": [
      {
        "AtomTypes": [
          "Ni"
        ],
        "Energy": 7.207926993442925,
        "Forces": [
          [
            37.27557301513172,
            -8.214586337487548,
            41.26478745267142
          ]
        ],
        "Lattice": [
          [
            3.9946195722550866,
            0.0,
            0.0
          ],
          [
            -0.1387491162227082,
            3.0699250605716175,
            0.0
          ],
          [
            1.0162831492361333,
            -3.9131213437419383,
            0.7400312380972606
          ]
        ],
        "NumAtoms": 1,
        "Positions": [
          [
            0.0,
            0.0,
            0.0
          ]
        ],
        "Stress": [
          [
            5292644.072612919,
            -4776325.652530419,
            4353710.259698053
          ],
          [
            -4776325.652530419,
            4965969.176094823,
            -4018981.3571798564
          ],
          [
            4353710.259698053,
            -4018981.3571798564,
            3821129.3672263087
          ]
        ]
      }
    ],
    "EnergyStyle": "electronvolt",
    "ForcesStyle": "electronvoltperangstrom",
    "Label": "ASE generated",
    "LatticeStyle": "angstrom",
    "PositionsStyle": "angstrom",
    "StressStyle": "bar"
  }
}