{
  "Dataset": {
    "AtomTypeStyle": "chemicalsymbol",
    "Data": [
      {
        "AtomTypes": [
          "Cr"
        ],
        "Energy": -41.87270880771939,
        "Forces": [
          [
            -0.4083046580318022,
            -0.3749614227276761,
            -0.34428830340080635
          ]
        ],
        "Lattice": [
          [
            4.09749955921714,
            0.0,
            0.0
          ],
          [
            -0.9321401747263072,
            4.0965366468207245,
            0.0
          ],
          [
            -0.951931097597326,
            -1.3015174674910548,
            3.8969433457916978
          ]
        ],
        "NumAtoms": 1,
        "Positions": [
          [
            0.0,
            0.0,
            0.0
          ]
        ],
        "Stress": [
          [
            -41574.85252509093,
            1120.9411090552435,
            1481.348683489016
          ],
          [
            1120.9411090552435,
            -38465.05002569095,
            2318.3768869699
          ],
          [
            1481.348683489016,
            2318.3768869699,
            -36565.9227661236
          ]
        ]
      }
    ],
    "EnergyStyle": "electronvolt",
    "ForcesStyle": "electronvoltperangstrom",
    "Label": "ASE generated",
    "LatticeStyle": "angstrom",
    "PositionsStyle": "angstrom",
    "StressStyle": "bar"
  }
}