{
  "Dataset": {
    "AtomTypeStyle": "chemicalsymbol",
    "Data": [
      {
        "AtomTypes": [
          "Cr"
        ],
        "Energy": -42.827269896365124,
        "Forces": [
          [
            -1.185978898993344,
            1.4946306982338338,
            2.2142513920359264
          ]
        ],
        "Lattice": [
          [
            4.090629780698294,
            0.0,
            0.0
          ],
          [
            0.20250253666368837,
            3.0730569883411287,
            0.0
          ],
          [
            -0.37637475549226934,
            -1.6555760473633363,
            1.366069905893976
          ]
        ],
        "NumAtoms": 1,
        "Positions": [
          [
            0.0,
            0.0,
            0.0
          ]
        ],
        "Stress": [
          [
            -80376.77330402813,
            -2381.6320939113375,
            -68398.00237090891
          ],
          [
            -2381.6320939113375,
            387661.7423175868,
            173366.3406619141
          ],
          [
            -68398.00237090891,
            173366.3406619141,
            299080.9157783866
          ]
        ]
      }
    ],
    "EnergyStyle": "electronvolt",
    "ForcesStyle": "electronvoltperangstrom",
    "Label": "ASE generated",
    "LatticeStyle": "angstrom",
    "PositionsStyle": "angstrom",
    "StressStyle": "bar"
  }
}