{
  "Dataset": {
    "AtomTypeStyle": "chemicalsymbol",
    "Data": [
      {
        "AtomTypes": [
          "Cr",
          "Cr"
        ],
        "Energy": 11.56081524102592,
        "Forces": [
          [
            -0.00019144345313357986,
            0.00010857342133337285,
            -1.5119640901862268e-06
          ],
          [
            0.00019144345313357986,
            -0.00010857342133337285,
            1.5119640901862268e-06
          ]
        ],
        "Lattice": [
          [
            2.6591216829294395,
            2.1575613138990588e-05,
            -6.455961941913204e-08
          ],
          [
            -1.3295421559529041,
            2.3028779691002867,
            7.884740404467765e-08
          ],
          [
            -4.86843031685258e-08,
            4.0217467834869146e-08,
            2.1332744417535117
          ]
        ],
        "NumAtoms": 2,
        "Positions": [
          [
            5.789473768213731e-06,
            1.5352630046780806,
            1.5999558770800282
          ],
          [
            1.3295736888184637,
            0.767636580252813,
            0.5333185789612681
          ]
        ],
        "Stress": [
          [
            1150591.6195462113,
            -111.79990064068046,
            1.4710513242194794
          ],
          [
            -111.79990064068046,
            1150460.6959783558,
            1.4710513242194794
          ],
          [
            1.4710513242194794,
            1.4710513242194794,
            1899099.3095921883
          ]
        ]
      }
    ],
    "EnergyStyle": "electronvolt",
    "ForcesStyle": "electronvoltperangstrom",
    "Label": "ASE generated",
    "LatticeStyle": "angstrom",
    "PositionsStyle": "angstrom",
    "StressStyle": "bar"
  }
}