{
  "Dataset": {
    "AtomTypeStyle": "chemicalsymbol",
    "Data": [
      {
        "AtomTypes": [
          "Cr"
        ],
        "Energy": -42.2215707585774,
        "Forces": [
          [
            -0.5762634120489084,
            -0.7736586040669247,
            -0.5245959830793926
          ]
        ],
        "Lattice": [
          [
            4.069089622432264,
            0.0,
            0.0
          ],
          [
            -2.851093094839237,
            4.1395377710654335,
            0.0
          ],
          [
            -1.7813945385357535,
            -1.926327372707546,
            3.0674872809601847
          ]
        ],
        "NumAtoms": 1,
        "Positions": [
          [
            0.0,
            0.0,
            0.0
          ]
        ],
        "Stress": [
          [
            -55162.95360690627,
            -3757.0650820565506,
            4107.175297220787
          ],
          [
            -3757.0650820565506,
            -57535.75939287228,
            -432.489089320527
          ],
          [
            4107.175297220787,
            -432.489089320527,
            -60699.990791268385
          ]
        ]
      }
    ],
    "EnergyStyle": "electronvolt",
    "ForcesStyle": "electronvoltperangstrom",
    "Label": "ASE generated",
    "LatticeStyle": "angstrom",
    "PositionsStyle": "angstrom",
    "StressStyle": "bar"
  }
}