{
  "Dataset": {
    "AtomTypeStyle": "chemicalsymbol",
    "Data": [
      {
        "AtomTypes": [
          "Cr"
        ],
        "Energy": 2238.877388254697,
        "Forces": [
          [
            -0.8937454824401189,
            -1.0564550309617549,
            3.096048622771427
          ]
        ],
        "Lattice": [
          [
            4.4482096373446165,
            0.0,
            0.0
          ],
          [
            -2.0490321837656986,
            3.9482575633649057,
            0.0
          ],
          [
            -2.4689431735310308,
            -4.062847891832541,
            1.8052391581717524
          ]
        ],
        "NumAtoms": 1,
        "Positions": [
          [
            0.0,
            0.0,
            0.0
          ]
        ],
        "Stress": [
          [
            -72481.64084694219,
            4436.69079384595,
            -13488.06959176841
          ],
          [
            4436.69079384595,
            -67871.36599683834,
            -22152.561891421145
          ],
          [
            -13488.06959176841,
            -22152.561891421145,
            286469.592775853
          ]
        ]
      }
    ],
    "EnergyStyle": "electronvolt",
    "ForcesStyle": "electronvoltperangstrom",
    "Label": "ASE generated",
    "LatticeStyle": "angstrom",
    "PositionsStyle": "angstrom",
    "StressStyle": "bar"
  }
}