{
  "Dataset": {
    "AtomTypeStyle": "chemicalsymbol",
    "Data": [
      {
        "AtomTypes": [
          "Cr"
        ],
        "Energy": 2238.7848555898404,
        "Forces": [
          [
            -0.1497618085438642,
            -0.1498186916373926,
            -0.08771547896033823
          ]
        ],
        "Lattice": [
          [
            4.868609707926212,
            0.0,
            0.0
          ],
          [
            -1.067700714777342,
            4.750122353464412,
            0.0
          ],
          [
            -1.5902534633387702,
            -1.987283716410445,
            4.684736925086963
          ]
        ],
        "NumAtoms": 1,
        "Positions": [
          [
            0.0,
            0.0,
            0.0
          ]
        ],
        "Stress": [
          [
            -12097.926090381,
            1293.0541139889228,
            429.546986672088
          ],
          [
            1293.0541139889228,
            -11516.860817314306,
            535.4626820158906
          ],
          [
            429.546986672088,
            535.4626820158906,
            -6637.383574878293
          ]
        ]
      }
    ],
    "EnergyStyle": "electronvolt",
    "ForcesStyle": "electronvoltperangstrom",
    "Label": "ASE generated",
    "LatticeStyle": "angstrom",
    "PositionsStyle": "angstrom",
    "StressStyle": "bar"
  }
}