{
  "Dataset": {
    "AtomTypeStyle": "chemicalsymbol",
    "Data": [
      {
        "AtomTypes": [
          "Cr"
        ],
        "Energy": -42.54160031791071,
        "Forces": [
          [
            -1.342332196675578,
            -1.0498036181656278,
            0.6404166634744692
          ]
        ],
        "Lattice": [
          [
            3.6889498830394136,
            0.0,
            0.0
          ],
          [
            -1.6675160156303062,
            3.290554362520806,
            0.0
          ],
          [
            -1.6675160156303062,
            -2.7144363034870085,
            1.8599980426275367
          ]
        ],
        "NumAtoms": 1,
        "Positions": [
          [
            0.0,
            0.0,
            0.0
          ]
        ],
        "Stress": [
          [
            -230871.20797697778,
            12699.586081986765,
            40998.2004059969
          ],
          [
            12699.586081986765,
            -218000.97994138155,
            66738.65647718935
          ],
          [
            40998.2004059969,
            66738.65647718935,
            -23208.776742210728
          ]
        ]
      }
    ],
    "EnergyStyle": "electronvolt",
    "ForcesStyle": "electronvoltperangstrom",
    "Label": "ASE generated",
    "LatticeStyle": "angstrom",
    "PositionsStyle": "angstrom",
    "StressStyle": "bar"
  }
}