{
  "Dataset": {
    "AtomTypeStyle": "chemicalsymbol",
    "Data": [
      {
        "AtomTypes": [
          "Cr"
        ],
        "Energy": 2238.315241247451,
        "Forces": [
          [
            -0.12343121845929617,
            -0.014132525682231944,
            2.6187923189396445
          ]
        ],
        "Lattice": [
          [
            4.486569693178165,
            0.0,
            0.0
          ],
          [
            -1.9551932334507263,
            4.038213324029791,
            0.0
          ],
          [
            -2.3940470479889484,
            -3.8189456899847882,
            2.384369517160763
          ]
        ],
        "NumAtoms": 1,
        "Positions": [
          [
            0.0,
            0.0,
            0.0
          ]
        ],
        "Stress": [
          [
            -25533.03783447751,
            2878.8474414975217,
            11738.989567271448
          ],
          [
            2878.8474414975217,
            -22742.453472433153,
            18742.66492188039
          ],
          [
            11738.989567271448,
            18742.66492188039,
            177236.67669593557
          ]
        ]
      }
    ],
    "EnergyStyle": "electronvolt",
    "ForcesStyle": "electronvoltperangstrom",
    "Label": "ASE generated",
    "LatticeStyle": "angstrom",
    "PositionsStyle": "angstrom",
    "StressStyle": "bar"
  }
}