{
  "Dataset": {
    "AtomTypeStyle": "chemicalsymbol",
    "Data": [
      {
        "AtomTypes": [
          "Ni"
        ],
        "Energy": -4.582649403315372,
        "Forces": [
          [
            -0.02974841658821887,
            0.030704882723432435,
            -0.011645694340505745
          ]
        ],
        "Lattice": [
          [
            2.5947839480429473,
            -0.042298731320513365,
            0.04873068343412915
          ],
          [
            1.3692157497408122,
            1.980500862636973,
            0.06788734394373679
          ],
          [
            1.2261468937969378,
            0.2725481183791332,
            2.005373869979694
          ]
        ],
        "NumAtoms": 1,
        "Positions": [
          [
            0.0,
            0.0,
            0.0
          ]
        ],
        "Stress": [
          [
            -7959.858715351604,
            5010.400810291549,
            -6218.133947475741
          ],
          [
            5010.400810291549,
            -2299.2532197550468,
            6766.8360914096065
          ],
          [
            -6218.133947475741,
            6766.8360914096065,
            -4136.5963237051765
          ]
        ]
      }
    ],
    "EnergyStyle": "electronvolt",
    "ForceStyle": "electronvoltperangstrom",
    "ForcesStyle": null,
    "Label": "ASE generated",
    "LatticeStyle": "angstrom",
    "PositionsStyle": "angstrom",
    "StressStyle": "bar"
  }
}