{
  "Dataset": {
    "AtomTypeStyle": "chemicalsymbol",
    "Data": [
      {
        "AtomTypes": [
          "Ni"
        ],
        "Energy": -4.580221329383676,
        "Forces": [
          [
            -0.08894229394147286,
            0.06925664713103837,
            0.06741808581125122
          ]
        ],
        "Lattice": [
          [
            2.61148472676251,
            -0.036661396465556134,
            0.04205525741612711
          ],
          [
            1.3824397389495944,
            1.9798392710033044,
            0.04784118628954444
          ],
          [
            1.2294086828413815,
            0.2583662131169666,
            2.000392408998669
          ]
        ],
        "NumAtoms": 1,
        "Positions": [
          [
            0.0,
            0.0,
            0.0
          ]
        ],
        "Stress": [
          [
            -28057.361906838134,
            -2347.7979134542893,
            3117.1577560210767
          ],
          [
            -2347.7979134542893,
            -2914.1526732787893,
            26527.46852964988
          ],
          [
            3117.1577560210767,
            26527.46852964988,
            -8963.11571846929
          ]
        ]
      }
    ],
    "EnergyStyle": "electronvolt",
    "ForceStyle": "electronvoltperangstrom",
    "ForcesStyle": null,
    "Label": "ASE generated",
    "LatticeStyle": "angstrom",
    "PositionsStyle": "angstrom",
    "StressStyle": "bar"
  }
}