{
  "Dataset": {
    "AtomTypeStyle": "chemicalsymbol",
    "Data": [
      {
        "AtomTypes": [
          "Ni"
        ],
        "Energy": -4.330219103902891,
        "Forces": [
          [
            -2.094373342529618,
            -1.9231202837246049,
            -2.4772726746141926
          ]
        ],
        "Lattice": [
          [
            2.7195300304473276,
            -0.043697763144654754,
            0.05164873325181121
          ],
          [
            1.4354427081165055,
            2.056585878044046,
            0.048230568638058385
          ],
          [
            1.2856517738919404,
            0.26045928836707843,
            2.0866910001485417
          ]
        ],
        "NumAtoms": 1,
        "Positions": [
          [
            0.0,
            0.0,
            0.0
          ]
        ],
        "Stress": [
          [
            -575918.0644832505,
            67599.22150185774,
            -84850.24038097958
          ],
          [
            67599.22150185774,
            -603893.0475159324,
            -7817.166736902315
          ],
          [
            -84850.24038097958,
            -7817.166736902315,
            -608419.4724405556
          ]
        ]
      }
    ],
    "EnergyStyle": "electronvolt",
    "ForceStyle": "electronvoltperangstrom",
    "ForcesStyle": null,
    "Label": "ASE generated",
    "LatticeStyle": "angstrom",
    "PositionsStyle": "angstrom",
    "StressStyle": "bar"
  }
}