{
  "Dataset": {
    "AtomTypeStyle": "chemicalsymbol",
    "Data": [
      {
        "AtomTypes": [
          "Ni"
        ],
        "Energy": -4.649064286704743,
        "Forces": [
          [
            0.3097788201882855,
            0.6191747296430793,
            0.7739117869338695
          ]
        ],
        "Lattice": [
          [
            2.5902107160567116,
            -0.039993336944979835,
            0.04584048580045437
          ],
          [
            1.3685082472217243,
            1.9826195172549819,
            0.0710640905065578
          ],
          [
            1.2220875870735561,
            0.27842140488445993,
            2.0043811959797333
          ]
        ],
        "NumAtoms": 1,
        "Positions": [
          [
            0.0,
            0.0,
            0.0
          ]
        ],
        "Stress": [
          [
            90988.93755694747,
            -28523.68517661571,
            33120.72056480158
          ],
          [
            -28523.68517661571,
            159263.371616622,
            60673.51186743244
          ],
          [
            33120.72056480158,
            60673.51186743244,
            144932.3896160758
          ]
        ]
      }
    ],
    "EnergyStyle": "electronvolt",
    "ForceStyle": "electronvoltperangstrom",
    "ForcesStyle": null,
    "Label": "ASE generated",
    "LatticeStyle": "angstrom",
    "PositionsStyle": "angstrom",
    "StressStyle": "bar"
  }
}