{
  "Dataset": {
    "AtomTypeStyle": "chemicalsymbol",
    "Data": [
      {
        "AtomTypes": [
          "Ni"
        ],
        "Energy": -4.571834229224805,
        "Forces": [
          [
            -0.051417495897714466,
            0.12335930802622294,
            0.32912678425312736
          ]
        ],
        "Lattice": [
          [
            2.624221063827655,
            -0.019647505179342457,
            0.023222441186956058
          ],
          [
            1.4021059404888851,
            1.9808107948486016,
            0.021685557112506953
          ],
          [
            1.222818935905184,
            0.24930507314839268,
            1.9860391418686527
          ]
        ],
        "NumAtoms": 1,
        "Positions": [
          [
            0.0,
            0.0,
            0.0
          ]
        ],
        "Stress": [
          [
            -19694.435128650395,
            -35696.53143350989,
            39627.18057182434
          ],
          [
            -35696.53143350989,
            29560.776360190448,
            43937.36095178741
          ],
          [
            39627.18057182434,
            43937.36095178741,
            17303.97672679374
          ]
        ]
      }
    ],
    "EnergyStyle": "electronvolt",
    "ForceStyle": "electronvoltperangstrom",
    "ForcesStyle": null,
    "Label": "ASE generated",
    "LatticeStyle": "angstrom",
    "PositionsStyle": "angstrom",
    "StressStyle": "bar"
  }
}