{
  "Dataset": {
    "AtomTypeStyle": "chemicalsymbol",
    "Data": [
      {
        "AtomTypes": [
          "Ni"
        ],
        "Energy": -3.366724782140409,
        "Forces": [
          [
            -0.1927801869505173,
            -0.36960621213627826,
            -0.0967863815354919
          ]
        ],
        "Lattice": [
          [
            4.701509833312789,
            0.0,
            0.0
          ],
          [
            1.0102416269429189,
            2.95148093258827,
            0.0
          ],
          [
            0.5373214543198187,
            -2.002885502579748,
            1.3726622139536686
          ]
        ],
        "NumAtoms": 1,
        "Positions": [
          [
            0.0,
            0.0,
            0.0
          ]
        ],
        "Stress": [
          [
            -87139.19624146509,
            20197.534681533456,
            44683.18397316669
          ],
          [
            20197.534681533456,
            -159275.14002721573,
            33338.43616078606
          ],
          [
            44683.18397316669,
            33338.43616078606,
            -91605.30806179544
          ]
        ]
      }
    ],
    "EnergyStyle": "electronvolt",
    "ForcesStyle": "electronvoltperangstrom",
    "Label": "ASE generated",
    "LatticeStyle": "angstrom",
    "PositionsStyle": "angstrom",
    "StressStyle": "bar"
  }
}