{
  "Dataset": {
    "AtomTypeStyle": "chemicalsymbol",
    "Data": [
      {
        "AtomTypes": [
          "Cr"
        ],
        "Energy": -42.001356453210974,
        "Forces": [
          [
            -0.20874410199074214,
            -0.45588435015440293,
            -0.08293892814262367
          ]
        ],
        "Lattice": [
          [
            4.177489456854653,
            0.0,
            0.0
          ],
          [
            -0.4514487531339118,
            3.3343258723303943,
            0.0
          ],
          [
            -1.7914662236986358,
            -3.406203755925035,
            6.379548586799163
          ]
        ],
        "NumAtoms": 1,
        "Positions": [
          [
            0.0,
            0.0,
            0.0
          ]
        ],
        "Stress": [
          [
            -24960.798869356127,
            951.7702067700033,
            -1.4710513242194794
          ],
          [
            951.7702067700033,
            -33079.531127723436,
            10.297359269536358
          ],
          [
            -1.4710513242194794,
            10.297359269536358,
            -4407.269767361561
          ]
        ]
      }
    ],
    "EnergyStyle": "electronvolt",
    "ForcesStyle": "electronvoltperangstrom",
    "Label": "ASE generated",
    "LatticeStyle": "angstrom",
    "PositionsStyle": "angstrom",
    "StressStyle": "bar"
  }
}