{
  "Dataset": {
    "AtomTypeStyle": "chemicalsymbol",
    "Data": [
      {
        "AtomTypes": [
          "Ni"
        ],
        "Energy": 0.9800666134342464,
        "Forces": [
          [
            -4.14767197233743,
            9.171375974025867,
            16.538770568791662
          ]
        ],
        "Lattice": [
          [
            4.044989834009427,
            0.0,
            0.0
          ],
          [
            0.21317905423196482,
            2.991334702087315,
            0.0
          ],
          [
            -0.3819158051576681,
            -1.7208317101537924,
            1.0354729026182392
          ]
        ],
        "NumAtoms": 1,
        "Positions": [
          [
            0.0,
            0.0,
            0.0
          ]
        ],
        "Stress": [
          [
            64243.75343131311,
            -120098.10116060254,
            -493347.95365481114
          ],
          [
            -120098.10116060254,
            3283045.271750659,
            1427983.354600306
          ],
          [
            -493347.95365481114,
            1427983.354600306,
            2327162.005478138
          ]
        ]
      }
    ],
    "EnergyStyle": "electronvolt",
    "ForcesStyle": "electronvoltperangstrom",
    "Label": "ASE generated",
    "LatticeStyle": "angstrom",
    "PositionsStyle": "angstrom",
    "StressStyle": "bar"
  }
}