{
  "Dataset": {
    "AtomTypeStyle": "chemicalsymbol",
    "Data": [
      {
        "AtomTypes": [
          "Cr"
        ],
        "Energy": 2238.7400332307748,
        "Forces": [
          [
            -0.19104492862765907,
            -0.11055513946213144,
            -0.18363425300161795
          ]
        ],
        "Lattice": [
          [
            4.593099415346233,
            0.0,
            0.0
          ],
          [
            -1.2807168754780667,
            6.140073670832505,
            0.0
          ],
          [
            -0.3985248638719312,
            1.1043969751217555,
            4.281949081652432
          ]
        ],
        "NumAtoms": 1,
        "Positions": [
          [
            0.0,
            0.0,
            0.0
          ]
        ],
        "Stress": [
          [
            -11778.707953025372,
            223.59980128136093,
            701.6914816526919
          ],
          [
            223.59980128136093,
            -4454.343409736584,
            -2359.5663240480453
          ],
          [
            701.6914816526919,
            -2359.5663240480453,
            -12827.567547193861
          ]
        ]
      }
    ],
    "EnergyStyle": "electronvolt",
    "ForcesStyle": "electronvoltperangstrom",
    "Label": "ASE generated",
    "LatticeStyle": "angstrom",
    "PositionsStyle": "angstrom",
    "StressStyle": "bar"
  }
}