{
  "Dataset": {
    "AtomTypeStyle": "chemicalsymbol",
    "Data": [
      {
        "AtomTypes": [
          "Ni"
        ],
        "Energy": 7.238410028972794,
        "Forces": [
          [
            19.448583432716976,
            85.54463592107213,
            33.95112065438939
          ]
        ],
        "Lattice": [
          [
            3.740909793127648,
            0.0,
            0.0
          ],
          [
            -2.429889251577098,
            3.4836810948423977,
            0.0
          ],
          [
            -1.105528625704255,
            -2.121645766442966,
            0.6470614260074962
          ]
        ],
        "NumAtoms": 1,
        "Positions": [
          [
            0.0,
            0.0,
            0.0
          ]
        ],
        "Stress": [
          [
            1774866.0831592043,
            2394859.787418719,
            -1778708.4692180657
          ],
          [
            2394859.787418719,
            9610566.595695361,
            2549376.0764120845
          ],
          [
            -1778708.4692180657,
            2549376.0764120845,
            5784769.582617302
          ]
        ]
      }
    ],
    "EnergyStyle": "electronvolt",
    "ForcesStyle": "electronvoltperangstrom",
    "Label": "ASE generated",
    "LatticeStyle": "angstrom",
    "PositionsStyle": "angstrom",
    "StressStyle": "bar"
  }
}