{
  "Dataset": {
    "AtomTypeStyle": "chemicalsymbol",
    "Data": [
      {
        "AtomTypes": [
          "Cr"
        ],
        "Energy": -42.265267245638825,
        "Forces": [
          [
            -0.6528633383056069,
            -0.5514158629788725,
            -0.45880938217559003
          ]
        ],
        "Lattice": [
          [
            3.8932196939447974,
            0.0,
            0.0
          ],
          [
            -3.0479588729727483,
            4.1997795990853986,
            0.0
          ],
          [
            -1.6669209441594044,
            -1.3535907299710332,
            3.1257142567002143
          ]
        ],
        "NumAtoms": 1,
        "Positions": [
          [
            0.0,
            0.0,
            0.0
          ]
        ],
        "Stress": [
          [
            -64024.566784004404,
            -1145.9489815669747,
            1197.4357779146565
          ],
          [
            -1145.9489815669747,
            -50777.749609408,
            7008.088508581601
          ],
          [
            1197.4357779146565,
            7008.088508581601,
            -63637.680285734685
          ]
        ]
      }
    ],
    "EnergyStyle": "electronvolt",
    "ForcesStyle": "electronvoltperangstrom",
    "Label": "ASE generated",
    "LatticeStyle": "angstrom",
    "PositionsStyle": "angstrom",
    "StressStyle": "bar"
  }
}