{
  "Dataset": {
    "AtomTypeStyle": "chemicalsymbol",
    "Data": [
      {
        "AtomTypes": [
          "Cr"
        ],
        "Energy": 2238.6999755892416,
        "Forces": [
          [
            -0.047336126076854265,
            -0.07253880888494052,
            -0.05980420801490082
          ]
        ],
        "Lattice": [
          [
            4.608039675469678,
            0.0,
            0.0
          ],
          [
            -1.1734004390409496,
            5.566253877745544,
            0.0
          ],
          [
            0.7314249216079511,
            1.7015785546829598,
            6.819806558901615
          ]
        ],
        "NumAtoms": 1,
        "Positions": [
          [
            0.0,
            0.0,
            0.0
          ]
        ],
        "Stress": [
          [
            -2971.5236749233486,
            13.239461917975316,
            1.4710513242194794
          ],
          [
            13.239461917975316,
            -2968.58157227491,
            -4.413153972658439
          ],
          [
            1.4710513242194794,
            -4.413153972658439,
            -2955.3421103569344
          ]
        ]
      }
    ],
    "EnergyStyle": "electronvolt",
    "ForcesStyle": "electronvoltperangstrom",
    "Label": "ASE generated",
    "LatticeStyle": "angstrom",
    "PositionsStyle": "angstrom",
    "StressStyle": "bar"
  }
}