{
  "Dataset": {
    "AtomTypeStyle": "chemicalsymbol",
    "Data": [
      {
        "AtomTypes": [
          "Cr"
        ],
        "Energy": -5.830723727261102,
        "Forces": [
          [
            -9.360798443835142,
            33.890806826803896,
            217.22226447115352
          ]
        ],
        "Lattice": [
          [
            3.686459575096902,
            0.0,
            0.0
          ],
          [
            -1.8578871508190362,
            3.367363320736089,
            0.0
          ],
          [
            -1.8729905756982081,
            -3.1949291741109316,
            1.1232531731533006
          ]
        ],
        "NumAtoms": 1,
        "Positions": [
          [
            0.0,
            0.0,
            0.0
          ]
        ],
        "Stress": [
          [
            -61788.5687711908,
            -152748.08530165392,
            -993621.6169440476
          ],
          [
            -152748.08530165392,
            478040.1935749833,
            3857140.7036432014
          ],
          [
            -993621.6169440476,
            3857140.7036432014,
            25012924.10197852
          ]
        ]
      }
    ],
    "EnergyStyle": "electronvolt",
    "ForcesStyle": "electronvoltperangstrom",
    "Label": "ASE generated",
    "LatticeStyle": "angstrom",
    "PositionsStyle": "angstrom",
    "StressStyle": "bar"
  }
}