{
  "Dataset": {
    "AtomTypeStyle": "chemicalsymbol",
    "Data": [
      {
        "AtomTypes": [
          "Ni"
        ],
        "Energy": -4.663146190320731,
        "Forces": [
          [
            -0.0035178382993646465,
            0.0026078340425476493,
            0.004131041207808838
          ]
        ],
        "Lattice": [
          [
            2.337052650207399,
            0.18346829617879795,
            -0.009749304235759594
          ],
          [
            0.6018929572376224,
            2.2656510721736183,
            -0.00976319619583329
          ],
          [
            -1.1247338088110599,
            -0.9372612948438017,
            2.0258557288634473
          ]
        ],
        "NumAtoms": 1,
        "Positions": [
          [
            0.0,
            0.0,
            0.0
          ]
        ],
        "Stress": [
          [
            1921.1930294306405,
            -6933.064891046407,
            3924.7649330175714
          ],
          [
            -6933.064891046407,
            4476.409179599877,
            3270.1470937399026
          ],
          [
            3924.7649330175714,
            3270.1470937399026,
            -5906.271066741211
          ]
        ]
      }
    ],
    "EnergyStyle": "electronvolt",
    "ForcesStyle": "electronvoltperangstrom",
    "Label": "ASE generated",
    "LatticeStyle": "angstrom",
    "PositionsStyle": "angstrom",
    "StressStyle": "bar"
  }
}