{
  "Dataset": {
    "AtomTypeStyle": "chemicalsymbol",
    "Data": [
      {
        "AtomTypes": [
          "Ni"
        ],
        "Energy": -4.655951085886954,
        "Forces": [
          [
            -0.03630590616304347,
            -0.036125853953339795,
            -0.2751694856270841
          ]
        ],
        "Lattice": [
          [
            2.3243709628600913,
            0.22229308443273477,
            0.010281011969523482
          ],
          [
            0.637795108236658,
            2.2461881778718915,
            0.010255444243524673
          ],
          [
            -1.0728027727480223,
            -0.8940203195821065,
            2.067756433725749
          ]
        ],
        "NumAtoms": 1,
        "Positions": [
          [
            0.0,
            0.0,
            0.0
          ]
        ],
        "Stress": [
          [
            -3024.48152259525,
            5698.852830026263,
            -14126.505866479663
          ],
          [
            5698.852830026263,
            -5123.6717622564465,
            -11753.700080513641
          ],
          [
            -14126.505866479663,
            -11753.700080513641,
            -59265.71575015439
          ]
        ]
      }
    ],
    "EnergyStyle": "electronvolt",
    "ForcesStyle": "electronvoltperangstrom",
    "Label": "ASE generated",
    "LatticeStyle": "angstrom",
    "PositionsStyle": "angstrom",
    "StressStyle": "bar"
  }
}