{
  "Dataset": {
    "AtomTypeStyle": "chemicalsymbol",
    "Data": [
      {
        "AtomTypes": [
          "Ni"
        ],
        "Energy": -4.6623634541711,
        "Forces": [
          [
            0.015808586839686053,
            0.021101901462800825,
            0.02349158994447791
          ]
        ],
        "Lattice": [
          [
            2.331841501446619,
            0.19973262805811276,
            -0.00678156414903593
          ],
          [
            0.6169506867636644,
            2.2575913916050183,
            -0.006792696979145272
          ],
          [
            -1.119393847734223,
            -0.9328039912961316,
            2.0322408191602004
          ]
        ],
        "NumAtoms": 1,
        "Positions": [
          [
            0.0,
            0.0,
            0.0
          ]
        ],
        "Stress": [
          [
            6334.347002089079,
            -7083.112126116794,
            5675.316008838753
          ],
          [
            -7083.112126116794,
            8945.463102578655,
            4723.545802068749
          ],
          [
            5675.316008838753,
            4723.545802068749,
            -3067.1420109976143
          ]
        ]
      }
    ],
    "EnergyStyle": "electronvolt",
    "ForcesStyle": "electronvoltperangstrom",
    "Label": "ASE generated",
    "LatticeStyle": "angstrom",
    "PositionsStyle": "angstrom",
    "StressStyle": "bar"
  }
}