{
  "Dataset": {
    "AtomTypeStyle": "chemicalsymbol",
    "Data": [
      {
        "AtomTypes": [
          "Ni"
        ],
        "Energy": -4.659814561588064,
        "Forces": [
          [
            -0.03777952451351489,
            -0.026589714428765725,
            -0.10800724853566822
          ]
        ],
        "Lattice": [
          [
            2.3256511589460844,
            0.22333658854944385,
            0.007510443310632347
          ],
          [
            0.6390521840412409,
            2.2472578376304777,
            0.007489024863124237
          ],
          [
            -1.0821167467074437,
            -0.9017702240463542,
            2.0425817742071772
          ]
        ],
        "NumAtoms": 1,
        "Positions": [
          [
            0.0,
            0.0,
            0.0
          ]
        ],
        "Stress": [
          [
            4276.346199506027,
            -4436.69079384595,
            -11746.344823892547
          ],
          [
            -4436.69079384595,
            5897.444758795892,
            -9767.780792817346
          ],
          [
            -11746.344823892547,
            -9767.780792817346,
            -12228.849658236535
          ]
        ]
      }
    ],
    "EnergyStyle": "electronvolt",
    "ForcesStyle": "electronvoltperangstrom",
    "Label": "ASE generated",
    "LatticeStyle": "angstrom",
    "PositionsStyle": "angstrom",
    "StressStyle": "bar"
  }
}