{
  "Dataset": {
    "AtomTypeStyle": "chemicalsymbol",
    "Data": [
      {
        "AtomTypes": [
          "Ni"
        ],
        "Energy": -3.608930258957116,
        "Forces": [
          [
            -0.11898703949596359,
            -0.25780929973280264,
            -0.8556392563784714
          ]
        ],
        "Lattice": [
          [
            2.3091102229649,
            0.11361451808692083,
            0.001966011335550869
          ],
          [
            0.5281504754500966,
            2.250775920955534,
            0.001970107167143525
          ],
          [
            -1.0481812526401533,
            -0.8734804893351779,
            3.199047838782535
          ]
        ],
        "NumAtoms": 1,
        "Positions": [
          [
            0.0,
            0.0,
            0.0
          ]
        ],
        "Stress": [
          [
            -84202.97779832302,
            45571.698972995255,
            1522.5381205671613
          ],
          [
            45571.698972995255,
            -100922.9471494016,
            1269.517292801411
          ],
          [
            1522.5381205671613,
            1269.517292801411,
            -182283.85378933258
          ]
        ]
      }
    ],
    "EnergyStyle": "electronvolt",
    "ForcesStyle": "electronvoltperangstrom",
    "Label": "ASE generated",
    "LatticeStyle": "angstrom",
    "PositionsStyle": "angstrom",
    "StressStyle": "bar"
  }
}