{
  "Dataset": {
    "AtomTypeStyle": "chemicalsymbol",
    "Data": [
      {
        "AtomTypes": [
          "Ni"
        ],
        "Energy": -4.647251598764342,
        "Forces": [
          [
            -0.5345703862788144,
            -0.4400565169113174,
            0.03520066796658167
          ]
        ],
        "Lattice": [
          [
            2.341580507364727,
            0.24309373236705345,
            0.017150520607992895
          ],
          [
            0.6613584586106656,
            2.2593699609648894,
            0.01711523242585384
          ],
          [
            -1.0682268567749855,
            -0.8902352795848655,
            1.9968469217027
          ]
        ],
        "NumAtoms": 1,
        "Positions": [
          [
            0.0,
            0.0,
            0.0
          ]
        ],
        "Stress": [
          [
            -74291.03397573216,
            -60872.10379620206,
            -31793.832270355615
          ],
          [
            -60872.10379620206,
            -51982.54064394375,
            -26452.44491211468
          ],
          [
            -31793.832270355615,
            -26452.44491211468,
            69389.49096343285
          ]
        ]
      }
    ],
    "EnergyStyle": "electronvolt",
    "ForcesStyle": "electronvoltperangstrom",
    "Label": "ASE generated",
    "LatticeStyle": "angstrom",
    "PositionsStyle": "angstrom",
    "StressStyle": "bar"
  }
}