{
  "Dataset": {
    "AtomTypeStyle": "chemicalsymbol",
    "Data": [
      {
        "AtomTypes": [
          "Cr",
          "Cr"
        ],
        "Energy": 41.71356175828714,
        "Forces": [
          [
            -33.478044169690364,
            4.186596814479768,
            -16.53771482998124
          ],
          [
            33.478044169690364,
            -4.186596814479768,
            16.53771482998124
          ]
        ],
        "Lattice": [
          [
            5.537869648520686,
            0.0,
            0.0
          ],
          [
            0.4253637677028739,
            3.9661945529222726,
            0.0
          ],
          [
            -0.4451062729998501,
            -2.4340764602232428,
            0.38401803290701847
          ]
        ],
        "NumAtoms": 2,
        "Positions": [
          [
            0.0,
            0.0,
            0.0
          ],
          [
            1.3795309551254802,
            0.3830300769617223,
            0.09600395443978976
          ]
        ],
        "Stress": [
          [
            37591948.70163756,
            6635240.253098904,
            -11690558.144524168
          ],
          [
            6635240.253098904,
            59014283.6578188,
            -8804328.967481714
          ],
          [
            -11690558.144524168,
            -8804328.967481714,
            54674254.17543598
          ]
        ]
      }
    ],
    "EnergyStyle": "electronvolt",
    "ForcesStyle": "electronvoltperangstrom",
    "Label": "ASE generated",
    "LatticeStyle": "angstrom",
    "PositionsStyle": "angstrom",
    "StressStyle": "bar"
  }
}