{
  "Dataset": {
    "AtomTypeStyle": "chemicalsymbol",
    "Data": [
      {
        "AtomTypes": [
          "Cr"
        ],
        "Energy": 2238.698132288467,
        "Forces": [
          [
            -0.04625448899458508,
            -0.0758479764743618,
            -0.059335643284147525
          ]
        ],
        "Lattice": [
          [
            4.61718967857932,
            0.0,
            0.0
          ],
          [
            -1.1832010270327364,
            5.5924417168682,
            0.0
          ],
          [
            0.6991394783201591,
            1.7405235243753319,
            6.821976242325481
          ]
        ],
        "NumAtoms": 1,
        "Positions": [
          [
            0.0,
            0.0,
            0.0
          ]
        ],
        "Stress": [
          [
            -2956.813161681154,
            79.4367715078519,
            7.355256621097396
          ],
          [
            79.4367715078519,
            -3149.5208851539055,
            -10.297359269536358
          ],
          [
            7.355256621097396,
            -10.297359269536358,
            -2921.5079298998867
          ]
        ]
      }
    ],
    "EnergyStyle": "electronvolt",
    "ForcesStyle": "electronvoltperangstrom",
    "Label": "ASE generated",
    "LatticeStyle": "angstrom",
    "PositionsStyle": "angstrom",
    "StressStyle": "bar"
  }
}