{
  "Dataset": {
    "AtomTypeStyle": "chemicalsymbol",
    "Data": [
      {
        "AtomTypes": [
          "Cr"
        ],
        "Energy": 2238.6801390170726,
        "Forces": [
          [
            -0.08447433185711263,
            -0.07297775320404877,
            -0.06189212869534485
          ]
        ],
        "Lattice": [
          [
            4.476119501667599,
            0.0,
            0.0
          ],
          [
            -1.530452399412677,
            5.29890188398613,
            0.0
          ],
          [
            0.2878413406742366,
            1.306203288498632,
            6.744988383031376
          ]
        ],
        "NumAtoms": 1,
        "Positions": [
          [
            0.0,
            0.0,
            0.0
          ]
        ],
        "Stress": [
          [
            -5756.2238316708235,
            54.42889899612075,
            -4.413153972658439
          ],
          [
            54.42889899612075,
            -3184.8261169351736,
            1.4710513242194794
          ],
          [
            -4.413153972658439,
            1.4710513242194794,
            -3221.60240004066
          ]
        ]
      }
    ],
    "EnergyStyle": "electronvolt",
    "ForcesStyle": "electronvoltperangstrom",
    "Label": "ASE generated",
    "LatticeStyle": "angstrom",
    "PositionsStyle": "angstrom",
    "StressStyle": "bar"
  }
}