{
  "Dataset": {
    "AtomTypeStyle": "chemicalsymbol",
    "Data": [
      {
        "AtomTypes": [
          "Cr"
        ],
        "Energy": 2238.700466483041,
        "Forces": [
          [
            -0.04716098723342619,
            -0.0721716882446467,
            -0.05963141661578761
          ]
        ],
        "Lattice": [
          [
            4.605089512533107,
            0.0,
            0.0
          ],
          [
            -1.1683664704037997,
            5.551974202831627,
            0.0
          ],
          [
            0.7043898867475515,
            1.7215666633653768,
            6.823738748060332
          ]
        ],
        "NumAtoms": 1,
        "Positions": [
          [
            0.0,
            0.0,
            0.0
          ]
        ],
        "Stress": [
          [
            -2968.58157227491,
            11.768410593755835,
            1.4710513242194794
          ],
          [
            11.768410593755835,
            -2956.813161681154,
            -7.355256621097396
          ],
          [
            1.4710513242194794,
            -7.355256621097396,
            -2942.1026484389595
          ]
        ]
      }
    ],
    "EnergyStyle": "electronvolt",
    "ForcesStyle": "electronvoltperangstrom",
    "Label": "ASE generated",
    "LatticeStyle": "angstrom",
    "PositionsStyle": "angstrom",
    "StressStyle": "bar"
  }
}