{
  "Dataset": {
    "AtomTypeStyle": "chemicalsymbol",
    "Data": [
      {
        "AtomTypes": [
          "Cr"
        ],
        "Energy": 2238.450866033999,
        "Forces": [
          [
            -0.344338418022773,
            -0.5955397404264735,
            -0.08408287803169665
          ]
        ],
        "Lattice": [
          [
            4.060009470714125,
            0.0,
            0.0
          ],
          [
            -2.9302022152322107,
            3.910759462561203,
            0.0
          ],
          [
            -1.5231653330615236,
            -1.776919984990627,
            5.514800184279353
          ]
        ],
        "NumAtoms": 1,
        "Positions": [
          [
            0.0,
            0.0,
            0.0
          ]
        ],
        "Stress": [
          [
            -31899.74796569942,
            -2949.457905060056,
            102.97359269536356
          ],
          [
            -2949.457905060056,
            -29701.997287315513,
            -58.84205296877917
          ],
          [
            102.97359269536356,
            -58.84205296877917,
            -5770.934344913018
          ]
        ]
      }
    ],
    "EnergyStyle": "electronvolt",
    "ForcesStyle": "electronvoltperangstrom",
    "Label": "ASE generated",
    "LatticeStyle": "angstrom",
    "PositionsStyle": "angstrom",
    "StressStyle": "bar"
  }
}