{
  "Dataset": {
    "AtomTypeStyle": "chemicalsymbol",
    "Data": [
      {
        "AtomTypes": [
          "Cr"
        ],
        "Energy": 2238.70210828334,
        "Forces": [
          [
            -0.21633581637353846,
            -0.21621603291445254,
            -0.06397442642238665
          ]
        ],
        "Lattice": [
          [
            4.1960498182604455,
            0.0,
            0.0
          ],
          [
            -2.4072905649352907,
            4.533559085392224,
            0.0
          ],
          [
            -0.7856599758714492,
            -0.18029586859101482,
            6.316057832388535
          ]
        ],
        "NumAtoms": 1,
        "Positions": [
          [
            0.0,
            0.0,
            0.0
          ]
        ],
        "Stress": [
          [
            -17952.71036077453,
            -301.56552146499325,
            33.834180457048035
          ],
          [
            -301.56552146499325,
            -10312.069782778552,
            8.826307945316877
          ],
          [
            33.834180457048035,
            8.826307945316877,
            -3908.5833684511576
          ]
        ]
      }
    ],
    "EnergyStyle": "electronvolt",
    "ForcesStyle": "electronvoltperangstrom",
    "Label": "ASE generated",
    "LatticeStyle": "angstrom",
    "PositionsStyle": "angstrom",
    "StressStyle": "bar"
  }
}