<?xml version="1.0" encoding="UTF-8"?>
<!-- All quantities are in Hartree atomic units unless otherwise specified -->
<qes:espresso xmlns:xsi="http://www.w3.org/2001/XMLSchema-instance" xmlns:qes="http://www.quantum-espresso.org/ns/qes/qes-1.0" xsi:schemaLocation="http://www.quantum-espresso.org/ns/qes/qes-1.0 http://www.quantum-espresso.org/ns/qes/qes_230310.xsd" Units="Hartree atomic units">
  <general_info>
    <xml_format NAME="QEXSD" VERSION="23.03.10">QEXSD_23.03.10</xml_format>
    <creator NAME="CP" VERSION="7.2">XML file generated by CP</creator>
    <created DATE="22Jul2023" TIME=" 2: 6:14">This run was terminated on:   2: 6:14  22 Jul 2023</created>
    <job>MD Simulation</job>
  </general_info>
  <parallel_info>
    <nprocs>24</nprocs>
    <nthreads>1</nthreads>
    <ntasks>1</ntasks>
    <nbgrp>1</nbgrp>
    <npool>1</npool>
    <ndiag>24</ndiag>
  </parallel_info>
  <output>
    <algorithmic_info>
      <real_space_q>false</real_space_q>
      <real_space_beta>false</real_space_beta>
      <uspp>true</uspp>
      <paw>false</paw>
    </algorithmic_info>
    <atomic_species ntyp="1">
      <species name="Cr">
        <mass>5.199610000000000E+01</mass>
        <pseudo_file>Cr.upf</pseudo_file>
      </species>
    </atomic_species>
    <atomic_structure nat="16" alat="9.79634023005999">
      <atomic_positions>
        <atom name="Cr" index="1">-7.396444099095326E-02  -2.084808118263700E-02  -7.458330017706082E-02</atom>
        <atom name="Cr" index="2">2.451195245877966E+00   2.379905964091320E+00   2.452573564269355E+00</atom>
        <atom name="Cr" index="3">-1.490982207325968E-02  -7.465505675975834E-02   4.969825424616912E+00</atom>
        <atom name="Cr" index="4">2.306119773974737E+00   2.388486353124262E+00   7.350520838484796E+00</atom>
        <atom name="Cr" index="5">-6.630843764862922E-02   4.965652816194664E+00   9.089526748431770E-03</atom>
        <atom name="Cr" index="6">2.380996729506010E+00   7.331961234874989E+00   2.550183363396918E+00</atom>
        <atom name="Cr" index="7">-7.710187398703369E-03   4.958227394632094E+00   4.947598113043161E+00</atom>
        <atom name="Cr" index="8">2.499757859466242E+00   7.333327467794795E+00   7.293955027485010E+00</atom>
        <atom name="Cr" index="9">4.963362186290293E+00   5.434265527151177E-02  -2.216404332119661E-02</atom>
        <atom name="Cr" index="10">7.401556616539771E+00   2.450797574264520E+00   2.429595121832606E+00</atom>
        <atom name="Cr" index="11">4.943683645688604E+00   3.722552453776384E-02   4.908924569319296E+00</atom>
        <atom name="Cr" index="12">7.350911649274781E+00   2.384140324822828E+00   7.288890763760395E+00</atom>
        <atom name="Cr" index="13">5.098041858560026E+00   5.063085416085905E+00  -8.576849461407841E-02</atom>
        <atom name="Cr" index="14">7.413274500103907E+00   7.272725228599055E+00   2.388073152216245E+00</atom>
        <atom name="Cr" index="15">4.845041053838303E+00   4.893372557549916E+00   4.953369629564123E+00</atom>
        <atom name="Cr" index="16">7.286993149350879E+00   7.360294006458759E+00   7.417958123735070E+00</atom>
      </atomic_positions>
      <cell>
        <a1>9.796340230059993E+00   0.000000000000000E+00   0.000000000000000E+00</a1>
        <a2>0.000000000000000E+00   9.796340230059993E+00   0.000000000000000E+00</a2>
        <a3>0.000000000000000E+00   0.000000000000000E+00   9.796340230059993E+00</a3>
      </cell>
    </atomic_structure>
    <basis_set>
      <gamma_only>true</gamma_only>
      <ecutwfc>3.000000000000000E+01</ecutwfc>
      <ecutrho>2.400000000000000E+02</ecutrho>
      <fft_grid nr1="72" nr2="72" nr3="72"></fft_grid>
      <fft_smooth nr1="50" nr2="50" nr3="50"></fft_smooth>
      <fft_box nr1="72" nr2="72" nr3="72"></fft_box>
      <ngm>83519</ngm>
      <ngms>29447</ngms>
      <npwx>3625</npwx>
      <reciprocal_lattice>
        <b1>1.000000000000000E+00   0.000000000000000E+00   0.000000000000000E+00</b1>
        <b2>0.000000000000000E+00   1.000000000000000E+00   0.000000000000000E+00</b2>
        <b3>0.000000000000000E+00   0.000000000000000E+00   1.000000000000000E+00</b3>
      </reciprocal_lattice>
    </basis_set>
    <dft>
      <functional>PBE</functional>
    </dft>
    <magnetization>
      <lsda>true</lsda>
      <noncolin>false</noncolin>
      <spinorbit>false</spinorbit>
      <absolute>0.000000000000000E+00</absolute>
    </magnetization>
    <total_energy>
      <etot>-6.822253358014050E+02</etot>
      <ehart>-1.155338690274503E+03</ehart>
      <vtxc>0.000000000000000E+00</vtxc>
      <etxc>-2.899188933677191E+02</etxc>
    </total_energy>
    <band_structure>
      <lsda>true</lsda>
      <noncolin>false</noncolin>
      <spinorbit>false</spinorbit>
      <nbnd_up>112</nbnd_up>
      <nbnd_dw>112</nbnd_dw>
      <nelec>2.240000000000000E+02</nelec>
      <num_of_atomic_wfc>160</num_of_atomic_wfc>
      <wf_collected>true</wf_collected>
      <starting_k_points>
        <nk>1</nk>
        <k_point weight="1.00000000000000">0.000000000000000E+00   0.000000000000000E+00   0.000000000000000E+00</k_point>
      </starting_k_points>
      <nks>1</nks>
      <occupations_kind spin="0">fixed</occupations_kind>
      <ks_energies>
        <k_point weight="1.00000000000000">0.000000000000000E+00   0.000000000000000E+00   0.000000000000000E+00</k_point>
        <npw>3625</npw>
        <eigenvalues size="224">
  -3.503206073881258E+00  -3.345075763263353E+00  -3.297188707948040E+00
  -2.992430308996720E+00  -2.924194418411236E+00
  -2.654873679181678E+00  -2.297660249312064E+00  -2.226149513750238E+00
  -2.193903079213847E+00  -2.095123695540367E+00
  -2.049426373237670E+00  -2.022927074507852E+00  -1.969492259307648E+00
  -1.929244473937889E+00  -1.882866777008932E+00
  -1.845708989922114E+00  -1.790903041244679E+00  -1.731365396967057E+00
  -1.702456998026493E+00  -1.667230877687292E+00
  -1.634604757993870E+00  -1.609746768209260E+00  -1.567625877833611E+00
  -1.526538809316372E+00  -1.449011140700519E+00
  -1.395070701531170E+00  -1.374534681704718E+00  -1.365446188319006E+00
  -1.343767178403168E+00  -1.320441576416972E+00
  -1.295272665402103E+00  -1.285113017310421E+00  -1.270531992535124E+00
  -1.246976578521259E+00  -1.233512377875368E+00
  -1.191457854129488E+00  -1.175079060727166E+00  -1.173044302241516E+00
  -1.159088397296298E+00  -1.142833387016101E+00
  -1.129808156961615E+00  -1.103297983432946E+00  -1.091725963992600E+00
  -1.065638793713815E+00  -1.042036430650827E+00
  -1.039494903137761E+00  -9.996512063295392E-01  -9.917169143728940E-01
  -9.797349635208797E-01  -9.635212240331008E-01
  -9.481287378418493E-01  -9.246274315031017E-01  -9.015996669405449E-01
  -8.752884509452801E-01  -8.653757189587267E-01
  -8.508897916398601E-01  -8.302417738564291E-01  -8.125686505387908E-01
  -7.909170030975669E-01  -7.667665295369723E-01
  -7.541688698522087E-01  -7.441413052209039E-01  -7.378627569752979E-01
  -7.201470351802385E-01  -6.931853110804357E-01
  -6.832944454864975E-01  -6.688666466154436E-01  -6.315887444806445E-01
  -6.238588500799561E-01  -6.123931725912348E-01
  -5.940797949151800E-01  -5.925969145322681E-01  -5.778450365727584E-01
  -5.411550504879097E-01  -5.187813733882687E-01
  -4.779265917710324E-01  -4.670682880435097E-01  -4.581507779925862E-01
  -4.342621560991285E-01  -4.286809843363917E-01
  -4.014754247545442E-01  -3.607841305847868E-01  -3.488047847116885E-01
  -3.347677181038116E-01  -2.877660300612191E-01
  -2.805183496217249E-01  -2.689394601793583E-01  -2.486716642889099E-01
  -2.221891115115670E-01  -1.994573628195459E-01
  -1.721264747589050E-01  -1.417271848177082E-01  -1.170373865052705E-01
  -9.414228162314710E-02  -8.363291746249378E-02
  -7.481065038411770E-02  -6.448843886048038E-02  -2.085537504690909E-02
   1.392903135628409E-02   2.502943114413862E-02
   3.833555790290215E-02   6.398322289546045E-02   7.736681880582545E-02
   9.939794639181670E-02   1.372304642059097E-01
   1.429049027714523E-01   1.606573782859048E-01   1.943064904098142E-01
   2.005809313890338E-01   2.201306382701683E-01
   2.487255507245860E-01   2.565191417210346E-01  -3.200166501895318E+00
  -3.127847929219543E+00  -3.086448518415001E+00
  -2.985378806913836E+00  -2.952656137269861E+00  -2.783186173303730E+00
  -2.762403785973761E+00  -2.637982807843812E+00
  -2.585653555851436E+00  -2.410966220865239E+00  -2.103960694758880E+00
  -2.060969837698178E+00  -1.896872481075904E+00
  -1.879303692756628E+00  -1.846192510371649E+00  -1.778042001448861E+00
  -1.679750997937548E+00  -1.660719108528005E+00
  -1.615295499128224E+00  -1.559171449503385E+00  -1.466562806348142E+00
  -1.432493328745810E+00  -1.425739552245131E+00
  -1.382020880042886E+00  -1.355666490531525E+00  -1.332534496459171E+00
  -1.305066153984808E+00  -1.290153412521249E+00
  -1.267387311192221E+00  -1.248896216087130E+00  -1.236872654604833E+00
  -1.208426420929696E+00  -1.196609676789292E+00
  -1.173050764235466E+00  -1.167125245695119E+00  -1.133935631043627E+00
  -1.112996011722405E+00  -1.101431995634508E+00
  -1.089696786291682E+00  -1.084826156619348E+00  -1.052947655682840E+00
  -1.045484614993468E+00  -1.034278934287566E+00
  -1.017471363723469E+00  -1.007363854588472E+00  -9.856806907807614E-01
  -9.683686651185421E-01  -9.543834778474096E-01
  -9.468017256722727E-01  -9.142475444842475E-01  -8.962588080323182E-01
  -8.885780981890282E-01  -8.807996519204337E-01
  -8.443760436376376E-01  -8.159647952480318E-01  -8.040251532999351E-01
  -8.014390000473522E-01  -7.939738184671284E-01
  -7.739173983243655E-01  -7.476847553164049E-01  -7.361226327695843E-01
  -7.036164480381434E-01  -6.828434341407150E-01
  -6.618575687610073E-01  -6.582186638643863E-01  -6.280217221958266E-01
  -6.179344516752936E-01  -5.963090949280991E-01
  -5.840085775514705E-01  -5.697598554780637E-01  -5.462339269267298E-01
  -5.203581070762643E-01  -5.112885809366132E-01
  -4.868760438223532E-01  -4.741817579017548E-01  -4.662729582868654E-01
  -4.419068000485191E-01  -4.181721335389835E-01
  -3.967900976697116E-01  -3.569698924579765E-01  -3.446914468635420E-01
  -3.091681511375997E-01  -2.933512468038453E-01
  -2.789650996899022E-01  -2.457528788711907E-01  -2.192380341757668E-01
  -1.991853329521601E-01  -1.752221132394749E-01
  -1.542899239133490E-01  -1.280595315512933E-01  -9.074471346829242E-02
  -8.817150823055407E-02  -8.623542070806338E-02
  -6.310369546203834E-02  -5.057893428676860E-02  -4.644499373426692E-02
  -3.043644655577988E-03   3.024645632159017E-02
   4.978051955662705E-02   7.427349725008103E-02   8.395105755350492E-02
   9.866482626907211E-02   1.129071472231396E-01
   1.401677104497195E-01   1.587141338070242E-01   1.747930339387578E-01
   1.981307190013935E-01   2.404096701343355E-01
   2.505123054744587E-01   2.747511165967438E-01   3.019850110940246E-01
   3.374983721761952E-01
        </eigenvalues>
        <occupations size="224">
   1.000000000000000E+00   1.000000000000000E+00   1.000000000000000E+00
   1.000000000000000E+00   1.000000000000000E+00
   1.000000000000000E+00   1.000000000000000E+00   1.000000000000000E+00
   1.000000000000000E+00   1.000000000000000E+00
   1.000000000000000E+00   1.000000000000000E+00   1.000000000000000E+00
   1.000000000000000E+00   1.000000000000000E+00
   1.000000000000000E+00   1.000000000000000E+00   1.000000000000000E+00
   1.000000000000000E+00   1.000000000000000E+00
   1.000000000000000E+00   1.000000000000000E+00   1.000000000000000E+00
   1.000000000000000E+00   1.000000000000000E+00
   1.000000000000000E+00   1.000000000000000E+00   1.000000000000000E+00
   1.000000000000000E+00   1.000000000000000E+00
   1.000000000000000E+00   1.000000000000000E+00   1.000000000000000E+00
   1.000000000000000E+00   1.000000000000000E+00
   1.000000000000000E+00   1.000000000000000E+00   1.000000000000000E+00
   1.000000000000000E+00   1.000000000000000E+00
   1.000000000000000E+00   1.000000000000000E+00   1.000000000000000E+00
   1.000000000000000E+00   1.000000000000000E+00
   1.000000000000000E+00   1.000000000000000E+00   1.000000000000000E+00
   1.000000000000000E+00   1.000000000000000E+00
   1.000000000000000E+00   1.000000000000000E+00   1.000000000000000E+00
   1.000000000000000E+00   1.000000000000000E+00
   1.000000000000000E+00   1.000000000000000E+00   1.000000000000000E+00
   1.000000000000000E+00   1.000000000000000E+00
   1.000000000000000E+00   1.000000000000000E+00   1.000000000000000E+00
   1.000000000000000E+00   1.000000000000000E+00
   1.000000000000000E+00   1.000000000000000E+00   1.000000000000000E+00
   1.000000000000000E+00   1.000000000000000E+00
   1.000000000000000E+00   1.000000000000000E+00   1.000000000000000E+00
   1.000000000000000E+00   1.000000000000000E+00
   1.000000000000000E+00   1.000000000000000E+00   1.000000000000000E+00
   1.000000000000000E+00   1.000000000000000E+00
   1.000000000000000E+00   1.000000000000000E+00   1.000000000000000E+00
   1.000000000000000E+00   1.000000000000000E+00
   1.000000000000000E+00   1.000000000000000E+00   1.000000000000000E+00
   1.000000000000000E+00   1.000000000000000E+00
   1.000000000000000E+00   1.000000000000000E+00   1.000000000000000E+00
   1.000000000000000E+00   1.000000000000000E+00
   1.000000000000000E+00   1.000000000000000E+00   1.000000000000000E+00
   1.000000000000000E+00   1.000000000000000E+00
   1.000000000000000E+00   1.000000000000000E+00   1.000000000000000E+00
   1.000000000000000E+00   1.000000000000000E+00
   1.000000000000000E+00   1.000000000000000E+00   1.000000000000000E+00
   1.000000000000000E+00   1.000000000000000E+00
   1.000000000000000E+00   1.000000000000000E+00   1.000000000000000E+00
   1.000000000000000E+00   1.000000000000000E+00
   1.000000000000000E+00   1.000000000000000E+00   1.000000000000000E+00
   1.000000000000000E+00   1.000000000000000E+00
   1.000000000000000E+00   1.000000000000000E+00   1.000000000000000E+00
   1.000000000000000E+00   1.000000000000000E+00
   1.000000000000000E+00   1.000000000000000E+00   1.000000000000000E+00
   1.000000000000000E+00   1.000000000000000E+00
   1.000000000000000E+00   1.000000000000000E+00   1.000000000000000E+00
   1.000000000000000E+00   1.000000000000000E+00
   1.000000000000000E+00   1.000000000000000E+00   1.000000000000000E+00
   1.000000000000000E+00   1.000000000000000E+00
   1.000000000000000E+00   1.000000000000000E+00   1.000000000000000E+00
   1.000000000000000E+00   1.000000000000000E+00
   1.000000000000000E+00   1.000000000000000E+00   1.000000000000000E+00
   1.000000000000000E+00   1.000000000000000E+00
   1.000000000000000E+00   1.000000000000000E+00   1.000000000000000E+00
   1.000000000000000E+00   1.000000000000000E+00
   1.000000000000000E+00   1.000000000000000E+00   1.000000000000000E+00
   1.000000000000000E+00   1.000000000000000E+00
   1.000000000000000E+00   1.000000000000000E+00   1.000000000000000E+00
   1.000000000000000E+00   1.000000000000000E+00
   1.000000000000000E+00   1.000000000000000E+00   1.000000000000000E+00
   1.000000000000000E+00   1.000000000000000E+00
   1.000000000000000E+00   1.000000000000000E+00   1.000000000000000E+00
   1.000000000000000E+00   1.000000000000000E+00
   1.000000000000000E+00   1.000000000000000E+00   1.000000000000000E+00
   1.000000000000000E+00   1.000000000000000E+00
   1.000000000000000E+00   1.000000000000000E+00   1.000000000000000E+00
   1.000000000000000E+00   1.000000000000000E+00
   1.000000000000000E+00   1.000000000000000E+00   1.000000000000000E+00
   1.000000000000000E+00   1.000000000000000E+00
   1.000000000000000E+00   1.000000000000000E+00   1.000000000000000E+00
   1.000000000000000E+00   1.000000000000000E+00
   1.000000000000000E+00   1.000000000000000E+00   1.000000000000000E+00
   1.000000000000000E+00   1.000000000000000E+00
   1.000000000000000E+00   1.000000000000000E+00   1.000000000000000E+00
   1.000000000000000E+00   1.000000000000000E+00
   1.000000000000000E+00   1.000000000000000E+00   1.000000000000000E+00
   1.000000000000000E+00   1.000000000000000E+00
   1.000000000000000E+00   1.000000000000000E+00   1.000000000000000E+00
   1.000000000000000E+00   1.000000000000000E+00
   1.000000000000000E+00   1.000000000000000E+00   1.000000000000000E+00
   1.000000000000000E+00   1.000000000000000E+00
   1.000000000000000E+00   1.000000000000000E+00   1.000000000000000E+00
   1.000000000000000E+00
        </occupations>
      </ks_energies>
    </band_structure>
    <forces rank="2" dims="           3          16">
   3.959431620895839E+00  -1.447350212266131E+00  -1.002566410552779E+00
   1.572666796186417E-02  -1.567447116876763E-01   2.892528817020293E-01
   8.992038088955691E-01  -9.194675152966082E-01   1.287396063361323E+00
  -3.508565730396719E-01  -2.866582697350064E-01  -2.781441725570107E+00
   1.373136473865209E+00  -9.801060176401520E-01  -1.887383217392460E+00
   1.420462150208434E+00  -2.088903476457202E-01  -3.915993271701187E-01
  -8.525313083819397E-01   2.201065008166783E+00   7.651483974124293E-01
  -1.774792502477252E+00  -4.764554511020884E-01  -1.166143733301964E+00
  -1.354865386815450E-01   1.476309554352599E+00  -8.038177196696393E-01
  -1.517157110679342E+00  -2.689371977135668E-02  -2.612608805507625E+00
  -1.285669893140491E+00  -1.064044026935323E+00  -4.394637313751530E-01
   3.851238016325812E-01  -1.138776025725261E+00  -1.541557147218645E+00
  -7.060586008084245E-01  -1.293303731110678E-01  -2.046870603445362E-01
   2.812099113768755E-01  -1.694196507103495E+00  -1.715656779719352E+00
  -2.220831862388785E-01   3.695634857682842E-01  -6.481972456453915E-01
  -8.888476468470835E-01  -7.319376985792339E-01  -8.886967236315975E-01
    </forces>
  </output>
  <STATUS>
    <STEP ITERATION="200"/>
    <TIME UNITS="pico-seconds">2.418884326585714E-02</TIME>
    <TITLE>temporary title</TITLE>
    <KINETIC_ENERGY UNITS="Hartree">1.002126611974806E+03</KINETIC_ENERGY>
    <HARTREE_ENERGY>-1.155338690274503E+03</HARTREE_ENERGY>
    <EWALD_TERM>7.489094552592943E-02</EWALD_TERM>
    <GAUSS_SELFINT>1.251082991338893E+03</GAUSS_SELFINT>
    <LPSP_ENERGY>-5.009890910903413E+02</LPSP_ENERGY>
    <NLPSP_ENERGY>2.618947269563523E+02</NLPSP_ENERGY>
    <EXC_ENERGY>-2.899188933677191E+02</EXC_ENERGY>
    <AVERAGE_POT>0.000000000000000E+00</AVERAGE_POT>
    <ENTHALPY>-6.822253358014050E+02</ENTHALPY>
  </STATUS>
  <TIMESTEPS nt="2">
    <STEP0>
      <ACCUMULATORS>
   1.147347985425197E+05   1.792021911080609E+05  -3.778706196227125E+05
  -1.493373016979010E+05   5.964166305234827E+05  -1.493373016979010E+05
  -1.492919719599288E+05   0.000000000000000E+00   1.880275881633993E+05
   0.000000000000000E+00
      </ACCUMULATORS>
      <IONS_POSITIONS>
        <stau>
  -7.550211533486144E-03  -2.128149971625610E-03  -7.613384021535159E-03
   2.502154057855701E-01   2.429382716607369E-01   2.503561030622081E-01
  -1.521978792397288E-03  -7.620708857240368E-03   5.073144978537028E-01
   2.354062557870772E-01   2.438141486547405E-01   7.503333557086738E-01
  -6.768694848425363E-03   5.068885624202391E-01   9.278492309342859E-04
   2.430496158350994E-01   7.484388110956910E-01   2.603200076260827E-01
  -7.870477359539555E-04   5.061305832782137E-01   5.050455575094763E-01
   2.551726257726079E-01   7.485782747002332E-01   7.445591778349598E-01
   5.066547373538799E-01   5.547240499545102E-03  -2.262481988241529E-03
   7.555430336962117E-01   2.501748118898797E-01   2.480104880777224E-01
   5.046459728418731E-01   3.799941984817719E-03   5.010978032649682E-01
   7.503732492587962E-01   2.433705107043048E-01   7.440422231758030E-01
   5.204026951735226E-01   5.168343786743816E-01  -8.755156783029898E-03
   7.567391827977077E-01   7.423920625258353E-01   2.437719695451635E-01
   4.945766418944222E-01   4.995102704308534E-01   5.056347077824785E-01
   7.438485167134965E-01   7.513309903093968E-01   7.572172821206355E-01
        </stau>
        <svel>
   8.136834773708164E-05  -3.496972729256606E-05   2.008531962930229E-05
   4.201709627980010E-06   3.130664149564861E-06  -3.026956994795387E-05
   4.153108633106404E-06  -6.740044600198480E-07   1.037706950987721E-05
  -3.644008178720153E-05   1.832838049970755E-05  -6.294858071424092E-05
  -7.423007873188334E-07  -3.164949833148238E-05  -1.971851733602121E-05
   3.658657967999248E-05  -1.632645965236818E-06  -1.498407031089546E-05
  -1.229371918170325E-05   1.394533454437287E-05   7.596059297653518E-06
  -7.180623207833994E-06  -1.842321332237285E-05  -2.215372352123629E-05
  -5.249577807989414E-06   1.021261474980653E-05  -3.572439654362558E-05
  -3.011624361048005E-05   2.466313119451733E-05  -4.285802265104243E-05
  -9.137166448779785E-07  -4.747823501299372E-05   3.333253443411972E-06
  -3.166351232839105E-06  -2.954482672060818E-05  -5.561683649850384E-06
  -6.612127626232477E-06  -8.431059513816192E-06   5.321754025188711E-05
   1.693217894364763E-06  -2.975670349408556E-05  -2.088518578708047E-05
   7.996955434412616E-06   3.032301197030542E-05  -8.820351607813455E-05
  -2.034401753291365E-05  -1.034820678412738E-05  -4.729802322860087E-05
        </svel>
        <taui>
  -3.673627586272498E+00  -3.673627586272498E+00  -3.673627586272499E+00
  -1.224542528757500E+00  -1.224542528757500E+00  -1.224542528757500E+00
  -3.673627586272498E+00  -3.673627586272498E+00   1.224542528757498E+00
  -1.224542528757500E+00  -1.224542528757500E+00   3.673627586272496E+00
  -3.673627586272498E+00   1.224542528757498E+00  -3.673627586272499E+00
  -1.224542528757500E+00   3.673627586272497E+00  -1.224542528757500E+00
  -3.673627586272498E+00   1.224542528757498E+00   1.224542528757498E+00
  -1.224542528757500E+00   3.673627586272497E+00   3.673627586272496E+00
   1.224542528757498E+00  -3.673627586272498E+00  -3.673627586272499E+00
   3.673627586272497E+00  -1.224542528757500E+00  -1.224542528757500E+00
   1.224542528757498E+00  -3.673627586272498E+00   1.224542528757498E+00
   3.673627586272497E+00  -1.224542528757500E+00   3.673627586272496E+00
   1.224542528757498E+00   1.224542528757498E+00  -3.673627586272499E+00
   3.673627586272497E+00   3.673627586272497E+00  -1.224542528757500E+00
   1.224542528757498E+00   1.224542528757498E+00   1.224542528757498E+00
   3.673627586272497E+00   3.673627586272497E+00   3.673627586272496E+00
        </taui>
        <cdmi>3.673627586272498E+00   3.673627586272498E+00   3.673627586272499E+00</cdmi>
        <force>
   7.918863241791677E+00  -2.894700424532263E+00  -2.005132821105557E+00
   3.145333592372834E-02  -3.134894233753527E-01   5.785057634040587E-01
   1.798407617791138E+00  -1.838935030593216E+00   2.574792126722646E+00
  -7.017131460793438E-01  -5.733165394700128E-01  -5.562883451140214E+00
   2.746272947730418E+00  -1.960212035280304E+00  -3.774766434784920E+00
   2.840924300416868E+00  -4.177806952914405E-01  -7.831986543402374E-01
  -1.705062616763879E+00   4.402130016333565E+00   1.530296794824859E+00
  -3.549585004954504E+00  -9.529109022041768E-01  -2.332287466603928E+00
  -2.709730773630901E-01   2.952619108705199E+00  -1.607635439339279E+00
  -3.034314221358684E+00  -5.378743954271337E-02  -5.225217611015250E+00
  -2.571339786280981E+00  -2.128088053870646E+00  -8.789274627503061E-01
   7.702476032651624E-01  -2.277552051450523E+00  -3.083114294437291E+00
  -1.412117201616849E+00  -2.586607462221355E-01  -4.093741206890724E-01
   5.624198227537509E-01  -3.388393014206991E+00  -3.431313559438704E+00
  -4.441663724777571E-01   7.391269715365685E-01  -1.296394491290783E+00
  -1.777695293694167E+00  -1.463875397158468E+00  -1.777393447263195E+00
        </force>
      </IONS_POSITIONS>
      <IONS_NOSE>
        <nhpcl>1</nhpcl>
        <nhpdim>1</nhpdim>
        <xnhp>5.755514993408673E-04</xnhp>
        <vnhp>2.238317919489054E-06</vnhp>
      </IONS_NOSE>
      <ekincm>6.289071948978165E+02</ekincm>
      <ELECTRONS_NOSE>
        <xnhe>0.000000000000000E+00</xnhe>
        <vnhe>0.000000000000000E+00</vnhe>
      </ELECTRONS_NOSE>
      <CELL_PARAMETERS>
        <ht>
   9.796340230059993E+00   0.000000000000000E+00   0.000000000000000E+00
   0.000000000000000E+00   9.796340230059993E+00   0.000000000000000E+00
   0.000000000000000E+00   0.000000000000000E+00   9.796340230059993E+00
        </ht>
        <htvel>
   0.000000000000000E+00   0.000000000000000E+00   0.000000000000000E+00
   0.000000000000000E+00   0.000000000000000E+00   0.000000000000000E+00
   0.000000000000000E+00   0.000000000000000E+00   0.000000000000000E+00
        </htvel>
        <gvel>
   0.000000000000000E+00   0.000000000000000E+00   0.000000000000000E+00
   0.000000000000000E+00   0.000000000000000E+00   0.000000000000000E+00
   0.000000000000000E+00   0.000000000000000E+00   0.000000000000000E+00
        </gvel>
      </CELL_PARAMETERS>
      <CELL_NOSE>
        <xnhh>
   0.000000000000000E+00   0.000000000000000E+00   0.000000000000000E+00
   0.000000000000000E+00   0.000000000000000E+00   0.000000000000000E+00
   0.000000000000000E+00   0.000000000000000E+00   0.000000000000000E+00
        </xnhh>
        <vnhh>
   0.000000000000000E+00   0.000000000000000E+00   0.000000000000000E+00
   0.000000000000000E+00   0.000000000000000E+00   0.000000000000000E+00
   0.000000000000000E+00   0.000000000000000E+00   0.000000000000000E+00
        </vnhh>
      </CELL_NOSE>
    </STEP0>
    <STEPM>
      <IONS_POSITIONS>
        <stau>
  -7.804151012409570E-03  -2.033618387818897E-03  -7.825609335349705E-03
   2.501701745997226E-01   2.428981444554941E-01   2.504557256861746E-01
  -1.513027101786131E-03  -7.648007779084171E-03   5.072442157412563E-01
   2.355712922695848E-01   2.436505545790797E-01   7.505073694727408E-01
  -6.739289711553983E-03   5.070112436098142E-01   8.951690020135588E-04
   2.429237922727329E-01   7.484249094896627E-01   2.602878972588783E-01
  -7.542528487371920E-04   5.061603171913513E-01   5.049678798107436E-01
   2.551165256523713E-01   7.485676419791889E-01   7.445717658835872E-01
   5.067492455277163E-01   5.514531842246554E-03  -2.110557035819918E-03
   7.556722153879886E-01   2.500246941031526E-01   2.480750547408352E-01
   5.045894906418278E-01   4.002934514789097E-03   5.009860609239770E-01
   7.503960393430116E-01   2.434725996973331E-01   7.439556178626868E-01
   5.204119452160895E-01   5.168620547732156E-01  -9.074524780863420E-03
   7.567332092751693E-01   7.424223068286713E-01   2.436914420292562E-01
   4.945245756810421E-01   4.993205170270289E-01   5.059854206941524E-01
   7.439522148072317E-01   7.513491760758763E-01   7.573870720457332E-01
        </stau>
        <svel>
   2.966924046239033E-05  -1.286736051715883E-05   4.321905676135134E-05
   9.163807994744256E-06   7.114765480706332E-06  -2.610719846938836E-05
  -6.430264648168939E-06   8.656281034898334E-06   2.499037005287974E-06
  -3.091594663412745E-05   3.250784935922014E-05  -2.445012407684688E-05
  -1.307305715017226E-05  -2.101337678516169E-05   1.207448952150805E-05
   1.771801235432025E-05   2.150415360779867E-06   3.905868760384346E-06
  -1.766010921247843E-06  -1.955410769105548E-05   6.790414383217591E-06
   2.097937504585978E-05   2.937446229644980E-06  -8.630196837167148E-07
  -1.796995222482778E-05  -3.162787539380280E-06  -3.068164600316847E-05
  -1.746453573019391E-05   2.841377017250568E-05  -3.469729913119224E-06
   1.842191473334642E-05  -3.662373689754697E-05   2.009009770479464E-05
  -6.429689043985221E-06  -1.604049218546788E-05   2.099732764985207E-05
   2.154243367624709E-06  -6.593594709880524E-06   6.035121237068422E-05
  -1.173695172829170E-07   1.319410421274370E-06   2.071927064622170E-05
   1.181140361111721E-05   3.420605525057408E-05  -7.127746113619882E-05
  -1.575117169940743E-05  -1.450536983804707E-06  -3.379759552083472E-05
        </svel>
      </IONS_POSITIONS>
      <IONS_NOSE>
        <nhpcl>1</nhpcl>
        <nhpdim>1</nhpdim>
        <xnhp>5.644159437050373E-04</xnhp>
      </IONS_NOSE>
      <ELECTRONS_NOSE>
        <xnhe>0.000000000000000E+00</xnhe>
      </ELECTRONS_NOSE>
      <CELL_PARAMETERS>
        <ht>
   9.796340230059993E+00   0.000000000000000E+00   0.000000000000000E+00
   0.000000000000000E+00   9.796340230059993E+00   0.000000000000000E+00
   0.000000000000000E+00   0.000000000000000E+00   9.796340230059993E+00
        </ht>
      </CELL_PARAMETERS>
      <CELL_NOSE>
        <xnhh>
   0.000000000000000E+00   0.000000000000000E+00   0.000000000000000E+00
   0.000000000000000E+00   0.000000000000000E+00   0.000000000000000E+00
   0.000000000000000E+00   0.000000000000000E+00   0.000000000000000E+00
        </xnhh>
      </CELL_NOSE>
    </STEPM>
  </TIMESTEPS>
  <exit_status>0</exit_status>
  <timing_info>
    <total label="CP">
      <cpu>8.789979037999999E+03</cpu>
      <wall>8.795700426101685E+03</wall>
    </total>
    <partial label="initialize" calls="1">
      <cpu>4.916045900000000E+01</cpu>
      <wall>4.929040694236755E+01</wall>
    </partial>
    <partial label="init_dim" calls="1">
      <cpu>6.547700000000001E-02</cpu>
      <wall>6.585097312927246E-02</wall>
    </partial>
    <partial label="nlinit" calls="1">
      <cpu>5.396331000000000E+00</cpu>
      <wall>5.465872049331665E+00</wall>
    </partial>
    <partial label="qradx" calls="1">
      <cpu>1.300809000000000E+00</cpu>
      <wall>1.301564931869507E+00</wall>
    </partial>
    <partial label="betagx" calls="1">
      <cpu>2.436823000000000E+00</cpu>
      <wall>2.437589168548584E+00</wall>
    </partial>
    <partial label="newnlinit" calls="1">
      <cpu>1.300387000000000E+00</cpu>
      <wall>1.368191003799438E+00</wall>
    </partial>
    <partial label="from_scratch" calls="1">
      <cpu>4.368246100000000E+01</cpu>
      <wall>4.373540592193604E+01</wall>
    </partial>
    <partial label="strucf" calls="201">
      <cpu>1.777899999615329E-02</cpu>
      <wall>1.749181747436523E-02</wall>
    </partial>
    <partial label="fftb" calls="431949">
      <cpu>2.309148874999936E+03</cpu>
      <wall>2.310942781686783E+03</wall>
    </partial>
    <partial label="prefor" calls="801">
      <cpu>9.629199997834803E-02</cpu>
      <wall>9.805393218994141E-02</wall>
    </partial>
    <partial label="gram" calls="1">
      <cpu>3.689699999999974E-02</cpu>
      <wall>3.687906265258789E-02</wall>
    </partial>
    <partial label="calbec" calls="404">
      <cpu>3.460229999964213E-01</cpu>
      <wall>3.988831043243408E-01</wall>
    </partial>
    <partial label="nlsm1" calls="404">
      <cpu>3.447849999938626E-01</cpu>
      <wall>3.979983329772949E-01</wall>
    </partial>
    <partial label="formf" calls="1">
      <cpu>3.470000000005413E-04</cpu>
      <wall>6.949901580810547E-04</wall>
    </partial>
    <partial label="rhoofr" calls="201">
      <cpu>2.316024489999945E+02</cpu>
      <wall>2.317945053577423E+02</wall>
    </partial>
    <partial label="fftw" calls="67536">
      <cpu>5.925815000176954E+00</cpu>
      <wall>6.158172130584717E+00</wall>
    </partial>
    <partial label="fft_scatter" calls="70972">
      <cpu>3.318983000086519E+00</cpu>
      <wall>3.447923421859741E+00</wall>
    </partial>
    <partial label="ffts" calls="402">
      <cpu>7.314399999995658E-02</cpu>
      <wall>7.413792610168457E-02</wall>
    </partial>
    <partial label="fft" calls="3034">
      <cpu>1.071627999977864E+00</cpu>
      <wall>1.089457273483276E+00</wall>
    </partial>
    <partial label="rhov" calls="201">
      <cpu>2.285674960000015E+02</cpu>
      <wall>2.286286025047302E+02</wall>
    </partial>
    <partial label="set_cc" calls="201">
      <cpu>2.053455300000132E+01</cpu>
      <wall>2.056069254875183E+01</wall>
    </partial>
    <partial label="vofrho" calls="201">
      <cpu>9.227179199999409E+01</cpu>
      <wall>9.237281537055969E+01</wall>
    </partial>
    <partial label="force_loc" calls="201">
      <cpu>6.199000000196975E-02</cpu>
      <wall>6.268811225891113E-02</wall>
    </partial>
    <partial label="exch_corr" calls="201">
      <cpu>3.326190999998289E+00</cpu>
      <wall>3.350318670272827E+00</wall>
    </partial>
    <partial label="forcecc" calls="201">
      <cpu>6.331496100000004E+01</cpu>
      <wall>6.337490868568420E+01</wall>
    </partial>
    <partial label="newd" calls="201">
      <cpu>8.420145411999991E+03</cpu>
      <wall>8.422745654344559E+03</wall>
    </partial>
    <partial label="runcp_uspp" calls="201">
      <cpu>5.909569000001284E+00</cpu>
      <wall>6.133330345153809E+00</wall>
    </partial>
    <partial label="dforce" calls="22512">
      <cpu>5.840068000006795E+00</cpu>
      <wall>6.072159051895142E+00</wall>
    </partial>
    <partial label="nlfq" calls="201">
      <cpu>1.287531999994826E+00</cpu>
      <wall>1.504634618759155E+00</wall>
    </partial>
    <partial label="nlsm2" calls="201">
      <cpu>1.213502000002336E+00</cpu>
      <wall>1.430456161499023E+00</wall>
    </partial>
    <partial label="calphi" calls="201">
      <cpu>4.098149999936140E-01</cpu>
      <wall>4.134697914123535E-01</wall>
    </partial>
    <partial label="ortho" calls="201">
      <cpu>5.905145999999149E+00</cpu>
      <wall>6.093961238861084E+00</wall>
    </partial>
    <partial label="nlsm1us" calls="402">
      <cpu>6.886570000133361E-01</cpu>
      <wall>7.686185836791992E-01</wall>
    </partial>
    <partial label="rhoset" calls="402">
      <cpu>2.665080000006128E-01</cpu>
      <wall>2.991347312927246E-01</wall>
    </partial>
    <partial label="sigset" calls="402">
      <cpu>2.208790000022418E-01</cpu>
      <wall>2.451844215393066E-01</wall>
    </partial>
    <partial label="tauset" calls="402">
      <cpu>2.188589999987016E-01</cpu>
      <wall>2.460641860961914E-01</wall>
    </partial>
    <partial label="rsg" calls="402">
      <cpu>1.509695999990072E+00</cpu>
      <wall>1.521681547164917E+00</wall>
    </partial>
    <partial label="ortho_iter" calls="402">
      <cpu>2.715847999998005E+00</cpu>
      <wall>2.716519355773926E+00</wall>
    </partial>
    <partial label="nlfl" calls="201">
      <cpu>6.669139999976323E-01</cpu>
      <wall>6.670506000518799E-01</wall>
    </partial>
    <partial label="updatc" calls="201">
      <cpu>3.009760000113602E-01</cpu>
      <wall>3.282587528228760E-01</wall>
    </partial>
    <partial label="main_loop" calls="200">
      <cpu>8.739880891000001E+03</cpu>
      <wall>8.743766595363617E+03</wall>
    </partial>
    <partial label="cpr_md" calls="199">
      <cpu>8.740727939000000E+03</cpu>
      <wall>8.746310986757278E+03</wall>
    </partial>
    <partial label="move_electro" calls="200">
      <cpu>8.729317487000002E+03</cpu>
      <wall>8.732635156631470E+03</wall>
    </partial>
    <partial label="restart" calls="19">
      <cpu>8.167250000005879E-01</cpu>
      <wall>2.431344270706177E+00</wall>
    </partial>
  </timing_info>
  <closed DATE="22 Jul 2023" TIME=" 2: 6:14"></closed>
</qes:espresso>
