{
  "Dataset": {
    "AtomTypeStyle": "chemicalsymbol",
    "Data": [
      {
        "AtomTypes": [
          "Cr"
        ],
        "Energy": -41.80779626616277,
        "Forces": [
          [
            -0.46172415963299385,
            -0.23116227695650676,
            -0.3051590422372365
          ]
        ],
        "Lattice": [
          [
            4.169569790754434,
            0.0,
            0.0
          ],
          [
            -2.463673702263072,
            4.5853092554509765,
            0.0
          ],
          [
            -1.537199464327228,
            -1.1650111560951146,
            3.6638760273921545
          ]
        ],
        "NumAtoms": 1,
        "Positions": [
          [
            0.0,
            0.0,
            0.0
          ]
        ],
        "Stress": [
          [
            -39631.59372579699,
            -709.0467382737891,
            1647.577483125817
          ],
          [
            -709.0467382737891,
            -22308.49333178841,
            5788.586960803652
          ],
          [
            1647.577483125817,
            5788.586960803652,
            -37935.47154897194
          ]
        ]
      }
    ],
    "EnergyStyle": "electronvolt",
    "ForcesStyle": "electronvoltperangstrom",
    "Label": "ASE generated",
    "LatticeStyle": "angstrom",
    "PositionsStyle": "angstrom",
    "StressStyle": "bar"
  }
}