{
  "Dataset": {
    "AtomTypeStyle": "chemicalsymbol",
    "Data": [
      {
        "AtomTypes": [
          "Ni",
          "Ni"
        ],
        "Energy": 791.2825931178086,
        "Forces": [
          [
            0.00466376123361443,
            0.006866620914725753,
            -1.114097219699822
          ],
          [
            -0.00466376123361443,
            -0.006866620914725753,
            1.114097219699822
          ]
        ],
        "Lattice": [
          [
            2.6727628722742245,
            0.0005268477702823691,
            -0.001289782660299587
          ],
          [
            1.3368376633568197,
            2.3087241749619762,
            -0.0031916407845273393
          ],
          [
            1.3354803936687842,
            0.7673493074563915,
            2.1801942193960993
          ]
        ],
        "NumAtoms": 2,
        "Positions": [
          [
            -4.556917373153517e-06,
            -2.3469094564982467e-05,
            -7.942916391147012e-06
          ],
          [
            1.3362747892423301,
            0.7691735516417275,
            0.5439361419042092
          ]
        ],
        "Stress": [
          [
            -304467298.18348145,
            2074270.6302289194,
            9332078.92740472
          ],
          [
            2074270.6302289194,
            -305778212.33159775,
            1598288.4374565193
          ],
          [
            9332078.92740472,
            1598288.4374565193,
            -276220482.51869977
          ]
        ]
      }
    ],
    "EnergyStyle": "electronvolt",
    "ForcesStyle": "electronvoltperangstrom",
    "Label": "ASE generated",
    "LatticeStyle": "angstrom",
    "PositionsStyle": "angstrom",
    "StressStyle": "bar"
  }
}