{
  "Dataset": {
    "AtomTypeStyle": "chemicalsymbol",
    "Data": [
      {
        "AtomTypes": [
          "Ni",
          "Ni"
        ],
        "Energy": 762.9043251615967,
        "Forces": [
          [
            -7.658649839689575,
            -9.01446612645498,
            11.184273120582194
          ],
          [
            7.658649839689575,
            9.01446612645498,
            -11.184273120582194
          ]
        ],
        "Lattice": [
          [
            2.8284299532069275,
            0.0,
            0.0
          ],
          [
            1.4142149766034637,
            2.4494910502260296,
            0.0
          ],
          [
            1.4142149766034637,
            0.8164970167420098,
            2.3094045715035967
          ]
        ],
        "NumAtoms": 2,
        "Positions": [
          [
            0.0,
            0.0,
            0.0
          ],
          [
            1.4142149766034637,
            0.8164972995850052,
            0.5773507186114062
          ]
        ],
        "Stress": [
          [
            -278855653.250443,
            -1071426.99253334,
            -1339865.9092282348
          ],
          [
            -1071426.99253334,
            -293797748.2184043,
            -8165038.011951088
          ],
          [
            -1339865.9092282348,
            -8165038.011951088,
            -282395995.6961589
          ]
        ]
      }
    ],
    "EnergyStyle": "electronvolt",
    "ForcesStyle": "electronvoltperangstrom",
    "Label": "ASE generated",
    "LatticeStyle": "angstrom",
    "PositionsStyle": "angstrom",
    "StressStyle": "bar"
  }
}