{
  "Dataset": {
    "AtomTypeStyle": "chemicalsymbol",
    "Data": [
      {
        "AtomTypes": [
          "Ni",
          "Ni"
        ],
        "Energy": 766.9684418662764,
        "Forces": [
          [
            -0.6377330615586088,
            -0.03417888423642977,
            -0.26175669516308026
          ],
          [
            0.6377330615586088,
            0.03417888423642977,
            0.26175669516308026
          ]
        ],
        "Lattice": [
          [
            2.8095858475111934,
            3.974967518268461e-05,
            -0.00014455375047431183
          ],
          [
            1.4048273443517028,
            2.432418266834757,
            -0.0004104637101403413
          ],
          [
            1.4046863678391568,
            0.8105004998670314,
            2.293736588933256
          ]
        ],
        "NumAtoms": 2,
        "Positions": [
          [
            -1.4353051334354502e-05,
            -1.879423459317929e-05,
            1.9428279106460045e-05
          ],
          [
            1.4047892429768476,
            0.810758423328836,
            0.5732759645890538
          ]
        ],
        "Stress": [
          [
            -295331373.6528021,
            2000403.2590345622,
            -1261582.441958571
          ],
          [
            2000403.2590345622,
            -295842687.55627966,
            -1018747.1735617161
          ],
          [
            -1261582.441958571,
            -1018747.1735617161,
            -287774079.90073377
          ]
        ]
      }
    ],
    "EnergyStyle": "electronvolt",
    "ForcesStyle": "electronvoltperangstrom",
    "Label": "ASE generated",
    "LatticeStyle": "angstrom",
    "PositionsStyle": "angstrom",
    "StressStyle": "bar"
  }
}