{
  "Dataset": {
    "AtomTypeStyle": "chemicalsymbol",
    "Data": [
      {
        "AtomTypes": [
          "Ni",
          "Ni"
        ],
        "Energy": 763.0346505264479,
        "Forces": [
          [
            -0.6243761547910336,
            0.48130806472125215,
            0.3801066922984673
          ],
          [
            0.6243761547910336,
            -0.48130806472125215,
            -0.3801066922984673
          ]
        ],
        "Lattice": [
          [
            2.8215366612280057,
            -2.805697558690476e-06,
            -4.452549948807532e-05
          ],
          [
            1.4107658995739076,
            2.443222279985435,
            -0.00016757507574652428
          ],
          [
            1.4107311649111287,
            0.8142694909778976,
            2.303653928628933
          ]
        ],
        "NumAtoms": 2,
        "Positions": [
          [
            -1.5252003433912049e-05,
            -1.8354541992924812e-05,
            2.194845604587174e-05
          ],
          [
            1.4107736834316944,
            0.8143905958584363,
            0.5758385085573787
          ]
        ],
        "Stress": [
          [
            -289993149.0549083,
            2949843.320507002,
            -1949638.7488870726
          ],
          [
            2949843.320507002,
            -290530076.9040431,
            -1072053.6603974574
          ],
          [
            -1949638.7488870726,
            -1072053.6603974574,
            -285579390.4801556
          ]
        ]
      }
    ],
    "EnergyStyle": "electronvolt",
    "ForcesStyle": "electronvoltperangstrom",
    "Label": "ASE generated",
    "LatticeStyle": "angstrom",
    "PositionsStyle": "angstrom",
    "StressStyle": "bar"
  }
}