{
  "Dataset": {
    "AtomTypeStyle": "chemicalsymbol",
    "Data": [
      {
        "AtomTypes": [
          "Ni",
          "Ni"
        ],
        "Energy": 762.8060961966585,
        "Forces": [
          [
            0.037537388470473436,
            0.0017545983275161117,
            -1.0055604454960636
          ],
          [
            -0.037537388470473436,
            -0.0017545983275161117,
            1.0055604454960636
          ]
        ],
        "Lattice": [
          [
            2.823098181676567,
            4.852555000601973e-07,
            -3.1583941680581113e-05
          ],
          [
            1.4115495104758096,
            2.444697188941951,
            -0.0001138493013140143
          ],
          [
            1.411523442148172,
            0.8148067757102602,
            2.3049816607035525
          ]
        ],
        "NumAtoms": 2,
        "Positions": [
          [
            -1.5821881774084186e-05,
            -1.8193431335440154e-05,
            2.219949946251704e-05
          ],
          [
            1.4115586054569114,
            0.8148943059082632,
            0.576186857365677
          ]
        ],
        "Stress": [
          [
            -289356888.46510553,
            -212185.914056742,
            351981.3924486433
          ],
          [
            -212185.914056742,
            -289537196.6969664,
            1007340.6415937183
          ],
          [
            351981.3924486433,
            1007340.6415937183,
            -285134191.50739384
          ]
        ]
      }
    ],
    "EnergyStyle": "electronvolt",
    "ForcesStyle": "electronvoltperangstrom",
    "Label": "ASE generated",
    "LatticeStyle": "angstrom",
    "PositionsStyle": "angstrom",
    "StressStyle": "bar"
  }
}