{
  "Dataset": {
    "AtomTypeStyle": "chemicalsymbol",
    "Data": [
      {
        "AtomTypes": [
          "Ni",
          "Ni"
        ],
        "Energy": 764.5020188974395,
        "Forces": [
          [
            0.32797553843635635,
            0.27647040970587256,
            -1.1217150707725003
          ],
          [
            -0.32797553843635635,
            -0.27647040970587256,
            1.1217150707725003
          ]
        ],
        "Lattice": [
          [
            2.81730731293391,
            5.578215706417185e-05,
            -8.055876313649301e-05
          ],
          [
            1.408701963466774,
            2.4397097472001166,
            -0.00014540307989371925
          ],
          [
            1.4086039820732295,
            0.813156067735003,
            2.300301147563513
          ]
        ],
        "NumAtoms": 2,
        "Positions": [
          [
            -1.7152432434317417e-05,
            -1.8004292739288708e-05,
            2.0662097418436446e-05
          ],
          [
            1.4086704670509127,
            0.8132484035657853,
            0.5749981343327023
          ]
        ],
        "Stress": [
          [
            -292609324.10090184,
            -141092.94565986292,
            650498.8955698538
          ],
          [
            -141092.94565986292,
            -291942406.8015024,
            897951.7940734336
          ],
          [
            650498.8955698538,
            897951.7940734336,
            -285924091.63960063
          ]
        ]
      }
    ],
    "EnergyStyle": "electronvolt",
    "ForcesStyle": "electronvoltperangstrom",
    "Label": "ASE generated",
    "LatticeStyle": "angstrom",
    "PositionsStyle": "angstrom",
    "StressStyle": "bar"
  }
}