{
  "Dataset": {
    "AtomTypeStyle": "chemicalsymbol",
    "Data": [
      {
        "AtomTypes": [
          "Ni",
          "Ni"
        ],
        "Energy": 771.2300435954294,
        "Forces": [
          [
            0.6054637159697942,
            0.44998132074523367,
            -0.4202161476812175
          ],
          [
            -0.6054637159697942,
            -0.44998132074523367,
            0.4202161476812175
          ]
        ],
        "Lattice": [
          [
            2.79160897435818,
            0.00010374042910283659,
            -0.0002950242313152246
          ],
          [
            1.3958943213603345,
            2.416166324052244,
            -0.0007759034358623382
          ],
          [
            1.3955935423268784,
            0.8048309158946426,
            2.278818482284461
          ]
        ],
        "NumAtoms": 2,
        "Positions": [
          [
            -1.3014068501419754e-05,
            -1.9446063353026753e-05,
            1.5676674466665542e-05
          ],
          [
            1.3957872235798496,
            0.8052946911573504,
            0.5694212119798542
          ]
        ],
        "Stress": [
          [
            -296496853.78280073,
            5148453.092864249,
            1119281.763161524
          ],
          [
            5148453.092864249,
            -298783238.2455716,
            -592640.9759369774
          ],
          [
            1119281.763161524,
            -592640.9759369774,
            -283365734.7948542
          ]
        ]
      }
    ],
    "EnergyStyle": "electronvolt",
    "ForcesStyle": "electronvoltperangstrom",
    "Label": "ASE generated",
    "LatticeStyle": "angstrom",
    "PositionsStyle": "angstrom",
    "StressStyle": "bar"
  }
}