{
  "Dataset": {
    "AtomTypeStyle": "chemicalsymbol",
    "Data": [
      {
        "AtomTypes": [
          "Ni",
          "Ni"
        ],
        "Energy": 780.6230572599161,
        "Forces": [
          [
            0.5086182400925459,
            -0.08450489697143837,
            -0.7374758206241039
          ],
          [
            -0.5086182400925459,
            0.08450489697143837,
            0.7374758206241039
          ]
        ],
        "Lattice": [
          [
            2.749576798064349,
            0.0007025441286454951,
            -0.000653372982445284
          ],
          [
            1.3753967993603908,
            2.3813761876263744,
            -0.0005144592026576042
          ],
          [
            1.3744577140779657,
            0.7938492352005,
            2.2455574526156092
          ]
        ],
        "NumAtoms": 2,
        "Positions": [
          [
            -3.229375508565497e-05,
            -1.5840010401534496e-05,
            3.133033130738327e-06
          ],
          [
            1.374890121630762,
            0.7939978317492814,
            0.5610942720744959
          ]
        ],
        "Stress": [
          [
            -301210415.55953205,
            2249034.4696488422,
            1255252.5081104548
          ],
          [
            2249034.4696488422,
            -291483784.48540705,
            -4327218.0964001855
          ],
          [
            1255252.5081104548,
            -4327218.0964001855,
            -259017252.2128965
          ]
        ]
      }
    ],
    "EnergyStyle": "electronvolt",
    "ForcesStyle": "electronvoltperangstrom",
    "Label": "ASE generated",
    "LatticeStyle": "angstrom",
    "PositionsStyle": "angstrom",
    "StressStyle": "bar"
  }
}