{
  "Dataset": {
    "AtomTypeStyle": "chemicalsymbol",
    "Data": [
      {
        "AtomTypes": [
          "Ni",
          "Ni"
        ],
        "Energy": 812.5292360929889,
        "Forces": [
          [
            2.205125323301323,
            -2.207109884167127,
            -1.265604877326153
          ],
          [
            -2.205125323301323,
            2.207109884167127,
            1.265604877326153
          ]
        ],
        "Lattice": [
          [
            2.1436353785318762,
            0.006489275763887892,
            -0.005777914484596811
          ],
          [
            1.077437348014605,
            1.8595078648057528,
            -0.0038145331597714597
          ],
          [
            1.068973187142559,
            0.6211266490150957,
            1.7558030043489756
          ]
        ],
        "NumAtoms": 2,
        "Positions": [
          [
            -0.00013331550308880852,
            -5.62317265833245e-07,
            -0.00011664226810667208
          ],
          [
            1.072644793925349,
            0.6217815097134499,
            0.43666928144425854
          ]
        ],
        "Stress": [
          [
            -565204844.8885626,
            4077651.297143702,
            4203111.380381084
          ],
          [
            4077651.297143702,
            -583899858.0448976,
            -3373925.3515096153
          ],
          [
            4203111.380381084,
            -3373925.3515096153,
            -584606477.5484864
          ]
        ]
      }
    ],
    "EnergyStyle": "electronvolt",
    "ForcesStyle": "electronvoltperangstrom",
    "Label": "ASE generated",
    "LatticeStyle": "angstrom",
    "PositionsStyle": "angstrom",
    "StressStyle": "bar"
  }
}