{
  "Dataset": {
    "AtomTypeStyle": "chemicalsymbol",
    "Data": [
      {
        "AtomTypes": [
          "Ni",
          "Ni"
        ],
        "Energy": 762.555324976789,
        "Forces": [
          [
            -0.40104055510999564,
            -0.045432072968235815,
            -0.412864618283282
          ],
          [
            0.40104055510999564,
            0.045432072968235815,
            0.412864618283282
          ]
        ],
        "Lattice": [
          [
            2.8232602533093467,
            -8.942036466758141e-06,
            -3.0098541256732724e-05
          ],
          [
            1.4116223824108176,
            2.444780484609609,
            -0.00013254036949026974
          ],
          [
            1.4116029695449293,
            0.8148130766232801,
            2.3050842496430506
          ]
        ],
        "NumAtoms": 2,
        "Positions": [
          [
            -1.5382007620070908e-05,
            -1.829070422003448e-05,
            2.2313630695902528e-05
          ],
          [
            1.4116367833238934,
            0.8149144455033256,
            0.57620808905238
          ]
        ],
        "Stress": [
          [
            -289409331.44481397,
            2832625.5378392213,
            -2307304.2836525
          ],
          [
            2832625.5378392213,
            -289683751.65619314,
            -819675.682060391
          ],
          [
            -2307304.2836525,
            -819675.682060391,
            -285077967.92578214
          ]
        ]
      }
    ],
    "EnergyStyle": "electronvolt",
    "ForcesStyle": "electronvoltperangstrom",
    "Label": "ASE generated",
    "LatticeStyle": "angstrom",
    "PositionsStyle": "angstrom",
    "StressStyle": "bar"
  }
}