{
  "Dataset": {
    "AtomTypeStyle": "chemicalsymbol",
    "Data": [
      {
        "AtomTypes": [
          "Ni",
          "Ni"
        ],
        "Energy": 769.6309031650853,
        "Forces": [
          [
            1.1772551996699512,
            0.2915097725143749,
            -4.838595041234414
          ],
          [
            -1.1772551996699512,
            -0.2915097725143749,
            4.838595041234414
          ]
        ],
        "Lattice": [
          [
            2.795118819981634,
            -0.00012798838714401256,
            -0.0001600549384386121
          ],
          [
            1.397448568797344,
            2.4190341226730436,
            -0.0009247160045094793
          ],
          [
            1.397391778557698,
            0.8055056649904194,
            2.2814980610390845
          ]
        ],
        "NumAtoms": 2,
        "Positions": [
          [
            -0.00013824481650829746,
            -0.0001626739562622594,
            0.00020191343630815027
          ],
          [
            1.3976280366506773,
            0.8062656237753419,
            0.5699014090877259
          ]
        ],
        "Stress": [
          [
            -288008647.8606885,
            3197453.6215022733,
            117176.59323070265
          ],
          [
            3197453.6215022733,
            -298365998.0742778,
            -81149.07524924338
          ],
          [
            117176.59323070265,
            -81149.07524924338,
            -285752369.9343192
          ]
        ]
      }
    ],
    "EnergyStyle": "electronvolt",
    "ForcesStyle": "electronvoltperangstrom",
    "Label": "ASE generated",
    "LatticeStyle": "angstrom",
    "PositionsStyle": "angstrom",
    "StressStyle": "bar"
  }
}