{
  "Dataset": {
    "AtomTypeStyle": "chemicalsymbol",
    "Data": [
      {
        "AtomTypes": [
          "Ni",
          "Ni"
        ],
        "Energy": 765.1104880204985,
        "Forces": [
          [
            -1.809607613021327,
            -0.2538479709987661,
            1.3071291711058675
          ],
          [
            1.809607613021327,
            0.2538479709987661,
            -1.3071291711058675
          ]
        ],
        "Lattice": [
          [
            2.8127959777473808,
            -6.006849245183553e-05,
            -7.511829225741026e-05
          ],
          [
            1.406345968108223,
            2.435197254703033,
            -0.00043399622059582326
          ],
          [
            1.4063193145105928,
            0.8113386308383557,
            2.296306530637144
          ]
        ],
        "NumAtoms": 2,
        "Positions": [
          [
            -6.529152543199125e-05,
            -7.684034867726377e-05,
            9.535452813411355e-05
          ],
          [
            1.4064306066169812,
            0.8116957946109115,
            0.5738539995029386
          ]
        ],
        "Stress": [
          [
            -284876782.5335279,
            1689642.195741873,
            -1267169.4948879567
          ],
          [
            1689642.195741873,
            -297653284.00505275,
            -3393890.460081922
          ],
          [
            -1267169.4948879567,
            -3393890.460081922,
            -285681063.66348034
          ]
        ]
      }
    ],
    "EnergyStyle": "electronvolt",
    "ForcesStyle": "electronvoltperangstrom",
    "Label": "ASE generated",
    "LatticeStyle": "angstrom",
    "PositionsStyle": "angstrom",
    "StressStyle": "bar"
  }
}