{
  "Dataset": {
    "AtomTypeStyle": "chemicalsymbol",
    "Data": [
      {
        "AtomTypes": [
          "Ni",
          "Ni"
        ],
        "Energy": 764.23259738673,
        "Forces": [
          [
            -0.2647922870664341,
            -0.11460435809596567,
            -0.9386310510986899
          ],
          [
            0.2647922870664341,
            0.11460435809596567,
            0.9386310510986899
          ]
        ],
        "Lattice": [
          [
            2.817737529241706,
            1.0719542709617685e-05,
            -7.632481629245633e-05
          ],
          [
            1.4088780461244992,
            2.4397876965904386,
            -0.0002447984349387649
          ],
          [
            1.4088095393722828,
            0.8130713231801485,
            2.3005012252325736
          ]
        ],
        "NumAtoms": 2,
        "Positions": [
          [
            -1.4965365320828792e-05,
            -1.8494909480732752e-05,
            2.114502170232295e-05
          ],
          [
            1.4088712440499427,
            0.8132359297378048,
            0.5750238804736333
          ]
        ],
        "Stress": [
          [
            -292084592.7382961,
            3655947.956132352,
            -1538062.1251916497
          ],
          [
            3655947.956132352,
            -292610333.2421102,
            -890484.7375516954
          ],
          [
            -1538062.1251916497,
            -890484.7375516954,
            -285879492.305553
          ]
        ]
      }
    ],
    "EnergyStyle": "electronvolt",
    "ForcesStyle": "electronvoltperangstrom",
    "Label": "ASE generated",
    "LatticeStyle": "angstrom",
    "PositionsStyle": "angstrom",
    "StressStyle": "bar"
  }
}