{
  "Dataset": {
    "AtomTypeStyle": "chemicalsymbol",
    "Data": [
      {
        "AtomTypes": [
          "Ni",
          "Ni"
        ],
        "Energy": 806.833706500247,
        "Forces": [
          [
            -0.07243200770788136,
            -0.1768743831554154,
            -0.11303227543362204
          ],
          [
            0.07243200770788136,
            0.1768743831554154,
            0.11303227543362204
          ]
        ],
        "Lattice": [
          [
            2.5065780143762595,
            0.001118681676813803,
            -0.0026807387110642875
          ],
          [
            1.2542577311568175,
            2.1584867866269764,
            -0.006568971438997561
          ],
          [
            1.251423067496096,
            0.7149390628012535,
            2.0422864890914982
          ]
        ],
        "NumAtoms": 2,
        "Positions": [
          [
            6.117353216181894e-06,
            -2.8260205274425855e-05,
            -3.752598169107585e-05
          ],
          [
            1.253058585904077,
            0.7186643929815354,
            0.5082967207170501
          ]
        ],
        "Stress": [
          [
            -381359430.4001853,
            356824.0934079739,
            -2684948.166452152
          ],
          [
            356824.0934079739,
            -383262920.7979802,
            -397636.9413471191
          ],
          [
            -2684948.166452152,
            -397636.9413471191,
            -381633928.57728463
          ]
        ]
      }
    ],
    "EnergyStyle": "electronvolt",
    "ForcesStyle": "electronvoltperangstrom",
    "Label": "ASE generated",
    "LatticeStyle": "angstrom",
    "PositionsStyle": "angstrom",
    "StressStyle": "bar"
  }
}