{
  "Dataset": {
    "AtomTypeStyle": "chemicalsymbol",
    "Data": [
      {
        "AtomTypes": [
          "Ni",
          "Ni"
        ],
        "Energy": 762.3429449718296,
        "Forces": [
          [
            -0.049274333712849054,
            -0.07099513783417438,
            -0.5567056099963087
          ],
          [
            0.049274333712849054,
            0.07099513783417438,
            0.5567056099963087
          ]
        ],
        "Lattice": [
          [
            2.824189757309237,
            -1.4650271013267792e-05,
            -2.1167088334141653e-05
          ],
          [
            1.4120821913664598,
            2.4456174291656323,
            -0.00011607078723468246
          ],
          [
            1.4120733668073333,
            0.8151014718517063,
            2.3058530356454603
          ]
        ],
        "NumAtoms": 2,
        "Positions": [
          [
            -1.6832958147820007e-05,
            -1.9840287521375754e-05,
            2.455972627483028e-05
          ],
          [
            1.4121031618289053,
            0.8151959029741027,
            0.576404389716198
          ]
        ],
        "Stress": [
          [
            -282918430.74764746,
            1033300.2843122196,
            -2324759.778665688
          ],
          [
            1033300.2843122196,
            -295980413.26545835,
            -5184817.481598954
          ],
          [
            -2324759.778665688,
            -5184817.481598954,
            -284165420.3604698
          ]
        ]
      }
    ],
    "EnergyStyle": "electronvolt",
    "ForcesStyle": "electronvoltperangstrom",
    "Label": "ASE generated",
    "LatticeStyle": "angstrom",
    "PositionsStyle": "angstrom",
    "StressStyle": "bar"
  }
}