{
  "Dataset": {
    "AtomTypeStyle": "chemicalsymbol",
    "Data": [
      {
        "AtomTypes": [
          "Ni",
          "Ni"
        ],
        "Energy": 809.0429763577067,
        "Forces": [
          [
            -2.624787228146052,
            0.09560840125831596,
            -0.37572948425908814
          ],
          [
            2.624787228146052,
            -0.09560840125831596,
            0.37572948425908814
          ]
        ],
        "Lattice": [
          [
            2.1738180499687245,
            0.0023031548975877853,
            -0.005466021142233692
          ],
          [
            1.088903459750717,
            1.8576559197341713,
            -0.013333493436038466
          ],
          [
            1.0831107849262473,
            0.6099924038858988,
            1.7661455929659946
          ]
        ],
        "NumAtoms": 2,
        "Positions": [
          [
            2.3450160142530114e-05,
            -3.492708584381555e-05,
            -8.467819243658757e-05
          ],
          [
            1.0864346235012798,
            0.6175227967152583,
            0.4369211977893672
          ]
        ],
        "Stress": [
          [
            -569620462.872189,
            834951.079011086,
            9394351.472061582
          ],
          [
            834951.079011086,
            -575862232.2012911,
            -1131116.3710648697
          ],
          [
            9394351.472061582,
            -1131116.3710648697,
            -534113014.4916891
          ]
        ]
      }
    ],
    "EnergyStyle": "electronvolt",
    "ForcesStyle": "electronvoltperangstrom",
    "Label": "ASE generated",
    "LatticeStyle": "angstrom",
    "PositionsStyle": "angstrom",
    "StressStyle": "bar"
  }
}