{
  "Dataset": {
    "AtomTypeStyle": "chemicalsymbol",
    "Data": [
      {
        "AtomTypes": [
          "Ni",
          "Ni"
        ],
        "Energy": 808.9249023850607,
        "Forces": [
          [
            0.45468554501783304,
            -0.3389188465279642,
            1.6486228204811288
          ],
          [
            -0.45468554501783304,
            0.3389188465279642,
            -1.6486228204811288
          ]
        ],
        "Lattice": [
          [
            2.49163481679013,
            0.0031656444249897634,
            -0.0028348541645163397
          ],
          [
            1.2485588429381616,
            2.1592211649981214,
            -0.0019199559847534434
          ],
          [
            1.2444165352988272,
            0.7203219248035488,
            2.037073916844028
          ]
        ],
        "NumAtoms": 2,
        "Positions": [
          [
            -8.286976483284587e-05,
            -8.438065463942848e-06,
            -5.6000059466408413e-05
          ],
          [
            1.2462354185216125,
            0.7206856216221289,
            0.5081357767331559
          ]
        ],
        "Stress": [
          [
            -386050143.8077487,
            1166761.4157020317,
            -612366.3031434364
          ],
          [
            1166761.4157020317,
            -385993390.6476603,
            -815817.1144369632
          ],
          [
            -612366.3031434364,
            -815817.1144369632,
            -380322011.1721652
          ]
        ]
      }
    ],
    "EnergyStyle": "electronvolt",
    "ForcesStyle": "electronvoltperangstrom",
    "Label": "ASE generated",
    "LatticeStyle": "angstrom",
    "PositionsStyle": "angstrom",
    "StressStyle": "bar"
  }
}