{
  "Dataset": {
    "AtomTypeStyle": "chemicalsymbol",
    "Data": [
      {
        "AtomTypes": [
          "Ni",
          "Ni"
        ],
        "Energy": 762.5736801599087,
        "Forces": [
          [
            -0.7040857496530114,
            -0.05490366401377242,
            0.42780195951484185
          ],
          [
            0.7040857496530114,
            0.05490366401377242,
            -0.42780195951484185
          ]
        ],
        "Lattice": [
          [
            2.823929700049496,
            -7.4550485112846896e-06,
            -2.4551705758770902e-05
          ],
          [
            1.4119583935336286,
            2.4454133424500406,
            -0.00010931848605609128
          ],
          [
            1.4119426515700346,
            0.8150438031778943,
            2.305653741687845
          ]
        ],
        "NumAtoms": 2,
        "Positions": [
          [
            -1.563059770873066e-05,
            -1.822083583247617e-05,
            2.2420778118581777e-05
          ],
          [
            1.4119733168859987,
            0.8151306434806884,
            0.5763575470958889
          ]
        ],
        "Stress": [
          [
            -288974319.50247234,
            -203843.58199709325,
            186817.63397057707
          ],
          [
            -203843.58199709325,
            -289367072.5534231,
            959382.8973728389
          ],
          [
            186817.63397057707,
            959382.8973728389,
            -284891934.36216736
          ]
        ]
      }
    ],
    "EnergyStyle": "electronvolt",
    "ForcesStyle": "electronvoltperangstrom",
    "Label": "ASE generated",
    "LatticeStyle": "angstrom",
    "PositionsStyle": "angstrom",
    "StressStyle": "bar"
  }
}