{
  "Dataset": {
    "AtomTypeStyle": "chemicalsymbol",
    "Data": [
      {
        "AtomTypes": [
          "Ni",
          "Ni"
        ],
        "Energy": 762.2108745393871,
        "Forces": [
          [
            -0.3892409713553123,
            -0.04793278957511382,
            -0.5047042690510838
          ],
          [
            0.3892409713553123,
            0.04793278957511382,
            0.5047042690510838
          ]
        ],
        "Lattice": [
          [
            2.8244135087790685,
            -1.304792242637327e-05,
            -2.0445819799155777e-05
          ],
          [
            1.4121954543394268,
            2.4458230780123427,
            -0.00010909834833741621
          ],
          [
            1.4121862937527732,
            0.8151767891145941,
            2.306041276678725
          ]
        ],
        "NumAtoms": 2,
        "Positions": [
          [
            -1.546939177842636e-05,
            -1.8248033668733934e-05,
            2.2558275988744123e-05
          ],
          [
            1.4122142836095957,
            0.8152649528347964,
            0.5764553748516583
          ]
        ],
        "Stress": [
          [
            -289114273.8544073,
            2768683.3499293732,
            -2433064.461360023
          ],
          [
            2768683.3499293732,
            -289170228.23362666,
            -471813.2333195621
          ],
          [
            -2433064.461360023,
            -471813.2333195621,
            -284593547.782614
          ]
        ]
      }
    ],
    "EnergyStyle": "electronvolt",
    "ForcesStyle": "electronvoltperangstrom",
    "Label": "ASE generated",
    "LatticeStyle": "angstrom",
    "PositionsStyle": "angstrom",
    "StressStyle": "bar"
  }
}