{
  "Dataset": {
    "AtomTypeStyle": "chemicalsymbol",
    "Data": [
      {
        "AtomTypes": [
          "Ni",
          "Ni"
        ],
        "Energy": 763.0034228507375,
        "Forces": [
          [
            -0.835423302328228,
            -0.33385628676599066,
            -0.6421397888968915
          ],
          [
            0.835423302328228,
            0.33385628676599066,
            0.6421397888968915
          ]
        ],
        "Lattice": [
          [
            2.824219240946578,
            -1.2355758637846836e-05,
            -2.2071981360426207e-05
          ],
          [
            1.4120989197163702,
            2.4456474530929024,
            -0.00011304653948894198
          ],
          [
            1.4120880318953084,
            0.8151155230941197,
            2.3058800644297315
          ]
        ],
        "NumAtoms": 2,
        "Positions": [
          [
            -1.545464742174225e-05,
            -1.8255148677945275e-05,
            2.251708786191848e-05
          ],
          [
            1.4121170027869858,
            0.8152059102557739,
            0.5764137193893586
          ]
        ],
        "Stress": [
          [
            -288435614.6233379,
            2120355.7261140672,
            -1546232.3442463647
          ],
          [
            2120355.7261140672,
            -289605213.6970444,
            -116666.1384211985
          ],
          [
            -1546232.3442463647,
            -116666.1384211985,
            -283506721.82481873
          ]
        ]
      }
    ],
    "EnergyStyle": "electronvolt",
    "ForcesStyle": "electronvoltperangstrom",
    "Label": "ASE generated",
    "LatticeStyle": "angstrom",
    "PositionsStyle": "angstrom",
    "StressStyle": "bar"
  }
}