{
  "Dataset": {
    "AtomTypeStyle": "chemicalsymbol",
    "Data": [
      {
        "AtomTypes": [
          "Cr"
        ],
        "Energy": 2238.680507187422,
        "Forces": [
          [
            -0.2275209557934567,
            -0.11353884475988932,
            -0.21456254982007117
          ]
        ],
        "Lattice": [
          [
            4.464039444355304,
            0.0,
            0.0
          ],
          [
            -1.6911611671390077,
            5.85802057760469,
            0.0
          ],
          [
            -0.6858416281124159,
            0.7515924650883251,
            4.169528906053407
          ]
        ],
        "NumAtoms": 1,
        "Positions": [
          [
            0.0,
            0.0,
            0.0
          ]
        ],
        "Stress": [
          [
            -15662.2834489648,
            275.0865976290427,
            1447.514503031968
          ],
          [
            275.0865976290427,
            -5085.4244278267415,
            -2303.666373727705
          ],
          [
            1447.514503031968,
            -2303.666373727705,
            -17320.158291360152
          ]
        ]
      }
    ],
    "EnergyStyle": "electronvolt",
    "ForcesStyle": "electronvoltperangstrom",
    "Label": "ASE generated",
    "LatticeStyle": "angstrom",
    "PositionsStyle": "angstrom",
    "StressStyle": "bar"
  }
}