{
  "Dataset": {
    "AtomTypeStyle": "chemicalsymbol",
    "Data": [
      {
        "AtomTypes": [
          "Cr"
        ],
        "Energy": -41.94637457892986,
        "Forces": [
          [
            -0.5323001907867388,
            -0.16131557735027735,
            -0.34845210877131894
          ]
        ],
        "Lattice": [
          [
            3.9919599276059015,
            0.0,
            0.0
          ],
          [
            -2.59906930182594,
            4.73042860265379,
            0.0
          ],
          [
            -1.4217524960565524,
            -0.5861314922505192,
            3.5868438582726716
          ]
        ],
        "NumAtoms": 1,
        "Positions": [
          [
            0.0,
            0.0,
            0.0
          ]
        ],
        "Stress": [
          [
            -46473.45343474181,
            -675.2125578167411,
            1985.9192876962973
          ],
          [
            -675.2125578167411,
            -16583.161577926192,
            4976.5666298344995
          ],
          [
            1985.9192876962973,
            4976.5666298344995,
            -45442.246456463945
          ]
        ]
      }
    ],
    "EnergyStyle": "electronvolt",
    "ForcesStyle": "electronvoltperangstrom",
    "Label": "ASE generated",
    "LatticeStyle": "angstrom",
    "PositionsStyle": "angstrom",
    "StressStyle": "bar"
  }
}