{
  "Dataset": {
    "AtomTypeStyle": "chemicalsymbol",
    "Data": [
      {
        "AtomTypes": [
          "Cr",
          "Cr"
        ],
        "Energy": -3.487883303934723,
        "Forces": [
          [
            3.527916210434529e-06,
            1.1375729821401133e-05,
            -5.039880300620756e-06
          ],
          [
            -3.527916210434529e-06,
            -1.1375729821401133e-05,
            5.039880300620756e-06
          ]
        ],
        "Lattice": [
          [
            3.4439042387343486,
            4.673693104178477e-06,
            -2.0161651638269924e-07
          ],
          [
            1.721956167043641,
            2.9825055146351276,
            -4.651467661427628e-07
          ],
          [
            1.7219533036657666,
            0.994169719340069,
            2.8119356774260895
          ]
        ],
        "NumAtoms": 2,
        "Positions": [
          [
            -2.0455021411763884e-06,
            3.480280303385693e-06,
            -9.920512908037613e-07
          ],
          [
            1.7219554728630801,
            0.9941664966367718,
            0.7029847447169926
          ]
        ],
        "Stress": [
          [
            -39703.675240683755,
            -4.413153972658439,
            -1.4710513242194794
          ],
          [
            -4.413153972658439,
            -39708.08839465641,
            1.4710513242194794
          ],
          [
            -1.4710513242194794,
            1.4710513242194794,
            -39706.6173433322
          ]
        ]
      }
    ],
    "EnergyStyle": "electronvolt",
    "ForcesStyle": "electronvoltperangstrom",
    "Label": "ASE generated",
    "LatticeStyle": "angstrom",
    "PositionsStyle": "angstrom",
    "StressStyle": "bar"
  }
}