{
  "Dataset": {
    "AtomTypeStyle": "chemicalsymbol",
    "Data": [
      {
        "AtomTypes": [
          "Cr",
          "Cr"
        ],
        "Energy": -3.4921549507562304,
        "Forces": [
          [
            -7.415823870913399e-06,
            2.1455490422642645e-05,
            -8.567796511055286e-06
          ],
          [
            7.415823870913399e-06,
            -2.1455490422642645e-05,
            8.567796511055286e-06
          ]
        ],
        "Lattice": [
          [
            3.4300809785625486,
            9.948531517046576e-08,
            -2.3220295902553393e-06
          ],
          [
            1.7150405755371594,
            2.970526949807155,
            9.636316964117988e-07
          ],
          [
            1.715038621814906,
            0.9901776863860084,
            2.800646971290724
          ]
        ],
        "NumAtoms": 2,
        "Positions": [
          [
            -1.794788166877359e-06,
            6.578626238764599e-06,
            -2.2363110478209575e-06
          ],
          [
            1.7150418387668205,
            0.9901696052933808,
            0.7001636395342553
          ]
        ],
        "Stress": [
          [
            282.44185425014007,
            -1.4710513242194794,
            -1.4710513242194794
          ],
          [
            -1.4710513242194794,
            278.0287002774816,
            1.4710513242194794
          ],
          [
            -1.4710513242194794,
            1.4710513242194794,
            282.44185425014007
          ]
        ]
      }
    ],
    "EnergyStyle": "electronvolt",
    "ForcesStyle": "electronvoltperangstrom",
    "Label": "ASE generated",
    "LatticeStyle": "angstrom",
    "PositionsStyle": "angstrom",
    "StressStyle": "bar"
  }
}