{
  "Dataset": {
    "AtomTypeStyle": "chemicalsymbol",
    "Data": [
      {
        "AtomTypes": [
          "Cr",
          "Cr"
        ],
        "Energy": 5.164170660908894,
        "Forces": [
          [
            1.0583748631303586e-05,
            1.7063594732101704e-05,
            1.2959692201596228e-06
          ],
          [
            -1.0583748631303586e-05,
            -1.7063594732101704e-05,
            -1.2959692201596228e-06
          ]
        ],
        "Lattice": [
          [
            2.8284299532069275,
            0.0,
            0.0
          ],
          [
            1.4142149766034637,
            2.4494910502260296,
            0.0
          ],
          [
            1.4142149766034637,
            0.8164970167420098,
            2.3094045715035967
          ]
        ],
        "NumAtoms": 2,
        "Positions": [
          [
            0.0,
            0.0,
            0.0
          ],
          [
            1.4142149766034637,
            0.8164972995850052,
            0.5773507186114062
          ]
        ],
        "Stress": [
          [
            3313387.17636401,
            2.9421026484389587,
            7.355256621097396
          ],
          [
            2.9421026484389587,
            3313393.0605693073,
            -7.355256621097396
          ],
          [
            7.355256621097396,
            -7.355256621097396,
            3313387.17636401
          ]
        ]
      }
    ],
    "EnergyStyle": "electronvolt",
    "ForcesStyle": "electronvoltperangstrom",
    "Label": "ASE generated",
    "LatticeStyle": "angstrom",
    "PositionsStyle": "angstrom",
    "StressStyle": "bar"
  }
}