{
  "Dataset": {
    "AtomTypeStyle": "chemicalsymbol",
    "Data": [
      {
        "AtomTypes": [
          "Cr",
          "Cr"
        ],
        "Energy": -3.924587081090067,
        "Forces": [
          [
            -5.25587517064736e-06,
            2.0447514362518496e-05,
            -7.415823870913399e-06
          ],
          [
            5.25587517064736e-06,
            -2.0447514362518496e-05,
            7.415823870913399e-06
          ]
        ],
        "Lattice": [
          [
            3.4300809785625486,
            9.948531517046576e-08,
            -2.3220295902553393e-06
          ],
          [
            1.7150405755371594,
            2.970526949807155,
            9.636316964117988e-07
          ],
          [
            1.715038621814906,
            0.9901776863860084,
            2.800646971290724
          ]
        ],
        "NumAtoms": 2,
        "Positions": [
          [
            -1.794788166877359e-06,
            6.578626238764599e-06,
            -2.2363110478209575e-06
          ],
          [
            1.7150418387668205,
            0.9901696052933808,
            0.7001636395342553
          ]
        ],
        "Stress": [
          [
            186289.52654518225,
            -1.4710513242194794,
            -1.4710513242194794
          ],
          [
            -1.4710513242194794,
            186276.2870832643,
            4.413153972658439
          ],
          [
            -1.4710513242194794,
            4.413153972658439,
            186286.58444253381
          ]
        ]
      }
    ],
    "EnergyStyle": "electronvolt",
    "ForcesStyle": "electronvoltperangstrom",
    "Label": "ASE generated",
    "LatticeStyle": "angstrom",
    "PositionsStyle": "angstrom",
    "StressStyle": "bar"
  }
}