{
  "Dataset": {
    "AtomTypeStyle": "chemicalsymbol",
    "Data": [
      {
        "AtomTypes": [
          "Cr"
        ],
        "Energy": 2238.6547954001617,
        "Forces": [
          [
            -0.24934955554048716,
            -0.3081203792478703,
            -0.07548457104730792
          ]
        ],
        "Lattice": [
          [
            4.153009719196218,
            0.0,
            0.0
          ],
          [
            -2.629739743321395,
            4.3490650020200325,
            0.0
          ],
          [
            -1.0482985603097903,
            -0.6482225220207417,
            6.119326924924613
          ]
        ],
        "NumAtoms": 1,
        "Positions": [
          [
            0.0,
            0.0,
            0.0
          ]
        ],
        "Stress": [
          [
            -21236.096916432405,
            -910.5807696918578,
            27.949975160170116
          ],
          [
            -910.5807696918578,
            -14670.794856440869,
            20.594718539072716
          ],
          [
            27.949975160170116,
            20.594718539072716,
            -4780.916803713308
          ]
        ]
      }
    ],
    "EnergyStyle": "electronvolt",
    "ForcesStyle": "electronvoltperangstrom",
    "Label": "ASE generated",
    "LatticeStyle": "angstrom",
    "PositionsStyle": "angstrom",
    "StressStyle": "bar"
  }
}