{
  "Dataset": {
    "AtomTypeStyle": "chemicalsymbol",
    "Data": [
      {
        "AtomTypes": [
          "Cr"
        ],
        "Energy": 2238.5759883055334,
        "Forces": [
          [
            -0.3242112297724923,
            -0.5006197983940417,
            -0.07821723504274072
          ]
        ],
        "Lattice": [
          [
            4.107479841366688,
            0.0,
            0.0
          ],
          [
            -2.8067518775615747,
            4.136840107272777,
            0.0
          ],
          [
            -1.2939465145870168,
            -1.1812536976592805,
            5.86082333133152
          ]
        ],
        "NumAtoms": 1,
        "Positions": [
          [
            0.0,
            0.0,
            0.0
          ]
        ],
        "Stress": [
          [
            -28098.55134391628,
            -2409.5820690715072,
            -61.78415561721815
          ],
          [
            -2409.5820690715072,
            -23758.949937468813,
            -82.37887415629086
          ],
          [
            -61.78415561721815,
            -82.37887415629086,
            -4958.914013943866
          ]
        ]
      }
    ],
    "EnergyStyle": "electronvolt",
    "ForcesStyle": "electronvoltperangstrom",
    "Label": "ASE generated",
    "LatticeStyle": "angstrom",
    "PositionsStyle": "angstrom",
    "StressStyle": "bar"
  }
}