{
  "Dataset": {
    "AtomTypeStyle": "chemicalsymbol",
    "Data": [
      {
        "AtomTypes": [
          "Ni",
          "Ni"
        ],
        "Energy": 762.231745689287,
        "Forces": [
          [
            -0.4219755698941642,
            0.0876829014924298,
            -0.4394815221200804
          ],
          [
            0.4219755698941642,
            -0.0876829014924298,
            0.4394815221200804
          ]
        ],
        "Lattice": [
          [
            2.8243255230138127,
            -9.895084619002868e-06,
            -2.1224239472643838e-05
          ],
          [
            1.4121541917466056,
            2.445763815456779,
            -0.00010383568100034024
          ],
          [
            1.412142575777705,
            0.81516341468983,
            2.305978496682257
          ]
        ],
        "NumAtoms": 2,
        "Positions": [
          [
            -1.560789305408543e-05,
            -1.821819354761009e-05,
            2.2514025513935774e-05
          ],
          [
            1.412171180527585,
            0.8152475519590451,
            0.5764408451649321
          ]
        ],
        "Stress": [
          [
            -289126324.70685536,
            2771634.278885757,
            -2425172.271005586
          ],
          [
            2771634.278885757,
            -289199455.08133626,
            -498808.49617031374
          ],
          [
            -2425172.271005586,
            -498808.49617031374,
            -284622601.04626733
          ]
        ]
      }
    ],
    "EnergyStyle": "electronvolt",
    "ForceStyle": "electronvoltperangstrom",
    "ForcesStyle": null,
    "Label": "ASE generated",
    "LatticeStyle": "angstrom",
    "PositionsStyle": "angstrom",
    "StressStyle": "bar"
  }
}