{
  "Dataset": {
    "AtomTypeStyle": "chemicalsymbol",
    "Data": [
      {
        "AtomTypes": [
          "Ni",
          "Ni"
        ],
        "Energy": 762.9064427533649,
        "Forces": [
          [
            -0.7974488842374008,
            -0.3520665262647736,
            -0.7516777713215133
          ],
          [
            0.7974488842374008,
            0.3520665262647736,
            0.7516777713215133
          ]
        ],
        "Lattice": [
          [
            2.8245636448199134,
            -1.3582391406810346e-05,
            -1.9189023929316115e-05
          ],
          [
            1.4122700598589695,
            2.445958808262045,
            -0.00010604658337684132
          ],
          [
            1.412262233857235,
            0.8152241398911976,
            2.306165867219014
          ]
        ],
        "NumAtoms": 2,
        "Positions": [
          [
            -1.548065171055668e-05,
            -1.8242338518856764e-05,
            2.2590128053209724e-05
          ],
          [
            1.4122894652857398,
            0.8153105837789777,
            0.5764875677748738
          ]
        ],
        "Stress": [
          [
            -288262571.9139674,
            2169984.5846392596,
            -1632166.7494532939
          ],
          [
            2169984.5846392596,
            -289406092.18979806,
            -31930.64004350803
          ],
          [
            -1632166.7494532939,
            -31930.64004350803,
            -283171455.98856723
          ]
        ]
      }
    ],
    "EnergyStyle": "electronvolt",
    "ForceStyle": "electronvoltperangstrom",
    "ForcesStyle": null,
    "Label": "ASE generated",
    "LatticeStyle": "angstrom",
    "PositionsStyle": "angstrom",
    "StressStyle": "bar"
  }
}