{
  "Dataset": {
    "AtomTypeStyle": "chemicalsymbol",
    "Data": [
      {
        "AtomTypes": [
          "Ni",
          "Ni"
        ],
        "Energy": 808.4327567247728,
        "Forces": [
          [
            -1.835417632021996,
            0.12890077054986654,
            1.1388259683811377
          ],
          [
            1.835417632021996,
            -0.12890077054986654,
            -1.1388259683811377
          ]
        ],
        "Lattice": [
          [
            2.173806946243362,
            0.0023035925271390934,
            -0.005466042309322026
          ],
          [
            1.0888982738140751,
            1.857648124424715,
            -0.013332403860166464
          ],
          [
            1.0831053328134699,
            0.6099910116206636,
            1.766137461629011
          ]
        ],
        "NumAtoms": 2,
        "Positions": [
          [
            2.3451567276359143e-05,
            -3.492818902701204e-05,
            -8.468241248500683e-05
          ],
          [
            1.0864291866504503,
            0.6175206103321564,
            0.4369194362773657
          ]
        ],
        "Stress": [
          [
            -571948692.8609287,
            827055.946554,
            3556222.444760865
          ],
          [
            827055.946554,
            -573963327.0704737,
            -3560569.401423934
          ],
          [
            3556222.444760865,
            -3560569.401423934,
            -527542431.35744363
          ]
        ]
      }
    ],
    "EnergyStyle": "electronvolt",
    "ForceStyle": "electronvoltperangstrom",
    "ForcesStyle": null,
    "Label": "ASE generated",
    "LatticeStyle": "angstrom",
    "PositionsStyle": "angstrom",
    "StressStyle": "bar"
  }
}