{
  "Dataset": {
    "AtomTypeStyle": "chemicalsymbol",
    "Data": [
      {
        "AtomTypes": [
          "Ni",
          "Ni"
        ],
        "Energy": 791.2657372832655,
        "Forces": [
          [
            0.4447486290239691,
            -0.10602273791322868,
            -1.8721248802086674
          ],
          [
            -0.4447486290239691,
            0.10602273791322868,
            1.8721248802086674
          ]
        ],
        "Lattice": [
          [
            2.6654981053035196,
            0.0015054154933999463,
            -0.0013644479768666468
          ],
          [
            1.334052736003557,
            2.308962601574149,
            -0.0009725943707896826
          ],
          [
            1.3320695295837979,
            0.7698822945991114,
            2.177600220237965
          ]
        ],
        "NumAtoms": 2,
        "Positions": [
          [
            -5.001274549687348e-05,
            -1.3280943916194291e-05,
            -1.7468601318879367e-05
          ],
          [
            1.3329551054682156,
            0.7701008588605813,
            0.5438332630738961
          ]
        ],
        "Stress": [
          [
            -308593423.56386083,
            192322.30802580633,
            -26055.26105457542
          ],
          [
            192322.30802580633,
            -304527767.2192148,
            -2537993.0812652744
          ],
          [
            -26055.26105457542,
            -2537993.0812652744,
            -278624125.9535754
          ]
        ]
      }
    ],
    "EnergyStyle": "electronvolt",
    "ForceStyle": "electronvoltperangstrom",
    "ForcesStyle": null,
    "Label": "ASE generated",
    "LatticeStyle": "angstrom",
    "PositionsStyle": "angstrom",
    "StressStyle": "bar"
  }
}