{
  "Dataset": {
    "AtomTypeStyle": "chemicalsymbol",
    "Data": [
      {
        "AtomTypes": [
          "Ni",
          "Ni"
        ],
        "Energy": 765.0656287899765,
        "Forces": [
          [
            -0.38540303050809965,
            -0.07052736494398676,
            -1.1227571020237987
          ],
          [
            0.38540303050809965,
            0.07052736494398676,
            1.1227571020237987
          ]
        ],
        "Lattice": [
          [
            2.817860152301135,
            1.0287204930392844e-05,
            -7.52976833310421e-05
          ],
          [
            1.4089389829967498,
            2.4398985766784365,
            -0.00024229225168000257
          ],
          [
            1.408871564232874,
            0.8131100182051549,
            2.3006029950057525
          ]
        ],
        "NumAtoms": 2,
        "Positions": [
          [
            -1.4974601140141376e-05,
            -1.8490285041706314e-05,
            2.1171003103471057e-05
          ],
          [
            1.4089326494838297,
            0.8132732108071722,
            0.5750501802645819
          ]
        ],
        "Stress": [
          [
            -291671940.7760827,
            1963559.3075681615,
            -1138402.4882737286
          ],
          [
            1963559.3075681615,
            -293413568.4545711,
            111062.90392724649
          ],
          [
            -1138402.4882737286,
            111062.90392724649,
            -285567301.3803731
          ]
        ]
      }
    ],
    "EnergyStyle": "electronvolt",
    "ForceStyle": "electronvoltperangstrom",
    "ForcesStyle": null,
    "Label": "ASE generated",
    "LatticeStyle": "angstrom",
    "PositionsStyle": "angstrom",
    "StressStyle": "bar"
  }
}