{
  "Dataset": {
    "AtomTypeStyle": "chemicalsymbol",
    "Data": [
      {
        "AtomTypes": [
          "Ni",
          "Ni"
        ],
        "Energy": 763.1762308017387,
        "Forces": [
          [
            0.04355694950324485,
            -0.475015270177897,
            -0.7976230481009323
          ],
          [
            -0.04355694950324485,
            0.475015270177897,
            0.7976230481009323
          ]
        ],
        "Lattice": [
          [
            2.820954273663821,
            -2.8722680515013515e-05,
            -3.591896137141332e-05
          ],
          [
            1.4104522625926432,
            2.4426568033372975,
            -0.00020752107567350805
          ],
          [
            1.4104395178887572,
            0.8140306399656034,
            2.303140880212713
          ]
        ],
        "NumAtoms": 2,
        "Positions": [
          [
            -3.13102605417948e-05,
            -3.685108641523876e-05,
            4.572543996208044e-05
          ],
          [
            1.4104928237968473,
            0.8142015312420117,
            0.575678634603955
          ]
        ],
        "Stress": [
          [
            -283200860.83348703,
            1150541.6038011878,
            -2079339.8730921794
          ],
          [
            1150541.6038011878,
            -296407777.2119653,
            -4604959.941669444
          ],
          [
            -2079339.8730921794,
            -4604959.941669444,
            -283825407.44159496
          ]
        ]
      }
    ],
    "EnergyStyle": "electronvolt",
    "ForceStyle": "electronvoltperangstrom",
    "ForcesStyle": null,
    "Label": "ASE generated",
    "LatticeStyle": "angstrom",
    "PositionsStyle": "angstrom",
    "StressStyle": "bar"
  }
}