{
  "Dataset": {
    "AtomTypeStyle": "chemicalsymbol",
    "Data": [
      {
        "AtomTypes": [
          "Ni",
          "Ni"
        ],
        "Energy": 779.9232539984605,
        "Forces": [
          [
            -4.343117353047966,
            8.251666275287768,
            2.395997110012232
          ],
          [
            4.343117353047966,
            -8.251666275287768,
            -2.395997110012232
          ]
        ],
        "Lattice": [
          [
            2.753176961537017,
            0.0002405634297403115,
            -0.0006167057645012588
          ],
          [
            1.3767967974621147,
            2.3814220794614145,
            -0.0015570954687449616
          ],
          [
            1.3761543747436418,
            0.792710252169265,
            2.2469257334229957
          ]
        ],
        "NumAtoms": 2,
        "Positions": [
          [
            -1.0203949864947909e-05,
            -2.0801441433913094e-05,
            7.813885673007864e-06
          ],
          [
            1.3765422373855585,
            0.7936140252065389,
            0.5611801691617644
          ]
        ],
        "Stress": [
          [
            -296330973.6223278,
            6469017.3376674,
            5918476.37957826
          ],
          [
            6469017.3376674,
            -295823057.84740925,
            998958.5911483158
          ],
          [
            5918476.37957826,
            998958.5911483158,
            -260029432.6133469
          ]
        ]
      }
    ],
    "EnergyStyle": "electronvolt",
    "ForceStyle": "electronvoltperangstrom",
    "ForcesStyle": null,
    "Label": "ASE generated",
    "LatticeStyle": "angstrom",
    "PositionsStyle": "angstrom",
    "StressStyle": "bar"
  }
}