{
  "Dataset": {
    "AtomTypeStyle": "chemicalsymbol",
    "Data": [
      {
        "AtomTypes": [
          "Ni",
          "Ni"
        ],
        "Energy": 762.8813192767448,
        "Forces": [
          [
            0.07747404795720239,
            -0.2152581835232331,
            -0.636160114916785
          ],
          [
            -0.07747404795720239,
            0.2152581835232331,
            0.636160114916785
          ]
        ],
        "Lattice": [
          [
            2.822164696147361,
            -1.634310890279077e-05,
            -3.384511589187579e-05
          ],
          [
            1.4110681947000658,
            2.443774186413242,
            -0.00016622884892847286
          ],
          [
            1.4110499962958705,
            0.8144451799277796,
            2.304163037850014
          ]
        ],
        "NumAtoms": 2,
        "Positions": [
          [
            -2.179778459416155e-05,
            -2.5786974129468723e-05,
            3.1726702124174326e-05
          ],
          [
            1.4110925195704185,
            0.8145765427821593,
            0.5759590142691743
          ]
        ],
        "Stress": [
          [
            -282996628.89394027,
            1116769.207499757,
            -2181377.8771453397
          ],
          [
            1116769.207499757,
            -296220694.7887564,
            -4826667.970947859
          ],
          [
            -2181377.8771453397,
            -4826667.970947859,
            -283940111.1975497
          ]
        ]
      }
    ],
    "EnergyStyle": "electronvolt",
    "ForceStyle": "electronvoltperangstrom",
    "ForcesStyle": null,
    "Label": "ASE generated",
    "LatticeStyle": "angstrom",
    "PositionsStyle": "angstrom",
    "StressStyle": "bar"
  }
}