{
  "Dataset": {
    "AtomTypeStyle": "chemicalsymbol",
    "Data": [
      {
        "AtomTypes": [
          "Ni",
          "Ni"
        ],
        "Energy": 766.6679649280704,
        "Forces": [
          [
            0.10216780546957388,
            0.1480529636768355,
            -1.0082274781528622
          ],
          [
            -0.10216780546957388,
            -0.1480529636768355,
            1.0082274781528622
          ]
        ],
        "Lattice": [
          [
            2.8086765781893956,
            0.00013819780302477746,
            -0.0001535513505479471
          ],
          [
            1.4044579670183732,
            2.4322764436386777,
            -0.00019243105840009847
          ],
          [
            1.404252806073049,
            0.8106958451043179,
            2.2933252917690123
          ]
        ],
        "NumAtoms": 2,
        "Positions": [
          [
            -1.9124891707904597e-05,
            -1.7723282850513437e-05,
            1.8382209301209534e-05
          ],
          [
            1.4043659627119123,
            0.8107953449193556,
            0.5732264451307149
          ]
        ],
        "Stress": [
          [
            -296169287.4291802,
            103919.47869683671,
            1893865.308980615
          ],
          [
            103919.47869683671,
            -293241655.5126176,
            -957551.4384741859
          ],
          [
            1893865.308980615,
            -957551.4384741859,
            -286568462.13535374
          ]
        ]
      }
    ],
    "EnergyStyle": "electronvolt",
    "ForceStyle": "electronvoltperangstrom",
    "ForcesStyle": null,
    "Label": "ASE generated",
    "LatticeStyle": "angstrom",
    "PositionsStyle": "angstrom",
    "StressStyle": "bar"
  }
}