{
  "Dataset": {
    "AtomTypeStyle": "chemicalsymbol",
    "Data": [
      {
        "AtomTypes": [
          "Ni",
          "Ni"
        ],
        "Energy": 762.3355304073884,
        "Forces": [
          [
            -0.6116291455381236,
            -0.23966286790121896,
            -0.8730554405483532
          ],
          [
            0.6116291455381236,
            0.23966286790121896,
            0.8730554405483532
          ]
        ],
        "Lattice": [
          [
            2.8240508975055247,
            -1.1756730037990628e-05,
            -2.3480651089063335e-05
          ],
          [
            1.4120152668540964,
            2.4454952617277796,
            -0.00011646925767257268
          ],
          [
            1.4120028830490665,
            0.8150624291572739,
            2.3057403648217893
          ]
        ],
        "NumAtoms": 2,
        "Positions": [
          [
            -1.5441879993210273e-05,
            -1.8261536912029156e-05,
            2.2481411484863294e-05
          ],
          [
            1.4120327037321652,
            0.8151547450756659,
            0.576377622316772
          ]
        ],
        "Stress": [
          [
            -289210354.1005974,
            2752403.2249242365,
            -2451064.2453631726
          ],
          [
            2752403.2249242365,
            -289478882.75142306,
            -828429.908490821
          ],
          [
            -2451064.2453631726,
            -828429.908490821,
            -285133797.2656389
          ]
        ]
      }
    ],
    "EnergyStyle": "electronvolt",
    "ForceStyle": "electronvoltperangstrom",
    "ForcesStyle": null,
    "Label": "ASE generated",
    "LatticeStyle": "angstrom",
    "PositionsStyle": "angstrom",
    "StressStyle": "bar"
  }
}