{
  "Dataset": {
    "AtomTypeStyle": "chemicalsymbol",
    "Data": [
      {
        "AtomTypes": [
          "Ni",
          "Ni"
        ],
        "Energy": 762.1658555778995,
        "Forces": [
          [
            -0.445226481674758,
            0.04980359314270425,
            -0.48791959569447646
          ],
          [
            0.445226481674758,
            -0.04980359314270425,
            0.48791959569447646
          ]
        ],
        "Lattice": [
          [
            2.824575927022919,
            -1.362631311510369e-05,
            -1.9086363550895527e-05
          ],
          [
            1.4122761628597134,
            2.4459699119874077,
            -0.0001057973409117068
          ],
          [
            1.4122684463976614,
            0.8152280129391853,
            2.3061760597012237
          ]
        ],
        "NumAtoms": 2,
        "Positions": [
          [
            -1.5481706538018775e-05,
            -1.8242011857298732e-05,
            2.2592761531063507e-05
          ],
          [
            1.4122956157766113,
            0.8153143166652267,
            0.5764902012376593
          ]
        ],
        "Stress": [
          [
            -289079056.8857055,
            2759795.257828439,
            -2447170.372507964
          ],
          [
            2759795.257828439,
            -289100894.64261353,
            -417847.71549057047
          ],
          [
            -2447170.372507964,
            -417847.71549057047,
            -284523977.3523377
          ]
        ]
      }
    ],
    "EnergyStyle": "electronvolt",
    "ForceStyle": "electronvoltperangstrom",
    "ForcesStyle": null,
    "Label": "ASE generated",
    "LatticeStyle": "angstrom",
    "PositionsStyle": "angstrom",
    "StressStyle": "bar"
  }
}