{
  "Dataset": {
    "AtomTypeStyle": "chemicalsymbol",
    "Data": [
      {
        "AtomTypes": [
          "Ni",
          "Ni"
        ],
        "Energy": 807.4307564920164,
        "Forces": [
          [
            8.425202961714952,
            -11.317529283689566,
            -12.119911778751534
          ],
          [
            -8.425202961714952,
            11.317529283689566,
            12.119911778751534
          ]
        ],
        "Lattice": [
          [
            2.512981231109107,
            -0.0012120248321269094,
            -0.0015156905272545472
          ],
          [
            1.255440971394696,
            2.1610612533251725,
            -0.00875688635756778
          ],
          [
            1.254903178123036,
            0.712408174375342,
            2.045146383392337
          ]
        ],
        "NumAtoms": 2,
        "Positions": [
          [
            -0.0011773413758860533,
            -0.001381764971596961,
            0.0017218495250278692
          ],
          [
            1.2570086865325958,
            0.7194461156886938,
            0.5069966021018508
          ]
        ],
        "Stress": [
          [
            -375610654.50136894,
            -2296469.9906496233,
            1298193.9673157453
          ],
          [
            -2296469.9906496233,
            -378173634.8604274,
            -1669625.6003732185
          ],
          [
            1298193.9673157453,
            -1669625.6003732185,
            -374867417.5882176
          ]
        ]
      }
    ],
    "EnergyStyle": "electronvolt",
    "ForceStyle": "electronvoltperangstrom",
    "ForcesStyle": null,
    "Label": "ASE generated",
    "LatticeStyle": "angstrom",
    "PositionsStyle": "angstrom",
    "StressStyle": "bar"
  }
}