{
  "Dataset": {
    "AtomTypeStyle": "chemicalsymbol",
    "Data": [
      {
        "AtomTypes": [
          "Ni",
          "Ni"
        ],
        "Energy": 807.8715237487213,
        "Forces": [
          [
            0.6166387865569407,
            0.7817100580414623,
            -2.3600348281322825
          ],
          [
            -0.6166387865569407,
            -0.7817100580414623,
            2.3600348281322825
          ]
        ],
        "Lattice": [
          [
            2.5066778039683246,
            0.0011181318616943236,
            -0.002679938065948049
          ],
          [
            1.2543071563080777,
            2.1585759048314577,
            -0.006567586053066092
          ],
          [
            1.2514734615708247,
            0.714969503190987,
            2.042368769797271
          ]
        ],
        "NumAtoms": 2,
        "Positions": [
          [
            6.110802678290578e-06,
            -2.8257132328946904e-05,
            -3.750785827392291e-05
          ],
          [
            1.2531084946591284,
            0.7186941421033637,
            0.5083178192778381
          ]
        ],
        "Stress": [
          [
            -381550349.32524776,
            -175374.32571947365,
            -1703817.246302052
          ],
          [
            -175374.32571947365,
            -381502947.6384274,
            853593.7124429194
          ],
          [
            -1703817.246302052,
            853593.7124429194,
            -382118945.96729034
          ]
        ]
      }
    ],
    "EnergyStyle": "electronvolt",
    "ForceStyle": "electronvoltperangstrom",
    "ForcesStyle": null,
    "Label": "ASE generated",
    "LatticeStyle": "angstrom",
    "PositionsStyle": "angstrom",
    "StressStyle": "bar"
  }
}