{
  "Dataset": {
    "AtomTypeStyle": "chemicalsymbol",
    "Data": [
      {
        "AtomTypes": [
          "Ni",
          "Ni"
        ],
        "Energy": 771.6472113504169,
        "Forces": [
          [
            0.39459375622431164,
            0.36026108364042286,
            -0.730850825970648
          ],
          [
            -0.39459375622431164,
            -0.36026108364042286,
            0.730850825970648
          ]
        ],
        "Lattice": [
          [
            2.789900156375319,
            0.00031749468311354103,
            -0.00031234790558509447
          ],
          [
            1.3952250264940442,
            2.416105069144491,
            -0.0002947416506859638
          ],
          [
            1.3947866926078716,
            0.8053435568444123,
            2.2781491085707666
          ]
        ],
        "NumAtoms": 2,
        "Positions": [
          [
            -2.3372774605615113e-05,
            -1.711751204664116e-05,
            1.3468655134933765e-05
          ],
          [
            1.3950013416439142,
            0.8054586476800508,
            0.569372036098489
          ]
        ],
        "Stress": [
          [
            -299998554.65233207,
            34566.76401650933,
            1353883.5572967222
          ],
          [
            34566.76401650933,
            -295264145.136234,
            -904543.5750572612
          ],
          [
            1353883.5572967222,
            -904543.5750572612,
            -282553183.41435695
          ]
        ]
      }
    ],
    "EnergyStyle": "electronvolt",
    "ForceStyle": "electronvoltperangstrom",
    "ForcesStyle": null,
    "Label": "ASE generated",
    "LatticeStyle": "angstrom",
    "PositionsStyle": "angstrom",
    "StressStyle": "bar"
  }
}