{
  "Dataset": {
    "AtomTypeStyle": "chemicalsymbol",
    "Data": [
      {
        "AtomTypes": [
          "Ni",
          "Ni"
        ],
        "Energy": 778.3155138108032,
        "Forces": [
          [
            1.8331161346835725,
            -0.9215945277236316,
            -10.053187832356489
          ],
          [
            -1.8331161346835725,
            0.9215945277236316,
            10.053187832356489
          ]
        ],
        "Lattice": [
          [
            2.7571465510273168,
            -0.00027388624772754235,
            -0.0003425067730435795
          ],
          [
            1.3783360829427354,
            2.384314129744496,
            -0.001978830124246025
          ],
          [
            1.3782145558093053,
            0.7929758811358334,
            2.249688015695981
          ]
        ],
        "NumAtoms": 2,
        "Positions": [
          [
            -0.0002918261106892451,
            -0.00034328385979755303,
            0.0004262956248699478
          ],
          [
            1.3787161235555285,
            0.794597315017948,
            0.5614153740748029
          ]
        ],
        "Stress": [
          [
            -285284599.1500386,
            3576115.471818285,
            4005328.5298397755
          ],
          [
            3576115.471818285,
            -293968634.36653364,
            8092541.660590904
          ],
          [
            4005328.5298397755,
            8092541.660590904,
            -267822888.94500542
          ]
        ]
      }
    ],
    "EnergyStyle": "electronvolt",
    "ForceStyle": "electronvoltperangstrom",
    "ForcesStyle": null,
    "Label": "ASE generated",
    "LatticeStyle": "angstrom",
    "PositionsStyle": "angstrom",
    "StressStyle": "bar"
  }
}