{
  "Dataset": {
    "AtomTypeStyle": "chemicalsymbol",
    "Data": [
      {
        "AtomTypes": [
          "Ni",
          "Ni"
        ],
        "Energy": 763.7487301170277,
        "Forces": [
          [
            -0.8560183411869747,
            -0.5448443957053779,
            -0.3559526339680022
          ],
          [
            0.8560183411869747,
            0.5448443957053779,
            0.3559526339680022
          ]
        ],
        "Lattice": [
          [
            2.8217058651111997,
            -3.4063136901717455e-06,
            -4.3108892101312894e-05
          ],
          [
            1.4108499815988973,
            2.443375258766244,
            -0.00016412960294293438
          ],
          [
            1.4108167503285673,
            0.8143228643203093,
            2.3037943479178784
          ]
        ],
        "NumAtoms": 2,
        "Positions": [
          [
            -1.5264754832521027e-05,
            -1.8348337449558495e-05,
            2.1984307838333897e-05
          ],
          [
            1.4108584140144986,
            0.8144420275306653,
            0.5758747930478701
          ]
        ],
        "Stress": [
          [
            -289540204.99692446,
            1981181.0313809866,
            -1080079.7164223988
          ],
          [
            1981181.0313809866,
            -290809522.2267458,
            -220339.95154689054
          ],
          [
            -1080079.7164223988,
            -220339.95154689054,
            -284846043.44505703
          ]
        ]
      }
    ],
    "EnergyStyle": "electronvolt",
    "ForceStyle": "electronvoltperangstrom",
    "ForcesStyle": null,
    "Label": "ASE generated",
    "LatticeStyle": "angstrom",
    "PositionsStyle": "angstrom",
    "StressStyle": "bar"
  }
}