{
  "Dataset": {
    "AtomTypeStyle": "chemicalsymbol",
    "Data": [
      {
        "AtomTypes": [
          "Ni",
          "Ni"
        ],
        "Energy": 780.3031391312979,
        "Forces": [
          [
            -0.28963709699124424,
            0.3888118615468595,
            -0.900803509519481
          ],
          [
            0.28963709699124424,
            -0.3888118615468595,
            0.900803509519481
          ]
        ],
        "Lattice": [
          [
            2.752897346946009,
            0.00024160273377751788,
            -0.0006190383776356812
          ],
          [
            1.376657888974099,
            2.381169542868158,
            -0.00156263383740759
          ],
          [
            1.3760129616598993,
            0.7926223002713505,
            2.246693814632131
          ]
        ],
        "NumAtoms": 2,
        "Positions": [
          [
            -1.0183921815234695e-05,
            -2.0811441096713328e-05,
            7.75695334110502e-06
          ],
          [
            1.3764022333168169,
            0.7935291729094182,
            0.5611202786509308
          ]
        ],
        "Stress": [
          [
            -298619735.3040385,
            2294807.7026532553,
            2535383.436216109
          ],
          [
            2294807.7026532553,
            -297006177.3538366,
            202677.03829698724
          ],
          [
            2535383.436216109,
            202677.03829698724,
            -256556930.64155003
          ]
        ]
      }
    ],
    "EnergyStyle": "electronvolt",
    "ForceStyle": "electronvoltperangstrom",
    "ForcesStyle": null,
    "Label": "ASE generated",
    "LatticeStyle": "angstrom",
    "PositionsStyle": "angstrom",
    "StressStyle": "bar"
  }
}