{
  "Dataset": {
    "AtomTypeStyle": "chemicalsymbol",
    "Data": [
      {
        "AtomTypes": [
          "Ni",
          "Ni"
        ],
        "Energy": 762.2020396755106,
        "Forces": [
          [
            0.12983480436615158,
            -0.08073506650657404,
            -0.37753361741013036
          ],
          [
            -0.12983480436615158,
            0.08073506650657404,
            0.37753361741013036
          ]
        ],
        "Lattice": [
          [
            2.824735514168706,
            -1.4194120259667039e-05,
            -1.7750720277011193e-05
          ],
          [
            1.412355464297803,
            2.4461141852739616,
            -0.0001025534846244996
          ],
          [
            1.4123491665598462,
            0.815278342983472,
            2.3063084926477404
          ]
        ],
        "NumAtoms": 2,
        "Positions": [
          [
            -1.5493724834301676e-05,
            -1.8235970450111296e-05,
            2.26265366854811e-05
          ],
          [
            1.412375529981423,
            0.8153628195047435,
            0.5765244205740243
          ]
        ],
        "Stress": [
          [
            -282908611.4800583,
            1005793.0956006395,
            -2370084.341016215
          ],
          [
            1005793.0956006395,
            -295932539.37116295,
            -5284971.068905789
          ],
          [
            -2370084.341016215,
            -5284971.068905789,
            -284225651.0858886
          ]
        ]
      }
    ],
    "EnergyStyle": "electronvolt",
    "ForceStyle": "electronvoltperangstrom",
    "ForcesStyle": null,
    "Label": "ASE generated",
    "LatticeStyle": "angstrom",
    "PositionsStyle": "angstrom",
    "StressStyle": "bar"
  }
}