{
  "Dataset": {
    "AtomTypeStyle": "chemicalsymbol",
    "Data": [
      {
        "AtomTypes": [
          "Ni",
          "Ni"
        ],
        "Energy": 809.5077116946504,
        "Forces": [
          [
            -12.161207189967312,
            -9.441200855317021,
            7.893349649465614
          ],
          [
            12.161207189967312,
            9.441200855317021,
            -7.893349649465614
          ]
        ],
        "Lattice": [
          [
            2.182794945454906,
            -0.0024806753297881056,
            -0.00310219396099934
          ],
          [
            1.0892491452912512,
            1.8591549962137923,
            -0.017922893902698307
          ],
          [
            1.0881484328849014,
            0.6034559620282531,
            1.7685434578836248
          ]
        ],
        "NumAtoms": 2,
        "Positions": [
          [
            -0.0020939627050654917,
            -0.0024478935018534594,
            0.003068482827937071
          ],
          [
            1.09214209361283,
            0.6174804642299178,
            0.4338111096770447
          ]
        ],
        "Stress": [
          [
            -567693785.7634218,
            242742.592163429,
            7470416.402962596
          ],
          [
            242742.592163429,
            -562318222.9408165,
            9882578.696056783
          ],
          [
            7470416.402962596,
            9882578.696056783,
            -543774847.2260334
          ]
        ]
      }
    ],
    "EnergyStyle": "electronvolt",
    "ForceStyle": "electronvoltperangstrom",
    "ForcesStyle": null,
    "Label": "ASE generated",
    "LatticeStyle": "angstrom",
    "PositionsStyle": "angstrom",
    "StressStyle": "bar"
  }
}