{
  "Dataset": {
    "AtomTypeStyle": "chemicalsymbol",
    "Data": [
      {
        "AtomTypes": [
          "Ni",
          "Ni"
        ],
        "Energy": 762.5151598501943,
        "Forces": [
          [
            0.12689000230649888,
            -0.077089289095395,
            -0.5880920405547446
          ],
          [
            -0.12689000230649888,
            0.077089289095395,
            0.5880920405547446
          ]
        ],
        "Lattice": [
          [
            2.823550993321983,
            -1.5184210816496515e-05,
            -2.5166080497669365e-05
          ],
          [
            1.4117623466073639,
            2.4450360158166875,
            -0.00013189212741003664
          ],
          [
            1.4117505655351743,
            0.8148944577277983,
            2.30531996051779
          ]
        ],
        "NumAtoms": 2,
        "Positions": [
          [
            -1.8399933481154643e-05,
            -2.1717027499263428e-05,
            2.6821464065565014e-05
          ],
          [
            1.4117843762996114,
            0.8150005393609167,
            0.576263904113405
          ]
        ],
        "Stress": [
          [
            -282944997.93456286,
            1060167.565697764,
            -2277683.1941880165
          ],
          [
            1060167.565697764,
            -296051164.949948,
            -5069998.983640975
          ],
          [
            -2277683.1941880165,
            -5069998.983640975,
            -284095789.61708915
          ]
        ]
      }
    ],
    "EnergyStyle": "electronvolt",
    "ForceStyle": "electronvoltperangstrom",
    "ForcesStyle": null,
    "Label": "ASE generated",
    "LatticeStyle": "angstrom",
    "PositionsStyle": "angstrom",
    "StressStyle": "bar"
  }
}