{
  "Dataset": {
    "AtomTypeStyle": "chemicalsymbol",
    "Data": [
      {
        "AtomTypes": [
          "Ni",
          "Ni"
        ],
        "Energy": 808.6822876486676,
        "Forces": [
          [
            1.225382672621249,
            1.3160223998877627,
            6.0199398877734485
          ],
          [
            -1.225382672621249,
            -1.3160223998877627,
            -6.0199398877734485
          ]
        ],
        "Lattice": [
          [
            2.14364165034015,
            0.0064886476305415774,
            -0.005777920834723311
          ],
          [
            1.0774399674417863,
            1.8595086903221978,
            -0.003816132333295104
          ],
          [
            1.0689761463015082,
            0.6211251932485955,
            1.7558058380929262
          ]
        ],
        "NumAtoms": 2,
        "Positions": [
          [
            -0.00013331482583960454,
            -5.619271609057889e-07,
            -0.00011664073562265525
          ],
          [
            1.0726477558467007,
            0.6217811947274946,
            0.43666958696684954
          ]
        ],
        "Stress": [
          [
            -591631730.283919,
            100321.28715779584,
            -2002125.8601352235
          ],
          [
            100321.28715779584,
            -584737432.0084196,
            -2847212.4827701817
          ],
          [
            -2002125.8601352235,
            -2847212.4827701817,
            -559481837.3957926
          ]
        ]
      }
    ],
    "EnergyStyle": "electronvolt",
    "ForceStyle": "electronvoltperangstrom",
    "ForcesStyle": null,
    "Label": "ASE generated",
    "LatticeStyle": "angstrom",
    "PositionsStyle": "angstrom",
    "StressStyle": "bar"
  }
}