{
  "Dataset": {
    "AtomTypeStyle": "chemicalsymbol",
    "Data": [
      {
        "AtomTypes": [
          "Ni",
          "Ni"
        ],
        "Energy": 526.2615455853374,
        "Forces": [
          [
            -75.88339794384153,
            135.7935945942564,
            59.45926790417144
          ],
          [
            75.88339794384153,
            -135.7935945942564,
            -59.45926790417144
          ]
        ],
        "Lattice": [
          [
            2.3935588772706975,
            -0.13606305771539376,
            -0.019809516485920352
          ],
          [
            -1.3146205387425092,
            2.3472437380355524,
            0.019162894217122035
          ],
          [
            -0.014861460874526814,
            0.008029943455376727,
            1.7851001665206814
          ]
        ],
        "NumAtoms": 2,
        "Positions": [
          [
            0.041064559719890856,
            1.1926433911269014,
            1.3515368618317778
          ],
          [
            1.023012317933771,
            1.0265672326486337,
            0.4329166824201053
          ]
        ],
        "Stress": [
          [
            -433941514.19287926,
            14443998.46063198,
            5725951.066469711
          ],
          [
            14443998.46063198,
            -490684827.0637024,
            -3774623.550662434
          ],
          [
            5725951.066469711,
            -3774623.550662434,
            -408480316.62087137
          ]
        ]
      }
    ],
    "EnergyStyle": "electronvolt",
    "ForceStyle": "electronvoltperangstrom",
    "ForcesStyle": null,
    "Label": "ASE generated",
    "LatticeStyle": "angstrom",
    "PositionsStyle": "angstrom",
    "StressStyle": "bar"
  }
}