{
  "Dataset": {
    "AtomTypeStyle": "chemicalsymbol",
    "Data": [
      {
        "AtomTypes": [
          "Ni",
          "Ni"
        ],
        "Energy": 529.6054760513216,
        "Forces": [
          [
            -25.81512519139471,
            -71.0538309121879,
            144.4373099182064
          ],
          [
            25.81512519139471,
            71.0538309121879,
            -144.4373099182064
          ]
        ],
        "Lattice": [
          [
            2.3968030076716986,
            -0.1363437613530965,
            -0.019982083819450484
          ],
          [
            -1.3164674878520664,
            2.350941156870634,
            0.019320503298503638
          ],
          [
            -0.014987962273715355,
            0.008083326322978224,
            1.7875467427295177
          ]
        ],
        "NumAtoms": 2,
        "Positions": [
          [
            0.04044963282295981,
            1.194874688895261,
            1.3534046316600725
          ],
          [
            1.024897924722957,
            1.0278060329452547,
            0.4334805305484984
          ]
        ],
        "Stress": [
          [
            -431263765.35160786,
            4758214.068626629,
            6120445.842188297
          ],
          [
            4758214.068626629,
            -486588168.31239855,
            -6630659.399275285
          ],
          [
            6120445.842188297,
            -6630659.399275285,
            -419847089.01367813
          ]
        ]
      }
    ],
    "EnergyStyle": "electronvolt",
    "ForceStyle": "electronvoltperangstrom",
    "ForcesStyle": null,
    "Label": "ASE generated",
    "LatticeStyle": "angstrom",
    "PositionsStyle": "angstrom",
    "StressStyle": "bar"
  }
}