{
  "Dataset": {
    "AtomTypeStyle": "chemicalsymbol",
    "Data": [
      {
        "AtomTypes": [
          "Ni",
          "Ni"
        ],
        "Energy": 516.4630543227795,
        "Forces": [
          [
            380.64614063833136,
            -244.64574067579363,
            -3.043403141833532
          ],
          [
            -380.64614063833136,
            244.64574067579363,
            3.043403141833532
          ]
        ],
        "Lattice": [
          [
            2.3957134106326103,
            -0.13725989674917252,
            -0.020135815619426477
          ],
          [
            -1.3166862618810755,
            2.351581883576154,
            0.019483871944620958
          ],
          [
            -0.015101939635913789,
            0.008154194263898138,
            1.786697463581945
          ]
        ],
        "NumAtoms": 2,
        "Positions": [
          [
            0.039928172214727865,
            1.1942005087524006,
            1.352863616005928
          ],
          [
            1.023997036900893,
            1.0282756723384792,
            0.4331819039012115
          ]
        ],
        "Stress": [
          [
            -417949406.3265112,
            5509930.121610728,
            16875728.678440936
          ],
          [
            5509930.121610728,
            -482390433.62460744,
            -6501812.955889549
          ],
          [
            16875728.678440936,
            -6501812.955889549,
            -426067536.9248869
          ]
        ]
      }
    ],
    "EnergyStyle": "electronvolt",
    "ForceStyle": "electronvoltperangstrom",
    "ForcesStyle": null,
    "Label": "ASE generated",
    "LatticeStyle": "angstrom",
    "PositionsStyle": "angstrom",
    "StressStyle": "bar"
  }
}