{
  "Dataset": {
    "AtomTypeStyle": "chemicalsymbol",
    "Data": [
      {
        "AtomTypes": [
          "Ni",
          "Ni"
        ],
        "Energy": 782.7446338653663,
        "Forces": [
          [
            -169.33006832821886,
            -46.470488753403075,
            83.84080051202208
          ],
          [
            169.33006832821886,
            46.470488753403075,
            -83.84080051202208
          ]
        ],
        "Lattice": [
          [
            2.15165227723989,
            -0.11512272446091763,
            -0.006937657666892807
          ],
          [
            -1.1768913956913605,
            2.071510819016487,
            0.0074061250200179885
          ],
          [
            -0.00542580155768999,
            0.004047804527580659,
            1.602665112124991
          ]
        ],
        "NumAtoms": 2,
        "Positions": [
          [
            0.08263175156972719,
            1.029346279955921,
            1.2124267053277344
          ],
          [
            0.8867033284211124,
            0.9310896191272289,
            0.39070687415038186
          ]
        ],
        "Stress": [
          [
            -567306818.3573291,
            14669844.557285424,
            1098623.7894155097
          ],
          [
            14669844.557285424,
            -707718459.8358418,
            9467068.481120398
          ],
          [
            1098623.7894155097,
            9467068.481120398,
            -576311969.3673881
          ]
        ]
      }
    ],
    "EnergyStyle": "electronvolt",
    "ForceStyle": "electronvoltperangstrom",
    "ForcesStyle": null,
    "Label": "ASE generated",
    "LatticeStyle": "angstrom",
    "PositionsStyle": "angstrom",
    "StressStyle": "bar"
  }
}