{
  "Dataset": {
    "AtomTypeStyle": "chemicalsymbol",
    "Data": [
      {
        "AtomTypes": [
          "Ni",
          "Ni"
        ],
        "Energy": 556.722114697388,
        "Forces": [
          [
            -50.47321489489239,
            -31.026264872529666,
            248.98066123951895
          ],
          [
            50.47321489489239,
            31.026264872529666,
            -248.98066123951895
          ]
        ],
        "Lattice": [
          [
            2.358178252635937,
            -0.13300138126570643,
            -0.017927073344289883
          ],
          [
            -1.2944774141274809,
            2.3069178931208807,
            0.01744360011306742
          ],
          [
            -0.013481532347606994,
            0.007447606692203615,
            1.758417623955388
          ]
        ],
        "NumAtoms": 2,
        "Positions": [
          [
            0.04767186400414918,
            1.1683797014307726,
            1.331170620701484
          ],
          [
            1.0025474421567,
            1.0129844171166054,
            0.4267635300226815
          ]
        ],
        "Stress": [
          [
            -440394551.5000116,
            3798536.9609889467,
            13153790.830955423
          ],
          [
            3798536.9609889467,
            -530741294.24611443,
            -1548277.1055870296
          ],
          [
            13153790.830955423,
            -1548277.1055870296,
            -441173000.9687107
          ]
        ]
      }
    ],
    "EnergyStyle": "electronvolt",
    "ForceStyle": "electronvoltperangstrom",
    "ForcesStyle": null,
    "Label": "ASE generated",
    "LatticeStyle": "angstrom",
    "PositionsStyle": "angstrom",
    "StressStyle": "bar"
  }
}