{
  "Dataset": {
    "AtomTypeStyle": "chemicalsymbol",
    "Data": [
      {
        "AtomTypes": [
          "Ni",
          "Ni"
        ],
        "Energy": 527.1457303538245,
        "Forces": [
          [
            277.5182772825556,
            -206.90188047711476,
            -13.142793716854511
          ],
          [
            -277.5182772825556,
            206.90188047711476,
            13.142793716854511
          ]
        ],
        "Lattice": [
          [
            2.387203259498564,
            -0.13983095766285628,
            -0.020376028204677654
          ],
          [
            -1.3145879213177405,
            2.348044794851659,
            0.019778425208220745
          ],
          [
            -0.015282231369154258,
            0.00830480973929414,
            1.7801892882540609
          ]
        ],
        "NumAtoms": 2,
        "Positions": [
          [
            0.03916021873163548,
            1.188599647856538,
            1.3482449211731589
          ],
          [
            1.018172888080034,
            1.027918999071559,
            0.431346764084445
          ]
        ],
        "Stress": [
          [
            -422981828.7751263,
            2368558.860792999,
            16674591.830880407
          ],
          [
            2368558.860792999,
            -489409890.41782254,
            -8153778.585115512
          ],
          [
            16674591.830880407,
            -8153778.585115512,
            -431901049.79313225
          ]
        ]
      }
    ],
    "EnergyStyle": "electronvolt",
    "ForceStyle": "electronvoltperangstrom",
    "ForcesStyle": null,
    "Label": "ASE generated",
    "LatticeStyle": "angstrom",
    "PositionsStyle": "angstrom",
    "StressStyle": "bar"
  }
}