{
  "Dataset": {
    "AtomTypeStyle": "chemicalsymbol",
    "Data": [
      {
        "AtomTypes": [
          "Ni",
          "Ni"
        ],
        "Energy": 522.1179042212025,
        "Forces": [
          [
            -69.48090356590589,
            116.30187949108411,
            58.47825196373256
          ],
          [
            69.48090356590589,
            -116.30187949108411,
            -58.47825196373256
          ]
        ],
        "Lattice": [
          [
            2.398039363542688,
            -0.1364507482843726,
            -0.02004786266315766
          ],
          [
            -1.3171713771491755,
            2.3523503118547713,
            0.019380580786968016
          ],
          [
            -0.015036180900940528,
            0.008103674774171043,
            1.7884791492663963
          ]
        ],
        "NumAtoms": 2,
        "Positions": [
          [
            0.04021489000031287,
            1.19572534599475,
            1.3541164666173675
          ],
          [
            1.0256169154922592,
            1.02827789234982,
            0.4336954007728392
          ]
        ],
        "Stress": [
          [
            -431575506.1350825,
            14304741.387024742,
            5611029.594919037
          ],
          [
            14304741.387024742,
            -488179654.6085318,
            -3949662.476679987
          ],
          [
            5611029.594919037,
            -3949662.476679987,
            -407773133.70462525
          ]
        ]
      }
    ],
    "EnergyStyle": "electronvolt",
    "ForceStyle": "electronvoltperangstrom",
    "ForcesStyle": null,
    "Label": "ASE generated",
    "LatticeStyle": "angstrom",
    "PositionsStyle": "angstrom",
    "StressStyle": "bar"
  }
}