{
  "Dataset": {
    "AtomTypeStyle": "chemicalsymbol",
    "Data": [
      {
        "AtomTypes": [
          "Ni",
          "Ni"
        ],
        "Energy": 786.4488164333488,
        "Forces": [
          [
            -189.09567047045326,
            -51.68762524411116,
            119.99557507618539
          ],
          [
            189.09567047045326,
            51.68762524411116,
            -119.99557507618539
          ]
        ],
        "Lattice": [
          [
            2.148775844034582,
            -0.11488082856296668,
            -0.006785940444549014
          ],
          [
            -1.175259206801687,
            2.0682477742345275,
            0.007268067448953425
          ],
          [
            -0.005314503948874656,
            0.00400108823445,
            1.6004953903188441
          ]
        ],
        "NumAtoms": 2,
        "Positions": [
          [
            0.08307249198130627,
            1.0274453862643629,
            1.2107744463534078
          ],
          [
            0.8851296413027139,
            0.9299226476416482,
            0.39020307096984075
          ]
        ],
        "Stress": [
          [
            -547528064.037826,
            13764190.338478375,
            39556608.35559624
          ],
          [
            13764190.338478375,
            -709536607.1910621,
            -100961.19448383132
          ],
          [
            39556608.35559624,
            -100961.19448383132,
            -567704409.6960853
          ]
        ]
      }
    ],
    "EnergyStyle": "electronvolt",
    "ForceStyle": "electronvoltperangstrom",
    "ForcesStyle": null,
    "Label": "ASE generated",
    "LatticeStyle": "angstrom",
    "PositionsStyle": "angstrom",
    "StressStyle": "bar"
  }
}