{
  "Dataset": {
    "AtomTypeStyle": "chemicalsymbol",
    "Data": [
      {
        "AtomTypes": [
          "Ni",
          "Ni"
        ],
        "Energy": 1226.4386173616067,
        "Forces": [
          [
            -408.00969978973677,
            32.64387932547319,
            -17.549847639380765
          ],
          [
            408.00969978973677,
            -32.64387932547319,
            17.549847639380765
          ]
        ],
        "Lattice": [
          [
            1.7563628606059836,
            -0.0809245510608181,
            0.014090813755875052
          ],
          [
            -0.9518490430407253,
            1.620993436733401,
            -0.01179922508453025
          ],
          [
            0.009989248528166132,
            -0.002457102601864789,
            1.3045547420852683
          ]
        ],
        "NumAtoms": 2,
        "Positions": [
          [
            0.1323413221337598,
            0.77564975274053,
            0.985813550234163
          ],
          [
            0.6821617439596646,
            0.761962030330188,
            0.3210327805224501
          ]
        ],
        "Stress": [
          [
            -761463987.8235016,
            -12931893.036056185,
            26174096.993699845
          ],
          [
            -12931893.036056185,
            -1302507884.166072,
            580554.8182571903
          ],
          [
            26174096.993699845,
            580554.8182571903,
            -551513418.6327853
          ]
        ]
      }
    ],
    "EnergyStyle": "electronvolt",
    "ForceStyle": "electronvoltperangstrom",
    "ForcesStyle": null,
    "Label": "ASE generated",
    "LatticeStyle": "angstrom",
    "PositionsStyle": "angstrom",
    "StressStyle": "bar"
  }
}