{
  "Dataset": {
    "AtomTypeStyle": "chemicalsymbol",
    "Data": [
      {
        "AtomTypes": [
          "Ni",
          "Ni"
        ],
        "Energy": 513.7800905886488,
        "Forces": [
          [
            394.15361238992176,
            -244.1759768168924,
            5.08895872698649
          ],
          [
            -394.15361238992176,
            244.1759768168924,
            -5.08895872698649
          ]
        ],
        "Lattice": [
          [
            2.397919630849172,
            -0.1365167631411147,
            -0.02004923905307659
          ],
          [
            -1.3171647539672355,
            2.3523604540651464,
            0.01938504968849256
          ],
          [
            -0.015036601067643962,
            0.008105097731684306,
            1.788382824726691
          ]
        ],
        "NumAtoms": 2,
        "Positions": [
          [
            0.040256975780187665,
            1.1955992863590343,
            1.3540452078602065
          ],
          [
            1.0254613000341049,
            1.0283495022966815,
            0.4336734275019004
          ]
        ],
        "Stress": [
          [
            -419165487.67996037,
            8356349.707717156,
            18245025.91151283
          ],
          [
            8356349.707717156,
            -483106575.2434179,
            -6893879.025871849
          ],
          [
            18245025.91151283,
            -6893879.025871849,
            -424948208.0880829
          ]
        ]
      }
    ],
    "EnergyStyle": "electronvolt",
    "ForceStyle": "electronvoltperangstrom",
    "ForcesStyle": null,
    "Label": "ASE generated",
    "LatticeStyle": "angstrom",
    "PositionsStyle": "angstrom",
    "StressStyle": "bar"
  }
}