{
  "Dataset": {
    "AtomTypeStyle": "chemicalsymbol",
    "Data": [
      {
        "AtomTypes": [
          "Ni",
          "Ni"
        ],
        "Energy": 557.5535882475288,
        "Forces": [
          [
            158.02452985574223,
            -168.33520697261469,
            -22.088194979630455
          ],
          [
            -158.02452985574223,
            168.33520697261469,
            22.088194979630455
          ]
        ],
        "Lattice": [
          [
            2.3615177899833637,
            -0.14759097205766952,
            -0.02110104066841263
          ],
          [
            -1.3082546782163305,
            2.3373690971196397,
            0.020667450326735615
          ],
          [
            -0.015826391171807914,
            0.008759400478484666,
            1.7605462133463068
          ]
        ],
        "NumAtoms": 2,
        "Positions": [
          [
            0.03684479475456349,
            1.1717633169108135,
            1.3342906192658537
          ],
          [
            1.0005919258406621,
            1.0267742086296412,
            0.4258220037387761
          ]
        ],
        "Stress": [
          [
            -414151715.22003365,
            -12193642.986893987,
            8840162.306688376
          ],
          [
            -12193642.986893987,
            -500737618.166382,
            -5961441.3756047385
          ],
          [
            8840162.306688376,
            -5961441.3756047385,
            -442413232.57174957
          ]
        ]
      }
    ],
    "EnergyStyle": "electronvolt",
    "ForceStyle": "electronvoltperangstrom",
    "ForcesStyle": null,
    "Label": "ASE generated",
    "LatticeStyle": "angstrom",
    "PositionsStyle": "angstrom",
    "StressStyle": "bar"
  }
}