{
  "Dataset": {
    "AtomTypeStyle": "chemicalsymbol",
    "Data": [
      {
        "AtomTypes": [
          "Ni",
          "Ni"
        ],
        "Energy": 515.9584354973158,
        "Forces": [
          [
            -129.6083590163285,
            219.53992096608098,
            14.105863723517231
          ],
          [
            129.6083590163285,
            -219.53992096608098,
            -14.105863723517231
          ]
        ],
        "Lattice": [
          [
            2.4007074586227133,
            -0.13575111092613257,
            -0.01999485074877922
          ],
          [
            -1.3179176397820664,
            2.353657568475668,
            0.01931101832622111
          ],
          [
            -0.014996138061584417,
            0.00806580791149568,
            1.790516683664251
          ]
        ],
        "NumAtoms": 2,
        "Positions": [
          [
            0.04037901987224815,
            1.1974925277895534,
            1.355572942738266
          ],
          [
            1.0274146609068144,
            1.0284797376714776,
            0.43425990850342683
          ]
        ],
        "Stress": [
          [
            -434503577.89599097,
            8877634.39707022,
            5249040.640311728
          ],
          [
            8877634.39707022,
            -497520571.6122924,
            -657702.6339045567
          ],
          [
            5249040.640311728,
            -657702.6339045567,
            -431966159.99579346
          ]
        ]
      }
    ],
    "EnergyStyle": "electronvolt",
    "ForceStyle": "electronvoltperangstrom",
    "ForcesStyle": null,
    "Label": "ASE generated",
    "LatticeStyle": "angstrom",
    "PositionsStyle": "angstrom",
    "StressStyle": "bar"
  }
}