{
  "Dataset": {
    "AtomTypeStyle": "chemicalsymbol",
    "Data": [
      {
        "AtomTypes": [
          "Ni",
          "Ni"
        ],
        "Energy": 540.2083475535783,
        "Forces": [
          [
            -114.0579268579485,
            16.277691349653544,
            26.65555251887513
          ],
          [
            114.0579268579485,
            -16.277691349653544,
            -26.65555251887513
          ]
        ],
        "Lattice": [
          [
            2.382699833923768,
            -0.1351233432412679,
            -0.019231725884144204
          ],
          [
            -1.3084381825844027,
            2.334866785321334,
            0.018635178067040757
          ],
          [
            -0.01443791061202389,
            0.007851202211356736,
            1.7769107385798966
          ]
        ],
        "NumAtoms": 2,
        "Positions": [
          [
            0.043111702107640204,
            1.1851824644040385,
            1.3452852966889821
          ],
          [
            1.016712038619701,
            1.0224121798873844,
            0.4310288940738111
          ]
        ],
        "Stress": [
          [
            -454583844.7791117,
            -6326276.814524411,
            2326324.9772746577
          ],
          [
            -6326276.814524411,
            -511139688.3402276,
            4125625.2229291475
          ],
          [
            2326324.9772746577,
            4125625.2229291475,
            -447254437.4718834
          ]
        ]
      }
    ],
    "EnergyStyle": "electronvolt",
    "ForceStyle": "electronvoltperangstrom",
    "ForcesStyle": null,
    "Label": "ASE generated",
    "LatticeStyle": "angstrom",
    "PositionsStyle": "angstrom",
    "StressStyle": "bar"
  }
}