{
  "Dataset": {
    "AtomTypeStyle": "chemicalsymbol",
    "Data": [
      {
        "AtomTypes": [
          "Ni",
          "Ni"
        ],
        "Energy": 7149.599411789643,
        "Forces": [
          [
            1685.0985261990356,
            -4410.09106325682,
            130.8231854436652
          ],
          [
            -1685.0985261990356,
            4410.09106325682,
            -130.8231854436652
          ]
        ],
        "Lattice": [
          [
            1.9999998584662084,
            0.0,
            0.0
          ],
          [
            -0.9999999292331042,
            1.7320498774281983,
            0.0
          ],
          [
            0.0,
            0.0,
            1.4999998938496564
          ]
        ],
        "NumAtoms": 2,
        "Positions": [
          [
            -9.999999292331043e-06,
            1.1547063182850126,
            1.1249999203872423
          ],
          [
            1.0000099292323965,
            0.577344359143129,
            0.3749999734624141
          ]
        ],
        "Stress": [
          [
            1546678225.7869408,
            -523981279.41969526,
            -77177472.04206267
          ],
          [
            -523981279.41969526,
            2467975538.1784277,
            41510598.474300355
          ],
          [
            -77177472.04206267,
            41510598.474300355,
            1495141738.7965782
          ]
        ]
      }
    ],
    "EnergyStyle": "electronvolt",
    "ForceStyle": "electronvoltperangstrom",
    "ForcesStyle": null,
    "Label": "ASE generated",
    "LatticeStyle": "angstrom",
    "PositionsStyle": "angstrom",
    "StressStyle": "bar"
  }
}