{
  "Dataset": {
    "AtomTypeStyle": "chemicalsymbol",
    "Data": [
      {
        "AtomTypes": [
          "Ni",
          "Ni"
        ],
        "Energy": 779.353227655929,
        "Forces": [
          [
            -188.17565652119018,
            -400.8270035019405,
            74.55352804083807
          ],
          [
            188.17565652119018,
            400.8270035019405,
            -74.55352804083807
          ]
        ],
        "Lattice": [
          [
            2.1470887202005544,
            -0.11473478412029645,
            -0.006696112613431
          ],
          [
            -1.1742986496248555,
            2.0663245860353854,
            0.0071860206395070415
          ],
          [
            -0.005248655782953184,
            0.003973297434998898,
            1.5992230228804714
          ]
        ],
        "NumAtoms": 2,
        "Positions": [
          [
            0.08333192413783938,
            1.026328408332402,
            1.209805412661061
          ],
          [
            0.8842094906549063,
            0.9292346910176857,
            0.3899075182454864
          ]
        ],
        "Stress": [
          [
            -591566337.6394035,
            13060823.329367401,
            2687387.1695477082
          ],
          [
            13060823.329367401,
            -708228604.2535167,
            9055750.762458038
          ],
          [
            2687387.1695477082,
            9055750.762458038,
            -559911703.600602
          ]
        ]
      }
    ],
    "EnergyStyle": "electronvolt",
    "ForceStyle": "electronvoltperangstrom",
    "ForcesStyle": null,
    "Label": "ASE generated",
    "LatticeStyle": "angstrom",
    "PositionsStyle": "angstrom",
    "StressStyle": "bar"
  }
}