{
  "Dataset": {
    "AtomTypeStyle": "chemicalsymbol",
    "Data": [
      {
        "AtomTypes": [
          "Ni",
          "Ni"
        ],
        "Energy": 618.7319220328027,
        "Forces": [
          [
            -139.19659261955292,
            -27.740437440379914,
            -65.4740127553293
          ],
          [
            139.19659261955292,
            27.740437440379914,
            65.4740127553293
          ]
        ],
        "Lattice": [
          [
            2.297107265713508,
            -0.12771678905853395,
            -0.014678039587276145
          ],
          [
            -1.2597082320607071,
            2.237311991687763,
            0.014476171711719476
          ],
          [
            -0.011099821093439126,
            0.006442523486707066,
            1.7123605670906428
          ]
        ],
        "NumAtoms": 2,
        "Positions": [
          [
            0.05865123481615719,
            1.126805033044589,
            1.2960326056516243
          ],
          [
            0.9676479777432047,
            0.9892326930713473,
            0.416126093563462
          ]
        ],
        "Stress": [
          [
            -494735313.9270931,
            -5404146.820886106,
            5736560.288619982
          ],
          [
            -5404146.820886106,
            -577006811.6340752,
            -6227417.75238289
          ],
          [
            5736560.288619982,
            -6227417.75238289,
            -508530877.377163
          ]
        ]
      }
    ],
    "EnergyStyle": "electronvolt",
    "ForceStyle": "electronvoltperangstrom",
    "ForcesStyle": null,
    "Label": "ASE generated",
    "LatticeStyle": "angstrom",
    "PositionsStyle": "angstrom",
    "StressStyle": "bar"
  }
}