{
  "Dataset": {
    "AtomTypeStyle": "chemicalsymbol",
    "Data": [
      {
        "AtomTypes": [
          "Ni",
          "Ni"
        ],
        "Energy": 617.4300973914014,
        "Forces": [
          [
            -120.7377847123793,
            -8.264642239102907,
            -47.12807282349148
          ],
          [
            120.7377847123793,
            8.264642239102907,
            47.12807282349148
          ]
        ],
        "Lattice": [
          [
            2.2914074556681556,
            -0.16877248999592856,
            -0.023080013670504912
          ],
          [
            -1.290967636238709,
            2.308229014852107,
            0.0230941077762722
          ],
          [
            -0.017311713806606673,
            0.010000237422074803,
            1.7069290292520143
          ]
        ],
        "NumAtoms": 2,
        "Positions": [
          [
            0.03054322768444041,
            1.1263294099840637,
            1.2960936337465767
          ],
          [
            0.9525848779383995,
            1.0231273522941895,
            0.4108494896112047
          ]
        ],
        "Stress": [
          [
            -426634434.50265,
            -7714406.446648963,
            9300361.589803226
          ],
          [
            -7714406.446648963,
            -551023442.3287656,
            -3795137.3613786744
          ],
          [
            9300361.589803226,
            -3795137.3613786744,
            -472150232.0542736
          ]
        ]
      }
    ],
    "EnergyStyle": "electronvolt",
    "ForceStyle": "electronvoltperangstrom",
    "ForcesStyle": null,
    "Label": "ASE generated",
    "LatticeStyle": "angstrom",
    "PositionsStyle": "angstrom",
    "StressStyle": "bar"
  }
}