{
  "Dataset": {
    "AtomTypeStyle": "chemicalsymbol",
    "Data": [
      {
        "AtomTypes": [
          "Ni",
          "Ni"
        ],
        "Energy": 528.0884586977772,
        "Forces": [
          [
            -109.55535395604012,
            33.81979046106526,
            36.976344171522896
          ],
          [
            109.55535395604012,
            -33.81979046106526,
            -36.976344171522896
          ]
        ],
        "Lattice": [
          [
            2.3980945646631775,
            -0.13645552305032357,
            -0.02005079747995519
          ],
          [
            -1.317202803396048,
            2.352413219382946,
            0.019383261069528326
          ],
          [
            -0.015038332535469693,
            0.008104582842260578,
            1.7885207791082003
          ]
        ],
        "NumAtoms": 2,
        "Positions": [
          [
            0.04020440209221516,
            1.1957633286638776,
            1.3541482487232517
          ],
          [
            1.0256490266394447,
            1.0282989505110052,
            0.43370499397452167
          ]
        ],
        "Stress": [
          [
            -437372826.727598,
            -379926.9544548408,
            6259555.810663112
          ],
          [
            -379926.9544548408,
            -495991594.7000792,
            7595371.915595771
          ],
          [
            6259555.810663112,
            7595371.915595771,
            -438088119.54979444
          ]
        ]
      }
    ],
    "EnergyStyle": "electronvolt",
    "ForceStyle": "electronvoltperangstrom",
    "ForcesStyle": null,
    "Label": "ASE generated",
    "LatticeStyle": "angstrom",
    "PositionsStyle": "angstrom",
    "StressStyle": "bar"
  }
}