{
  "Dataset": {
    "AtomTypeStyle": "chemicalsymbol",
    "Data": [
      {
        "AtomTypes": [
          "Cr"
        ],
        "Energy": 2238.1642632403086,
        "Forces": [
          [
            -0.24368549672399964,
            -0.4617941644648577,
            -0.07843237538709606
          ]
        ],
        "Lattice": [
          [
            3.9786897507520194,
            0.0,
            0.0
          ],
          [
            -0.2096530777261269,
            3.3653070879478326,
            0.0
          ],
          [
            -2.060535571086216,
            -3.227178915870975,
            6.232804492971323
          ]
        ],
        "NumAtoms": 1,
        "Positions": [
          [
            0.0,
            0.0,
            0.0
          ]
        ],
        "Stress": [
          [
            -29938.836550514847,
            784.0703558089824,
            -4.413153972658439
          ],
          [
            784.0703558089824,
            -33901.84881796213,
            16.181564566414277
          ],
          [
            -4.413153972658439,
            16.181564566414277,
            -4511.714411381145
          ]
        ]
      }
    ],
    "EnergyStyle": "electronvolt",
    "ForcesStyle": "electronvoltperangstrom",
    "Label": "ASE generated",
    "LatticeStyle": "angstrom",
    "PositionsStyle": "angstrom",
    "StressStyle": "bar"
  }
}