{
  "Dataset": {
    "AtomTypeStyle": "chemicalsymbol",
    "Data": [
      {
        "AtomTypes": [
          "Ni"
        ],
        "Energy": -4.637101607540899,
        "Forces": [
          [
            -0.0038572834298836334,
            -0.00390896291540055,
            -0.003885475438607216
          ]
        ],
        "Lattice": [
          [
            2.430776836923494,
            1.1795359974200438e-06,
            -5.000195441732612e-06
          ],
          [
            1.2153894403029362,
            2.1051158043455787,
            -1.421369981637612e-06
          ],
          [
            1.2153846766497067,
            0.7017066787252381,
            1.9847201549765785
          ]
        ],
        "NumAtoms": 1,
        "Positions": [
          [
            0.0,
            0.0,
            0.0
          ]
        ],
        "Stress": [
          [
            -1219.5015477779486,
            -0.0,
            11.768410593755835
          ],
          [
            -0.0,
            -1220.9725991021683,
            -2.9421026484389587
          ],
          [
            11.768410593755835,
            -2.9421026484389587,
            -1225.3857530748264
          ]
        ]
      }
    ],
    "EnergyStyle": "electronvolt",
    "ForceStyle": "electronvoltperangstrom",
    "ForcesStyle": null,
    "Label": "ASE generated",
    "LatticeStyle": "angstrom",
    "PositionsStyle": "angstrom",
    "StressStyle": "bar"
  }
}