{
  "Dataset": {
    "AtomTypeStyle": "chemicalsymbol",
    "Data": [
      {
        "AtomTypes": [
          "Ni"
        ],
        "Energy": -4.71042356261114,
        "Forces": [
          [
            0.4908242990835071,
            0.4908195088777862,
            0.4908336011704644
          ]
        ],
        "Lattice": [
          [
            2.4305802915122987,
            6.360710044409567e-07,
            -1.4711126392228447e-07
          ],
          [
            1.2152906963650347,
            2.104944308066718,
            9.73686063370516e-08
          ],
          [
            1.2152902089928257,
            0.7016484761116228,
            1.9845596724629555
          ]
        ],
        "NumAtoms": 1,
        "Positions": [
          [
            0.0,
            0.0,
            0.0
          ]
        ],
        "Stress": [
          [
            153707.210765045,
            -2.9421026484389587,
            -0.0
          ],
          [
            -2.9421026484389587,
            153707.210765045,
            -1.4710513242194794
          ],
          [
            -0.0,
            -1.4710513242194794,
            153708.6818163692
          ]
        ]
      }
    ],
    "EnergyStyle": "electronvolt",
    "ForceStyle": "electronvoltperangstrom",
    "ForcesStyle": null,
    "Label": "ASE generated",
    "LatticeStyle": "angstrom",
    "PositionsStyle": "angstrom",
    "StressStyle": "bar"
  }
}