{
  "Dataset": {
    "AtomTypeStyle": "chemicalsymbol",
    "Data": [
      {
        "AtomTypes": [
          "Ni"
        ],
        "Energy": -4.635946211159535,
        "Forces": [
          [
            0.15921797799951581,
            0.1594612712107945,
            0.15940524402037415
          ]
        ],
        "Lattice": [
          [
            2.4235154386948974,
            9.67865114078627e-07,
            -5.599753218797174e-06
          ],
          [
            1.2117585575641467,
            2.0988263056780974,
            -4.7742367737656494e-06
          ],
          [
            1.2117534266619345,
            0.6996072295356515,
            1.9787961912867167
          ]
        ],
        "NumAtoms": 1,
        "Positions": [
          [
            0.0,
            0.0,
            0.0
          ]
        ],
        "Stress": [
          [
            50251.11323533743,
            -42.66048840236491,
            -57.371001644559705
          ],
          [
            -42.66048840236491,
            50251.11323533743,
            19.123667214853235
          ],
          [
            -57.371001644559705,
            19.123667214853235,
            50248.171132688985
          ]
        ]
      }
    ],
    "EnergyStyle": "electronvolt",
    "ForceStyle": "electronvoltperangstrom",
    "ForcesStyle": null,
    "Label": "ASE generated",
    "LatticeStyle": "angstrom",
    "PositionsStyle": "angstrom",
    "StressStyle": "bar"
  }
}