{
  "Dataset": {
    "AtomTypeStyle": "chemicalsymbol",
    "Data": [
      {
        "AtomTypes": [
          "Ni"
        ],
        "Energy": -4.637012082009278,
        "Forces": [
          [
            -0.03766801767123179,
            -0.03794986748177759,
            -0.037955179751900235
          ]
        ],
        "Lattice": [
          [
            2.432509685372563,
            -1.958379012674786e-05,
            -3.1426776049700115e-05
          ],
          [
            1.2162378828213425,
            2.106605179948616,
            -9.6680675966192e-06
          ],
          [
            1.2162235294187431,
            0.7022008979580304,
            1.9861272572823245
          ]
        ],
        "NumAtoms": 1,
        "Positions": [
          [
            0.0,
            0.0,
            0.0
          ]
        ],
        "Stress": [
          [
            -11911.102572205127,
            58.84205296877917,
            75.02361753519345
          ],
          [
            58.84205296877917,
            -11908.160469556686,
            -16.181564566414277
          ],
          [
            75.02361753519345,
            -16.181564566414277,
            -11925.81308544732
          ]
        ]
      }
    ],
    "EnergyStyle": "electronvolt",
    "ForceStyle": "electronvoltperangstrom",
    "ForcesStyle": null,
    "Label": "ASE generated",
    "LatticeStyle": "angstrom",
    "PositionsStyle": "angstrom",
    "StressStyle": "bar"
  }
}