{
  "Dataset": {
    "AtomTypeStyle": "chemicalsymbol",
    "Data": [
      {
        "AtomTypes": [
          "Cr"
        ],
        "Energy": -41.96152140099548,
        "Forces": [
          [
            -0.9905688171647121,
            -1.0347852200270637,
            -3.337975773862136
          ]
        ],
        "Lattice": [
          [
            4.063729586488851,
            0.0,
            0.0
          ],
          [
            -0.6537931345222587,
            3.260943870407565,
            0.0
          ],
          [
            1.0321669963202358,
            -4.134840790522819,
            2.155877629035306
          ]
        ],
        "NumAtoms": 1,
        "Positions": [
          [
            0.0,
            0.0,
            0.0
          ]
        ],
        "Stress": [
          [
            -141190.03504726142,
            31011.232965870844,
            -9585.370428614131
          ],
          [
            31011.232965870844,
            -267247.3651222771,
            5991.592043545939
          ],
          [
            -9585.370428614131,
            5991.592043545939,
            -278628.8892177632
          ]
        ]
      }
    ],
    "EnergyStyle": "electronvolt",
    "ForcesStyle": "electronvoltperangstrom",
    "Label": "ASE generated",
    "LatticeStyle": "angstrom",
    "PositionsStyle": "angstrom",
    "StressStyle": "bar"
  }
}