{
  "Dataset": {
    "AtomTypeStyle": "chemicalsymbol",
    "Data": [
      {
        "AtomTypes": [
          "Cr"
        ],
        "Energy": 2237.524790527483,
        "Forces": [
          [
            -0.392755575118533,
            -0.17055539886311794,
            0.723094336548348
          ]
        ],
        "Lattice": [
          [
            3.893579534446478,
            0.0,
            0.0
          ],
          [
            -1.6194643229213925,
            3.5408056543074893,
            0.0
          ],
          [
            -1.6194643229213925,
            -2.5215093615642803,
            2.485820811551544
          ]
        ],
        "NumAtoms": 1,
        "Positions": [
          [
            0.0,
            0.0,
            0.0
          ]
        ],
        "Stress": [
          [
            -84707.5484025303,
            11359.458325622822,
            27704.309589025463
          ],
          [
            11359.458325622822,
            -74316.04184824388,
            43135.637980087806
          ],
          [
            27704.309589025463,
            43135.637980087806,
            13193.85932692451
          ]
        ]
      }
    ],
    "EnergyStyle": "electronvolt",
    "ForcesStyle": "electronvoltperangstrom",
    "Label": "ASE generated",
    "LatticeStyle": "angstrom",
    "PositionsStyle": "angstrom",
    "StressStyle": "bar"
  }
}