{
  "Dataset": {
    "AtomTypeStyle": "chemicalsymbol",
    "Data": [
      {
        "AtomTypes": [
          "Cr"
        ],
        "Energy": 67.84581000275557,
        "Forces": [
          [
            -52.54467219835564,
            78.07879646533286,
            195.0707882441715
          ]
        ],
        "Lattice": [
          [
            4.2272194141868855,
            0.0,
            0.0
          ],
          [
            0.3102398600265897,
            3.036191889800902,
            0.0
          ],
          [
            -0.3508803474745824,
            -1.8614222512818817,
            0.3707102337465331
          ]
        ],
        "NumAtoms": 1,
        "Positions": [
          [
            0.0,
            0.0,
            0.0
          ]
        ],
        "Stress": [
          [
            17530902.57511916,
            13294189.440390255,
            -37384355.409815036
          ],
          [
            13294189.440390255,
            96220759.54150923,
            -7984675.351191186
          ],
          [
            -37384355.409815036,
            -7984675.351191186,
            84323452.48862262
          ]
        ]
      }
    ],
    "EnergyStyle": "electronvolt",
    "ForcesStyle": "electronvoltperangstrom",
    "Label": "ASE generated",
    "LatticeStyle": "angstrom",
    "PositionsStyle": "angstrom",
    "StressStyle": "bar"
  }
}