{
  "Dataset": {
    "AtomTypeStyle": "chemicalsymbol",
    "Data": [
      {
        "AtomTypes": [
          "Cr"
        ],
        "Energy": -41.865993984636134,
        "Forces": [
          [
            -0.3792886172537272,
            -0.6673702181616107,
            -0.10716433501229163
          ]
        ],
        "Lattice": [
          [
            3.9854896778793627,
            0.0,
            0.0
          ],
          [
            -2.733743021809724,
            3.7622624010213395,
            0.0
          ],
          [
            -1.5479641908883446,
            -2.001249873912276,
            5.396663892043532
          ]
        ],
        "NumAtoms": 1,
        "Positions": [
          [
            0.0,
            0.0,
            0.0
          ]
        ],
        "Stress": [
          [
            -38796.03657364033,
            -1777.0299996571314,
            45.60259105080386
          ],
          [
            -1777.0299996571314,
            -37027.832881928516,
            -45.60259105080386
          ],
          [
            45.60259105080386,
            -45.60259105080386,
            -7484.709137628712
          ]
        ]
      }
    ],
    "EnergyStyle": "electronvolt",
    "ForcesStyle": "electronvoltperangstrom",
    "Label": "ASE generated",
    "LatticeStyle": "angstrom",
    "PositionsStyle": "angstrom",
    "StressStyle": "bar"
  }
}