{
  "Dataset": {
    "AtomTypeStyle": "chemicalsymbol",
    "Data": [
      {
        "AtomTypes": [
          "Cr"
        ],
        "Energy": 2237.145779289013,
        "Forces": [
          [
            -1.0034258845016293,
            1.1964414237369354,
            1.7083174581047766
          ]
        ],
        "Lattice": [
          [
            4.223439501387616,
            0.0,
            0.0
          ],
          [
            0.20982469786843816,
            3.1661056456547274,
            0.0
          ],
          [
            -0.3911327322235071,
            -1.7227325257370056,
            1.3679847248179529
          ]
        ],
        "NumAtoms": 1,
        "Positions": [
          [
            0.0,
            0.0,
            0.0
          ]
        ],
        "Stress": [
          [
            -68776.06256123332,
            -8826.307945316878,
            -42625.18317058364
          ],
          [
            -8826.307945316878,
            282046.14144392504,
            159650.2581148917
          ],
          [
            -42625.18317058364,
            159650.2581148917,
            177570.6053465334
          ]
        ]
      }
    ],
    "EnergyStyle": "electronvolt",
    "ForcesStyle": "electronvoltperangstrom",
    "Label": "ASE generated",
    "LatticeStyle": "angstrom",
    "PositionsStyle": "angstrom",
    "StressStyle": "bar"
  }
}