{
  "Dataset": {
    "AtomTypeStyle": "chemicalsymbol",
    "Data": [
      {
        "AtomTypes": [
          "Cr"
        ],
        "Energy": 2239.6613690542536,
        "Forces": [
          [
            -3.1623959794119245,
            5.7685270112928,
            11.109616160013317
          ]
        ],
        "Lattice": [
          [
            4.260099840027933,
            0.0,
            0.0
          ],
          [
            0.22832857112597713,
            3.142935518078848,
            0.0
          ],
          [
            -0.40188929870855516,
            -1.8229435826461926,
            1.0373556115460019
          ]
        ],
        "NumAtoms": 1,
        "Positions": [
          [
            0.0,
            0.0,
            0.0
          ]
        ],
        "Stress": [
          [
            47838.58906361747,
            -28839.961211322898,
            -397416.28364848613
          ],
          [
            -28839.961211322898,
            2056741.5826495201,
            709024.6725039259
          ],
          [
            -397416.28364848613,
            709024.6725039259,
            1680446.653914177
          ]
        ]
      }
    ],
    "EnergyStyle": "electronvolt",
    "ForcesStyle": "electronvoltperangstrom",
    "Label": "ASE generated",
    "LatticeStyle": "angstrom",
    "PositionsStyle": "angstrom",
    "StressStyle": "bar"
  }
}