{
  "Dataset": {
    "AtomTypeStyle": "chemicalsymbol",
    "Data": [
      {
        "AtomTypes": [
          "Cr"
        ],
        "Energy": 2238.5631066971223,
        "Forces": [
          [
            -0.3317385690182323,
            -0.515627507683902,
            -0.0755065140266445
          ]
        ],
        "Lattice": [
          [
            4.0953299326628905,
            0.0,
            0.0
          ],
          [
            -2.779889481641907,
            4.10958577615849,
            0.0
          ],
          [
            -1.2961760190177374,
            -1.2139663659494626,
            5.8481639064820685
          ]
        ],
        "NumAtoms": 1,
        "Positions": [
          [
            0.0,
            0.0,
            0.0
          ]
        ],
        "Stress": [
          [
            -29025.31367817455,
            -2500.7872511731152,
            -54.42889899612075
          ],
          [
            -2500.7872511731152,
            -24693.067528348187,
            -77.96572018363241
          ],
          [
            -54.42889899612075,
            -77.96572018363241,
            -4813.279932846137
          ]
        ]
      }
    ],
    "EnergyStyle": "electronvolt",
    "ForcesStyle": "electronvoltperangstrom",
    "Label": "ASE generated",
    "LatticeStyle": "angstrom",
    "PositionsStyle": "angstrom",
    "StressStyle": "bar"
  }
}