{
  "Dataset": {
    "AtomTypeStyle": "chemicalsymbol",
    "Data": [
      {
        "AtomTypes": [
          "Cr"
        ],
        "Energy": 2238.268213539828,
        "Forces": [
          [
            -0.2202516077544511,
            -0.4684838097741236,
            -0.06874954586751181
          ]
        ],
        "Lattice": [
          [
            4.111999543903235,
            0.0,
            0.0
          ],
          [
            0.024602093271173055,
            3.4872141092034896,
            0.0
          ],
          [
            -1.6739703423257437,
            -2.6428108908634167,
            6.728468965688408
          ]
        ],
        "NumAtoms": 1,
        "Positions": [
          [
            0.0,
            0.0,
            0.0
          ]
        ],
        "Stress": [
          [
            -24510.65716414497,
            -105.91569534380253,
            7.355256621097396
          ],
          [
            -105.91569534380253,
            -30970.043528792707,
            13.239461917975316
          ],
          [
            7.355256621097396,
            13.239461917975316,
            -3726.1730042479417
          ]
        ]
      }
    ],
    "EnergyStyle": "electronvolt",
    "ForcesStyle": "electronvoltperangstrom",
    "Label": "ASE generated",
    "LatticeStyle": "angstrom",
    "PositionsStyle": "angstrom",
    "StressStyle": "bar"
  }
}