{
  "Dataset": {
    "AtomTypeStyle": "chemicalsymbol",
    "Data": [
      {
        "AtomTypes": [
          "Cr"
        ],
        "Energy": 2238.7225669082954,
        "Forces": [
          [
            -0.20787030091514147,
            -0.19428870805821244,
            -0.06274267914291486
          ]
        ],
        "Lattice": [
          [
            4.251459434569936,
            0.0,
            0.0
          ],
          [
            -2.3741042289119783,
            4.590305002964595,
            0.0
          ],
          [
            -0.7001133338472387,
            0.04018479457555504,
            6.22504217306995
          ]
        ],
        "NumAtoms": 1,
        "Positions": [
          [
            0.0,
            0.0,
            0.0
          ]
        ],
        "Stress": [
          [
            -16850.89291893414,
            -250.07872511731154,
            35.30523178126751
          ],
          [
            -250.07872511731154,
            -9380.894294547621,
            -0.0
          ],
          [
            35.30523178126751,
            -0.0,
            -3833.559750915964
          ]
        ]
      }
    ],
    "EnergyStyle": "electronvolt",
    "ForcesStyle": "electronvoltperangstrom",
    "Label": "ASE generated",
    "LatticeStyle": "angstrom",
    "PositionsStyle": "angstrom",
    "StressStyle": "bar"
  }
}