<?xml version="1.0" encoding="UTF-8"?>
<!-- All quantities are in Hartree atomic units unless otherwise specified -->
<qes:espresso xmlns:xsi="http://www.w3.org/2001/XMLSchema-instance" xmlns:qes="http://www.quantum-espresso.org/ns/qes/qes-1.0" xsi:schemaLocation="http://www.quantum-espresso.org/ns/qes/qes-1.0 http://www.quantum-espresso.org/ns/qes/qes_230310.xsd" Units="Hartree atomic units">
  <general_info>
    <xml_format NAME="QEXSD" VERSION="23.03.10">QEXSD_23.03.10</xml_format>
    <creator NAME="CP" VERSION="7.2">XML file generated by CP</creator>
    <created DATE="22Jul2023" TIME=" 8: 5:14">This run was terminated on:   8: 5:14  22 Jul 2023</created>
    <job>MD Simulation</job>
  </general_info>
  <parallel_info>
    <nprocs>24</nprocs>
    <nthreads>1</nthreads>
    <ntasks>1</ntasks>
    <nbgrp>1</nbgrp>
    <npool>1</npool>
    <ndiag>24</ndiag>
  </parallel_info>
  <output>
    <algorithmic_info>
      <real_space_q>false</real_space_q>
      <real_space_beta>false</real_space_beta>
      <uspp>true</uspp>
      <paw>false</paw>
    </algorithmic_info>
    <atomic_species ntyp="1">
      <species name="Cr">
        <mass>5.199610000000000E+01</mass>
        <pseudo_file>Cr.upf</pseudo_file>
      </species>
    </atomic_species>
    <atomic_structure nat="16" alat="13.6060280973055">
      <atomic_positions>
        <atom name="Cr" index="1">9.163832813266100E-02  -9.602136932407601E-02   7.252299182678046E-02</atom>
        <atom name="Cr" index="2">3.423273755142461E+00   3.423394660435349E+00   3.367073703110738E+00</atom>
        <atom name="Cr" index="3">-2.412399597199228E-02  -4.199611567268029E-02   6.795157547904557E+00</atom>
        <atom name="Cr" index="4">3.379596249459627E+00   3.363623843373918E+00   1.018330929435534E+01</atom>
        <atom name="Cr" index="5">-3.034422808370649E-03   6.752227855942888E+00  -6.682359265070754E-02</atom>
        <atom name="Cr" index="6">3.424035407853240E+00   1.031181632924099E+01   3.423497421308516E+00</atom>
        <atom name="Cr" index="7">-2.104921002238176E-02   6.867638931425128E+00   6.835355338872966E+00</atom>
        <atom name="Cr" index="8">3.496929745371736E+00   1.027857588415889E+01   1.019490031983987E+01</atom>
        <atom name="Cr" index="9">6.723630896441026E+00   6.646945487221196E-03  -8.097309797495264E-02</atom>
        <atom name="Cr" index="10">1.013831856702373E+01   3.476181654963157E+00   3.547197054380641E+00</atom>
        <atom name="Cr" index="11">6.788602938814589E+00   1.172243658661120E-02   6.762654058999132E+00</atom>
        <atom name="Cr" index="12">1.020180986149010E+01   3.351551205079969E+00   1.019453601403237E+01</atom>
        <atom name="Cr" index="13">6.827101958627072E+00   6.706288445060478E+00   1.253715825610456E-02</atom>
        <atom name="Cr" index="14">1.022518848746090E+01   1.024285792052594E+01   3.377710192692258E+00</atom>
        <atom name="Cr" index="15">6.762075835679992E+00   6.781490188254128E+00   6.781647626402882E+00</atom>
        <atom name="Cr" index="16">1.020217418113890E+01   1.020016976829540E+01   1.023586655247680E+01</atom>
      </atomic_positions>
      <cell>
        <a1>1.360602809730555E+01   0.000000000000000E+00   0.000000000000000E+00</a1>
        <a2>0.000000000000000E+00   1.360602809730555E+01   0.000000000000000E+00</a2>
        <a3>0.000000000000000E+00   0.000000000000000E+00   1.360602809730555E+01</a3>
      </cell>
    </atomic_structure>
    <basis_set>
      <gamma_only>true</gamma_only>
      <ecutwfc>3.000000000000000E+01</ecutwfc>
      <ecutrho>2.400000000000000E+02</ecutrho>
      <fft_grid nr1="96" nr2="96" nr3="96"></fft_grid>
      <fft_smooth nr1="72" nr2="72" nr3="72"></fft_smooth>
      <fft_box nr1="96" nr2="96" nr3="96"></fft_box>
      <ngm>223756</ngm>
      <ngms>79178</ngms>
      <npwx>9919</npwx>
      <reciprocal_lattice>
        <b1>1.000000000000000E+00   0.000000000000000E+00   0.000000000000000E+00</b1>
        <b2>0.000000000000000E+00   1.000000000000000E+00   0.000000000000000E+00</b2>
        <b3>0.000000000000000E+00   0.000000000000000E+00   1.000000000000000E+00</b3>
      </reciprocal_lattice>
    </basis_set>
    <dft>
      <functional>PBE</functional>
    </dft>
    <magnetization>
      <lsda>true</lsda>
      <noncolin>false</noncolin>
      <spinorbit>false</spinorbit>
      <absolute>0.000000000000000E+00</absolute>
    </magnetization>
    <total_energy>
      <etot>-6.583351887604558E+02</etot>
      <ehart>-1.136052212170172E+03</ehart>
      <vtxc>0.000000000000000E+00</vtxc>
      <etxc>-2.651139580710980E+02</etxc>
    </total_energy>
    <band_structure>
      <lsda>true</lsda>
      <noncolin>false</noncolin>
      <spinorbit>false</spinorbit>
      <nbnd_up>112</nbnd_up>
      <nbnd_dw>112</nbnd_dw>
      <nelec>2.240000000000000E+02</nelec>
      <num_of_atomic_wfc>160</num_of_atomic_wfc>
      <wf_collected>true</wf_collected>
      <starting_k_points>
        <nk>1</nk>
        <k_point weight="1.00000000000000">0.000000000000000E+00   0.000000000000000E+00   0.000000000000000E+00</k_point>
      </starting_k_points>
      <nks>1</nks>
      <occupations_kind spin="0">fixed</occupations_kind>
      <ks_energies>
        <k_point weight="1.00000000000000">0.000000000000000E+00   0.000000000000000E+00   0.000000000000000E+00</k_point>
        <npw>9919</npw>
        <eigenvalues size="224">
  -3.842225964777973E+00  -3.819833969617391E+00  -3.621677752356321E+00
  -3.578677741098390E+00  -3.502564019618887E+00
  -3.394708874680195E+00  -3.377918486184367E+00  -3.350896017431505E+00
  -3.240526855270601E+00  -3.223261316325851E+00
  -3.136980287536412E+00  -2.522138981937747E+00  -2.419616385496683E+00
  -2.281816734919731E+00  -2.244090961599920E+00
  -2.224282706688883E+00  -2.198880356609606E+00  -2.097741092365930E+00
  -2.050118749313938E+00  -2.039196339997257E+00
  -1.949973772892579E+00  -1.894104586356844E+00  -1.821054074188395E+00
  -1.793853455237680E+00  -1.777018604481934E+00
  -1.756590301658973E+00  -1.741529426709835E+00  -1.724764427850004E+00
  -1.700912909297722E+00  -1.692084225595640E+00
  -1.674070675796265E+00  -1.642678080789848E+00  -1.637651880500976E+00
  -1.614005887107370E+00  -1.603854116083505E+00
  -1.586880999942207E+00  -1.568603084890362E+00  -1.549724563939862E+00
  -1.523592406500883E+00  -1.496631781058865E+00
  -1.492377072268313E+00  -1.472438890727574E+00  -1.435040126183398E+00
  -1.415004214332218E+00  -1.410389882739035E+00
  -1.404552729155120E+00  -1.379465988716893E+00  -1.340288983053909E+00
  -1.326644876961447E+00  -1.319922879877721E+00
  -1.314270401746674E+00  -1.288390087094850E+00  -1.264113378101791E+00
  -1.255300949000695E+00  -1.247904847144971E+00
  -1.235672653227982E+00  -1.207634752497528E+00  -1.189739481031438E+00
  -1.177449285838718E+00  -1.153920819033849E+00
  -1.151983349991079E+00  -1.134230179618444E+00  -1.116656610677142E+00
  -1.111291696653760E+00  -1.092912930915617E+00
  -1.081263576867014E+00  -1.060069970537612E+00  -1.051403960233872E+00
  -1.027698144034634E+00  -1.005125677138912E+00
  -1.000500176570766E+00  -9.881500700624243E-01  -9.394761505552488E-01
  -9.311713824898675E-01  -9.149584805708397E-01
  -8.986257318246933E-01  -8.758019976261850E-01  -8.571767858653271E-01
  -8.431749866998440E-01  -8.277603122880992E-01
  -7.990155358748979E-01  -7.775128537930265E-01  -7.598677084890590E-01
  -7.218287989690595E-01  -6.725700796372160E-01
  -6.069301865377534E-01  -5.687430184645879E-01  -5.236121377456250E-01
  -5.139891440922900E-01  -4.917771543590350E-01
  -4.547703084772782E-01  -4.378015559881728E-01  -4.349264524681503E-01
  -4.100177009651807E-01  -3.730273881343428E-01
  -3.506258034595567E-01  -3.438926316630360E-01  -3.315923329348394E-01
  -3.139381071655181E-01  -3.063134157674159E-01
  -2.952529352578100E-01  -2.890859455700004E-01  -2.693059151647024E-01
  -2.260889765935708E-01  -2.098412462602200E-01
  -1.906058494018347E-01  -1.812051567423335E-01  -1.569179515088302E-01
  -1.495746833970584E-01  -1.214514157794533E-01
  -9.360854315516209E-02  -9.130346735973738E-02  -3.858347866871550E+00
  -3.714058207497290E+00  -3.621070674721505E+00
  -3.505269172307195E+00  -3.356949923656014E+00  -2.834098275906110E+00
  -2.672991914855445E+00  -2.630365646698162E+00
  -2.564301436557059E+00  -2.520202463332367E+00  -2.444336889111696E+00
  -2.438834029694817E+00  -2.399345915478114E+00
  -2.339290095898325E+00  -2.314606986029686E+00  -2.279125399585913E+00
  -2.256054499412998E+00  -2.176549713097208E+00
  -2.123026239949521E+00  -2.074624355607096E+00  -2.032033786511981E+00
  -1.995346181082140E+00  -1.941615858593021E+00
  -1.902669833832721E+00  -1.892672481181590E+00  -1.865160853336923E+00
  -1.808350079270781E+00  -1.793698250724957E+00
  -1.777073200546814E+00  -1.755121355732548E+00  -1.721891956248563E+00
  -1.697741785920391E+00  -1.693370421885598E+00
  -1.679854575505090E+00  -1.656707143857774E+00  -1.649391430706944E+00
  -1.624777149455426E+00  -1.619156203988720E+00
  -1.578663578904602E+00  -1.569683409539702E+00  -1.566743384729485E+00
  -1.561146418582890E+00  -1.533784905934792E+00
  -1.498608976289909E+00  -1.491714683682495E+00  -1.487099041199245E+00
  -1.460772128546306E+00  -1.436228221601394E+00
  -1.396829511756815E+00  -1.393517554839451E+00  -1.386705784294064E+00
  -1.362105437078913E+00  -1.349859717889736E+00
  -1.330508314806734E+00  -1.324736782439087E+00  -1.316970341348968E+00
  -1.279171383255967E+00  -1.274431236028819E+00
  -1.256232960768696E+00  -1.240739601026137E+00  -1.202440232888329E+00
  -1.182105824573212E+00  -1.164209884019393E+00
  -1.150186714431547E+00  -1.144846737255631E+00  -1.137920019277537E+00
  -1.128648719874530E+00  -1.118518950048878E+00
  -1.105705721555809E+00  -1.066440932374754E+00  -1.059832575211136E+00
  -1.046155213319860E+00  -1.015866503521400E+00
  -1.000274964327782E+00  -9.748614995048277E-01  -9.692211660072354E-01
  -9.584738578334565E-01  -9.492477056945142E-01
  -9.224678593268166E-01  -9.081087713480618E-01  -8.884198759322043E-01
  -8.644243301863435E-01  -8.531338520980537E-01
  -8.129390011577118E-01  -7.982472502034437E-01  -7.767205860497134E-01
  -7.522259910309451E-01  -7.462515843161079E-01
  -7.233984172513359E-01  -6.752453910680187E-01  -6.673661951304003E-01
  -5.289510675026402E-01  -5.143178621256245E-01
  -4.732260403390585E-01  -4.452785328283682E-01  -4.250609557631411E-01
  -3.957607950312749E-01  -3.755134542370926E-01
  -3.565579466752436E-01  -3.329133772408105E-01  -3.217020864985595E-01
  -3.043807911684135E-01  -2.977453768388606E-01
  -2.834669439534676E-01  -2.562474297255529E-01  -2.371549145983908E-01
  -2.128325948240713E-01  -1.982592345271446E-01
  -1.694053951969245E-01  -1.445733672964418E-01  -1.259241862662931E-01
  -1.035227131910957E-01
        </eigenvalues>
        <occupations size="224">
   1.000000000000000E+00   1.000000000000000E+00   1.000000000000000E+00
   1.000000000000000E+00   1.000000000000000E+00
   1.000000000000000E+00   1.000000000000000E+00   1.000000000000000E+00
   1.000000000000000E+00   1.000000000000000E+00
   1.000000000000000E+00   1.000000000000000E+00   1.000000000000000E+00
   1.000000000000000E+00   1.000000000000000E+00
   1.000000000000000E+00   1.000000000000000E+00   1.000000000000000E+00
   1.000000000000000E+00   1.000000000000000E+00
   1.000000000000000E+00   1.000000000000000E+00   1.000000000000000E+00
   1.000000000000000E+00   1.000000000000000E+00
   1.000000000000000E+00   1.000000000000000E+00   1.000000000000000E+00
   1.000000000000000E+00   1.000000000000000E+00
   1.000000000000000E+00   1.000000000000000E+00   1.000000000000000E+00
   1.000000000000000E+00   1.000000000000000E+00
   1.000000000000000E+00   1.000000000000000E+00   1.000000000000000E+00
   1.000000000000000E+00   1.000000000000000E+00
   1.000000000000000E+00   1.000000000000000E+00   1.000000000000000E+00
   1.000000000000000E+00   1.000000000000000E+00
   1.000000000000000E+00   1.000000000000000E+00   1.000000000000000E+00
   1.000000000000000E+00   1.000000000000000E+00
   1.000000000000000E+00   1.000000000000000E+00   1.000000000000000E+00
   1.000000000000000E+00   1.000000000000000E+00
   1.000000000000000E+00   1.000000000000000E+00   1.000000000000000E+00
   1.000000000000000E+00   1.000000000000000E+00
   1.000000000000000E+00   1.000000000000000E+00   1.000000000000000E+00
   1.000000000000000E+00   1.000000000000000E+00
   1.000000000000000E+00   1.000000000000000E+00   1.000000000000000E+00
   1.000000000000000E+00   1.000000000000000E+00
   1.000000000000000E+00   1.000000000000000E+00   1.000000000000000E+00
   1.000000000000000E+00   1.000000000000000E+00
   1.000000000000000E+00   1.000000000000000E+00   1.000000000000000E+00
   1.000000000000000E+00   1.000000000000000E+00
   1.000000000000000E+00   1.000000000000000E+00   1.000000000000000E+00
   1.000000000000000E+00   1.000000000000000E+00
   1.000000000000000E+00   1.000000000000000E+00   1.000000000000000E+00
   1.000000000000000E+00   1.000000000000000E+00
   1.000000000000000E+00   1.000000000000000E+00   1.000000000000000E+00
   1.000000000000000E+00   1.000000000000000E+00
   1.000000000000000E+00   1.000000000000000E+00   1.000000000000000E+00
   1.000000000000000E+00   1.000000000000000E+00
   1.000000000000000E+00   1.000000000000000E+00   1.000000000000000E+00
   1.000000000000000E+00   1.000000000000000E+00
   1.000000000000000E+00   1.000000000000000E+00   1.000000000000000E+00
   1.000000000000000E+00   1.000000000000000E+00
   1.000000000000000E+00   1.000000000000000E+00   1.000000000000000E+00
   1.000000000000000E+00   1.000000000000000E+00
   1.000000000000000E+00   1.000000000000000E+00   1.000000000000000E+00
   1.000000000000000E+00   1.000000000000000E+00
   1.000000000000000E+00   1.000000000000000E+00   1.000000000000000E+00
   1.000000000000000E+00   1.000000000000000E+00
   1.000000000000000E+00   1.000000000000000E+00   1.000000000000000E+00
   1.000000000000000E+00   1.000000000000000E+00
   1.000000000000000E+00   1.000000000000000E+00   1.000000000000000E+00
   1.000000000000000E+00   1.000000000000000E+00
   1.000000000000000E+00   1.000000000000000E+00   1.000000000000000E+00
   1.000000000000000E+00   1.000000000000000E+00
   1.000000000000000E+00   1.000000000000000E+00   1.000000000000000E+00
   1.000000000000000E+00   1.000000000000000E+00
   1.000000000000000E+00   1.000000000000000E+00   1.000000000000000E+00
   1.000000000000000E+00   1.000000000000000E+00
   1.000000000000000E+00   1.000000000000000E+00   1.000000000000000E+00
   1.000000000000000E+00   1.000000000000000E+00
   1.000000000000000E+00   1.000000000000000E+00   1.000000000000000E+00
   1.000000000000000E+00   1.000000000000000E+00
   1.000000000000000E+00   1.000000000000000E+00   1.000000000000000E+00
   1.000000000000000E+00   1.000000000000000E+00
   1.000000000000000E+00   1.000000000000000E+00   1.000000000000000E+00
   1.000000000000000E+00   1.000000000000000E+00
   1.000000000000000E+00   1.000000000000000E+00   1.000000000000000E+00
   1.000000000000000E+00   1.000000000000000E+00
   1.000000000000000E+00   1.000000000000000E+00   1.000000000000000E+00
   1.000000000000000E+00   1.000000000000000E+00
   1.000000000000000E+00   1.000000000000000E+00   1.000000000000000E+00
   1.000000000000000E+00   1.000000000000000E+00
   1.000000000000000E+00   1.000000000000000E+00   1.000000000000000E+00
   1.000000000000000E+00   1.000000000000000E+00
   1.000000000000000E+00   1.000000000000000E+00   1.000000000000000E+00
   1.000000000000000E+00   1.000000000000000E+00
   1.000000000000000E+00   1.000000000000000E+00   1.000000000000000E+00
   1.000000000000000E+00   1.000000000000000E+00
   1.000000000000000E+00   1.000000000000000E+00   1.000000000000000E+00
   1.000000000000000E+00   1.000000000000000E+00
   1.000000000000000E+00   1.000000000000000E+00   1.000000000000000E+00
   1.000000000000000E+00   1.000000000000000E+00
   1.000000000000000E+00   1.000000000000000E+00   1.000000000000000E+00
   1.000000000000000E+00   1.000000000000000E+00
   1.000000000000000E+00   1.000000000000000E+00   1.000000000000000E+00
   1.000000000000000E+00   1.000000000000000E+00
   1.000000000000000E+00   1.000000000000000E+00   1.000000000000000E+00
   1.000000000000000E+00
        </occupations>
      </ks_energies>
    </band_structure>
    <forces rank="2" dims="           3          16">
   2.978940630619608E+00   8.340925074722743E-01   2.497997294673847E+00
  -9.978067343625896E-01  -1.121572956012223E+00   8.055695181540968E-01
   1.405228780911241E+00   6.567048366450626E-01  -7.186422879932705E-01
   1.405526599489142E+00  -1.689242077408284E-01  -7.116785383172730E-01
  -8.357331969926511E-01   5.349220073295780E-02  -7.680913856882494E-01
  -3.496910212131986E-01   1.272541029235372E+00  -8.724777309741785E-02
  -2.712470350981635E-01   4.364434219491858E-01  -2.775364983212670E-01
  -4.870730024712498E-01  -7.759949775066359E-01   2.132728025277306E-01
   1.350087852121961E+00   1.818914558913241E+00   2.068535414737639E+00
  -5.593389319581211E-01  -9.509739647057278E-01  -7.022691505399747E-01
   7.824335658063032E-01  -6.395723648891183E-01  -5.320179450742155E-01
  -5.956783939867931E-01  -5.178978741391983E-01  -2.540319646870679E+00
   6.653411692184185E-01  -1.906144647904497E+00   1.234542648532871E+00
   1.313360932191712E+00  -2.603678345112187E-02   2.052262188179426E-01
   1.568779289467625E+00  -9.041397733972942E-01  -1.077919226642351E+00
   4.726252229948534E-01   1.908993548825889E+00   1.696275760639766E+00
    </forces>
  </output>
  <STATUS>
    <STEP ITERATION="200"/>
    <TIME UNITS="pico-seconds">2.418884326585714E-02</TIME>
    <TITLE>temporary title</TITLE>
    <KINETIC_ENERGY UNITS="Hartree">9.724837104719469E+02</KINETIC_ENERGY>
    <HARTREE_ENERGY>-1.136052212170172E+03</HARTREE_ENERGY>
    <EWALD_TERM>9.105699779575837E-06</EWALD_TERM>
    <GAUSS_SELFINT>1.251082991338893E+03</GAUSS_SELFINT>
    <LPSP_ENERGY>-4.555987247990004E+02</LPSP_ENERGY>
    <NLPSP_ENERGY>2.259459958078676E+02</NLPSP_ENERGY>
    <EXC_ENERGY>-2.651139580710980E+02</EXC_ENERGY>
    <AVERAGE_POT>0.000000000000000E+00</AVERAGE_POT>
    <ENTHALPY>-6.583351887604558E+02</ENTHALPY>
  </STATUS>
  <TIMESTEPS nt="2">
    <STEP0>
      <ACCUMULATORS>
   1.305654117819380E+05   1.701039191453846E+05  -3.581724179242785E+05
  -1.440178991627147E+05   5.116375006436158E+05  -1.440178991627147E+05
  -1.439790129334346E+05   0.000000000000000E+00   5.037604706881213E+05
   0.000000000000000E+00
      </ACCUMULATORS>
      <IONS_POSITIONS>
        <stau>
   6.735127068479926E-03  -7.057266723055754E-03   5.330210352949548E-03
   2.515997858199621E-01   2.516086719763057E-01   2.474692598773578E-01
  -1.773037347818623E-03  -3.086581577837322E-03   4.994225720620281E-01
   2.483896273982339E-01   2.472157061060332E-01   7.484410014096609E-01
  -2.230204720047262E-04   4.962673755818612E-01  -4.911322552974948E-03
   2.516557648834575E-01   7.578858617294109E-01   2.516162245752296E-01
  -1.547050312688258E-03   5.047497243361678E-01   5.023769824660731E-01
   2.570132679693824E-01   7.554427942269497E-01   7.492929050954117E-01
   4.941655895722083E-01   4.885294547155548E-04  -5.951266408966777E-03
   7.451343253532943E-01   2.554883489952192E-01   2.607077560778451E-01
   4.989408290402518E-01   8.615619858180829E-04   4.970336685059740E-01
   7.498007345369520E-01   2.463284054031676E-01   7.492661297716439E-01
   5.017703851412059E-01   4.928909742872389E-01   9.214414498076290E-04
   7.515189895488925E-01   7.528176369527246E-01   2.482510081954894E-01
   4.969911709221821E-01   4.984180643869972E-01   4.984296355926149E-01
   7.498275108780110E-01   7.496801928782857E-01   7.523037935298582E-01
        </stau>
        <svel>
   2.995725056020913E-06   1.320098837070708E-05  -8.867092914024885E-06
  -2.806461363273743E-05   1.500027058445911E-05   6.793725286223530E-06
  -1.956074457086391E-05   6.929218258312700E-06   1.872601837992960E-06
   3.152584566018861E-06   5.523036403853366E-06  -1.035819724906154E-05
   1.698874535786791E-05   1.527256224759396E-05  -4.757063373026542E-05
   6.189126977288916E-06   4.616786532094887E-06  -2.819341423863217E-06
  -2.131964382123365E-05   1.219669522983916E-05   1.006186743695964E-05
  -2.173415283068401E-05  -8.750115120668897E-06   7.026723961791764E-06
   3.250781350280202E-05   4.724293834369831E-06   1.418027707344411E-05
   1.279859585135327E-05  -2.204190147056096E-05  -9.763142912577949E-06
   1.832909082954427E-05  -5.219707822244897E-05   1.495471631935151E-05
   4.289744365379758E-06   1.020548732673101E-06  -1.428131953289330E-05
   1.307266509374497E-05  -3.506383898701715E-05   3.699289933372918E-05
   4.121732454259882E-05   6.999160549963377E-06   8.658558313617569E-06
   4.422818617965302E-05   1.347697155516072E-05  -7.554977460637149E-06
   1.658488525870546E-05   1.862597863265652E-05   2.092264591884855E-05
        </svel>
        <taui>
  -5.102260536489581E+00  -5.102260536489581E+00  -5.102260536489581E+00
  -1.700753512163195E+00  -1.700753512163195E+00  -1.700753512163195E+00
  -5.102260536489581E+00  -5.102260536489581E+00   1.700753512163192E+00
  -1.700753512163195E+00  -1.700753512163195E+00   5.102260536489577E+00
  -5.102260536489581E+00   1.700753512163192E+00  -5.102260536489581E+00
  -1.700753512163195E+00   5.102260536489577E+00  -1.700753512163195E+00
  -5.102260536489581E+00   1.700753512163192E+00   1.700753512163192E+00
  -1.700753512163195E+00   5.102260536489577E+00   5.102260536489577E+00
   1.700753512163192E+00  -5.102260536489581E+00  -5.102260536489581E+00
   5.102260536489577E+00  -1.700753512163195E+00  -1.700753512163195E+00
   1.700753512163192E+00  -5.102260536489581E+00   1.700753512163192E+00
   5.102260536489577E+00  -1.700753512163195E+00   5.102260536489577E+00
   1.700753512163192E+00   1.700753512163192E+00  -5.102260536489581E+00
   5.102260536489577E+00   5.102260536489577E+00  -1.700753512163195E+00
   1.700753512163192E+00   1.700753512163192E+00   1.700753512163192E+00
   5.102260536489577E+00   5.102260536489577E+00   5.102260536489577E+00
        </taui>
        <cdmi>5.102260536489581E+00   5.102260536489581E+00   5.102260536489581E+00</cdmi>
        <force>
   5.957881261239216E+00   1.668185014944549E+00   4.995994589347694E+00
  -1.995613468725179E+00  -2.243145912024446E+00   1.611139036308194E+00
   2.810457561822481E+00   1.313409673290125E+00  -1.437284575986541E+00
   2.811053198978285E+00  -3.378484154816569E-01  -1.423357076634546E+00
  -1.671466393985302E+00   1.069844014659156E-01  -1.536182771376499E+00
  -6.993820424263972E-01   2.545082058470745E+00  -1.744955461948357E-01
  -5.424940701963270E-01   8.728868438983717E-01  -5.550729966425341E-01
  -9.741460049424997E-01  -1.551989955013272E+00   4.265456050554612E-01
   2.700175704243922E+00   3.637829117826482E+00   4.137070829475277E+00
  -1.118677863916242E+00  -1.901947929411456E+00  -1.404538301079949E+00
   1.564867131612606E+00  -1.279144729778237E+00  -1.064035890148431E+00
  -1.191356787973586E+00  -1.035795748278397E+00  -5.080639293741358E+00
   1.330682338436837E+00  -3.812289295808995E+00   2.469085297065743E+00
   2.626721864383423E+00  -5.207356690224374E-02   4.104524376358851E-01
   3.137558578935250E+00  -1.808279546794588E+00  -2.155838453284702E+00
   9.452504459897068E-01   3.817987097651777E+00   3.392551521279533E+00
        </force>
      </IONS_POSITIONS>
      <IONS_NOSE>
        <nhpcl>1</nhpcl>
        <nhpdim>1</nhpdim>
        <xnhp>4.077117838993020E-02</xnhp>
        <vnhp>8.677026988483175E-05</vnhp>
      </IONS_NOSE>
      <ekincm>7.088325819439144E+02</ekincm>
      <ELECTRONS_NOSE>
        <xnhe>0.000000000000000E+00</xnhe>
        <vnhe>0.000000000000000E+00</vnhe>
      </ELECTRONS_NOSE>
      <CELL_PARAMETERS>
        <ht>
   1.360602809730555E+01   0.000000000000000E+00   0.000000000000000E+00
   0.000000000000000E+00   1.360602809730555E+01   0.000000000000000E+00
   0.000000000000000E+00   0.000000000000000E+00   1.360602809730555E+01
        </ht>
        <htvel>
   0.000000000000000E+00   0.000000000000000E+00   0.000000000000000E+00
   0.000000000000000E+00   0.000000000000000E+00   0.000000000000000E+00
   0.000000000000000E+00   0.000000000000000E+00   0.000000000000000E+00
        </htvel>
        <gvel>
   0.000000000000000E+00   0.000000000000000E+00   0.000000000000000E+00
   0.000000000000000E+00   0.000000000000000E+00   0.000000000000000E+00
   0.000000000000000E+00   0.000000000000000E+00   0.000000000000000E+00
        </gvel>
      </CELL_PARAMETERS>
      <CELL_NOSE>
        <xnhh>
   0.000000000000000E+00   0.000000000000000E+00   0.000000000000000E+00
   0.000000000000000E+00   0.000000000000000E+00   0.000000000000000E+00
   0.000000000000000E+00   0.000000000000000E+00   0.000000000000000E+00
        </xnhh>
        <vnhh>
   0.000000000000000E+00   0.000000000000000E+00   0.000000000000000E+00
   0.000000000000000E+00   0.000000000000000E+00   0.000000000000000E+00
   0.000000000000000E+00   0.000000000000000E+00   0.000000000000000E+00
        </vnhh>
      </CELL_NOSE>
    </STEP0>
    <STEPM>
      <IONS_POSITIONS>
        <stau>
   6.855866910759403E-03  -7.106735447999034E-03   5.442689044597967E-03
   2.517418847700530E-01   2.514893922228788E-01   2.474701054628409E-01
  -1.607897937926628E-03  -3.136528752745454E-03   4.993993492780693E-01
   2.484232789057080E-01   2.471677989341484E-01   7.484890630733149E-01
  -2.900331775612049E-04   4.961788287654568E-01  -4.677164206069511E-03
   2.516289764309770E-01   7.578905914093685E-01   2.516164165876370E-01
  -1.409535952891353E-03   5.047306459996184E-01   5.023129567686883E-01
   2.571503228546351E-01   7.554693856047145E-01   7.492693185709349E-01
   4.940426410844085E-01   5.495992593413927E-04  -5.957291965445559E-03
   7.450704557102603E-01   2.555663301592346E-01   2.607503403756993E-01
   4.989115347450048E-01   1.120556772778576E-03   4.969705832986306E-01
   7.497759392423382E-01   2.462992867275001E-01   7.492699316800991E-01
   5.017406815185995E-01   4.930307267640234E-01   7.363544777804190E-04
   7.513461626060286E-01   7.527911402790544E-01   2.482174338400631E-01
   4.968438016607561E-01   4.983134300086167E-01   4.984611771739715E-01
   7.497759206288526E-01   7.496455512940110E-01   7.522287365391909E-01
        </stau>
        <svel>
  -3.380379538374841E-05   6.654034797671030E-06  -3.187125894485253E-05
  -2.265492406576253E-05   2.820323901229771E-05  -2.976646422583884E-06
  -3.658286278284660E-05   7.437645727633975E-06   7.748886126118792E-06
  -1.028073136611074E-05   1.023130315299103E-05  -6.538101812447739E-06
   1.854796860893742E-05   1.749847631505874E-05  -4.354674795193419E-05
   8.616526165422523E-06  -5.888278694410332E-06   6.163956410953908E-07
  -2.455536784063972E-05   2.116700843379782E-06   1.420065409181159E-05
  -2.362649110054793E-05  -2.317450690969558E-06   4.207731692029703E-06
   2.126105185783489E-05  -1.927755665455011E-05  -6.499836014911033E-06
   1.684737710740958E-05  -1.191907855277452E-05  -5.478880081782878E-06
   4.727483107030972E-06  -4.933725737767784E-05   1.499938110532395E-05
   9.171734356128171E-06   7.826090345564030E-06   9.407145107831472E-06
   5.263444574277188E-06  -2.057191934218827E-05   3.255439801801058E-05
   3.138133241173957E-05   5.394164400618351E-06   6.236935533079913E-06
   2.529819227513053E-05   2.443033388385141E-05  -1.813106102815931E-06
   1.038906207571078E-05  -4.804471665620369E-07   8.753050016008236E-06
        </svel>
      </IONS_POSITIONS>
      <IONS_NOSE>
        <nhpcl>1</nhpcl>
        <nhpdim>1</nhpdim>
        <xnhp>4.033649935787088E-02</xnhp>
      </IONS_NOSE>
      <ELECTRONS_NOSE>
        <xnhe>0.000000000000000E+00</xnhe>
      </ELECTRONS_NOSE>
      <CELL_PARAMETERS>
        <ht>
   1.360602809730555E+01   0.000000000000000E+00   0.000000000000000E+00
   0.000000000000000E+00   1.360602809730555E+01   0.000000000000000E+00
   0.000000000000000E+00   0.000000000000000E+00   1.360602809730555E+01
        </ht>
      </CELL_PARAMETERS>
      <CELL_NOSE>
        <xnhh>
   0.000000000000000E+00   0.000000000000000E+00   0.000000000000000E+00
   0.000000000000000E+00   0.000000000000000E+00   0.000000000000000E+00
   0.000000000000000E+00   0.000000000000000E+00   0.000000000000000E+00
        </xnhh>
      </CELL_NOSE>
    </STEPM>
  </TIMESTEPS>
  <exit_status>0</exit_status>
  <timing_info>
    <total label="CP">
      <cpu>7.507129129000000E+03</cpu>
      <wall>7.515087283849716E+03</wall>
    </total>
    <partial label="initialize" calls="1">
      <cpu>4.519991000000000E+01</cpu>
      <wall>4.536465692520142E+01</wall>
    </partial>
    <partial label="init_dim" calls="1">
      <cpu>8.652199999999999E-02</cpu>
      <wall>8.890199661254883E-02</wall>
    </partial>
    <partial label="nlinit" calls="1">
      <cpu>5.133610000000000E+00</cpu>
      <wall>5.219040155410767E+00</wall>
    </partial>
    <partial label="qradx" calls="1">
      <cpu>1.309724000000000E+00</cpu>
      <wall>1.314798116683960E+00</wall>
    </partial>
    <partial label="betagx" calls="1">
      <cpu>2.668882000000000E+00</cpu>
      <wall>2.669547080993652E+00</wall>
    </partial>
    <partial label="newnlinit" calls="1">
      <cpu>7.974749999999995E-01</cpu>
      <wall>8.768930435180664E-01</wall>
    </partial>
    <partial label="from_scratch" calls="1">
      <cpu>3.997247100000000E+01</cpu>
      <wall>4.004097509384155E+01</wall>
    </partial>
    <partial label="strucf" calls="201">
      <cpu>4.528899999968417E-02</cpu>
      <wall>4.575562477111816E-02</wall>
    </partial>
    <partial label="fftb" calls="431949">
      <cpu>2.289302975999953E+03</cpu>
      <wall>2.291042599201202E+03</wall>
    </partial>
    <partial label="prefor" calls="801">
      <cpu>3.903140000029452E-01</cpu>
      <wall>4.039404392242432E-01</wall>
    </partial>
    <partial label="gram" calls="1">
      <cpu>8.140699999999956E-02</cpu>
      <wall>8.240294456481934E-02</wall>
    </partial>
    <partial label="calbec" calls="404">
      <cpu>8.071249999948122E-01</cpu>
      <wall>8.539061546325684E-01</wall>
    </partial>
    <partial label="nlsm1" calls="404">
      <cpu>8.057349999953658E-01</cpu>
      <wall>8.529479503631592E-01</wall>
    </partial>
    <partial label="formf" calls="1">
      <cpu>2.550000000001162E-04</cpu>
      <wall>2.849102020263672E-04</wall>
    </partial>
    <partial label="rhoofr" calls="201">
      <cpu>1.995750100000023E+02</cpu>
      <wall>1.998560142517090E+02</wall>
    </partial>
    <partial label="fftw" calls="67536">
      <cpu>1.228656400004820E+01</cpu>
      <wall>1.260086202621460E+01</wall>
    </partial>
    <partial label="fft_scatter" calls="70972">
      <cpu>7.145756000036272E+00</cpu>
      <wall>7.514909744262695E+00</wall>
    </partial>
    <partial label="ffts" calls="402">
      <cpu>1.361799999949653E-01</cpu>
      <wall>1.392805576324463E-01</wall>
    </partial>
    <partial label="fft" calls="3034">
      <cpu>3.051190999992286E+00</cpu>
      <wall>3.372864484786987E+00</wall>
    </partial>
    <partial label="rhov" calls="201">
      <cpu>1.932562440000011E+02</cpu>
      <wall>1.933261747360229E+02</wall>
    </partial>
    <partial label="set_cc" calls="201">
      <cpu>2.105238099999679E+01</cpu>
      <wall>2.107780528068542E+01</wall>
    </partial>
    <partial label="vofrho" calls="201">
      <cpu>7.376563900000747E+01</cpu>
      <wall>7.420407843589783E+01</wall>
    </partial>
    <partial label="force_loc" calls="201">
      <cpu>1.560910000043805E-01</cpu>
      <wall>1.584899425506592E-01</wall>
    </partial>
    <partial label="exch_corr" calls="201">
      <cpu>8.172451000002184E+00</cpu>
      <wall>8.463260412216187E+00</wall>
    </partial>
    <partial label="forcecc" calls="201">
      <cpu>6.442037199999049E+01</cpu>
      <wall>6.445553374290466E+01</wall>
    </partial>
    <partial label="newd" calls="201">
      <cpu>7.170158542000001E+03</cpu>
      <wall>7.172549966812134E+03</wall>
    </partial>
    <partial label="runcp_uspp" calls="201">
      <cpu>1.597861699999976E+01</cpu>
      <wall>1.634124255180359E+01</wall>
    </partial>
    <partial label="dforce" calls="22512">
      <cpu>1.582204600003752E+01</cpu>
      <wall>1.619931864738464E+01</wall>
    </partial>
    <partial label="nlfq" calls="201">
      <cpu>3.086842000001525E+00</cpu>
      <wall>3.277756214141846E+00</wall>
    </partial>
    <partial label="nlsm2" calls="201">
      <cpu>3.008853000011186E+00</cpu>
      <wall>3.199611186981201E+00</wall>
    </partial>
    <partial label="calphi" calls="201">
      <cpu>9.616439999981594E-01</cpu>
      <wall>9.980940818786621E-01</wall>
    </partial>
    <partial label="ortho" calls="201">
      <cpu>7.833785999991960E+00</cpu>
      <wall>8.015074253082275E+00</wall>
    </partial>
    <partial label="nlsm1us" calls="402">
      <cpu>1.585301000001891E+00</cpu>
      <wall>1.659362792968750E+00</wall>
    </partial>
    <partial label="rhoset" calls="402">
      <cpu>4.765639999923224E-01</cpu>
      <wall>5.051012039184570E-01</wall>
    </partial>
    <partial label="sigset" calls="402">
      <cpu>4.008509999903254E-01</cpu>
      <wall>4.300208091735840E-01</wall>
    </partial>
    <partial label="tauset" calls="402">
      <cpu>3.970180000005712E-01</cpu>
      <wall>4.341518878936768E-01</wall>
    </partial>
    <partial label="rsg" calls="402">
      <cpu>1.515275999993719E+00</cpu>
      <wall>1.516332626342773E+00</wall>
    </partial>
    <partial label="ortho_iter" calls="402">
      <cpu>2.975469999993038E+00</cpu>
      <wall>2.978216171264648E+00</wall>
    </partial>
    <partial label="nlfl" calls="201">
      <cpu>6.810439999981099E-01</cpu>
      <wall>6.822626590728760E-01</wall>
    </partial>
    <partial label="updatc" calls="201">
      <cpu>5.217010000014852E-01</cpu>
      <wall>5.414493083953857E-01</wall>
    </partial>
    <partial label="main_loop" calls="200">
      <cpu>7.460206150000001E+03</cpu>
      <wall>7.464397800207138E+03</wall>
    </partial>
    <partial label="cpr_md" calls="199">
      <cpu>7.461812220000002E+03</cpu>
      <wall>7.469594183444977E+03</wall>
    </partial>
    <partial label="move_electro" calls="200">
      <cpu>7.445640433000001E+03</cpu>
      <wall>7.449328149795532E+03</wall>
    </partial>
    <partial label="restart" calls="19">
      <cpu>1.575093999998899E+00</cpu>
      <wall>5.080954790115356E+00</wall>
    </partial>
  </timing_info>
  <closed DATE="22 Jul 2023" TIME=" 8: 5:14"></closed>
</qes:espresso>
