{
  "Dataset": {
    "AtomTypeStyle": "chemicalsymbol",
    "Data": [
      {
        "AtomTypes": [
          "Ni"
        ],
        "Energy": -4.733415705703919,
        "Forces": [
          [
            0.058792273625746155,
            0.057679187205461155,
            -0.047292268060693636
          ]
        ],
        "Lattice": [
          [
            2.4570116828702675,
            0.019426758377700568,
            4.129222674503518e-05
          ],
          [
            -0.12513776191115566,
            2.4539155702137467,
            1.7715794581259857e-05
          ],
          [
            -1.1658887781009695,
            -1.2366372435074908,
            1.7744195040480932
          ]
        ],
        "NumAtoms": 1,
        "Positions": [
          [
            0.0,
            0.0,
            0.0
          ]
        ],
        "Stress": [
          [
            267.7313410079453,
            15388.667902659978,
            -39.71838575392595
          ],
          [
            15388.667902659978,
            2053.5876486103934,
            -10.297359269536358
          ],
          [
            -39.71838575392595,
            -10.297359269536358,
            -14242.718921093003
          ]
        ]
      }
    ],
    "EnergyStyle": "electronvolt",
    "ForceStyle": "electronvoltperangstrom",
    "ForcesStyle": null,
    "Label": "ASE generated",
    "LatticeStyle": "angstrom",
    "PositionsStyle": "angstrom",
    "StressStyle": "bar"
  }
}