{
  "Dataset": {
    "AtomTypeStyle": "chemicalsymbol",
    "Data": [
      {
        "AtomTypes": [
          "Ni"
        ],
        "Energy": -4.715245968329327,
        "Forces": [
          [
            0.5955199443428819,
            0.5391631843246646,
            0.3156168251412841
          ]
        ],
        "Lattice": [
          [
            2.4194796898824773,
            0.0,
            0.0
          ],
          [
            -0.14232347327764686,
            2.415289151059601,
            0.0
          ],
          [
            -1.138561171944586,
            -1.2076252196922814,
            1.7604545535132183
          ]
        ],
        "NumAtoms": 1,
        "Positions": [
          [
            0.0,
            0.0,
            0.0
          ]
        ],
        "Stress": [
          [
            129437.806018072,
            33698.84373521984,
            136.8077731524116
          ],
          [
            33698.84373521984,
            133502.32082689044,
            39.71838575392595
          ],
          [
            136.8077731524116,
            39.71838575392595,
            97723.41051922426
          ]
        ]
      }
    ],
    "EnergyStyle": "electronvolt",
    "ForceStyle": "electronvoltperangstrom",
    "ForcesStyle": null,
    "Label": "ASE generated",
    "LatticeStyle": "angstrom",
    "PositionsStyle": "angstrom",
    "StressStyle": "bar"
  }
}