{
  "Dataset": {
    "AtomTypeStyle": "chemicalsymbol",
    "Data": [
      {
        "AtomTypes": [
          "Ni"
        ],
        "Energy": -4.734407425466998,
        "Forces": [
          [
            0.0007220917833732054,
            0.0006656017042612864,
            0.0006461691076050643
          ]
        ],
        "Lattice": [
          [
            2.459865299541883,
            0.03645635617263539,
            1.635898421904138e-05
          ],
          [
            -0.10830577105689584,
            2.457744576370166,
            1.6233040043453235e-05
          ],
          [
            -1.1757499768574355,
            -1.2470689635584218,
            1.7648245703292
          ]
        ],
        "NumAtoms": 1,
        "Positions": [
          [
            0.0,
            0.0,
            0.0
          ]
        ],
        "Stress": [
          [
            188.29456950009336,
            -0.0,
            2.9421026484389587
          ],
          [
            -0.0,
            198.59192876962973,
            2.9421026484389587
          ],
          [
            2.9421026484389587,
            2.9421026484389587,
            189.76562082431283
          ]
        ]
      }
    ],
    "EnergyStyle": "electronvolt",
    "ForceStyle": "electronvoltperangstrom",
    "ForcesStyle": null,
    "Label": "ASE generated",
    "LatticeStyle": "angstrom",
    "PositionsStyle": "angstrom",
    "StressStyle": "bar"
  }
}