{
  "Dataset": {
    "AtomTypeStyle": "chemicalsymbol",
    "Data": [
      {
        "AtomTypes": [
          "Ni"
        ],
        "Energy": -4.734406473067793,
        "Forces": [
          [
            0.003393305665807969,
            0.0029145337414569054,
            0.003065115837887155
          ]
        ],
        "Lattice": [
          [
            2.459671298943883,
            0.03653345623353808,
            1.051528030719322e-05
          ],
          [
            -0.10821739475886034,
            2.4575553510672945,
            1.6654265101302652e-05
          ],
          [
            -1.1757014777662897,
            -1.2470129094042723,
            1.7646336156752112
          ]
        ],
        "NumAtoms": 1,
        "Positions": [
          [
            0.0,
            0.0,
            0.0
          ]
        ],
        "Stress": [
          [
            900.2834104223215,
            -16.181564566414277,
            14.710513242194793
          ],
          [
            -16.181564566414277,
            898.812359098102,
            0.0
          ],
          [
            14.710513242194793,
            0.0,
            913.5228723402969
          ]
        ]
      }
    ],
    "EnergyStyle": "electronvolt",
    "ForceStyle": "electronvoltperangstrom",
    "ForcesStyle": null,
    "Label": "ASE generated",
    "LatticeStyle": "angstrom",
    "PositionsStyle": "angstrom",
    "StressStyle": "bar"
  }
}