{
  "Dataset": {
    "AtomTypeStyle": "chemicalsymbol",
    "Data": [
      {
        "AtomTypes": [
          "Cr"
        ],
        "Energy": -42.74183056527636,
        "Forces": [
          [
            -1.0286433110193745,
            -2.1283308261018727,
            -0.9798526292009052
          ]
        ],
        "Lattice": [
          [
            4.091739465304212,
            0.0,
            0.0
          ],
          [
            -0.5481253270326869,
            3.294157150029788,
            0.0
          ],
          [
            -3.6590912094613404,
            -1.160278193218454,
            1.689061867798648
          ]
        ],
        "NumAtoms": 1,
        "Positions": [
          [
            0.0,
            0.0,
            0.0
          ]
        ],
        "Stress": [
          [
            -135392.62177851246,
            8101.079642476674,
            5020.698169561084
          ],
          [
            8101.079642476674,
            -215376.62437897403,
            -38279.6975588393
          ],
          [
            5020.698169561084,
            -38279.6975588393,
            -153973.47105472872
          ]
        ]
      }
    ],
    "EnergyStyle": "electronvolt",
    "ForcesStyle": "electronvoltperangstrom",
    "Label": "ASE generated",
    "LatticeStyle": "angstrom",
    "PositionsStyle": "angstrom",
    "StressStyle": "bar"
  }
}