<?xml version="1.0" encoding="UTF-8"?>
<!-- All quantities are in Hartree atomic units unless otherwise specified -->
<qes:espresso xmlns:xsi="http://www.w3.org/2001/XMLSchema-instance" xmlns:qes="http://www.quantum-espresso.org/ns/qes/qes-1.0" xsi:schemaLocation="http://www.quantum-espresso.org/ns/qes/qes-1.0 http://www.quantum-espresso.org/ns/qes/qes_230310.xsd" Units="Hartree atomic units">
  <general_info>
    <xml_format NAME="QEXSD" VERSION="23.03.10">QEXSD_23.03.10</xml_format>
    <creator NAME="CP" VERSION="7.2">XML file generated by CP</creator>
    <created DATE="22Jul2023" TIME=" 4: 2:44">This run was terminated on:   4: 2:44  22 Jul 2023</created>
    <job>MD Simulation</job>
  </general_info>
  <parallel_info>
    <nprocs>24</nprocs>
    <nthreads>1</nthreads>
    <ntasks>1</ntasks>
    <nbgrp>1</nbgrp>
    <npool>1</npool>
    <ndiag>24</ndiag>
  </parallel_info>
  <output>
    <algorithmic_info>
      <real_space_q>false</real_space_q>
      <real_space_beta>false</real_space_beta>
      <uspp>true</uspp>
      <paw>false</paw>
    </algorithmic_info>
    <atomic_species ntyp="1">
      <species name="Cr">
        <mass>5.199610000000000E+01</mass>
        <pseudo_file>Cr.upf</pseudo_file>
      </species>
    </atomic_species>
    <atomic_structure nat="16" alat="11.9733047256289">
      <atomic_positions>
        <atom name="Cr" index="1">8.133142297439585E-04   4.990835857332444E-03   7.106239509477284E-02</atom>
        <atom name="Cr" index="2">3.057238644232061E+00   2.857688593431586E+00   2.990644370656895E+00</atom>
        <atom name="Cr" index="3">1.014962457532195E-02   4.612756365219214E-02   5.921844702454140E+00</atom>
        <atom name="Cr" index="4">2.989066172392393E+00   2.925837267367297E+00   8.972173778072255E+00</atom>
        <atom name="Cr" index="5">2.858339485600828E-03   5.782209699103437E+00  -6.875683898017228E-02</atom>
        <atom name="Cr" index="6">2.993825553013322E+00   8.975507938954868E+00   2.923235794927114E+00</atom>
        <atom name="Cr" index="7">5.451722644405383E-02   6.026237830367553E+00   6.081890574060385E+00</atom>
        <atom name="Cr" index="8">2.992578192551264E+00   8.984947430240400E+00   8.968294176119317E+00</atom>
        <atom name="Cr" index="9">5.920336590664889E+00  -6.733482084632619E-02   5.067997916376796E-03</atom>
        <atom name="Cr" index="10">8.984154905020633E+00   2.995286252769863E+00   2.947550558854476E+00</atom>
        <atom name="Cr" index="11">5.926980173004397E+00   2.996450190353786E-03   6.042425534875944E+00</atom>
        <atom name="Cr" index="12">8.982757835778287E+00   3.033836235140818E+00   9.061119986802231E+00</atom>
        <atom name="Cr" index="13">5.951405084668394E+00   6.003164653496404E+00  -5.204616737234667E-02</atom>
        <atom name="Cr" index="14">9.036289948200695E+00   8.977840848278433E+00   2.947592269337751E+00</atom>
        <atom name="Cr" index="15">5.962852189399943E+00   6.113639874587998E+00   6.048461236810724E+00</atom>
        <atom name="Cr" index="16">8.974004560112316E+00   9.176851701181086E+00   8.979267984143446E+00</atom>
      </atomic_positions>
      <cell>
        <a1>1.197330472562888E+01   0.000000000000000E+00   0.000000000000000E+00</a1>
        <a2>0.000000000000000E+00   1.197330472562888E+01   0.000000000000000E+00</a2>
        <a3>0.000000000000000E+00   0.000000000000000E+00   1.197330472562888E+01</a3>
      </cell>
    </atomic_structure>
    <basis_set>
      <gamma_only>true</gamma_only>
      <ecutwfc>3.000000000000000E+01</ecutwfc>
      <ecutrho>2.400000000000000E+02</ecutrho>
      <fft_grid nr1="90" nr2="90" nr3="90"></fft_grid>
      <fft_smooth nr1="60" nr2="60" nr3="60"></fft_smooth>
      <fft_box nr1="90" nr2="90" nr3="90"></fft_box>
      <ngm>152398</ngm>
      <ngms>53892</ngms>
      <npwx>6699</npwx>
      <reciprocal_lattice>
        <b1>1.000000000000000E+00   0.000000000000000E+00   0.000000000000000E+00</b1>
        <b2>0.000000000000000E+00   1.000000000000000E+00   0.000000000000000E+00</b2>
        <b3>0.000000000000000E+00   0.000000000000000E+00   1.000000000000000E+00</b3>
      </reciprocal_lattice>
    </basis_set>
    <dft>
      <functional>PBE</functional>
    </dft>
    <magnetization>
      <lsda>true</lsda>
      <noncolin>false</noncolin>
      <spinorbit>false</spinorbit>
      <absolute>0.000000000000000E+00</absolute>
    </magnetization>
    <total_energy>
      <etot>-6.645772853674304E+02</etot>
      <ehart>-1.146972026605704E+03</ehart>
      <vtxc>0.000000000000000E+00</vtxc>
      <etxc>-2.725181758732300E+02</etxc>
    </total_energy>
    <band_structure>
      <lsda>true</lsda>
      <noncolin>false</noncolin>
      <spinorbit>false</spinorbit>
      <nbnd_up>112</nbnd_up>
      <nbnd_dw>112</nbnd_dw>
      <nelec>2.240000000000000E+02</nelec>
      <num_of_atomic_wfc>160</num_of_atomic_wfc>
      <wf_collected>true</wf_collected>
      <starting_k_points>
        <nk>1</nk>
        <k_point weight="1.00000000000000">0.000000000000000E+00   0.000000000000000E+00   0.000000000000000E+00</k_point>
      </starting_k_points>
      <nks>1</nks>
      <occupations_kind spin="0">fixed</occupations_kind>
      <ks_energies>
        <k_point weight="1.00000000000000">0.000000000000000E+00   0.000000000000000E+00   0.000000000000000E+00</k_point>
        <npw>6699</npw>
        <eigenvalues size="224">
  -3.701701615766283E+00  -3.502269410086630E+00  -3.429894566324248E+00
  -3.210886273352678E+00  -2.582441043628058E+00
  -2.533326114131653E+00  -2.473328626287176E+00  -2.364127686893132E+00
  -2.343679094011611E+00  -2.300659105222373E+00
  -2.250834668433274E+00  -2.185874785954022E+00  -2.146703680030169E+00
  -2.102518948075866E+00  -2.061556606080029E+00
  -2.004200799942333E+00  -1.983572041088847E+00  -1.953038972454931E+00
  -1.896316612354124E+00  -1.879662740870210E+00
  -1.852555528229391E+00  -1.833837233590460E+00  -1.817075760926245E+00
  -1.747295653457952E+00  -1.718098936106916E+00
  -1.699247863286394E+00  -1.668813824339371E+00  -1.620018074536900E+00
  -1.613405503838823E+00  -1.608469562064957E+00
  -1.576651605945178E+00  -1.547629746343320E+00  -1.535272034447668E+00
  -1.523928099656449E+00  -1.507061403092326E+00
  -1.486987479991401E+00  -1.469322174438283E+00  -1.448172181227477E+00
  -1.439271012065698E+00  -1.425912110811598E+00
  -1.380559279933266E+00  -1.368543693375996E+00  -1.358630725050856E+00
  -1.350470334604387E+00  -1.324926195152142E+00
  -1.306853764170691E+00  -1.290293600251541E+00  -1.281859844812336E+00
  -1.257873030035548E+00  -1.236908397673260E+00
  -1.206941509778934E+00  -1.194946481371407E+00  -1.191329903895094E+00
  -1.179984750738187E+00  -1.153156203769018E+00
  -1.121534499918354E+00  -1.116562146406145E+00  -1.098838089560856E+00
  -1.086325271164839E+00  -1.067207617795311E+00
  -1.063192913724617E+00  -1.040184208182023E+00  -1.034329669075982E+00
  -9.989211955150160E-01  -9.815702436812438E-01
  -9.679467801895907E-01  -9.507386458243210E-01  -9.493124106060765E-01
  -9.355508821474453E-01  -9.242015878144502E-01
  -8.842284687915861E-01  -8.725656351711321E-01  -8.704222176495486E-01
  -8.463697771477690E-01  -8.264007901930726E-01
  -8.166144795149165E-01  -7.759605707300746E-01  -7.606398187294530E-01
  -7.518709354401593E-01  -7.423947557691772E-01
  -7.343400199225233E-01  -7.178454632246568E-01  -6.650088550779427E-01
  -6.518497171055770E-01  -6.311595350788217E-01
  -6.235332838963304E-01  -5.984166651985197E-01  -5.777444560290325E-01
  -5.617700460216396E-01  -5.136026403006233E-01
  -4.871719160110063E-01  -4.245545521456663E-01  -3.653990002797009E-01
  -3.531970814472508E-01  -3.222296467007872E-01
  -3.037714170300909E-01  -2.788879897989230E-01  -2.711930828157165E-01
  -2.468813438613787E-01  -2.170632101608755E-01
  -1.981118247834653E-01  -1.681670192637685E-01  -1.451781820095397E-01
  -1.212684183549270E-01  -1.101192300055512E-01
  -8.797832557343528E-02  -6.840743012393513E-02  -5.732579891194153E-02
  -4.918283018683332E-02  -2.599870649054615E-02
   3.690777271511054E-02   8.135352623857363E-02  -3.772706288767941E+00
  -3.723009152054662E+00  -3.681157877030357E+00
  -3.601303628395043E+00  -3.503559747426324E+00  -3.388436137506236E+00
  -3.338503181519906E+00  -3.292798780291368E+00
  -3.180162189390496E+00  -3.113116259486361E+00  -2.968595335229621E+00
  -2.942293897331405E+00  -2.417234233187184E+00
  -2.273744359718431E+00  -2.234157481740987E+00  -2.106843115830056E+00
  -1.983574511518037E+00  -1.900852017655172E+00
  -1.850651219610012E+00  -1.732013628707131E+00  -1.703027539742006E+00
  -1.670965338848456E+00  -1.657188702950233E+00
  -1.639841953866279E+00  -1.615969561695003E+00  -1.605692887684954E+00
  -1.570470318277981E+00  -1.542454383520123E+00
  -1.538926533792762E+00  -1.515561442109254E+00  -1.494670038106422E+00
  -1.480401471446642E+00  -1.462723771924743E+00
  -1.438879202464738E+00  -1.427710304137769E+00  -1.424632190642073E+00
  -1.409667960092223E+00  -1.385845240357487E+00
  -1.366998726108021E+00  -1.353151958514807E+00  -1.323900891316039E+00
  -1.313749971408477E+00  -1.278829804927714E+00
  -1.270427115607642E+00  -1.247800657796413E+00  -1.228395916449387E+00
  -1.211792025436586E+00  -1.200038021987611E+00
  -1.189159861692715E+00  -1.179666228509421E+00  -1.166387414333973E+00
  -1.135119163696597E+00  -1.118540221386253E+00
  -1.091183664604544E+00  -1.075616677841936E+00  -1.069998845131521E+00
  -1.049653769524525E+00  -1.036324561656724E+00
  -1.021227404604502E+00  -1.010186272778174E+00  -9.887039266156943E-01
  -9.636955298958306E-01  -9.530655543445219E-01
  -9.420856732699352E-01  -9.284093884825263E-01  -9.103900038743907E-01
  -8.958852793391960E-01  -8.863537699901156E-01
  -8.698116798486932E-01  -8.468873365291077E-01  -8.249097774895887E-01
  -8.157714969156982E-01  -7.920491631573913E-01
  -7.588101278999885E-01  -7.384892597868316E-01  -7.125362620944269E-01
  -7.057831026335809E-01  -6.809465926352236E-01
  -6.466611609061339E-01  -6.312250488011932E-01  -6.135130691362286E-01
  -5.771848624279019E-01  -5.123344066552445E-01
  -4.952346999399633E-01  -4.621922995251437E-01  -4.102325335241460E-01
  -3.969939461039952E-01  -3.703692168582228E-01
  -3.435142617354903E-01  -3.334876878509350E-01  -3.107281929832569E-01
  -2.844323923407862E-01  -2.715258185514188E-01
  -2.548494140880844E-01  -2.515052469178585E-01  -2.207444392609613E-01
  -2.179814428108954E-01  -1.983489667737549E-01
  -1.877758117354472E-01  -1.675818445852625E-01  -1.575415069926021E-01
  -1.304537361443176E-01  -1.167588247237573E-01
  -1.095669773073148E-01  -8.312789134277347E-02  -4.859582466289930E-02
  -3.069437940116908E-02  -1.152546041283456E-03
   4.682235367253963E-03   4.216423922371212E-02   6.861820850499768E-02
   7.961122923285789E-02
        </eigenvalues>
        <occupations size="224">
   1.000000000000000E+00   1.000000000000000E+00   1.000000000000000E+00
   1.000000000000000E+00   1.000000000000000E+00
   1.000000000000000E+00   1.000000000000000E+00   1.000000000000000E+00
   1.000000000000000E+00   1.000000000000000E+00
   1.000000000000000E+00   1.000000000000000E+00   1.000000000000000E+00
   1.000000000000000E+00   1.000000000000000E+00
   1.000000000000000E+00   1.000000000000000E+00   1.000000000000000E+00
   1.000000000000000E+00   1.000000000000000E+00
   1.000000000000000E+00   1.000000000000000E+00   1.000000000000000E+00
   1.000000000000000E+00   1.000000000000000E+00
   1.000000000000000E+00   1.000000000000000E+00   1.000000000000000E+00
   1.000000000000000E+00   1.000000000000000E+00
   1.000000000000000E+00   1.000000000000000E+00   1.000000000000000E+00
   1.000000000000000E+00   1.000000000000000E+00
   1.000000000000000E+00   1.000000000000000E+00   1.000000000000000E+00
   1.000000000000000E+00   1.000000000000000E+00
   1.000000000000000E+00   1.000000000000000E+00   1.000000000000000E+00
   1.000000000000000E+00   1.000000000000000E+00
   1.000000000000000E+00   1.000000000000000E+00   1.000000000000000E+00
   1.000000000000000E+00   1.000000000000000E+00
   1.000000000000000E+00   1.000000000000000E+00   1.000000000000000E+00
   1.000000000000000E+00   1.000000000000000E+00
   1.000000000000000E+00   1.000000000000000E+00   1.000000000000000E+00
   1.000000000000000E+00   1.000000000000000E+00
   1.000000000000000E+00   1.000000000000000E+00   1.000000000000000E+00
   1.000000000000000E+00   1.000000000000000E+00
   1.000000000000000E+00   1.000000000000000E+00   1.000000000000000E+00
   1.000000000000000E+00   1.000000000000000E+00
   1.000000000000000E+00   1.000000000000000E+00   1.000000000000000E+00
   1.000000000000000E+00   1.000000000000000E+00
   1.000000000000000E+00   1.000000000000000E+00   1.000000000000000E+00
   1.000000000000000E+00   1.000000000000000E+00
   1.000000000000000E+00   1.000000000000000E+00   1.000000000000000E+00
   1.000000000000000E+00   1.000000000000000E+00
   1.000000000000000E+00   1.000000000000000E+00   1.000000000000000E+00
   1.000000000000000E+00   1.000000000000000E+00
   1.000000000000000E+00   1.000000000000000E+00   1.000000000000000E+00
   1.000000000000000E+00   1.000000000000000E+00
   1.000000000000000E+00   1.000000000000000E+00   1.000000000000000E+00
   1.000000000000000E+00   1.000000000000000E+00
   1.000000000000000E+00   1.000000000000000E+00   1.000000000000000E+00
   1.000000000000000E+00   1.000000000000000E+00
   1.000000000000000E+00   1.000000000000000E+00   1.000000000000000E+00
   1.000000000000000E+00   1.000000000000000E+00
   1.000000000000000E+00   1.000000000000000E+00   1.000000000000000E+00
   1.000000000000000E+00   1.000000000000000E+00
   1.000000000000000E+00   1.000000000000000E+00   1.000000000000000E+00
   1.000000000000000E+00   1.000000000000000E+00
   1.000000000000000E+00   1.000000000000000E+00   1.000000000000000E+00
   1.000000000000000E+00   1.000000000000000E+00
   1.000000000000000E+00   1.000000000000000E+00   1.000000000000000E+00
   1.000000000000000E+00   1.000000000000000E+00
   1.000000000000000E+00   1.000000000000000E+00   1.000000000000000E+00
   1.000000000000000E+00   1.000000000000000E+00
   1.000000000000000E+00   1.000000000000000E+00   1.000000000000000E+00
   1.000000000000000E+00   1.000000000000000E+00
   1.000000000000000E+00   1.000000000000000E+00   1.000000000000000E+00
   1.000000000000000E+00   1.000000000000000E+00
   1.000000000000000E+00   1.000000000000000E+00   1.000000000000000E+00
   1.000000000000000E+00   1.000000000000000E+00
   1.000000000000000E+00   1.000000000000000E+00   1.000000000000000E+00
   1.000000000000000E+00   1.000000000000000E+00
   1.000000000000000E+00   1.000000000000000E+00   1.000000000000000E+00
   1.000000000000000E+00   1.000000000000000E+00
   1.000000000000000E+00   1.000000000000000E+00   1.000000000000000E+00
   1.000000000000000E+00   1.000000000000000E+00
   1.000000000000000E+00   1.000000000000000E+00   1.000000000000000E+00
   1.000000000000000E+00   1.000000000000000E+00
   1.000000000000000E+00   1.000000000000000E+00   1.000000000000000E+00
   1.000000000000000E+00   1.000000000000000E+00
   1.000000000000000E+00   1.000000000000000E+00   1.000000000000000E+00
   1.000000000000000E+00   1.000000000000000E+00
   1.000000000000000E+00   1.000000000000000E+00   1.000000000000000E+00
   1.000000000000000E+00   1.000000000000000E+00
   1.000000000000000E+00   1.000000000000000E+00   1.000000000000000E+00
   1.000000000000000E+00   1.000000000000000E+00
   1.000000000000000E+00   1.000000000000000E+00   1.000000000000000E+00
   1.000000000000000E+00   1.000000000000000E+00
   1.000000000000000E+00   1.000000000000000E+00   1.000000000000000E+00
   1.000000000000000E+00   1.000000000000000E+00
   1.000000000000000E+00   1.000000000000000E+00   1.000000000000000E+00
   1.000000000000000E+00   1.000000000000000E+00
   1.000000000000000E+00   1.000000000000000E+00   1.000000000000000E+00
   1.000000000000000E+00   1.000000000000000E+00
   1.000000000000000E+00   1.000000000000000E+00   1.000000000000000E+00
   1.000000000000000E+00   1.000000000000000E+00
   1.000000000000000E+00   1.000000000000000E+00   1.000000000000000E+00
   1.000000000000000E+00   1.000000000000000E+00
   1.000000000000000E+00   1.000000000000000E+00   1.000000000000000E+00
   1.000000000000000E+00
        </occupations>
      </ks_energies>
    </band_structure>
    <forces rank="2" dims="           3          16">
   6.911247096526392E-01  -1.628733568589107E+00  -2.807980245273449E-01
   1.292359968057767E+00   2.215281923591422E+00   6.774473440956970E-01
   5.726979666104250E-01   4.676684589359964E+00   2.963288101856732E+00
  -1.448094809671725E-01   1.798746661160187E+00   2.769875129951815E+00
   1.484858773039420E+00   4.093949408020238E+00  -7.564443260048503E-01
  -2.913690165985076E-01   5.607049283690491E-03  -1.009683895674341E-01
  -2.248989898985887E-02   6.102262804513610E-01   1.782816489090131E+00
  -2.883424730225070E+00   1.314761792414993E+00   7.490764106467005E-01
  -4.840150363525782E-01   2.341402196376723E-01  -1.737975082066217E-01
   1.151835018219809E+00   9.622499100308295E-01  -1.065471490947499E+00
   9.677914635095397E-02  -4.055008653244718E-02   1.222213085273212E+00
  -5.971108596052594E-01  -3.051074418384272E-01  -7.212063449221459E-01
  -3.515591475327143E-01  -9.954250404498910E-02   1.441302728822532E+00
   3.350136910691848E-02  -2.576932622147948E-01  -1.844764795439743E-01
  -2.265462917357769E+00  -7.197866253191205E-01   9.111559392984676E-01
   3.313339809408216E-01   1.101114201863951E+00   1.289792471739211E+00
    </forces>
  </output>
  <STATUS>
    <STEP ITERATION="200"/>
    <TIME UNITS="pico-seconds">2.418884326585714E-02</TIME>
    <TITLE>temporary title</TITLE>
    <KINETIC_ENERGY UNITS="Hartree">9.844505977858910E+02</KINETIC_ENERGY>
    <HARTREE_ENERGY>-1.146972026605704E+03</HARTREE_ENERGY>
    <EWALD_TERM>5.876011564186505E-04</EWALD_TERM>
    <GAUSS_SELFINT>1.251082991338893E+03</GAUSS_SELFINT>
    <LPSP_ENERGY>-4.682664788621048E+02</LPSP_ENERGY>
    <NLPSP_ENERGY>2.387287981877174E+02</NLPSP_ENERGY>
    <EXC_ENERGY>-2.725181758732300E+02</EXC_ENERGY>
    <AVERAGE_POT>0.000000000000000E+00</AVERAGE_POT>
    <ENTHALPY>-6.645772853674304E+02</ENTHALPY>
  </STATUS>
  <TIMESTEPS nt="2">
    <STEP0>
      <ACCUMULATORS>
   1.240970414206262E+05   1.725232324904719E+05  -3.630438733749124E+05
  -1.453672098882190E+05   5.091510809122307E+05  -1.453672098882190E+05
  -1.453285126354850E+05   0.000000000000000E+00   3.432986554807750E+05
   0.000000000000000E+00
      </ACCUMULATORS>
      <IONS_POSITIONS>
        <stau>
   6.792729729855267E-05   4.168302713159509E-04   5.935069450179753E-03
   2.553379133237991E-01   2.386716665879804E-01   2.497760174979440E-01
   8.476878195204253E-04   3.852534008714905E-03   4.945873205564059E-01
   2.496442077511225E-01   2.443633845804106E-01   7.493481527173781E-01
   2.387260285360104E-04   4.829251264879785E-01  -5.742511408149343E-03
   2.500417070823424E-01   7.496266189352701E-01   2.441461118641642E-01
   4.553231350352223E-03   5.033061438308155E-01   5.079542125944634E-01
   2.499375286211203E-01   7.504149970398819E-01   7.490241317355489E-01
   4.944613643710578E-01  -5.623745690042941E-03   4.232747793955947E-04
   7.503488060226207E-01   2.501637034559429E-01   2.461768598059012E-01
   4.950162305915162E-01   2.502609145109186E-04   5.046581268362879E-01
   7.502321240142396E-01   2.533833644646901E-01   7.567768627325493E-01
   4.970561779764446E-01   5.013790921604642E-01  -4.346850645247653E-03
   7.547030794980520E-01   7.498214614935297E-01   2.461803434291975E-01
   4.980122302104654E-01   5.106058865687884E-01   5.051622234138903E-01
   7.495010580415149E-01   7.664426748897502E-01   7.499406546400933E-01
        </stau>
        <svel>
   2.097745453953860E-05  -1.139744235359483E-05   6.851000646286899E-06
  -1.590563512603479E-07   2.086703120624404E-05   1.562068784525364E-05
   3.424108677468453E-06   8.055488594770511E-05   4.997898468490462E-05
   5.904813183774149E-06   2.339159804294958E-05   1.177176290463285E-05
  -1.025580691660362E-05   1.084741200413066E-04  -2.521332305805801E-05
  -6.539324599360026E-06  -2.117478663167175E-05  -2.575423063863247E-06
   6.493483617522206E-07   9.280841089177687E-06   2.842141634604097E-05
  -2.761030329735332E-05  -5.326509751138825E-06   4.964352849963093E-06
  -4.877943719217324E-06   1.622047353797157E-05   5.834581253035236E-06
   2.626126695993589E-05   2.177774250498738E-05  -7.116266682047319E-06
   3.457969586182276E-05   2.318349659173442E-05   8.897115142480274E-06
  -2.380211952973785E-06  -9.767764164133750E-06   1.211607972980862E-05
  -1.086329694426558E-06  -1.509857408822509E-05   6.506893322091846E-05
  -1.305698501782276E-05   1.098326602039453E-05  -1.671853792636762E-05
  -2.243825134000145E-05  -2.065016029496191E-05   2.470763272429835E-06
  -2.781384471774685E-05   1.472560015280291E-05   2.509113130716858E-05
        </svel>
        <taui>
  -4.489989272110831E+00  -4.489989272110831E+00  -4.489989272110831E+00
  -1.496663090703611E+00  -1.496663090703611E+00  -1.496663090703611E+00
  -4.489989272110831E+00  -4.489989272110831E+00   1.496663090703609E+00
  -1.496663090703611E+00  -1.496663090703611E+00   4.489989272110829E+00
  -4.489989272110831E+00   1.496663090703609E+00  -4.489989272110831E+00
  -1.496663090703611E+00   4.489989272110829E+00  -1.496663090703611E+00
  -4.489989272110831E+00   1.496663090703609E+00   1.496663090703609E+00
  -1.496663090703611E+00   4.489989272110829E+00   4.489989272110829E+00
   1.496663090703609E+00  -4.489989272110831E+00  -4.489989272110831E+00
   4.489989272110829E+00  -1.496663090703611E+00  -1.496663090703611E+00
   1.496663090703609E+00  -4.489989272110831E+00   1.496663090703609E+00
   4.489989272110829E+00  -1.496663090703611E+00   4.489989272110829E+00
   1.496663090703609E+00   1.496663090703609E+00  -4.489989272110831E+00
   4.489989272110829E+00   4.489989272110829E+00  -1.496663090703611E+00
   1.496663090703609E+00   1.496663090703609E+00   1.496663090703609E+00
   4.489989272110829E+00   4.489989272110829E+00   4.489989272110829E+00
        </taui>
        <cdmi>4.489989272110831E+00   4.489989272110831E+00   4.489989272110831E+00</cdmi>
        <force>
   1.382249419305278E+00  -3.257467137178214E+00  -5.615960490546898E-01
   2.584719936115533E+00   4.430563847182844E+00   1.354894688191394E+00
   1.145395933220850E+00   9.353369178719928E+00   5.926576203713465E+00
  -2.896189619343450E-01   3.597493322320373E+00   5.539750259903631E+00
   2.969717546078841E+00   8.187898816040477E+00  -1.512888652009701E+00
  -5.827380331970151E-01   1.121409856738098E-02  -2.019367791348683E-01
  -4.497979797971774E-02   1.220452560902722E+00   3.565632978180261E+00
  -5.766849460450141E+00   2.629523584829985E+00   1.498152821293401E+00
  -9.680300727051564E-01   4.682804392753445E-01  -3.475950164132434E-01
   2.303670036439618E+00   1.924499820061659E+00  -2.130942981894997E+00
   1.935582927019079E-01  -8.110017306489437E-02   2.444426170546423E+00
  -1.194221719210519E+00  -6.102148836768544E-01  -1.442412689844292E+00
  -7.031182950654286E-01  -1.990850080899782E-01   2.882605457645063E+00
   6.700273821383695E-02  -5.153865244295897E-01  -3.689529590879487E-01
  -4.530925834715538E+00  -1.439573250638241E+00   1.822311878596935E+00
   6.626679618816432E-01   2.202228403727902E+00   2.579584943478422E+00
        </force>
      </IONS_POSITIONS>
      <IONS_NOSE>
        <nhpcl>1</nhpcl>
        <nhpdim>1</nhpdim>
        <xnhp>3.890498561293907E-02</xnhp>
        <vnhp>8.634048554549898E-05</vnhp>
      </IONS_NOSE>
      <ekincm>6.959774011550020E+02</ekincm>
      <ELECTRONS_NOSE>
        <xnhe>0.000000000000000E+00</xnhe>
        <vnhe>0.000000000000000E+00</vnhe>
      </ELECTRONS_NOSE>
      <CELL_PARAMETERS>
        <ht>
   1.197330472562888E+01   0.000000000000000E+00   0.000000000000000E+00
   0.000000000000000E+00   1.197330472562888E+01   0.000000000000000E+00
   0.000000000000000E+00   0.000000000000000E+00   1.197330472562888E+01
        </ht>
        <htvel>
   0.000000000000000E+00   0.000000000000000E+00   0.000000000000000E+00
   0.000000000000000E+00   0.000000000000000E+00   0.000000000000000E+00
   0.000000000000000E+00   0.000000000000000E+00   0.000000000000000E+00
        </htvel>
        <gvel>
   0.000000000000000E+00   0.000000000000000E+00   0.000000000000000E+00
   0.000000000000000E+00   0.000000000000000E+00   0.000000000000000E+00
   0.000000000000000E+00   0.000000000000000E+00   0.000000000000000E+00
        </gvel>
      </CELL_PARAMETERS>
      <CELL_NOSE>
        <xnhh>
   0.000000000000000E+00   0.000000000000000E+00   0.000000000000000E+00
   0.000000000000000E+00   0.000000000000000E+00   0.000000000000000E+00
   0.000000000000000E+00   0.000000000000000E+00   0.000000000000000E+00
        </xnhh>
        <vnhh>
   0.000000000000000E+00   0.000000000000000E+00   0.000000000000000E+00
   0.000000000000000E+00   0.000000000000000E+00   0.000000000000000E+00
   0.000000000000000E+00   0.000000000000000E+00   0.000000000000000E+00
        </vnhh>
      </CELL_NOSE>
    </STEP0>
    <STEPM>
      <IONS_POSITIONS>
        <stau>
  -2.917054995026407E-05   4.967165272942984E-04   5.909081762745824E-03
   2.553765700871916E-01   2.386679922136619E-01   2.497307237026116E-01
   8.509021178996574E-04   3.647597043317902E-03   4.944729025910493E-01
   2.495968916123911E-01   2.443239078923069E-01   7.494133662671030E-01
   3.199492620348830E-04   4.825286992228274E-01  -5.573861207763474E-03
   2.500447355231226E-01   7.497896500616006E-01   2.441696553761331E-01
   4.575974657791086E-03   5.033491509012585E-01   5.079221229438760E-01
   2.500004279454120E-01   7.505186974707865E-01   7.490734300686577E-01
   4.944937681678975E-01  -5.656537207951123E-03   3.990502584488262E-04
   7.502225213442284E-01   2.501156461216881E-01   2.462219857711406E-01
   4.948371486700566E-01   1.971899440416359E-04   5.047190418808636E-01
   7.502152455953714E-01   2.534877229507822E-01   7.567246568778581E-01
   4.970381579525424E-01   5.015160638966452E-01  -4.598031389792782E-03
   7.547644121045141E-01   7.498195296674361E-01   2.463051707413546E-01
   4.980470529473452E-01   5.107449874228757E-01   5.052139846030148E-01
   7.496454125621530E-01   7.664529858714294E-01   7.498967197527022E-01
        </stau>
        <svel>
   1.599647892749502E-05  -4.958007123559460E-06   9.334556618014087E-06
  -1.380980116330033E-05  -5.181905247375607E-06   8.973859804928264E-06
  -3.548404058323785E-06   2.423250630046157E-05   1.272853967820842E-05
   9.721744368310082E-06   3.815672050422325E-06  -2.235319627782451E-05
  -2.317322814749975E-05   6.510680556005566E-05  -2.750536887939177E-05
   2.965064918147853E-07  -2.879270910922660E-05  -1.366287038401248E-06
  -4.832202361704317E-06  -7.447123820170098E-06   1.461370331434786E-06
  -2.577024132754957E-07  -2.269313161284980E-05  -1.026430203642237E-05
  -4.730889434428898E-06   9.373185714123614E-06   8.510322188679714E-06
   1.980486823813799E-05   9.218407551930819E-06  -1.433381299739689E-06
   3.501596874952995E-05   1.464044460750198E-05  -1.467314307076473E-05
   5.626067211705888E-06  -1.568640514273967E-05   1.652009347488104E-05
   4.772351417892118E-06  -2.311633758638188E-05   4.679401665634731E-05
  -1.279846820401165E-05   5.367304217651637E-06  -2.125942082099042E-05
   2.635621448193737E-06  -2.080898957363964E-05  -1.147122426526925E-05
  -3.071891107047087E-05  -3.069716786341381E-06   6.003564936318818E-06
        </svel>
      </IONS_POSITIONS>
      <IONS_NOSE>
        <nhpcl>1</nhpcl>
        <nhpdim>1</nhpdim>
        <xnhp>3.847269963841060E-02</xnhp>
      </IONS_NOSE>
      <ELECTRONS_NOSE>
        <xnhe>0.000000000000000E+00</xnhe>
      </ELECTRONS_NOSE>
      <CELL_PARAMETERS>
        <ht>
   1.197330472562888E+01   0.000000000000000E+00   0.000000000000000E+00
   0.000000000000000E+00   1.197330472562888E+01   0.000000000000000E+00
   0.000000000000000E+00   0.000000000000000E+00   1.197330472562888E+01
        </ht>
      </CELL_PARAMETERS>
      <CELL_NOSE>
        <xnhh>
   0.000000000000000E+00   0.000000000000000E+00   0.000000000000000E+00
   0.000000000000000E+00   0.000000000000000E+00   0.000000000000000E+00
   0.000000000000000E+00   0.000000000000000E+00   0.000000000000000E+00
        </xnhh>
      </CELL_NOSE>
    </STEPM>
  </TIMESTEPS>
  <exit_status>0</exit_status>
  <timing_info>
    <total label="CP">
      <cpu>6.980370142000000E+03</cpu>
      <wall>6.987999441146851E+03</wall>
    </total>
    <partial label="initialize" calls="1">
      <cpu>3.993374100000000E+01</cpu>
      <wall>4.009423303604126E+01</wall>
    </partial>
    <partial label="init_dim" calls="1">
      <cpu>8.516699999999999E-02</cpu>
      <wall>8.925008773803711E-02</wall>
    </partial>
    <partial label="nlinit" calls="1">
      <cpu>5.124843000000000E+00</cpu>
      <wall>5.193289995193481E+00</wall>
    </partial>
    <partial label="qradx" calls="1">
      <cpu>1.284090000000000E+00</cpu>
      <wall>1.286611080169678E+00</wall>
    </partial>
    <partial label="betagx" calls="1">
      <cpu>2.507540000000000E+00</cpu>
      <wall>2.508882045745850E+00</wall>
    </partial>
    <partial label="newnlinit" calls="1">
      <cpu>9.742459999999999E-01</cpu>
      <wall>1.038595914840698E+00</wall>
    </partial>
    <partial label="from_scratch" calls="1">
      <cpu>3.471605800000000E+01</cpu>
      <wall>3.479552793502808E+01</wall>
    </partial>
    <partial label="strucf" calls="201">
      <cpu>3.294399999776942E-02</cpu>
      <wall>3.283810615539551E-02</wall>
    </partial>
    <partial label="fftb" calls="431949">
      <cpu>2.261614206000031E+03</cpu>
      <wall>2.263489677190781E+03</wall>
    </partial>
    <partial label="prefor" calls="801">
      <cpu>2.638970000016343E-01</cpu>
      <wall>2.838604450225830E-01</wall>
    </partial>
    <partial label="gram" calls="1">
      <cpu>5.645699999999998E-02</cpu>
      <wall>5.658912658691406E-02</wall>
    </partial>
    <partial label="calbec" calls="404">
      <cpu>5.504560000117635E-01</cpu>
      <wall>6.071414947509766E-01</wall>
    </partial>
    <partial label="nlsm1" calls="404">
      <cpu>5.491399999982605E-01</cpu>
      <wall>6.062297821044922E-01</wall>
    </partial>
    <partial label="formf" calls="1">
      <cpu>2.710000000005763E-04</cpu>
      <wall>7.481575012207031E-04</wall>
    </partial>
    <partial label="rhoofr" calls="201">
      <cpu>1.700194109999984E+02</cpu>
      <wall>1.703268084526062E+02</wall>
    </partial>
    <partial label="fftw" calls="67536">
      <cpu>7.993321000087235E+00</cpu>
      <wall>8.284629106521606E+00</wall>
    </partial>
    <partial label="fft_scatter" calls="70972">
      <cpu>4.672688000041489E+00</cpu>
      <wall>4.990994691848755E+00</wall>
    </partial>
    <partial label="ffts" calls="402">
      <cpu>1.035000000047148E-01</cpu>
      <wall>1.077935695648193E-01</wall>
    </partial>
    <partial label="fft" calls="3034">
      <cpu>2.042114000008951E+00</cpu>
      <wall>2.319188356399536E+00</wall>
    </partial>
    <partial label="rhov" calls="201">
      <cpu>1.659977339999987E+02</cpu>
      <wall>1.661025338172913E+02</wall>
    </partial>
    <partial label="set_cc" calls="201">
      <cpu>2.005756500000552E+01</cpu>
      <wall>2.008813047409058E+01</wall>
    </partial>
    <partial label="vofrho" calls="201">
      <cpu>7.119307599999956E+01</cpu>
      <wall>7.159327173233032E+01</wall>
    </partial>
    <partial label="force_loc" calls="201">
      <cpu>1.084360000013476E-01</cpu>
      <wall>1.089074611663818E-01</wall>
    </partial>
    <partial label="exch_corr" calls="201">
      <cpu>6.894787999995970E+00</cpu>
      <wall>7.155256986618042E+00</wall>
    </partial>
    <partial label="forcecc" calls="201">
      <cpu>6.162252300000364E+01</cpu>
      <wall>6.168528437614441E+01</wall>
    </partial>
    <partial label="newd" calls="201">
      <cpu>6.688003907000001E+03</cpu>
      <wall>6.691099369525909E+03</wall>
    </partial>
    <partial label="runcp_uspp" calls="201">
      <cpu>8.576550000002499E+00</cpu>
      <wall>8.864889860153198E+00</wall>
    </partial>
    <partial label="dforce" calls="22512">
      <cpu>8.480927000018710E+00</cpu>
      <wall>8.777553796768188E+00</wall>
    </partial>
    <partial label="nlfq" calls="201">
      <cpu>2.176302999999280E+00</cpu>
      <wall>2.382694005966187E+00</wall>
    </partial>
    <partial label="nlsm2" calls="201">
      <cpu>2.097964999994474E+00</cpu>
      <wall>2.304620981216431E+00</wall>
    </partial>
    <partial label="calphi" calls="201">
      <cpu>6.716530000003331E-01</cpu>
      <wall>7.173514366149902E-01</wall>
    </partial>
    <partial label="ortho" calls="201">
      <cpu>6.884069999996427E+00</cpu>
      <wall>7.059963703155518E+00</wall>
    </partial>
    <partial label="nlsm1us" calls="402">
      <cpu>1.131130999999186E+00</cpu>
      <wall>1.219534397125244E+00</wall>
    </partial>
    <partial label="rhoset" calls="402">
      <cpu>3.709700000053999E-01</cpu>
      <wall>3.979012966156006E-01</wall>
    </partial>
    <partial label="sigset" calls="402">
      <cpu>3.109829999966678E-01</cpu>
      <wall>3.348786830902100E-01</wall>
    </partial>
    <partial label="tauset" calls="402">
      <cpu>3.134300000047006E-01</cpu>
      <wall>3.349270820617676E-01</wall>
    </partial>
    <partial label="rsg" calls="402">
      <cpu>1.523233000003529E+00</cpu>
      <wall>1.527089118957520E+00</wall>
    </partial>
    <partial label="ortho_iter" calls="402">
      <cpu>2.889549999998962E+00</cpu>
      <wall>2.891331672668457E+00</wall>
    </partial>
    <partial label="nlfl" calls="201">
      <cpu>6.855199999990873E-01</cpu>
      <wall>6.866557598114014E-01</wall>
    </partial>
    <partial label="updatc" calls="201">
      <cpu>4.106319999973493E-01</cpu>
      <wall>4.384033679962158E-01</wall>
    </partial>
    <partial label="main_loop" calls="200">
      <cpu>6.939099486999997E+03</cpu>
      <wall>6.943973463535309E+03</wall>
    </partial>
    <partial label="cpr_md" calls="199">
      <cpu>6.940347920999999E+03</cpu>
      <wall>6.947810046672821E+03</wall>
    </partial>
    <partial label="move_electro" calls="200">
      <cpu>6.926931906000003E+03</cpu>
      <wall>6.931254329442978E+03</wall>
    </partial>
    <partial label="restart" calls="19">
      <cpu>1.219190999999228E+00</cpu>
      <wall>3.726133108139038E+00</wall>
    </partial>
  </timing_info>
  <closed DATE="22 Jul 2023" TIME=" 4: 2:44"></closed>
</qes:espresso>
