{
  "Dataset": {
    "AtomTypeStyle": "chemicalsymbol",
    "Data": [
      {
        "AtomTypes": [
          "Cr"
        ],
        "Energy": -42.083863074807596,
        "Forces": [
          [
            -0.3249257652858666,
            -0.5246314225344063,
            -0.15559744372128564
          ]
        ],
        "Lattice": [
          [
            4.07692991195123,
            0.0,
            0.0
          ],
          [
            -0.5887086792857577,
            3.2827602728227783,
            0.0
          ],
          [
            -2.4158785887146763,
            -4.27112223751729,
            5.246870181064227
          ]
        ],
        "NumAtoms": 1,
        "Positions": [
          [
            0.0,
            0.0,
            0.0
          ]
        ],
        "Stress": [
          [
            -39343.26766624999,
            622.2547101448398,
            -176.52615890633757
          ],
          [
            622.2547101448398,
            -41866.120687286384,
            -1.4710513242194794
          ],
          [
            -176.52615890633757,
            -1.4710513242194794,
            -8860.142125773926
          ]
        ]
      }
    ],
    "EnergyStyle": "electronvolt",
    "ForcesStyle": "electronvoltperangstrom",
    "Label": "ASE generated",
    "LatticeStyle": "angstrom",
    "PositionsStyle": "angstrom",
    "StressStyle": "bar"
  }
}