{
  "Dataset": {
    "AtomTypeStyle": "chemicalsymbol",
    "Data": [
      {
        "AtomTypes": [
          "Cr"
        ],
        "Energy": 2237.959498756036,
        "Forces": [
          [
            -0.43433144248687106,
            -0.42186562352687185,
            -0.8119478726740152
          ]
        ],
        "Lattice": [
          [
            4.35468973684392,
            0.0,
            0.0
          ],
          [
            -0.1843253071811294,
            3.4565567520685456,
            0.0
          ],
          [
            1.5946307706656644,
            -3.578596931943596,
            3.425198631273532
          ]
        ],
        "NumAtoms": 1,
        "Positions": [
          [
            0.0,
            0.0,
            0.0
          ]
        ],
        "Stress": [
          [
            -39422.70443775784,
            1129.7674170005603,
            -7937.7929454883115
          ],
          [
            1129.7674170005603,
            -54806.95918644516,
            916.4649749887357
          ],
          [
            -7937.7929454883115,
            916.4649749887357,
            -53284.42106587799
          ]
        ]
      }
    ],
    "EnergyStyle": "electronvolt",
    "ForcesStyle": "electronvoltperangstrom",
    "Label": "ASE generated",
    "LatticeStyle": "angstrom",
    "PositionsStyle": "angstrom",
    "StressStyle": "bar"
  }
}