{
  "Dataset": {
    "AtomTypeStyle": "chemicalsymbol",
    "Data": [
      {
        "AtomTypes": [
          "Cr"
        ],
        "Energy": -41.52314344196611,
        "Forces": [
          [
            -0.23114613323298652,
            -0.08659822894083662,
            -0.18510265247718063
          ]
        ],
        "Lattice": [
          [
            4.449779706121801,
            0.0,
            0.0
          ],
          [
            -1.559229507703316,
            5.377416381897602,
            0.0
          ],
          [
            -0.8929639923056986,
            0.07585984442996448,
            4.335678454897426
          ]
        ],
        "NumAtoms": 1,
        "Positions": [
          [
            0.0,
            0.0,
            0.0
          ]
        ],
        "Stress": [
          [
            -17084.790079485036,
            114.74200328911941,
            1493.1170940827717
          ],
          [
            114.74200328911941,
            -5516.442465823047,
            -210.3603393633856
          ],
          [
            1493.1170940827717,
            -210.3603393633856,
            -16652.30099016451
          ]
        ]
      }
    ],
    "EnergyStyle": "electronvolt",
    "ForcesStyle": "electronvoltperangstrom",
    "Label": "ASE generated",
    "LatticeStyle": "angstrom",
    "PositionsStyle": "angstrom",
    "StressStyle": "bar"
  }
}