{
  "Dataset": {
    "AtomTypeStyle": "chemicalsymbol",
    "Data": [
      {
        "AtomTypes": [
          "Cr"
        ],
        "Energy": -41.6842503514913,
        "Forces": [
          [
            -0.34205165819354544,
            -0.5350182509909865,
            -0.06745089595866834
          ]
        ],
        "Lattice": [
          [
            4.067749745740712,
            0.0,
            0.0
          ],
          [
            -2.785025540918836,
            4.092046414972021,
            0.0
          ],
          [
            -1.2884719352126077,
            -1.1858263381285865,
            5.797373208628645
          ]
        ],
        "NumAtoms": 1,
        "Positions": [
          [
            0.0,
            0.0,
            0.0
          ]
        ],
        "Stress": [
          [
            -30796.459472534807,
            -2149.2059846846596,
            22.065769863292196
          ],
          [
            -2149.2059846846596,
            -26512.758016407683,
            41.18943707814543
          ],
          [
            22.065769863292196,
            41.18943707814543,
            -4552.903848459289
          ]
        ]
      }
    ],
    "EnergyStyle": "electronvolt",
    "ForcesStyle": "electronvoltperangstrom",
    "Label": "ASE generated",
    "LatticeStyle": "angstrom",
    "PositionsStyle": "angstrom",
    "StressStyle": "bar"
  }
}