{
  "Dataset": {
    "AtomTypeStyle": "chemicalsymbol",
    "Data": [
      {
        "AtomTypes": [
          "Cr"
        ],
        "Energy": -2.5317978322159433,
        "Forces": [
          [
            2.7522903705581303,
            -1.4180529270468523,
            1.3295500911971552
          ]
        ],
        "Lattice": [
          [
            2.266965300175058,
            1.3827400454278033e-06,
            -0.12746683114581372
          ],
          [
            1.0699963152908605e-06,
            2.9868500452279254,
            -1.1614910546151878e-05
          ],
          [
            -0.9711937090997396,
            -1.4694192721561136e-05,
            1.9281765621814206
          ]
        ],
        "NumAtoms": 1,
        "Positions": [
          [
            0.0,
            0.0,
            0.0
          ]
        ],
        "Stress": [
          [
            654550.1709167544,
            1.4710513242194794,
            -4330.7750985021485
          ],
          [
            1.4710513242194794,
            -352318.2632018895,
            -10.297359269536358
          ],
          [
            -4330.7750985021485,
            -10.297359269536358,
            505875.4267318641
          ]
        ]
      }
    ],
    "EnergyStyle": "electronvolt",
    "ForcesStyle": "electronvoltperangstrom",
    "Label": "ASE generated",
    "LatticeStyle": "angstrom",
    "PositionsStyle": "angstrom",
    "StressStyle": "bar"
  }
}