{
  "Dataset": {
    "AtomTypeStyle": "chemicalsymbol",
    "Data": [
      {
        "AtomTypes": [
          "Cr"
        ],
        "Energy": -3.6794261732547966,
        "Forces": [
          [
            -0.16026270483008725,
            -0.22425474538867118,
            -0.38830030670575694
          ]
        ],
        "Lattice": [
          [
            2.4512450626148286,
            -0.04639192443560893,
            -0.04196386639553562
          ],
          [
            -0.045103105407005746,
            2.2217569176083365,
            -0.16702851083345865
          ],
          [
            -0.9451680029817199,
            -0.17123380696508067,
            2.224302773811586
          ]
        ],
        "NumAtoms": 1,
        "Positions": [
          [
            0.0,
            0.0,
            0.0
          ]
        ],
        "Stress": [
          [
            -16639.061528246533,
            -61400.21122159687,
            31015.64611984351
          ],
          [
            -61400.21122159687,
            161018.3358464158,
            -166745.13865160223
          ],
          [
            31015.64611984351,
            -166745.13865160223,
            21233.154813783967
          ]
        ]
      }
    ],
    "EnergyStyle": "electronvolt",
    "ForcesStyle": "electronvoltperangstrom",
    "Label": "ASE generated",
    "LatticeStyle": "angstrom",
    "PositionsStyle": "angstrom",
    "StressStyle": "bar"
  }
}