{
  "Dataset": {
    "AtomTypeStyle": "chemicalsymbol",
    "Data": [
      {
        "AtomTypes": [
          "Cr"
        ],
        "Energy": -3.579948204689572,
        "Forces": [
          [
            -0.0025208941058280573,
            -0.261434407334036,
            -0.02273262855942595
          ]
        ],
        "Lattice": [
          [
            2.40280761108881,
            -3.7571581793101436e-08,
            0.005159111590818847
          ],
          [
            -8.999187605260323e-06,
            2.322480434949072,
            -0.00014173270677657907
          ],
          [
            -0.8724062024510818,
            -0.0002275970006040247,
            2.2337907264201524
          ]
        ],
        "NumAtoms": 1,
        "Positions": [
          [
            0.0,
            0.0,
            0.0
          ]
        ],
        "Stress": [
          [
            13089.414682904931,
            -26.47892383595063,
            -13786.693010584964
          ],
          [
            -26.47892383595063,
            -74988.3123034122,
            -191.23667214853236
          ],
          [
            -13786.693010584964,
            -191.23667214853236,
            7197.854129405914
          ]
        ]
      }
    ],
    "EnergyStyle": "electronvolt",
    "ForcesStyle": "electronvoltperangstrom",
    "Label": "ASE generated",
    "LatticeStyle": "angstrom",
    "PositionsStyle": "angstrom",
    "StressStyle": "bar"
  }
}