{
  "Dataset": {
    "AtomTypeStyle": "chemicalsymbol",
    "Data": [
      {
        "AtomTypes": [
          "Cr"
        ],
        "Energy": -3.585231299543466,
        "Forces": [
          [
            0.0898813208929573,
            -0.3600737993454657,
            -0.31840932214994844
          ]
        ],
        "Lattice": [
          [
            2.3472815689141773,
            -0.0120536894703568,
            -0.0374857497790837
          ],
          [
            -0.008894807400912587,
            2.3001989978410986,
            -0.04176136985745543
          ],
          [
            -0.8998000020477565,
            -0.05945165545138661,
            2.31668855865301
          ]
        ],
        "NumAtoms": 1,
        "Positions": [
          [
            0.0,
            0.0,
            0.0
          ]
        ],
        "Stress": [
          [
            43779.958460095935,
            -14254.487331686758,
            -2861.1948256068877
          ],
          [
            -14254.487331686758,
            -36030.46008410771,
            -50663.007606118874
          ],
          [
            -2861.1948256068877,
            -50663.007606118874,
            -40836.38476033276
          ]
        ]
      }
    ],
    "EnergyStyle": "electronvolt",
    "ForcesStyle": "electronvoltperangstrom",
    "Label": "ASE generated",
    "LatticeStyle": "angstrom",
    "PositionsStyle": "angstrom",
    "StressStyle": "bar"
  }
}