{
  "Dataset": {
    "AtomTypeStyle": "chemicalsymbol",
    "Data": [
      {
        "AtomTypes": [
          "Cr"
        ],
        "Energy": -2.3080395130778015,
        "Forces": [
          [
            -0.36681268896329594,
            -0.5136284053249638,
            -0.684642457558764
          ]
        ],
        "Lattice": [
          [
            2.819963174495232,
            5.450525246041477e-07,
            -0.036815628867171234
          ],
          [
            4.635592345177022e-07,
            2.8916644520409633,
            -4.331844627582089e-06
          ],
          [
            -1.0824842856791512,
            -5.396549170789414e-06,
            2.732291672237399
          ]
        ],
        "NumAtoms": 1,
        "Positions": [
          [
            0.0,
            0.0,
            0.0
          ]
        ],
        "Stress": [
          [
            -38498.884206148,
            0.0,
            -33566.44911604009
          ],
          [
            0.0,
            -96833.42446807146,
            -0.0
          ],
          [
            -33566.44911604009,
            -0.0,
            -109538.8947553551
          ]
        ]
      }
    ],
    "EnergyStyle": "electronvolt",
    "ForcesStyle": "electronvoltperangstrom",
    "Label": "ASE generated",
    "LatticeStyle": "angstrom",
    "PositionsStyle": "angstrom",
    "StressStyle": "bar"
  }
}