{
  "Dataset": {
    "AtomTypeStyle": "chemicalsymbol",
    "Data": [
      {
        "AtomTypes": [
          "Cr"
        ],
        "Energy": -3.5847349634623242,
        "Forces": [
          [
            -0.0020541599850857186,
            -0.006106603617056353,
            -0.003684703033240064
          ]
        ],
        "Lattice": [
          [
            2.4108296629244785,
            -0.00020431108672763548,
            -0.008002268545734253
          ],
          [
            -0.00016174565961930167,
            2.2913575002813324,
            -0.000940819396136886
          ],
          [
            -0.8903766635638617,
            -0.0013783251199785097,
            2.2403650499574352
          ]
        ],
        "NumAtoms": 1,
        "Positions": [
          [
            0.0,
            0.0,
            0.0
          ]
        ],
        "Stress": [
          [
            -494.2732449377452,
            -325.10234265250494,
            223.59980128136093
          ],
          [
            -325.10234265250494,
            -105.91569534380253,
            -1340.1277563639458
          ],
          [
            223.59980128136093,
            -1340.1277563639458,
            22.065769863292196
          ]
        ]
      }
    ],
    "EnergyStyle": "electronvolt",
    "ForcesStyle": "electronvoltperangstrom",
    "Label": "ASE generated",
    "LatticeStyle": "angstrom",
    "PositionsStyle": "angstrom",
    "StressStyle": "bar"
  }
}