{
  "Dataset": {
    "AtomTypeStyle": "chemicalsymbol",
    "Data": [
      {
        "AtomTypes": [
          "Cr"
        ],
        "Energy": -3.584784760339062,
        "Forces": [
          [
            0.01592438967727989,
            -0.05248493844467837,
            -0.044316709919050234
          ]
        ],
        "Lattice": [
          [
            2.4024447653897636,
            -0.0017861233645203743,
            -0.011907954596353444
          ],
          [
            -0.0013274680151924845,
            2.2925164100095254,
            -0.006377172747361446
          ],
          [
            -0.8916372996727024,
            -0.009110885801222381,
            2.2504315287240977
          ]
        ],
        "NumAtoms": 1,
        "Positions": [
          [
            0.0,
            0.0,
            0.0
          ]
        ],
        "Stress": [
          [
            4185.1410174044195,
            -2468.4241220402864,
            2915.623724603008
          ],
          [
            -2468.4241220402864,
            -3621.7283602283587,
            -9063.147208516215
          ],
          [
            2915.623724603008,
            -9063.147208516215,
            -7011.03061123004
          ]
        ]
      }
    ],
    "EnergyStyle": "electronvolt",
    "ForcesStyle": "electronvoltperangstrom",
    "Label": "ASE generated",
    "LatticeStyle": "angstrom",
    "PositionsStyle": "angstrom",
    "StressStyle": "bar"
  }
}