{
  "Dataset": {
    "AtomTypeStyle": "chemicalsymbol",
    "Data": [
      {
        "AtomTypes": [
          "Cr"
        ],
        "Energy": -1.8412686267633944,
        "Forces": [
          [
            -0.5245681440379789,
            0.27912788560608326,
            -0.7560753845876103
          ]
        ],
        "Lattice": [
          [
            3.2073736737906717,
            1.5557809925594115e-07,
            -0.001180936200313347
          ],
          [
            1.2964841604661762e-07,
            2.745051025336045,
            -5.339398032287232e-07
          ],
          [
            -1.1896032884737204,
            -7.096266364020988e-07,
            3.2588835493554793
          ]
        ],
        "NumAtoms": 1,
        "Positions": [
          [
            0.0,
            0.0,
            0.0
          ]
        ],
        "Stress": [
          [
            -91802.42893924084,
            0.0,
            -3655.5625406854065
          ],
          [
            0.0,
            46960.371423058445,
            0.0
          ],
          [
            -3655.5625406854065,
            0.0,
            -112252.98444854005
          ]
        ]
      }
    ],
    "EnergyStyle": "electronvolt",
    "ForcesStyle": "electronvoltperangstrom",
    "Label": "ASE generated",
    "LatticeStyle": "angstrom",
    "PositionsStyle": "angstrom",
    "StressStyle": "bar"
  }
}