{
  "Dataset": {
    "AtomTypeStyle": "chemicalsymbol",
    "Data": [
      {
        "AtomTypes": [
          "Cr"
        ],
        "Energy": -3.584717276047286,
        "Forces": [
          [
            -0.00793867176468046,
            0.001185349302952519,
            -0.003055005598389169
          ]
        ],
        "Lattice": [
          [
            2.4116335804725737,
            -2.615035010520695e-05,
            -0.006110034038217619
          ],
          [
            -3.0109653978108147e-05,
            2.2908853191625593,
            -0.0002848968379017545
          ],
          [
            -0.8885446055009474,
            -0.00044060723145978404,
            2.2383864992387554
          ]
        ],
        "NumAtoms": 1,
        "Positions": [
          [
            0.0,
            0.0,
            0.0
          ]
        ],
        "Stress": [
          [
            -692.8651737073749,
            -73.55256621097398,
            -1535.777582485137
          ],
          [
            -73.55256621097398,
            825.2597928871279,
            -407.4812168087958
          ],
          [
            -1535.777582485137,
            -407.4812168087958,
            1035.6201322505137
          ]
        ]
      }
    ],
    "EnergyStyle": "electronvolt",
    "ForcesStyle": "electronvoltperangstrom",
    "Label": "ASE generated",
    "LatticeStyle": "angstrom",
    "PositionsStyle": "angstrom",
    "StressStyle": "bar"
  }
}