{
  "Dataset": {
    "AtomTypeStyle": "chemicalsymbol",
    "Data": [
      {
        "AtomTypes": [
          "Cr"
        ],
        "Energy": -3.3640301724681194,
        "Forces": [
          [
            0.7783377766903813,
            -0.37074230987407675,
            0.6707315025707472
          ]
        ],
        "Lattice": [
          [
            2.259347937138655,
            1.4076113742204198e-06,
            0.09750743809437198
          ],
          [
            2.1352300357065395e-06,
            2.4545577632693107,
            -2.674620364181304e-05
          ],
          [
            -0.7157299578274285,
            -5.079095763498125e-05,
            2.1031298694881335
          ]
        ],
        "NumAtoms": 1,
        "Positions": [
          [
            0.0,
            0.0,
            0.0
          ]
        ],
        "Stress": [
          [
            278259.6553353841,
            -8.826307945316877,
            -53594.8128952883
          ],
          [
            -8.826307945316877,
            -108863.68219753836,
            -57.371001644559705
          ],
          [
            -53594.8128952883,
            -57.371001644559705,
            276535.5831833988
          ]
        ]
      }
    ],
    "EnergyStyle": "electronvolt",
    "ForcesStyle": "electronvoltperangstrom",
    "Label": "ASE generated",
    "LatticeStyle": "angstrom",
    "PositionsStyle": "angstrom",
    "StressStyle": "bar"
  }
}