{
  "Dataset": {
    "AtomTypeStyle": "chemicalsymbol",
    "Data": [
      {
        "AtomTypes": [
          "Cr"
        ],
        "Energy": -3.5847559162466496,
        "Forces": [
          [
            0.0025691633857770507,
            -0.021215084804178434,
            -0.017088197868928817
          ]
        ],
        "Lattice": [
          [
            2.4082633773059228,
            -0.0007031008230686831,
            -0.009210009688359541
          ],
          [
            -0.0005292655809473364,
            2.2917060507872726,
            -0.0026448483252621254
          ],
          [
            -0.8907762981916103,
            -0.003800943359883732,
            2.2434427393094474
          ]
        ],
        "NumAtoms": 1,
        "Positions": [
          [
            0.0,
            0.0,
            0.0
          ]
        ],
        "Stress": [
          [
            610.4862995510841,
            -1004.7280544419045,
            1140.0647762700967
          ],
          [
            -1004.7280544419045,
            -1373.9619368209937,
            -3765.891390001867
          ],
          [
            1140.0647762700967,
            -3765.891390001867,
            -2449.300454825434
          ]
        ]
      }
    ],
    "EnergyStyle": "electronvolt",
    "ForcesStyle": "electronvoltperangstrom",
    "Label": "ASE generated",
    "LatticeStyle": "angstrom",
    "PositionsStyle": "angstrom",
    "StressStyle": "bar"
  }
}