{
  "Dataset": {
    "AtomTypeStyle": "chemicalsymbol",
    "Data": [
      {
        "AtomTypes": [
          "Cr"
        ],
        "Energy": -3.193230967601721,
        "Forces": [
          [
            0.6984060651537735,
            -1.0539597749358807,
            0.6474640496289864
          ]
        ],
        "Lattice": [
          [
            2.3080915166213516,
            2.002935733618154e-06,
            0.004278216750933124
          ],
          [
            2.0680245302456393e-06,
            2.693158020180617,
            -1.8384145395410378e-05
          ],
          [
            -0.8388583164011256,
            -3.174057813425376e-05,
            2.078083994768405
          ]
        ],
        "NumAtoms": 1,
        "Positions": [
          [
            0.0,
            0.0,
            0.0
          ]
        ],
        "Stress": [
          [
            147430.23476460043,
            -4.413153972658439,
            32586.728934109913
          ],
          [
            -4.413153972658439,
            -279764.5408400606,
            -19.123667214853235
          ],
          [
            32586.728934109913,
            -19.123667214853235,
            183547.48687683712
          ]
        ]
      }
    ],
    "EnergyStyle": "electronvolt",
    "ForcesStyle": "electronvoltperangstrom",
    "Label": "ASE generated",
    "LatticeStyle": "angstrom",
    "PositionsStyle": "angstrom",
    "StressStyle": "bar"
  }
}