{
  "Dataset": {
    "AtomTypeStyle": "chemicalsymbol",
    "Data": [
      {
        "AtomTypes": [
          "Cr"
        ],
        "Energy": -3.5844186308449935,
        "Forces": [
          [
            0.023499975401827074,
            -0.041645532931264787,
            0.03518431080505023
          ]
        ],
        "Lattice": [
          [
            2.4084029911871574,
            -8.904994062173393e-06,
            -0.005305377229562183
          ],
          [
            -1.7146399905071445e-05,
            2.296288278256873,
            -0.00020460954267314686
          ],
          [
            -0.8863836701531679,
            -0.0003225271583649832,
            2.2322837080489886
          ]
        ],
        "NumAtoms": 1,
        "Positions": [
          [
            0.0,
            0.0,
            0.0
          ]
        ],
        "Stress": [
          [
            9308.812779660868,
            -47.07364237502334,
            -2453.713608798092
          ],
          [
            -47.07364237502334,
            -11755.171131837862,
            -295.68131616811536
          ],
          [
            -2453.713608798092,
            -295.68131616811536,
            13243.875071947976
          ]
        ]
      }
    ],
    "EnergyStyle": "electronvolt",
    "ForcesStyle": "electronvoltperangstrom",
    "Label": "ASE generated",
    "LatticeStyle": "angstrom",
    "PositionsStyle": "angstrom",
    "StressStyle": "bar"
  }
}