{
  "Dataset": {
    "AtomTypeStyle": "chemicalsymbol",
    "Data": [
      {
        "AtomTypes": [
          "Cr"
        ],
        "Energy": -3.9200944776371216,
        "Forces": [
          [
            -0.2584171342810077,
            -0.31830005824625124,
            -0.15610404194946537
          ]
        ],
        "Lattice": [
          [
            2.4939545248799724,
            -0.1751236139952088,
            -0.013974697988577658
          ],
          [
            -0.20302499296165533,
            2.198293062074689,
            -0.3095201053527655
          ],
          [
            -0.9605443728595313,
            -0.25562837724347537,
            2.120778782949561
          ]
        ],
        "NumAtoms": 1,
        "Positions": [
          [
            0.0,
            0.0,
            0.0
          ]
        ],
        "Stress": [
          [
            62788.88367166005,
            -143679.05388784077,
            5644.423931030143
          ],
          [
            -143679.05388784077,
            251626.27111039043,
            -207552.10238545062
          ],
          [
            5644.423931030143,
            -207552.10238545062,
            155159.13842204958
          ]
        ]
      }
    ],
    "EnergyStyle": "electronvolt",
    "ForcesStyle": "electronvoltperangstrom",
    "Label": "ASE generated",
    "LatticeStyle": "angstrom",
    "PositionsStyle": "angstrom",
    "StressStyle": "bar"
  }
}