{
  "Dataset": {
    "AtomTypeStyle": "chemicalsymbol",
    "Data": [
      {
        "AtomTypes": [
          "Cr"
        ],
        "Energy": -2.1441547269719194,
        "Forces": [
          [
            -0.3708259021377969,
            -0.036507980430962664,
            -0.7091064745774349
          ]
        ],
        "Lattice": [
          [
            2.9668538138558103,
            4.2387094389118663e-07,
            -0.016501163551381808
          ],
          [
            3.651322737639435e-07,
            2.844370343966377,
            -2.5458715493888873e-06
          ],
          [
            -1.1161054654183504,
            -3.21422236353941e-06,
            2.9485752123254283
          ]
        ],
        "NumAtoms": 1,
        "Positions": [
          [
            0.0,
            0.0,
            0.0
          ]
        ],
        "Stress": [
          [
            -52028.143234994546,
            0.0,
            -18374.90209082552
          ],
          [
            0.0,
            -6522.641571589173,
            -0.0
          ],
          [
            -18374.90209082552,
            -0.0,
            -111770.47961419607
          ]
        ]
      }
    ],
    "EnergyStyle": "electronvolt",
    "ForcesStyle": "electronvoltperangstrom",
    "Label": "ASE generated",
    "LatticeStyle": "angstrom",
    "PositionsStyle": "angstrom",
    "StressStyle": "bar"
  }
}