{
  "Dataset": {
    "AtomTypeStyle": "chemicalsymbol",
    "Data": [
      {
        "AtomTypes": [
          "Cr"
        ],
        "Energy": -3.5852235442921483,
        "Forces": [
          [
            0.0842348851162453,
            -0.3475675082116035,
            -0.3063061452698449
          ]
        ],
        "Lattice": [
          [
            2.3498024548324965,
            -0.011584475448190634,
            -0.0363168777607664
          ],
          [
            -0.00854898956607634,
            2.2998479136346845,
            -0.040144358299294636
          ],
          [
            -0.89942697709593,
            -0.057151148027372214,
            2.3136606992728224
          ]
        ],
        "NumAtoms": 1,
        "Positions": [
          [
            0.0,
            0.0,
            0.0
          ]
        ],
        "Stress": [
          [
            41120.29766590711,
            -13823.469293690452,
            -2330.1452975636557
          ],
          [
            -13823.469293690452,
            -34625.60606947811,
            -49121.34581833686
          ],
          [
            -2330.1452975636557,
            -49121.34581833686,
            -39328.55715300779
          ]
        ]
      }
    ],
    "EnergyStyle": "electronvolt",
    "ForcesStyle": "electronvoltperangstrom",
    "Label": "ASE generated",
    "LatticeStyle": "angstrom",
    "PositionsStyle": "angstrom",
    "StressStyle": "bar"
  }
}