{
  "Dataset": {
    "AtomTypeStyle": "chemicalsymbol",
    "Data": [
      {
        "AtomTypes": [
          "Cr"
        ],
        "Energy": -1.91639347366754,
        "Forces": [
          [
            -0.48870740008932206,
            0.20471198119467782,
            -0.7448513228543642
          ]
        ],
        "Lattice": [
          [
            3.151374085220068,
            3.407901221796806e-07,
            -0.0028710049055050116
          ],
          [
            2.831098064691446e-07,
            2.7719532859824874,
            -7.48785749820261e-07
          ],
          [
            -1.1705747026071418,
            -1.0287204930392842e-06,
            3.1929162016139636
          ]
        ],
        "NumAtoms": 1,
        "Positions": [
          [
            0.0,
            0.0,
            0.0
          ]
        ],
        "Stress": [
          [
            -83842.57022388924,
            0.0,
            -5791.529063452091
          ],
          [
            0.0,
            34793.305920439125,
            0.0
          ],
          [
            -5791.529063452091,
            0.0,
            -112850.23128617316
          ]
        ]
      }
    ],
    "EnergyStyle": "electronvolt",
    "ForcesStyle": "electronvoltperangstrom",
    "Label": "ASE generated",
    "LatticeStyle": "angstrom",
    "PositionsStyle": "angstrom",
    "StressStyle": "bar"
  }
}