{
  "Dataset": {
    "AtomTypeStyle": "chemicalsymbol",
    "Data": [
      {
        "AtomTypes": [
          "Cr"
        ],
        "Energy": -3.807745513109694,
        "Forces": [
          [
            -0.44819084767471684,
            0.23303865792217837,
            -0.24540565089899868
          ]
        ],
        "Lattice": [
          [
            2.5645328460554007,
            -0.0990059213663425,
            -0.03994599304768007
          ],
          [
            -0.10363055656824335,
            2.1428950580298585,
            -0.31660045565389083
          ],
          [
            -0.991418011615238,
            -0.29840051208211343,
            2.1138766653531587
          ]
        ],
        "NumAtoms": 1,
        "Positions": [
          [
            0.0,
            0.0,
            0.0
          ]
        ],
        "Stress": [
          [
            31479.027286972643,
            -120161.35636754395,
            -40774.60060471554
          ],
          [
            -120161.35636754395,
            386890.9114236958,
            -191454.38774451683
          ],
          [
            -40774.60060471554,
            -191454.38774451683,
            160148.94451380207
          ]
        ]
      }
    ],
    "EnergyStyle": "electronvolt",
    "ForcesStyle": "electronvoltperangstrom",
    "Label": "ASE generated",
    "LatticeStyle": "angstrom",
    "PositionsStyle": "angstrom",
    "StressStyle": "bar"
  }
}