{
  "Dataset": {
    "AtomTypeStyle": "chemicalsymbol",
    "Data": [
      {
        "AtomTypes": [
          "Cr"
        ],
        "Energy": -2.8968927484879714,
        "Forces": [
          [
            -0.29074933041079853,
            -1.564462789279383,
            -0.15078696075167208
          ]
        ],
        "Lattice": [
          [
            2.4464698934308218,
            1.1234432133345681e-06,
            -0.09995386772112148
          ],
          [
            8.789633430752322e-07,
            2.95672229180176,
            -9.264834563853802e-06
          ],
          [
            -1.0093476943323425,
            -1.168846617811302e-05,
            2.1862591431940133
          ]
        ],
        "NumAtoms": 1,
        "Positions": [
          [
            0.0,
            0.0,
            0.0
          ]
        ],
        "Stress": [
          [
            -99101.7856100179,
            0.0,
            34756.529637333646
          ],
          [
            0.0,
            -352046.118706909,
            -5.8842052968779175
          ],
          [
            34756.529637333646,
            -5.8842052968779175,
            -80787.19662348539
          ]
        ]
      }
    ],
    "EnergyStyle": "electronvolt",
    "ForcesStyle": "electronvoltperangstrom",
    "Label": "ASE generated",
    "LatticeStyle": "angstrom",
    "PositionsStyle": "angstrom",
    "StressStyle": "bar"
  }
}