{
  "Dataset": {
    "AtomTypeStyle": "chemicalsymbol",
    "Data": [
      {
        "AtomTypes": [
          "Cr"
        ],
        "Energy": -3.5847367322039645,
        "Forces": [
          [
            0.14504089708775028,
            -0.4669341657891195,
            -0.428685293540225
          ]
        ],
        "Lattice": [
          [
            2.325412673595242,
            -0.016124163420366117,
            -0.04762580957821292
          ],
          [
            -0.011894802955194232,
            2.3032446825555493,
            -0.05578907976041153
          ],
          [
            -0.9030360233372168,
            -0.07940874834799538,
            2.3429554928473437
          ]
        ],
        "NumAtoms": 1,
        "Positions": [
          [
            0.0,
            0.0,
            0.0
          ]
        ],
        "Stress": [
          [
            68433.30760269018,
            -17667.32640387595,
            -7399.388160823983
          ],
          [
            -17667.32640387595,
            -48113.675661246525,
            -63647.977645004226
          ],
          [
            -7399.388160823983,
            -63647.977645004226,
            -55927.90029550039
          ]
        ]
      }
    ],
    "EnergyStyle": "electronvolt",
    "ForcesStyle": "electronvoltperangstrom",
    "Label": "ASE generated",
    "LatticeStyle": "angstrom",
    "PositionsStyle": "angstrom",
    "StressStyle": "bar"
  }
}