{
  "Dataset": {
    "AtomTypeStyle": "chemicalsymbol",
    "Data": [
      {
        "AtomTypes": [
          "Cr"
        ],
        "Energy": -2.8024256246394543,
        "Forces": [
          [
            2.297908480629638,
            2.9883732944319403,
            -0.12076271421022054
          ]
        ],
        "Lattice": [
          [
            2.112725535588283,
            -0.18943571960525032,
            -2.0923666818299024e-06
          ],
          [
            -0.5673189293751634,
            2.043928495276741,
            1.4218991588459655e-06
          ],
          [
            -3.7423412174762443e-06,
            2.0172235182436998e-06,
            2.560537447534295
          ]
        ],
        "NumAtoms": 1,
        "Positions": [
          [
            0.0,
            0.0,
            0.0
          ]
        ],
        "Stress": [
          [
            854773.4956049435,
            19569.395766091737,
            -4.413153972658439
          ],
          [
            19569.395766091737,
            861949.2839644862,
            1.4710513242194794
          ],
          [
            -4.413153972658439,
            1.4710513242194794,
            -35620.03676465048
          ]
        ]
      }
    ],
    "EnergyStyle": "electronvolt",
    "ForcesStyle": "electronvoltperangstrom",
    "Label": "ASE generated",
    "LatticeStyle": "angstrom",
    "PositionsStyle": "angstrom",
    "StressStyle": "bar"
  }
}