{
  "Dataset": {
    "AtomTypeStyle": "chemicalsymbol",
    "Data": [
      {
        "AtomTypes": [
          "Cr"
        ],
        "Energy": -3.827447933038002,
        "Forces": [
          [
            -0.17085756452899187,
            -0.01884909917801067,
            -0.24610049092572872
          ]
        ],
        "Lattice": [
          [
            2.4391334419987643,
            -0.18479295108795082,
            -0.018776036043891928
          ],
          [
            -0.6452232703123406,
            2.198039691498152,
            -0.2197646090548933
          ],
          [
            -0.69885601009985,
            0.15489068112861923,
            2.1896589358334464
          ]
        ],
        "NumAtoms": 1,
        "Positions": [
          [
            0.0,
            0.0,
            0.0
          ]
        ],
        "Stress": [
          [
            166590.67826255917,
            -113169.4494235288,
            -105352.28268662647
          ],
          [
            -113169.4494235288,
            135730.96358308295,
            -28267.722246201523
          ],
          [
            -105352.28268662647,
            -28267.722246201523,
            59901.209922217204
          ]
        ]
      }
    ],
    "EnergyStyle": "electronvolt",
    "ForcesStyle": "electronvoltperangstrom",
    "Label": "ASE generated",
    "LatticeStyle": "angstrom",
    "PositionsStyle": "angstrom",
    "StressStyle": "bar"
  }
}