{
  "Dataset": {
    "AtomTypeStyle": "chemicalsymbol",
    "Data": [
      {
        "AtomTypes": [
          "Cr"
        ],
        "Energy": -3.568059812669162,
        "Forces": [
          [
            -0.0762316408384506,
            -0.09152982381308772,
            -0.03740351425449375
          ]
        ],
        "Lattice": [
          [
            2.424313002941429,
            -0.2607346182102304,
            -0.0003852293657827943
          ],
          [
            -0.6936367538150613,
            2.337552898885303,
            0.00010359755125658113
          ],
          [
            -0.0010683902624635075,
            0.0001727472537809718,
            2.272497918268963
          ]
        ],
        "NumAtoms": 1,
        "Positions": [
          [
            0.0,
            0.0,
            0.0
          ]
        ],
        "Stress": [
          [
            -7674.474758453024,
            -13732.264111588842,
            -856.1518706957371
          ],
          [
            -13732.264111588842,
            -12711.354492580522,
            -22.065769863292196
          ],
          [
            -856.1518706957371,
            -22.065769863292196,
            -9936.951695102585
          ]
        ]
      }
    ],
    "EnergyStyle": "electronvolt",
    "ForcesStyle": "electronvoltperangstrom",
    "Label": "ASE generated",
    "LatticeStyle": "angstrom",
    "PositionsStyle": "angstrom",
    "StressStyle": "bar"
  }
}