{
  "Dataset": {
    "AtomTypeStyle": "chemicalsymbol",
    "Data": [
      {
        "AtomTypes": [
          "Cr"
        ],
        "Energy": -3.5764229667888685,
        "Forces": [
          [
            0.17276645665309986,
            0.5735663392393789,
            -0.05785963046542636
          ]
        ],
        "Lattice": [
          [
            2.395323871647643,
            -0.328766407952291,
            -0.052101260199889164
          ],
          [
            -0.7548183318947322,
            2.2935459957073006,
            0.0012852513158644555
          ],
          [
            -0.15400124431023626,
            -0.001954466805573428,
            2.2268665765306803
          ]
        ],
        "NumAtoms": 1,
        "Positions": [
          [
            0.0,
            0.0,
            0.0
          ]
        ],
        "Stress": [
          [
            139318.85776285426,
            39952.28291447685,
            -126517.76913949636
          ],
          [
            39952.28291447685,
            143006.7834326725,
            -12420.086330385066
          ],
          [
            -126517.76913949636,
            -12420.086330385066,
            121695.66289870488
          ]
        ]
      }
    ],
    "EnergyStyle": "electronvolt",
    "ForcesStyle": "electronvoltperangstrom",
    "Label": "ASE generated",
    "LatticeStyle": "angstrom",
    "PositionsStyle": "angstrom",
    "StressStyle": "bar"
  }
}