{
  "Dataset": {
    "AtomTypeStyle": "chemicalsymbol",
    "Data": [
      {
        "AtomTypes": [
          "Cr"
        ],
        "Energy": -3.6360556788608847,
        "Forces": [
          [
            -0.13473934728172032,
            0.7558558421019026,
            0.6680740524989797
          ]
        ],
        "Lattice": [
          [
            2.372872459645283,
            -0.21668856015222712,
            -0.08104435519325773
          ],
          [
            -0.6382339136197233,
            2.2353682237869883,
            0.01330124802284744
          ],
          [
            -0.34221969070380726,
            0.13961830409743892,
            2.1580615943275956
          ]
        ],
        "NumAtoms": 1,
        "Positions": [
          [
            0.0,
            0.0,
            0.0
          ]
        ],
        "Stress": [
          [
            253375.35113488737,
            -93311.72759789003,
            -201826.77063158838
          ],
          [
            -93311.72759789003,
            240728.72290057252,
            91953.94722563546
          ],
          [
            -201826.77063158838,
            91953.94722563546,
            318932.7533987285
          ]
        ]
      }
    ],
    "EnergyStyle": "electronvolt",
    "ForcesStyle": "electronvoltperangstrom",
    "Label": "ASE generated",
    "LatticeStyle": "angstrom",
    "PositionsStyle": "angstrom",
    "StressStyle": "bar"
  }
}