{
  "Dataset": {
    "AtomTypeStyle": "chemicalsymbol",
    "Data": [
      {
        "AtomTypes": [
          "Cr"
        ],
        "Energy": -3.6514906697366314,
        "Forces": [
          [
            -0.1590992173802971,
            0.6912477923107294,
            0.5766175608296387
          ]
        ],
        "Lattice": [
          [
            2.3773503317818645,
            -0.21192798302974067,
            -0.07623933247704169
          ],
          [
            -0.63635300456282,
            2.23168365813712,
            -0.004410837026181856
          ],
          [
            -0.368992520955213,
            0.14242880076423198,
            2.1618663202461645
          ]
        ],
        "NumAtoms": 1,
        "Positions": [
          [
            0.0,
            0.0,
            0.0
          ]
        ],
        "Stress": [
          [
            246643.82027525903,
            -99253.30389641252,
            -196658.96732960534
          ],
          [
            -99253.30389641252,
            234657.6940855187,
            82986.4183531935
          ],
          [
            -196658.96732960534,
            82986.4183531935,
            293495.33390032523
          ]
        ]
      }
    ],
    "EnergyStyle": "electronvolt",
    "ForcesStyle": "electronvoltperangstrom",
    "Label": "ASE generated",
    "LatticeStyle": "angstrom",
    "PositionsStyle": "angstrom",
    "StressStyle": "bar"
  }
}