{
  "Dataset": {
    "AtomTypeStyle": "chemicalsymbol",
    "Data": [
      {
        "AtomTypes": [
          "Cr"
        ],
        "Energy": -3.5791351278198817,
        "Forces": [
          [
            0.16877102076457706,
            0.6265370979356881,
            0.002306897740561864
          ]
        ],
        "Lattice": [
          [
            2.391346114836309,
            -0.3253164382007845,
            -0.05721716764670919
          ],
          [
            -0.7504224483581042,
            2.2881854898545266,
            0.0036946782263198408
          ],
          [
            -0.17127566752814746,
            0.00596270263657666,
            2.2190522722585304
          ]
        ],
        "NumAtoms": 1,
        "Positions": [
          [
            0.0,
            0.0,
            0.0
          ]
        ],
        "Stress": [
          [
            156537.51351284326,
            34303.44582947405,
            -139133.5052960026
          ],
          [
            34303.44582947405,
            157859.98865331654,
            -4795.627316955503
          ],
          [
            -139133.5052960026,
            -4795.627316955503,
            144620.52673534126
          ]
        ]
      }
    ],
    "EnergyStyle": "electronvolt",
    "ForcesStyle": "electronvoltperangstrom",
    "Label": "ASE generated",
    "LatticeStyle": "angstrom",
    "PositionsStyle": "angstrom",
    "StressStyle": "bar"
  }
}