{
  "Dataset": {
    "AtomTypeStyle": "chemicalsymbol",
    "Data": [
      {
        "AtomTypes": [
          "Cr"
        ],
        "Energy": -3.758534770283859,
        "Forces": [
          [
            -0.23382438640865266,
            0.2044906714353256,
            -0.025036178413388177
          ]
        ],
        "Lattice": [
          [
            2.4135478472731604,
            -0.19473448741148017,
            -0.04244239393656881
          ],
          [
            -0.6403431457083607,
            2.2119879999485264,
            -0.13048637926876683
          ],
          [
            -0.561768282742947,
            0.1508498400439233,
            2.178525239990192
          ]
        ],
        "NumAtoms": 1,
        "Positions": [
          [
            0.0,
            0.0,
            0.0
          ]
        ],
        "Stress": [
          [
            204695.32071381639,
            -113415.11499467344,
            -162957.18149173708
          ],
          [
            -113415.11499467344,
            171590.7817135812,
            5016.285015588426
          ],
          [
            -162957.18149173708,
            5016.285015588426,
            150310.55325742223
          ]
        ]
      }
    ],
    "EnergyStyle": "electronvolt",
    "ForcesStyle": "electronvoltperangstrom",
    "Label": "ASE generated",
    "LatticeStyle": "angstrom",
    "PositionsStyle": "angstrom",
    "StressStyle": "bar"
  }
}