{
  "Dataset": {
    "AtomTypeStyle": "chemicalsymbol",
    "Data": [
      {
        "AtomTypes": [
          "Cr"
        ],
        "Energy": -2.7394388344237086,
        "Forces": [
          [
            1.7973080514301234,
            2.4852971949628677,
            -0.9780203873586949
          ]
        ],
        "Lattice": [
          [
            2.114483837461074,
            -0.16799438465370226,
            -7.884740404467765e-07
          ],
          [
            -0.5465460600692199,
            2.049522541848524,
            5.783906887304206e-07
          ],
          [
            -1.378506627760975e-06,
            7.874156860300695e-07,
            2.7927457613040003
          ]
        ],
        "NumAtoms": 1,
        "Positions": [
          [
            0.0,
            0.0,
            0.0
          ]
        ],
        "Stress": [
          [
            697050.3147247792,
            -18196.904880594964,
            -0.0
          ],
          [
            -18196.904880594964,
            690379.0969694441,
            0.0
          ],
          [
            -0.0,
            0.0,
            -264518.56491584994
          ]
        ]
      }
    ],
    "EnergyStyle": "electronvolt",
    "ForcesStyle": "electronvoltperangstrom",
    "Label": "ASE generated",
    "LatticeStyle": "angstrom",
    "PositionsStyle": "angstrom",
    "StressStyle": "bar"
  }
}