{
  "Dataset": {
    "AtomTypeStyle": "chemicalsymbol",
    "Data": [
      {
        "AtomTypes": [
          "Cr"
        ],
        "Energy": -3.6124964500268106,
        "Forces": [
          [
            -0.029044145007610656,
            0.8767756776582247,
            0.8071134481733861
          ]
        ],
        "Lattice": [
          [
            2.367982838427122,
            -0.23924113496150792,
            -0.08967510528391072
          ],
          [
            -0.6572760220806843,
            2.244794211331988,
            0.03628838633069143
          ],
          [
            -0.306931296893868,
            0.12441565939288941,
            2.147928980051788
          ]
        ],
        "NumAtoms": 1,
        "Positions": [
          [
            0.0,
            0.0,
            0.0
          ]
        ],
        "Stress": [
          [
            267863.735627125,
            -68456.8444238777,
            -208421.49371806427
          ],
          [
            -68456.8444238777,
            248188.4241656895,
            98257.40214991591
          ],
          [
            -208421.49371806427,
            98257.40214991591,
            364295.5630836846
          ]
        ]
      }
    ],
    "EnergyStyle": "electronvolt",
    "ForcesStyle": "electronvoltperangstrom",
    "Label": "ASE generated",
    "LatticeStyle": "angstrom",
    "PositionsStyle": "angstrom",
    "StressStyle": "bar"
  }
}