{
  "Dataset": {
    "AtomTypeStyle": "chemicalsymbol",
    "Data": [
      {
        "AtomTypes": [
          "Cr"
        ],
        "Energy": -3.615175685253689,
        "Forces": [
          [
            -0.05484889386248781,
            0.8595195653910528,
            0.7861686750803687
          ]
        ],
        "Lattice": [
          [
            2.3682859458402947,
            -0.23314672593872135,
            -0.0879884286046246
          ],
          [
            -0.6513923218970743,
            2.242957604461791,
            0.03449656531516872
          ],
          [
            -0.308659915629511,
            0.1280655528228891,
            2.1506571118736324
          ]
        ],
        "NumAtoms": 1,
        "Positions": [
          [
            0.0,
            0.0,
            0.0
          ]
        ],
        "Stress": [
          [
            263828.64184479095,
            -73658.48190631777,
            -207188.75270836838
          ],
          [
            -73658.48190631777,
            247042.47518412254,
            99160.62766298669
          ],
          [
            -207188.75270836838,
            99160.62766298669,
            355241.24218311365
          ]
        ]
      }
    ],
    "EnergyStyle": "electronvolt",
    "ForcesStyle": "electronvoltperangstrom",
    "Label": "ASE generated",
    "LatticeStyle": "angstrom",
    "PositionsStyle": "angstrom",
    "StressStyle": "bar"
  }
}