{
  "Dataset": {
    "AtomTypeStyle": "chemicalsymbol",
    "Data": [
      {
        "AtomTypes": [
          "Cr"
        ],
        "Energy": -3.5696890957201504,
        "Forces": [
          [
            -0.026633365648500777,
            0.018925549903763036,
            -0.061658135427429345
          ]
        ],
        "Lattice": [
          [
            2.426608513345065,
            -0.2855966620595491,
            -0.00682883290317211
          ],
          [
            -0.718502835815657,
            2.3353297132474418,
            -0.0005491425352475121
          ],
          [
            -0.019506131254713142,
            -0.0029446991818947426,
            2.2658660874569168
          ]
        ],
        "NumAtoms": 1,
        "Positions": [
          [
            0.0,
            0.0,
            0.0
          ]
        ],
        "Stress": [
          [
            2159.5033439541958,
            6453.502159350855,
            -16425.75908623471
          ],
          [
            6453.502159350855,
            4430.806588549072,
            -5407.584667830807
          ],
          [
            -16425.75908623471,
            -5407.584667830807,
            3989.4911912832295
          ]
        ]
      }
    ],
    "EnergyStyle": "electronvolt",
    "ForcesStyle": "electronvoltperangstrom",
    "Label": "ASE generated",
    "LatticeStyle": "angstrom",
    "PositionsStyle": "angstrom",
    "StressStyle": "bar"
  }
}