{
  "Dataset": {
    "AtomTypeStyle": "chemicalsymbol",
    "Data": [
      {
        "AtomTypes": [
          "Cr"
        ],
        "Energy": 2238.431358855923,
        "Forces": [
          [
            -0.2830465551936555,
            -0.2709282467300593,
            -0.2517451858263561
          ]
        ],
        "Lattice": [
          [
            4.229519747511598,
            0.0,
            0.0
          ],
          [
            -0.8456163421594889,
            4.144125743809339,
            0.0
          ],
          [
            -0.8456163421594889,
            -1.0355936806584674,
            4.012642663418446
          ]
        ],
        "NumAtoms": 1,
        "Positions": [
          [
            0.0,
            0.0,
            0.0
          ]
        ],
        "Stress": [
          [
            -29501.93430722166,
            1584.3222761843797,
            2044.761340665077
          ],
          [
            1584.3222761843797,
            -28854.671724565087,
            2505.2004051457743
          ],
          [
            2044.761340665077,
            2505.2004051457743,
            -27561.61761057617
          ]
        ]
      }
    ],
    "EnergyStyle": "electronvolt",
    "ForcesStyle": "electronvoltperangstrom",
    "Label": "ASE generated",
    "LatticeStyle": "angstrom",
    "PositionsStyle": "angstrom",
    "StressStyle": "bar"
  }
}