{
  "Dataset": {
    "AtomTypeStyle": "chemicalsymbol",
    "Data": [
      {
        "AtomTypes": [
          "Cr"
        ],
        "Energy": -4.253156532638059,
        "Forces": [
          [
            -0.0065402178005301,
            -0.049128507280488315,
            -0.03072423834298562
          ]
        ],
        "Lattice": [
          [
            2.8425371328263256,
            -0.0734325252337453,
            0.08166232569128695
          ],
          [
            1.4792400269568993,
            1.9715011903053896,
            -0.08372762707561839
          ],
          [
            1.3619892914957514,
            0.09088924629569384,
            2.0484740719328913
          ]
        ],
        "NumAtoms": 1,
        "Positions": [
          [
            0.0,
            0.0,
            0.0
          ]
        ],
        "Stress": [
          [
            -2063.8850078799296,
            -1854.9957198407637,
            2088.8928803916606
          ],
          [
            -1854.9957198407637,
            -7075.756869495696,
            -4820.635189467234
          ],
          [
            2088.8928803916606,
            -4820.635189467234,
            -5866.5526809872845
          ]
        ]
      }
    ],
    "EnergyStyle": "electronvolt",
    "ForcesStyle": "electronvoltperangstrom",
    "Label": "ASE generated",
    "LatticeStyle": "angstrom",
    "PositionsStyle": "angstrom",
    "StressStyle": "bar"
  }
}