{
  "Dataset": {
    "AtomTypeStyle": "chemicalsymbol",
    "Data": [
      {
        "AtomTypes": [
          "Cr"
        ],
        "Energy": -4.276688005836604,
        "Forces": [
          [
            0.12233034469451591,
            -0.22853504387844742,
            0.0011643589458552595
          ]
        ],
        "Lattice": [
          [
            2.8227107482877116,
            -0.03279383763279881,
            0.03700217812090048
          ],
          [
            1.4992482463094932,
            1.997769995141155,
            -0.08202008123476645
          ],
          [
            1.3232076613473964,
            0.13597553709690416,
            2.02613650076501
          ]
        ],
        "NumAtoms": 1,
        "Positions": [
          [
            0.0,
            0.0,
            0.0
          ]
        ],
        "Stress": [
          [
            32730.891963883423,
            -26461.271220059996,
            28139.740780994423
          ],
          [
            -26461.271220059996,
            435.431191968966,
            -38375.31589491357
          ],
          [
            28139.740780994423,
            -38375.31589491357,
            10563.619559220084
          ]
        ]
      }
    ],
    "EnergyStyle": "electronvolt",
    "ForcesStyle": "electronvoltperangstrom",
    "Label": "ASE generated",
    "LatticeStyle": "angstrom",
    "PositionsStyle": "angstrom",
    "StressStyle": "bar"
  }
}