{
  "Dataset": {
    "AtomTypeStyle": "chemicalsymbol",
    "Data": [
      {
        "AtomTypes": [
          "Cr"
        ],
        "Energy": -4.287562500796412,
        "Forces": [
          [
            0.0008308690863359658,
            -0.001282309325104703,
            0.0013823112480821928
          ]
        ],
        "Lattice": [
          [
            2.8426439827007046,
            -0.07355567694120495,
            0.0814311488068684
          ],
          [
            1.4791746645756552,
            1.9718421899817435,
            -0.08398890355964808
          ],
          [
            1.361826864785065,
            0.09080094619917635,
            2.048065447642727
          ]
        ],
        "NumAtoms": 1,
        "Positions": [
          [
            0.0,
            0.0,
            0.0
          ]
        ],
        "Stress": [
          [
            -82.37887415629086,
            173.5840562578986,
            141.22092712507003
          ],
          [
            173.5840562578986,
            -560.4705545276217,
            27.949975160170116
          ],
          [
            141.22092712507003,
            27.949975160170116,
            217.715595984483
          ]
        ]
      }
    ],
    "EnergyStyle": "electronvolt",
    "ForcesStyle": "electronvoltperangstrom",
    "Label": "ASE generated",
    "LatticeStyle": "angstrom",
    "PositionsStyle": "angstrom",
    "StressStyle": "bar"
  }
}