{
  "Dataset": {
    "AtomTypeStyle": "chemicalsymbol",
    "Data": [
      {
        "AtomTypes": [
          "Cr"
        ],
        "Energy": -4.284503122200476,
        "Forces": [
          [
            0.012564371102633198,
            -0.10982444021795557,
            0.043946456106115674
          ]
        ],
        "Lattice": [
          [
            2.8414187755351406,
            -0.047824680723238686,
            0.05298078182491921
          ],
          [
            1.4979416035341584,
            1.986782055868169,
            -0.09259922105993214
          ],
          [
            1.3423601180732612,
            0.10961734946805311,
            2.033141242226606
          ]
        ],
        "NumAtoms": 1,
        "Positions": [
          [
            0.0,
            0.0,
            0.0
          ]
        ],
        "Stress": [
          [
            2408.1110177472883,
            -19715.029847189464,
            20821.260443002513
          ],
          [
            -19715.029847189464,
            -1410.7382199264807,
            -9639.79932761025
          ],
          [
            20821.260443002513,
            -9639.79932761025,
            1129.7674170005603
          ]
        ]
      }
    ],
    "EnergyStyle": "electronvolt",
    "ForcesStyle": "electronvoltperangstrom",
    "Label": "ASE generated",
    "LatticeStyle": "angstrom",
    "PositionsStyle": "angstrom",
    "StressStyle": "bar"
  }
}