{
  "Dataset": {
    "AtomTypeStyle": "chemicalsymbol",
    "Data": [
      {
        "AtomTypes": [
          "Cr"
        ],
        "Energy": -4.287561684453976,
        "Forces": [
          [
            0.0014462808729946723,
            -6.831733161214587e-05,
            0.003684133854016871
          ]
        ],
        "Lattice": [
          [
            2.8427260570273654,
            -0.07359088310087672,
            0.08127629779709675
          ],
          [
            1.4791767304834766,
            1.9719672991156971,
            -0.08421341916136788
          ],
          [
            1.3617314509593357,
            0.09069014284187361,
            2.047782991899288
          ]
        ],
        "NumAtoms": 1,
        "Positions": [
          [
            0.0,
            0.0,
            0.0
          ]
        ],
        "Stress": [
          [
            -45.60259105080386,
            204.47613406650768,
            245.6655711446531
          ],
          [
            204.47613406650768,
            -463.3811671291361,
            239.78136584777516
          ],
          [
            245.6655711446531,
            239.78136584777516,
            545.760041285427
          ]
        ]
      }
    ],
    "EnergyStyle": "electronvolt",
    "ForcesStyle": "electronvoltperangstrom",
    "Label": "ASE generated",
    "LatticeStyle": "angstrom",
    "PositionsStyle": "angstrom",
    "StressStyle": "bar"
  }
}