{
  "Dataset": {
    "AtomTypeStyle": "chemicalsymbol",
    "Data": [
      {
        "AtomTypes": [
          "Cr"
        ],
        "Energy": -3.666697901128373,
        "Forces": [
          [
            -1.3036912026096348,
            -2.1790262870900774,
            -2.001044190709012
          ]
        ],
        "Lattice": [
          [
            2.9823596654588473,
            0.0,
            0.0
          ],
          [
            1.6102803659695228,
            2.247467473214136,
            0.0
          ],
          [
            1.3720733347699936,
            0.28132002252340216,
            2.2297880451172962
          ]
        ],
        "NumAtoms": 1,
        "Positions": [
          [
            0.0,
            0.0,
            0.0
          ]
        ],
        "Stress": [
          [
            -315094.7804938399,
            -10300.301372184796,
            13770.511446018549
          ],
          [
            -10300.301372184796,
            -421748.94360240054,
            -88810.31054577841
          ],
          [
            13770.511446018549,
            -88810.31054577841,
            -403275.48107285233
          ]
        ]
      }
    ],
    "EnergyStyle": "electronvolt",
    "ForcesStyle": "electronvoltperangstrom",
    "Label": "ASE generated",
    "LatticeStyle": "angstrom",
    "PositionsStyle": "angstrom",
    "StressStyle": "bar"
  }
}