{
  "Dataset": {
    "AtomTypeStyle": "chemicalsymbol",
    "Data": [
      {
        "AtomTypes": [
          "Cr"
        ],
        "Energy": -4.287397599664473,
        "Forces": [
          [
            -0.01934728627678881,
            0.009578134563351812,
            0.03322532005475109
          ]
        ],
        "Lattice": [
          [
            2.846643587122262,
            -0.06997897559842428,
            0.07676043549955017
          ],
          [
            1.4839805006372404,
            1.9735010621029714,
            -0.0894464382869914
          ],
          [
            1.3604622659926942,
            0.08960126072119382,
            2.044598674398147
          ]
        ],
        "NumAtoms": 1,
        "Positions": [
          [
            0.0,
            0.0,
            0.0
          ]
        ],
        "Stress": [
          [
            -6428.494286839125,
            -2730.2712577513544,
            3754.122979408112
          ],
          [
            -2730.2712577513544,
            -241.25241717199467,
            5650.30813632702
          ],
          [
            3754.122979408112,
            5650.30813632702,
            -111.79990064068046
          ]
        ]
      }
    ],
    "EnergyStyle": "electronvolt",
    "ForcesStyle": "electronvoltperangstrom",
    "Label": "ASE generated",
    "LatticeStyle": "angstrom",
    "PositionsStyle": "angstrom",
    "StressStyle": "bar"
  }
}