{
  "Dataset": {
    "AtomTypeStyle": "chemicalsymbol",
    "Data": [
      {
        "AtomTypes": [
          "Cr"
        ],
        "Energy": -4.240302679863817,
        "Forces": [
          [
            0.6674839748714171,
            0.29177334000876626,
            0.5825788501027116
          ]
        ],
        "Lattice": [
          [
            2.7755629164354123,
            -0.025878794883082205,
            0.030013491366628935
          ],
          [
            1.4790703330556108,
            1.9651638503140325,
            -0.08344834745378331
          ],
          [
            1.2969323735616516,
            0.13695079322905185,
            1.986195698416567
          ]
        ],
        "NumAtoms": 1,
        "Positions": [
          [
            0.0,
            0.0,
            0.0
          ]
        ],
        "Stress": [
          [
            193259.36771933417,
            -35927.486491412354,
            37111.68280740904
          ],
          [
            -35927.486491412354,
            164359.09340371823,
            -43234.198418810505
          ],
          [
            37111.68280740904,
            -43234.198418810505,
            176146.62766468892
          ]
        ]
      }
    ],
    "EnergyStyle": "electronvolt",
    "ForcesStyle": "electronvoltperangstrom",
    "Label": "ASE generated",
    "LatticeStyle": "angstrom",
    "PositionsStyle": "angstrom",
    "StressStyle": "bar"
  }
}