{
  "Dataset": {
    "AtomTypeStyle": "chemicalsymbol",
    "Data": [
      {
        "AtomTypes": [
          "Cr"
        ],
        "Energy": -4.2875629089676295,
        "Forces": [
          [
            0.0007307799632425113,
            -0.00029956406878346535,
            -0.00029962045946110865
          ]
        ],
        "Lattice": [
          [
            2.8425371328263256,
            -0.0734325252337453,
            0.08166232569128695
          ],
          [
            1.4792400269568993,
            1.9715011903053896,
            -0.08372762707561839
          ],
          [
            1.3619892914957514,
            0.09088924629569384,
            2.0484740719328913
          ]
        ],
        "NumAtoms": 1,
        "Positions": [
          [
            0.0,
            0.0,
            0.0
          ]
        ],
        "Stress": [
          [
            201.53403141806868,
            51.48679634768178,
            -48.54469369924283
          ],
          [
            51.48679634768178,
            -16.181564566414277,
            -119.15515726177783
          ],
          [
            -48.54469369924283,
            -119.15515726177783,
            83.84992548051035
          ]
        ]
      }
    ],
    "EnergyStyle": "electronvolt",
    "ForcesStyle": "electronvoltperangstrom",
    "Label": "ASE generated",
    "LatticeStyle": "angstrom",
    "PositionsStyle": "angstrom",
    "StressStyle": "bar"
  }
}