{
  "Dataset": {
    "AtomTypeStyle": "chemicalsymbol",
    "Data": [
      {
        "AtomTypes": [
          "Cr"
        ],
        "Energy": 2238.691508759657,
        "Forces": [
          [
            -0.08909320888538833,
            -0.07117873054158785,
            -0.061193326069766865
          ]
        ],
        "Lattice": [
          [
            4.416329885604565,
            0.0,
            0.0
          ],
          [
            -1.828091176517268,
            5.09668316980149,
            0.0
          ],
          [
            -0.046587863963242555,
            1.0051743472831414,
            6.507135278026792
          ]
        ],
        "NumAtoms": 1,
        "Positions": [
          [
            0.0,
            0.0,
            0.0
          ]
        ],
        "Stress": [
          [
            -6390.2469524094195,
            44.13153972658439,
            4.413153972658439
          ],
          [
            44.13153972658439,
            -3276.0312990367806,
            -1.4710513242194794
          ],
          [
            4.413153972658439,
            -1.4710513242194794,
            -3374.591737759486
          ]
        ]
      }
    ],
    "EnergyStyle": "electronvolt",
    "ForcesStyle": "electronvoltperangstrom",
    "Label": "ASE generated",
    "LatticeStyle": "angstrom",
    "PositionsStyle": "angstrom",
    "StressStyle": "bar"
  }
}