{
  "Dataset": {
    "AtomTypeStyle": "chemicalsymbol",
    "Data": [
      {
        "AtomTypes": [
          "Ni"
        ],
        "Energy": -1.8506611884458835,
        "Forces": [
          [
            19.771599098022897,
            3.8038181700805263,
            12.85438814617267
          ]
        ],
        "Lattice": [
          [
            4.587449390292641,
            0.0,
            0.0
          ],
          [
            0.8568529720176401,
            2.901616788752779,
            0.0
          ],
          [
            0.38815785526083124,
            -2.1388891033251634,
            1.0135556557406464
          ]
        ],
        "NumAtoms": 1,
        "Positions": [
          [
            0.0,
            0.0,
            0.0
          ]
        ],
        "Stress": [
          [
            906773.6888647779,
            618869.8210478108,
            854158.5961514198
          ],
          [
            618869.8210478108,
            343075.6477318186,
            468209.1575752244
          ],
          [
            854158.5961514198,
            468209.1575752244,
            574396.9974140074
          ]
        ]
      }
    ],
    "EnergyStyle": "electronvolt",
    "ForcesStyle": "electronvoltperangstrom",
    "Label": "ASE generated",
    "LatticeStyle": "angstrom",
    "PositionsStyle": "angstrom",
    "StressStyle": "bar"
  }
}