{
  "Dataset": {
    "AtomTypeStyle": "chemicalsymbol",
    "Data": [
      {
        "AtomTypes": [
          "Cr"
        ],
        "Energy": 2238.546897133519,
        "Forces": [
          [
            -0.2389788648824176,
            -0.23411414240495798,
            -0.22765672836111758
          ]
        ],
        "Lattice": [
          [
            4.360519682148351,
            0.0,
            0.0
          ],
          [
            -0.5621494763832011,
            4.324131145400823,
            0.0
          ],
          [
            -0.5621494763832011,
            -0.6399629501111385,
            4.276514270471763
          ]
        ],
        "NumAtoms": 1,
        "Positions": [
          [
            0.0,
            0.0,
            0.0
          ]
        ],
        "Stress": [
          [
            -22433.532694347065,
            984.1333359028317,
            1143.0068789185357
          ],
          [
            984.1333359028317,
            -22177.569763932872,
            1300.4093706100198
          ],
          [
            1143.0068789185357,
            1300.4093706100198,
            -21787.74116301471
          ]
        ]
      }
    ],
    "EnergyStyle": "electronvolt",
    "ForcesStyle": "electronvoltperangstrom",
    "Label": "ASE generated",
    "LatticeStyle": "angstrom",
    "PositionsStyle": "angstrom",
    "StressStyle": "bar"
  }
}