{
  "Dataset": {
    "AtomTypeStyle": "chemicalsymbol",
    "Data": [
      {
        "AtomTypes": [
          "Cr"
        ],
        "Energy": -4.202650798907598,
        "Forces": [
          [
            0.0027375055194310935,
            0.002850896204253397,
            0.0005911032156906198
          ]
        ],
        "Lattice": [
          [
            2.4372706397983994,
            -0.3341928249430743,
            -7.808009709256503e-06
          ],
          [
            -0.4769832691157356,
            2.4133919887099835,
            -7.803776291589673e-06
          ],
          [
            -0.9801322656971756,
            -1.039587466635858,
            2.002644616831345
          ]
        ],
        "NumAtoms": 1,
        "Positions": [
          [
            0.0,
            0.0,
            0.0
          ]
        ],
        "Stress": [
          [
            463.3811671291361,
            304.50762411343226,
            -1.4710513242194794
          ],
          [
            304.50762411343226,
            498.6863989104037,
            -1.4710513242194794
          ],
          [
            -1.4710513242194794,
            -1.4710513242194794,
            169.17090228524015
          ]
        ]
      }
    ],
    "EnergyStyle": "electronvolt",
    "ForcesStyle": "electronvoltperangstrom",
    "Label": "ASE generated",
    "LatticeStyle": "angstrom",
    "PositionsStyle": "angstrom",
    "StressStyle": "bar"
  }
}