{
  "Dataset": {
    "AtomTypeStyle": "chemicalsymbol",
    "Data": [
      {
        "AtomTypes": [
          "Cr"
        ],
        "Energy": -3.612801353852774,
        "Forces": [
          [
            0.048751537928083885,
            0.048642397572023904,
            0.04669146972407809
          ]
        ],
        "Lattice": [
          [
            2.437161214418547,
            -0.334055215055928,
            -8.293265209316698e-06
          ],
          [
            -0.47683946944278316,
            2.4132907835688866,
            -8.309669702775658e-06
          ],
          [
            -0.9801499227530868,
            -1.039606182046186,
            2.002468772303364
          ]
        ],
        "NumAtoms": 1,
        "Positions": [
          [
            0.0,
            0.0,
            0.0
          ]
        ],
        "Stress": [
          [
            13389.509153045703,
            261.8471357110673,
            -1.4710513242194794
          ],
          [
            261.8471357110673,
            13420.401230854315,
            -1.4710513242194794
          ],
          [
            -1.4710513242194794,
            -1.4710513242194794,
            13135.017273955733
          ]
        ]
      }
    ],
    "EnergyStyle": "electronvolt",
    "ForcesStyle": "electronvoltperangstrom",
    "Label": "ASE generated",
    "LatticeStyle": "angstrom",
    "PositionsStyle": "angstrom",
    "StressStyle": "bar"
  }
}