{
  "Dataset": {
    "AtomTypeStyle": "chemicalsymbol",
    "Data": [
      {
        "AtomTypes": [
          "Cr"
        ],
        "Energy": -4.201468735346225,
        "Forces": [
          [
            -0.1400318589982352,
            -0.14322041821529918,
            -0.06874957838743485
          ]
        ],
        "Lattice": [
          [
            2.446060859557498,
            -0.3276917797488954,
            -5.8500540383483995e-06
          ],
          [
            -0.47101059413466745,
            2.4225496802352855,
            -5.9199054298510665e-06
          ],
          [
            -0.9875125076015786,
            -1.047415610479538,
            2.0045847635724834
          ]
        ],
        "NumAtoms": 1,
        "Positions": [
          [
            0.0,
            0.0,
            0.0
          ]
        ],
        "Stress": [
          [
            -28754.640234518167,
            -10116.419956657359,
            -2.9421026484389587
          ],
          [
            -10116.419956657359,
            -29946.191807135947,
            -2.9421026484389587
          ],
          [
            -2.9421026484389587,
            -2.9421026484389587,
            -19226.6408075486
          ]
        ]
      }
    ],
    "EnergyStyle": "electronvolt",
    "ForcesStyle": "electronvoltperangstrom",
    "Label": "ASE generated",
    "LatticeStyle": "angstrom",
    "PositionsStyle": "angstrom",
    "StressStyle": "bar"
  }
}