{
  "Dataset": {
    "AtomTypeStyle": "chemicalsymbol",
    "Data": [
      {
        "AtomTypes": [
          "Cr"
        ],
        "Energy": -4.202650798907598,
        "Forces": [
          [
            0.00029424243586975273,
            0.0004184801767711409,
            -0.0018517746757033575
          ]
        ],
        "Lattice": [
          [
            2.4372706397983994,
            -0.3341928249430743,
            -7.808009709256503e-06
          ],
          [
            -0.4769832691157356,
            2.4133919887099835,
            -7.803776291589673e-06
          ],
          [
            -0.9801322656971756,
            -1.039587466635858,
            2.002644616831345
          ]
        ],
        "NumAtoms": 1,
        "Positions": [
          [
            0.0,
            0.0,
            0.0
          ]
        ],
        "Stress": [
          [
            -222.12874995714142,
            305.97867543765176,
            -1.4710513242194794
          ],
          [
            305.97867543765176,
            -186.8235181758739,
            -1.4710513242194794
          ],
          [
            -1.4710513242194794,
            -1.4710513242194794,
            -517.8100661252569
          ]
        ]
      }
    ],
    "EnergyStyle": "electronvolt",
    "ForcesStyle": "electronvoltperangstrom",
    "Label": "ASE generated",
    "LatticeStyle": "angstrom",
    "PositionsStyle": "angstrom",
    "StressStyle": "bar"
  }
}