{
  "Dataset": {
    "AtomTypeStyle": "chemicalsymbol",
    "Data": [
      {
        "AtomTypes": [
          "Cr"
        ],
        "Energy": -3.3742872405814524,
        "Forces": [
          [
            2.2052346772812905,
            1.90670274438713,
            2.649574859237401
          ]
        ],
        "Lattice": [
          [
            2.3594799904677277,
            0.0,
            0.0
          ],
          [
            -0.1387940509592736,
            2.355393371124238,
            0.0
          ],
          [
            -1.1103264533942938,
            -1.1776778097221952,
            1.7167977522241566
          ]
        ],
        "NumAtoms": 1,
        "Positions": [
          [
            0.0,
            0.0,
            0.0
          ]
        ],
        "Stress": [
          [
            753332.7383894166,
            -117581.132344863,
            -2.9421026484389587
          ],
          [
            -117581.132344863,
            739476.9059665934,
            -1.4710513242194794
          ],
          [
            -2.9421026484389587,
            -1.4710513242194794,
            864195.5793365693
          ]
        ]
      }
    ],
    "EnergyStyle": "electronvolt",
    "ForcesStyle": "electronvoltperangstrom",
    "Label": "ASE generated",
    "LatticeStyle": "angstrom",
    "PositionsStyle": "angstrom",
    "StressStyle": "bar"
  }
}