{
  "Dataset": {
    "AtomTypeStyle": "chemicalsymbol",
    "Data": [
      {
        "AtomTypes": [
          "Cr"
        ],
        "Energy": -3.9185155356904033,
        "Forces": [
          [
            -1.2550168087211855,
            -1.2041638545704083,
            -0.04104024786962075
          ]
        ],
        "Lattice": [
          [
            2.553364360514937,
            -0.08537514517066357,
            -9.525189750363743e-08
          ],
          [
            -0.23542580539003788,
            2.5439218674036317,
            7.56723407945564e-08
          ],
          [
            -1.1589512013981895,
            -1.229254063611227,
            1.9164417580718809
          ]
        ],
        "NumAtoms": 1,
        "Positions": [
          [
            0.0,
            0.0,
            0.0
          ]
        ],
        "Stress": [
          [
            -156455.13463868698,
            -154069.08939080295,
            4.413153972658439
          ],
          [
            -154069.08939080295,
            -174613.79218485224,
            2.9421026484389587
          ],
          [
            4.413153972658439,
            2.9421026484389587,
            -11209.411090552434
          ]
        ]
      }
    ],
    "EnergyStyle": "electronvolt",
    "ForcesStyle": "electronvoltperangstrom",
    "Label": "ASE generated",
    "LatticeStyle": "angstrom",
    "PositionsStyle": "angstrom",
    "StressStyle": "bar"
  }
}