{
  "Dataset": {
    "AtomTypeStyle": "chemicalsymbol",
    "Data": [
      {
        "AtomTypes": [
          "Cr"
        ],
        "Energy": -4.286949427775198,
        "Forces": [
          [
            -0.03797815101248932,
            0.024808653599004655,
            0.06471722233195931
          ]
        ],
        "Lattice": [
          [
            2.850282689041452,
            -0.06658374129146384,
            0.07281391601882559
          ],
          [
            1.4884929957802102,
            1.9744508531694986,
            -0.09444216323966785
          ],
          [
            1.3594940992476066,
            0.08824683112723572,
            2.0417035808169404
          ]
        ],
        "NumAtoms": 1,
        "Positions": [
          [
            0.0,
            0.0,
            0.0
          ]
        ],
        "Stress": [
          [
            -11808.128979509762,
            -5562.045056873852,
            6771.249245382264
          ],
          [
            -5562.045056873852,
            1207.7331371841926,
            11287.376810736068
          ],
          [
            6771.249245382264,
            11287.376810736068,
            29.421026484389586
          ]
        ]
      }
    ],
    "EnergyStyle": "electronvolt",
    "ForcesStyle": "electronvoltperangstrom",
    "Label": "ASE generated",
    "LatticeStyle": "angstrom",
    "PositionsStyle": "angstrom",
    "StressStyle": "bar"
  }
}