{
  "Dataset": {
    "AtomTypeStyle": "chemicalsymbol",
    "Data": [
      {
        "AtomTypes": [
          "Cr"
        ],
        "Energy": -4.182937630473589,
        "Forces": [
          [
            -0.16441549735019162,
            -1.2066991450788909,
            -0.8754982596966039
          ]
        ],
        "Lattice": [
          [
            2.8226568600558757,
            -0.005220719988946992,
            0.006979186435849977
          ],
          [
            1.5201177338484924,
            2.0835623044637708,
            -0.030152503573377367
          ],
          [
            1.3033263069387333,
            0.2250999371852711,
            2.075934947386611
          ]
        ],
        "NumAtoms": 1,
        "Positions": [
          [
            0.0,
            0.0,
            0.0
          ]
        ],
        "Stress": [
          [
            -47926.852143070646,
            -30338.962510702546,
            33541.44124352835
          ],
          [
            -30338.962510702546,
            -178182.5626974087,
            -120118.69587914161
          ],
          [
            33541.44124352835,
            -120118.69587914161,
            -151746.2993498604
          ]
        ]
      }
    ],
    "EnergyStyle": "electronvolt",
    "ForcesStyle": "electronvoltperangstrom",
    "Label": "ASE generated",
    "LatticeStyle": "angstrom",
    "PositionsStyle": "angstrom",
    "StressStyle": "bar"
  }
}