{
  "Dataset": {
    "AtomTypeStyle": "chemicalsymbol",
    "Data": [
      {
        "AtomTypes": [
          "Cr"
        ],
        "Energy": -4.287563045024399,
        "Forces": [
          [
            0.0008990170770825139,
            -9.459917961583117e-05,
            -8.410398862066209e-05
          ]
        ],
        "Lattice": [
          [
            2.8425371328263256,
            -0.0734325252337453,
            0.08166232569128695
          ],
          [
            1.4792400269568993,
            1.9715011903053896,
            -0.08372762707561839
          ],
          [
            1.3619892914957514,
            0.09088924629569384,
            2.0484740719328913
          ]
        ],
        "NumAtoms": 1,
        "Positions": [
          [
            0.0,
            0.0,
            0.0
          ]
        ],
        "Stress": [
          [
            257.43398173840893,
            47.07364237502334,
            -52.95784767190126
          ],
          [
            47.07364237502334,
            51.48679634768178,
            -125.03936255865577
          ],
          [
            -52.95784767190126,
            -125.03936255865577,
            154.46038904304532
          ]
        ]
      }
    ],
    "EnergyStyle": "electronvolt",
    "ForcesStyle": "electronvoltperangstrom",
    "Label": "ASE generated",
    "LatticeStyle": "angstrom",
    "PositionsStyle": "angstrom",
    "StressStyle": "bar"
  }
}