{
  "Dataset": {
    "AtomTypeStyle": "chemicalsymbol",
    "Data": [
      {
        "AtomTypes": [
          "Cr"
        ],
        "Energy": 2238.02905029842,
        "Forces": [
          [
            -0.299580439312826,
            -0.3201655102175674,
            -0.5275057443339873
          ]
        ],
        "Lattice": [
          [
            4.534139549145897,
            0.0,
            0.0
          ],
          [
            -1.8400309094157405,
            4.144062989593327,
            0.0
          ],
          [
            -2.2966822399684204,
            -3.5325753275768634,
            2.9109039881330188
          ]
        ],
        "NumAtoms": 1,
        "Positions": [
          [
            0.0,
            0.0,
            0.0
          ]
        ],
        "Stress": [
          [
            -25786.05866224326,
            2000.6298009384923,
            -1759.3773837664976
          ],
          [
            2000.6298009384923,
            -24010.499713910343,
            -2705.263385239623
          ],
          [
            -1759.3773837664976,
            -2705.263385239623,
            -36257.00198803751
          ]
        ]
      }
    ],
    "EnergyStyle": "electronvolt",
    "ForcesStyle": "electronvoltperangstrom",
    "Label": "ASE generated",
    "LatticeStyle": "angstrom",
    "PositionsStyle": "angstrom",
    "StressStyle": "bar"
  }
}