{
  "Dataset": {
    "AtomTypeStyle": "chemicalsymbol",
    "Data": [
      {
        "AtomTypes": [
          "Cr"
        ],
        "Energy": -1.7463001327232632,
        "Forces": [
          [
            -0.06249525635846123,
            -0.08317890352304873,
            -0.5633425616982546
          ]
        ],
        "Lattice": [
          [
            2.7489999250558523,
            0.0,
            0.0
          ],
          [
            0.0,
            2.7489999250558523,
            0.0
          ],
          [
            0.0,
            0.0,
            3.6653295680745694
          ]
        ],
        "NumAtoms": 1,
        "Positions": [
          [
            0.0,
            0.0,
            0.0
          ]
        ],
        "Stress": [
          [
            -13248.288225920633,
            4.413153972658439,
            -5.8842052968779175
          ],
          [
            4.413153972658439,
            -13230.635610029998,
            0.0
          ],
          [
            -5.8842052968779175,
            0.0,
            -89570.84408039988
          ]
        ]
      }
    ],
    "EnergyStyle": "electronvolt",
    "ForcesStyle": "electronvoltperangstrom",
    "Label": "ASE generated",
    "LatticeStyle": "angstrom",
    "PositionsStyle": "angstrom",
    "StressStyle": "bar"
  }
}