{
  "Dataset": {
    "AtomTypeStyle": "chemicalsymbol",
    "Data": [
      {
        "AtomTypes": [
          "Cr"
        ],
        "Energy": -1.922319029863047,
        "Forces": [
          [
            -0.05837464719379532,
            -0.07155046291516486,
            -0.6961341154418905
          ]
        ],
        "Lattice": [
          [
            2.710760412615304,
            1.1584747445275726e-05,
            -1.828360172582321e-05
          ],
          [
            1.1584218268067374e-05,
            2.710810681275034,
            4.609133484759345e-07
          ],
          [
            -2.4371785507930698e-05,
            6.14903916106815e-07,
            3.318007634060528
          ]
        ],
        "NumAtoms": 1,
        "Positions": [
          [
            0.0,
            0.0,
            0.0
          ]
        ],
        "Stress": [
          [
            -12727.53605714694,
            1.4710513242194794,
            -1.4710513242194794
          ],
          [
            1.4710513242194794,
            -12746.659724361793,
            -0.0
          ],
          [
            -1.4710513242194794,
            -0.0,
            -124002.27137508104
          ]
        ]
      }
    ],
    "EnergyStyle": "electronvolt",
    "ForcesStyle": "electronvoltperangstrom",
    "Label": "ASE generated",
    "LatticeStyle": "angstrom",
    "PositionsStyle": "angstrom",
    "StressStyle": "bar"
  }
}