{
  "Dataset": {
    "AtomTypeStyle": "chemicalsymbol",
    "Data": [
      {
        "AtomTypes": [
          "Cr"
        ],
        "Energy": -2.0557017324526896,
        "Forces": [
          [
            -0.10201325229357398,
            -0.1182618929222973,
            -0.7240532263519542
          ]
        ],
        "Lattice": [
          [
            2.6879878318524733,
            1.8472517989205418e-05,
            -2.9152372408196594e-05
          ],
          [
            1.8472517989205418e-05,
            2.6880679678030197,
            7.366146740281295e-07
          ],
          [
            -3.886012829544231e-05,
            9.826820759125262e-07,
            3.110869764179158
          ]
        ],
        "NumAtoms": 1,
        "Positions": [
          [
            0.0,
            0.0,
            0.0
          ]
        ],
        "Stress": [
          [
            -22618.88516119872,
            1.4710513242194794,
            -2.9421026484389587
          ],
          [
            1.4710513242194794,
            -22660.074598276864,
            -0.0
          ],
          [
            -2.9421026484389587,
            -0.0,
            -138727.49513051801
          ]
        ]
      }
    ],
    "EnergyStyle": "electronvolt",
    "ForcesStyle": "electronvoltperangstrom",
    "Label": "ASE generated",
    "LatticeStyle": "angstrom",
    "PositionsStyle": "angstrom",
    "StressStyle": "bar"
  }
}