{
  "Dataset": {
    "AtomTypeStyle": "chemicalsymbol",
    "Data": [
      {
        "AtomTypes": [
          "Cr"
        ],
        "Energy": -2.941131286795553,
        "Forces": [
          [
            -1.1520226127012905,
            -1.0334370727623094,
            -0.6636818624089553
          ]
        ],
        "Lattice": [
          [
            2.6025841433923684,
            4.430324506056683e-05,
            -6.991118852721141e-05
          ],
          [
            4.430324506056683e-05,
            2.6027762849908354,
            1.7711561163593028e-06
          ],
          [
            -9.318969392268368e-05,
            2.3622470580902084e-06,
            2.334102752388609
          ]
        ],
        "NumAtoms": 1,
        "Positions": [
          [
            0.0,
            0.0,
            0.0
          ]
        ],
        "Stress": [
          [
            -272471.06837458047,
            22.065769863292196,
            -27.949975160170116
          ],
          [
            22.065769863292196,
            -272566.6867106547,
            0.0
          ],
          [
            -27.949975160170116,
            0.0,
            -175015.38919636415
          ]
        ]
      }
    ],
    "EnergyStyle": "electronvolt",
    "ForcesStyle": "electronvoltperangstrom",
    "Label": "ASE generated",
    "LatticeStyle": "angstrom",
    "PositionsStyle": "angstrom",
    "StressStyle": "bar"
  }
}