{
  "Dataset": {
    "AtomTypeStyle": "chemicalsymbol",
    "Data": [
      {
        "AtomTypes": [
          "Cr"
        ],
        "Energy": -2.1655673838904477,
        "Forces": [
          [
            -0.8376657999418445,
            -0.883411853498462,
            -0.6566428854365535
          ]
        ],
        "Lattice": [
          [
            2.6538287053802234,
            2.8805232159516667e-05,
            -4.54563221975692e-05
          ],
          [
            2.8805232159516667e-05,
            2.653953642002407,
            1.1504312509605988e-06
          ],
          [
            -6.059237788810554e-05,
            1.5346139042252698e-06,
            2.800162959357103
          ]
        ],
        "NumAtoms": 1,
        "Positions": [
          [
            0.0,
            0.0,
            0.0
          ]
        ],
        "Stress": [
          [
            -190554.10433409453,
            4.413153972658439,
            -2.9421026484389587
          ],
          [
            4.413153972658439,
            -190461.42810066868,
            0.0
          ],
          [
            -2.9421026484389587,
            0.0,
            -141571.03734023427
          ]
        ]
      }
    ],
    "EnergyStyle": "electronvolt",
    "ForcesStyle": "electronvoltperangstrom",
    "Label": "ASE generated",
    "LatticeStyle": "angstrom",
    "PositionsStyle": "angstrom",
    "StressStyle": "bar"
  }
}