{
  "Dataset": {
    "AtomTypeStyle": "chemicalsymbol",
    "Data": [
      {
        "AtomTypes": [
          "Cr"
        ],
        "Energy": -1.799917627010018,
        "Forces": [
          [
            -0.045866281674314335,
            -0.05952453188995257,
            -0.6155732303398196
          ]
        ],
        "Lattice": [
          [
            2.736063239912093,
            3.930728303650105e-06,
            -6.206719476778687e-06
          ],
          [
            3.930728303650105e-06,
            2.7360803217523784,
            1.5451974483923408e-07
          ],
          [
            -8.274214829815972e-06,
            2.0584993404952758e-07,
            3.5481608225236183
          ]
        ],
        "NumAtoms": 1,
        "Positions": [
          [
            0.0,
            0.0,
            0.0
          ]
        ],
        "Stress": [
          [
            -9816.325486516589,
            0.0,
            -0.0
          ],
          [
            0.0,
            -9823.680743137684,
            -0.0
          ],
          [
            -0.0,
            -0.0,
            -101592.2755019215
          ]
        ]
      }
    ],
    "EnergyStyle": "electronvolt",
    "ForcesStyle": "electronvoltperangstrom",
    "Label": "ASE generated",
    "LatticeStyle": "angstrom",
    "PositionsStyle": "angstrom",
    "StressStyle": "bar"
  }
}