{
  "Dataset": {
    "AtomTypeStyle": "chemicalsymbol",
    "Data": [
      {
        "AtomTypes": [
          "Cr"
        ],
        "Energy": -1.8463948478502061,
        "Forces": [
          [
            -0.0418367239665833,
            -0.05312075487990806,
            -0.6476317582950909
          ]
        ],
        "Lattice": [
          [
            2.725942093435567,
            6.992547631183694e-06,
            -1.103704903462981e-05
          ],
          [
            6.992547631183694e-06,
            2.7259724502153015,
            2.772888571772556e-07
          ],
          [
            -1.4713243101061863e-05,
            3.6936569143077186e-07,
            3.456099547138382
          ]
        ],
        "NumAtoms": 1,
        "Positions": [
          [
            0.0,
            0.0,
            0.0
          ]
        ],
        "Stress": [
          [
            -9020.48672011385,
            0.0,
            -0.0
          ],
          [
            0.0,
            -9033.726182031824,
            -0.0
          ],
          [
            -0.0,
            -0.0,
            -110137.61264431245
          ]
        ]
      }
    ],
    "EnergyStyle": "electronvolt",
    "ForcesStyle": "electronvoltperangstrom",
    "Label": "ASE generated",
    "LatticeStyle": "angstrom",
    "PositionsStyle": "angstrom",
    "StressStyle": "bar"
  }
}