{
  "Dataset": {
    "AtomTypeStyle": "chemicalsymbol",
    "Data": [
      {
        "AtomTypes": [
          "Cr"
        ],
        "Energy": 2238.8855705890114,
        "Forces": [
          [
            32.454223202587315,
            0.7171915207892169,
            27.382168505611048
          ]
        ],
        "Lattice": [
          [
            4.804539577424807,
            0.0,
            0.0
          ],
          [
            0.798913254552929,
            2.868055487125006,
            0.0
          ],
          [
            0.7882952220868203,
            -2.779214745798844,
            0.7037305209845662
          ]
        ],
        "NumAtoms": 1,
        "Positions": [
          [
            0.0,
            0.0,
            0.0
          ]
        ],
        "Stress": [
          [
            3169994.9774843925,
            67390.33221381859,
            536096.7051366292
          ],
          [
            67390.33221381859,
            -153398.2899869589,
            318291.3750213688
          ],
          [
            536096.7051366292,
            318291.3750213688,
            2330614.5629360816
          ]
        ]
      }
    ],
    "EnergyStyle": "electronvolt",
    "ForcesStyle": "electronvoltperangstrom",
    "Label": "ASE generated",
    "LatticeStyle": "angstrom",
    "PositionsStyle": "angstrom",
    "StressStyle": "bar"
  }
}