{
  "Dataset": {
    "AtomTypeStyle": "chemicalsymbol",
    "Data": [
      {
        "AtomTypes": [
          "Ni"
        ],
        "Energy": -2.2577144630959083,
        "Forces": [
          [
            4.594118566260403,
            4.570349953250997,
            4.581932147684098
          ]
        ],
        "Lattice": [
          [
            2.0065710106444814,
            -0.00012430743048270532,
            0.00020516359121029303
          ],
          [
            -0.00012436934421608268,
            2.007784172149252,
            5.7408847802650644e-05
          ],
          [
            0.00020519851690604436,
            5.739085577756662e-05,
            2.0071158213351015
          ]
        ],
        "NumAtoms": 1,
        "Positions": [
          [
            0.0,
            0.0,
            0.0
          ]
        ],
        "Stress": [
          [
            1826935.4158312774,
            -114.74200328911941,
            189.76562082431283
          ],
          [
            -114.74200328911941,
            1817126.4456013816,
            52.95784767190126
          ],
          [
            189.76562082431283,
            52.95784767190126,
            1822528.1460639155
          ]
        ]
      }
    ],
    "EnergyStyle": "electronvolt",
    "ForcesStyle": "electronvoltperangstrom",
    "Label": "ASE generated",
    "LatticeStyle": "angstrom",
    "PositionsStyle": "angstrom",
    "StressStyle": "bar"
  }
}