{
  "Dataset": {
    "AtomTypeStyle": "chemicalsymbol",
    "Data": [
      {
        "AtomTypes": [
          "Ni"
        ],
        "Energy": -2.157038240181464,
        "Forces": [
          [
            4.814930188327153,
            4.814551907273785,
            4.814515180957923
          ]
        ],
        "Lattice": [
          [
            1.9999998584662084,
            0.0,
            0.0
          ],
          [
            0.0,
            1.9999998584662084,
            0.0
          ],
          [
            0.0,
            0.0,
            1.9999998584662084
          ]
        ],
        "NumAtoms": 1,
        "Positions": [
          [
            0.0,
            0.0,
            0.0
          ]
        ],
        "Stress": [
          [
            1928596.830745437,
            26.47892383595063,
            -30.892077808609073
          ],
          [
            26.47892383595063,
            1928427.6598431517,
            -13.239461917975316
          ],
          [
            -30.892077808609073,
            -13.239461917975316,
            1928470.3203315542
          ]
        ]
      }
    ],
    "EnergyStyle": "electronvolt",
    "ForcesStyle": "electronvoltperangstrom",
    "Label": "ASE generated",
    "LatticeStyle": "angstrom",
    "PositionsStyle": "angstrom",
    "StressStyle": "bar"
  }
}