{
  "Dataset": {
    "AtomTypeStyle": "chemicalsymbol",
    "Data": [
      {
        "AtomTypes": [
          "Ni"
        ],
        "Energy": -3.334699404006642,
        "Forces": [
          [
            -0.0010755132838943307,
            -0.0009683778283021487,
            -0.0005184692295043755
          ]
        ],
        "Lattice": [
          [
            2.160294301980144,
            1.587531625060624e-06,
            -1.2594417558814283e-06
          ],
          [
            1.6182239031451294e-06,
            2.1602882429011085,
            -1.016549417247153e-06
          ],
          [
            -2.7734177489809103e-06,
            -1.3414642231762272e-06,
            2.160266152398546
          ]
        ],
        "NumAtoms": 1,
        "Positions": [
          [
            0.0,
            0.0,
            0.0
          ]
        ],
        "Stress": [
          [
            -369.2338823790894,
            -4.413153972658439,
            4.413153972658439
          ],
          [
            -4.413153972658439,
            -330.9865479493829,
            2.9421026484389587
          ],
          [
            4.413153972658439,
            2.9421026484389587,
            -185.3524668516544
          ]
        ]
      }
    ],
    "EnergyStyle": "electronvolt",
    "ForcesStyle": "electronvoltperangstrom",
    "Label": "ASE generated",
    "LatticeStyle": "angstrom",
    "PositionsStyle": "angstrom",
    "StressStyle": "bar"
  }
}