{
  "Dataset": {
    "AtomTypeStyle": "chemicalsymbol",
    "Data": [
      {
        "AtomTypes": [
          "Ni"
        ],
        "Energy": -2.9857257503199435,
        "Forces": [
          [
            2.630966102187777,
            2.6367125559026237,
            2.630558369390163
          ]
        ],
        "Lattice": [
          [
            2.074653517259368,
            -0.0009240751709101632,
            0.0014450898208248511
          ],
          [
            -0.0009238661459128636,
            2.074398137396971,
            0.00044445382058730593
          ],
          [
            0.0014444082405804916,
            0.000444386615081845,
            2.0746072438875607
          ]
        ],
        "NumAtoms": 1,
        "Positions": [
          [
            0.0,
            0.0,
            0.0
          ]
        ],
        "Stress": [
          [
            979683.4056470678,
            383.94439562128423,
            -604.6020942542061
          ],
          [
            383.94439562128423,
            981419.246209647,
            -179.46826155477652
          ],
          [
            -604.6020942542061,
            -179.46826155477652,
            979996.7395791267
          ]
        ]
      }
    ],
    "EnergyStyle": "electronvolt",
    "ForcesStyle": "electronvoltperangstrom",
    "Label": "ASE generated",
    "LatticeStyle": "angstrom",
    "PositionsStyle": "angstrom",
    "StressStyle": "bar"
  }
}