{
  "Dataset": {
    "AtomTypeStyle": "chemicalsymbol",
    "Data": [
      {
        "AtomTypes": [
          "Ni"
        ],
        "Energy": -2.407971503985209,
        "Forces": [
          [
            4.2529514290416195,
            4.238232303295364,
            4.246315295060042
          ]
        ],
        "Lattice": [
          [
            2.0181458153791896,
            -0.00033344620088215015,
            0.0005318236235725174
          ],
          [
            -0.00033357849518423857,
            2.018891935134234,
            0.00015718891467816933
          ],
          [
            0.0005318580200910604,
            0.00015714075955220914,
            2.018481440731816
          ]
        ],
        "NumAtoms": 1,
        "Positions": [
          [
            0.0,
            0.0,
            0.0
          ]
        ],
        "Stress": [
          [
            1672244.0717303294,
            -232.42610922667777,
            369.2338823790894
          ],
          [
            -232.42610922667777,
            1666437.832153635,
            110.32884931646099
          ],
          [
            369.2338823790894,
            110.32884931646099,
            1669631.4845785154
          ]
        ]
      }
    ],
    "EnergyStyle": "electronvolt",
    "ForcesStyle": "electronvoltperangstrom",
    "Label": "ASE generated",
    "LatticeStyle": "angstrom",
    "PositionsStyle": "angstrom",
    "StressStyle": "bar"
  }
}