{
  "Dataset": {
    "AtomTypeStyle": "chemicalsymbol",
    "Data": [
      {
        "AtomTypes": [
          "Ni"
        ],
        "Energy": -2.173242769674289,
        "Forces": [
          [
            4.764441309118627,
            4.762338626450949,
            4.76326556857074
          ]
        ],
        "Lattice": [
          [
            2.0010774034943766,
            -1.038086929627142e-05,
            2.664618914943422e-05
          ],
          [
            -1.038086929627142e-05,
            2.0011822864170723,
            3.2867196410838455e-06
          ],
          [
            2.664618914943422e-05,
            3.2867196410838455e-06,
            2.001130116423632
          ]
        ],
        "NumAtoms": 1,
        "Positions": [
          [
            0.0,
            0.0,
            0.0
          ]
        ],
        "Stress": [
          [
            1906197.132231547,
            -10.297359269536358,
            27.949975160170116
          ],
          [
            -10.297359269536358,
            1905330.6830015818,
            2.9421026484389587
          ],
          [
            27.949975160170116,
            2.9421026484389587,
            1905763.1720909022
          ]
        ]
      }
    ],
    "EnergyStyle": "electronvolt",
    "ForcesStyle": "electronvoltperangstrom",
    "Label": "ASE generated",
    "LatticeStyle": "angstrom",
    "PositionsStyle": "angstrom",
    "StressStyle": "bar"
  }
}