{
  "Dataset": {
    "AtomTypeStyle": "chemicalsymbol",
    "Data": [
      {
        "AtomTypes": [
          "Ni"
        ],
        "Energy": -2.741615202831781,
        "Forces": [
          [
            3.4068484996058888,
            3.401195124478797,
            3.404655880550454
          ]
        ],
        "Lattice": [
          [
            2.0474600673288395,
            -0.0007445216398753482,
            0.0011702108366544374
          ],
          [
            -0.0007446486424053531,
            2.047760251037936,
            0.0003554234595222811
          ],
          [
            0.0011700097493152631,
            0.0003553218574982772,
            2.0475789342884427
          ]
        ],
        "NumAtoms": 1,
        "Positions": [
          [
            0.0,
            0.0,
            0.0
          ]
        ],
        "Stress": [
          [
            1301825.9930352436,
            -85.32097680472982,
            132.39461917975316
          ],
          [
            -85.32097680472982,
            1299678.258101883,
            44.13153972658439
          ],
          [
            132.39461917975316,
            44.13153972658439,
            1300974.2543185204
          ]
        ]
      }
    ],
    "EnergyStyle": "electronvolt",
    "ForcesStyle": "electronvoltperangstrom",
    "Label": "ASE generated",
    "LatticeStyle": "angstrom",
    "PositionsStyle": "angstrom",
    "StressStyle": "bar"
  }
}