{
  "Dataset": {
    "AtomTypeStyle": "chemicalsymbol",
    "Data": [
      {
        "AtomTypes": [
          "Ni"
        ],
        "Energy": -3.334680900249623,
        "Forces": [
          [
            0.014948969268075221,
            0.012608272512230265,
            -0.01829422289510437
          ]
        ],
        "Lattice": [
          [
            2.1595309315772844,
            -2.880840722276679e-06,
            5.457933726958425e-06
          ],
          [
            -2.8512067986088805e-06,
            2.159655780885229,
            1.5822398529770887e-06
          ],
          [
            3.973062480318388e-06,
            1.265791882381671e-06,
            2.161279565382479
          ]
        ],
        "NumAtoms": 1,
        "Positions": [
          [
            0.0,
            0.0,
            0.0
          ]
        ],
        "Stress": [
          [
            5138.382275498642,
            7.355256621097396,
            -10.297359269536358
          ],
          [
            7.355256621097396,
            4324.89089320527,
            -4.413153972658439
          ],
          [
            -10.297359269536358,
            -4.413153972658439,
            -6265.207589850764
          ]
        ]
      }
    ],
    "EnergyStyle": "electronvolt",
    "ForcesStyle": "electronvoltperangstrom",
    "Label": "ASE generated",
    "LatticeStyle": "angstrom",
    "PositionsStyle": "angstrom",
    "StressStyle": "bar"
  }
}