{
  "Dataset": {
    "AtomTypeStyle": "chemicalsymbol",
    "Data": [
      {
        "AtomTypes": [
          "Ni"
        ],
        "Energy": -3.3337196572638277,
        "Forces": [
          [
            -0.14519266051180257,
            -0.14359826330807357,
            -0.16243130142015
          ]
        ],
        "Lattice": [
          [
            2.1643400850507892,
            -5.9875871947994844e-05,
            8.859961081742507e-05
          ],
          [
            -5.9845179669910345e-05,
            2.1642735484253195,
            3.433936740447801e-05
          ],
          [
            8.706817197644991e-05,
            3.4018686016215756e-05,
            2.165201533686622
          ]
        ],
        "NumAtoms": 1,
        "Positions": [
          [
            0.0,
            0.0,
            0.0
          ]
        ],
        "Stress": [
          [
            -49593.553293411314,
            147.10513242194796,
            -214.773493336044
          ],
          [
            147.10513242194796,
            -49159.59315276657,
            -83.84992548051035
          ],
          [
            -214.773493336044,
            -83.84992548051035,
            -55235.035121793015
          ]
        ]
      }
    ],
    "EnergyStyle": "electronvolt",
    "ForcesStyle": "electronvoltperangstrom",
    "Label": "ASE generated",
    "LatticeStyle": "angstrom",
    "PositionsStyle": "angstrom",
    "StressStyle": "bar"
  }
}