{
  "Dataset": {
    "AtomTypeStyle": "chemicalsymbol",
    "Data": [
      {
        "AtomTypes": [
          "Ni"
        ],
        "Energy": -2.2025301359399236,
        "Forces": [
          [
            4.7068622093995955,
            4.694762068961239,
            4.700531979790576
          ]
        ],
        "Lattice": [
          [
            2.0028962850448027,
            -4.863085627048209e-05,
            8.683427565035766e-05
          ],
          [
            -4.86387939286074e-05,
            2.003508918790686,
            2.1537512379989132e-05
          ],
          [
            8.683850906802448e-05,
            2.1535395671155717e-05,
            2.0031743015206414
          ]
        ],
        "NumAtoms": 1,
        "Positions": [
          [
            0.0,
            0.0,
            0.0
          ]
        ],
        "Stress": [
          [
            1879244.5298691979,
            -48.54469369924283,
            86.7920281289493
          ],
          [
            -48.54469369924283,
            1874217.9474943397,
            22.065769863292196
          ],
          [
            86.7920281289493,
            22.065769863292196,
            1876959.9871626848
          ]
        ]
      }
    ],
    "EnergyStyle": "electronvolt",
    "ForcesStyle": "electronvoltperangstrom",
    "Label": "ASE generated",
    "LatticeStyle": "angstrom",
    "PositionsStyle": "angstrom",
    "StressStyle": "bar"
  }
}