{
  "Dataset": {
    "AtomTypeStyle": "chemicalsymbol",
    "Data": [
      {
        "AtomTypes": [
          "Cr"
        ],
        "Energy": 2238.196309571226,
        "Forces": [
          [
            -0.3724627238309989,
            -0.4444355514428975,
            -0.5556992164572007
          ]
        ],
        "Lattice": [
          [
            4.4698699188369435,
            0.0,
            0.0
          ],
          [
            0.0010012508618194753,
            3.546779202418251,
            0.0
          ],
          [
            1.8348190235037016,
            -3.2754804476944424,
            3.8057947546050954
          ]
        ],
        "NumAtoms": 1,
        "Positions": [
          [
            0.0,
            0.0,
            0.0
          ]
        ],
        "Stress": [
          [
            -33516.43337101662,
            -136.8077731524116,
            -3988.020139959009
          ],
          [
            -136.8077731524116,
            -47403.15787164851,
            26.47892383595063
          ],
          [
            -3988.020139959009,
            26.47892383595063,
            -35706.82879277943
          ]
        ]
      }
    ],
    "EnergyStyle": "electronvolt",
    "ForcesStyle": "electronvoltperangstrom",
    "Label": "ASE generated",
    "LatticeStyle": "angstrom",
    "PositionsStyle": "angstrom",
    "StressStyle": "bar"
  }
}