{
  "Dataset": {
    "AtomTypeStyle": "chemicalsymbol",
    "Data": [
      {
        "AtomTypes": [
          "Cr"
        ],
        "Energy": 2238.5975586525606,
        "Forces": [
          [
            -0.30293061630137197,
            -0.4482055267118081,
            -0.08355919899286833
          ]
        ],
        "Lattice": [
          [
            4.150219896953779,
            0.0,
            0.0
          ],
          [
            -2.7590288355157995,
            4.151099743571933,
            0.0
          ],
          [
            -1.1991811379054125,
            -0.9561110589806238,
            5.8086394673367145
          ]
        ],
        "NumAtoms": 1,
        "Positions": [
          [
            0.0,
            0.0,
            0.0
          ]
        ],
        "Stress": [
          [
            -25950.816410555835,
            -2118.3139068760506,
            -102.97359269536356
          ],
          [
            -2118.3139068760506,
            -21811.27798420222,
            -57.371001644559705
          ],
          [
            -102.97359269536356,
            -57.371001644559705,
            -5319.321588377638
          ]
        ]
      }
    ],
    "EnergyStyle": "electronvolt",
    "ForcesStyle": "electronvoltperangstrom",
    "Label": "ASE generated",
    "LatticeStyle": "angstrom",
    "PositionsStyle": "angstrom",
    "StressStyle": "bar"
  }
}