{
  "Dataset": {
    "AtomTypeStyle": "chemicalsymbol",
    "Data": [
      {
        "AtomTypes": [
          "Cr"
        ],
        "Energy": 2238.5019151795464,
        "Forces": [
          [
            -0.3202142067288349,
            -0.5535661127309995,
            -0.07468201048665563
          ]
        ],
        "Lattice": [
          [
            4.114439580010954,
            0.0,
            0.0
          ],
          [
            -2.9164217497408442,
            3.9416043165734336,
            0.0
          ],
          [
            -1.421296122958564,
            -1.5042884837269648,
            5.51033315300253
          ]
        ],
        "NumAtoms": 1,
        "Positions": [
          [
            0.0,
            0.0,
            0.0
          ]
        ],
        "Stress": [
          [
            -30313.95463819082,
            -1356.3093209303602,
            35.30523178126751
          ],
          [
            -1356.3093209303602,
            -29443.092254252886,
            10.297359269536358
          ],
          [
            35.30523178126751,
            10.297359269536358,
            -5136.911224174422
          ]
        ]
      }
    ],
    "EnergyStyle": "electronvolt",
    "ForcesStyle": "electronvoltperangstrom",
    "Label": "ASE generated",
    "LatticeStyle": "angstrom",
    "PositionsStyle": "angstrom",
    "StressStyle": "bar"
  }
}