{
  "Dataset": {
    "AtomTypeStyle": "chemicalsymbol",
    "Data": [
      {
        "AtomTypes": [
          "Cr"
        ],
        "Energy": -41.60016233892111,
        "Forces": [
          [
            -0.31784699983863246,
            -0.09854170806248357,
            -0.2303736964754535
          ]
        ],
        "Lattice": [
          [
            4.334499509636399,
            0.0,
            0.0
          ],
          [
            -1.9113972522628917,
            5.100323217498468,
            0.0
          ],
          [
            -1.1520752936652776,
            -0.3443369755450252,
            4.138536786805737
          ]
        ],
        "NumAtoms": 1,
        "Positions": [
          [
            0.0,
            0.0,
            0.0
          ]
        ],
        "Stress": [
          [
            -24537.136087980914,
            -70.61046356253502,
            1572.5538655906237
          ],
          [
            -70.61046356253502,
            -8139.326976906381,
            1482.8197348132353
          ],
          [
            1572.5538655906237,
            1482.8197348132353,
            -23560.358008699186
          ]
        ]
      }
    ],
    "EnergyStyle": "electronvolt",
    "ForcesStyle": "electronvoltperangstrom",
    "Label": "ASE generated",
    "LatticeStyle": "angstrom",
    "PositionsStyle": "angstrom",
    "StressStyle": "bar"
  }
}