{
  "Dataset": {
    "AtomTypeStyle": "chemicalsymbol",
    "Data": [
      {
        "AtomTypes": [
          "Ni"
        ],
        "Energy": -4.745418793809222,
        "Forces": [
          [
            -0.06487722962187836,
            0.07371874397769657,
            -0.09462435249885245
          ]
        ],
        "Lattice": [
          [
            2.328763144802147,
            0.44234200823060066,
            0.23384205103189049
          ],
          [
            0.5157794458163711,
            2.325840011708202,
            -0.22307709909684675
          ],
          [
            1.0845111275223338,
            -0.2995527663485568,
            2.2189771454994376
          ]
        ],
        "NumAtoms": 1,
        "Positions": [
          [
            0.0,
            0.0,
            0.0
          ]
        ],
        "Stress": [
          [
            -7987.808690511773,
            23299.981924312335,
            -35047.7977995291
          ],
          [
            23299.981924312335,
            -9366.183781305426,
            6019.54201870611
          ],
          [
            -35047.7977995291,
            6019.54201870611,
            -345.6970611915777
          ]
        ]
      }
    ],
    "EnergyStyle": "electronvolt",
    "ForceStyle": "electronvoltperangstrom",
    "ForcesStyle": null,
    "Label": "ASE generated",
    "LatticeStyle": "angstrom",
    "PositionsStyle": "angstrom",
    "StressStyle": "bar"
  }
}