{
  "Dataset": {
    "AtomTypeStyle": "chemicalsymbol",
    "Data": [
      {
        "AtomTypes": [
          "Ni"
        ],
        "Energy": -4.288705107816895,
        "Forces": [
          [
            1.406498656947472,
            0.7245943440053498,
            0.5117987143374103
          ]
        ],
        "Lattice": [
          [
            2.2480272411826894,
            0.04349613816143672,
            0.03600749642261133
          ],
          [
            0.19445868977567607,
            2.248588853778852,
            0.006413894999735139
          ],
          [
            0.7491700631802961,
            -0.012432793609952903,
            2.1888663522028
          ]
        ],
        "NumAtoms": 1,
        "Positions": [
          [
            0.0,
            0.0,
            0.0
          ]
        ],
        "Stress": [
          [
            249635.9386687215,
            59418.70508787322,
            137432.9699652049
          ],
          [
            59418.70508787322,
            168238.255745685,
            -5257.53743276042
          ],
          [
            137432.9699652049,
            -5257.53743276042,
            35342.008064372996
          ]
        ]
      }
    ],
    "EnergyStyle": "electronvolt",
    "ForceStyle": "electronvoltperangstrom",
    "ForcesStyle": null,
    "Label": "ASE generated",
    "LatticeStyle": "angstrom",
    "PositionsStyle": "angstrom",
    "StressStyle": "bar"
  }
}