{
  "Dataset": {
    "AtomTypeStyle": "chemicalsymbol",
    "Data": [
      {
        "AtomTypes": [
          "Ni"
        ],
        "Energy": -4.625056205696637,
        "Forces": [
          [
            -1.0650924793178351,
            -0.7323900207312335,
            -0.8575708383672159
          ]
        ],
        "Lattice": [
          [
            2.3552465997889374,
            0.4374045911978039,
            0.2793357627742931
          ],
          [
            0.6214057905216793,
            2.288183495385628,
            -0.04111981763549035
          ],
          [
            1.1932033408191742,
            -0.02147368408347194,
            2.242364538630718
          ]
        ],
        "NumAtoms": 1,
        "Positions": [
          [
            0.0,
            0.0,
            0.0
          ]
        ],
        "Stress": [
          [
            -127796.11274024309,
            -13610.166851678625,
            -188885.93213242965
          ],
          [
            -13610.166851678625,
            -64439.40325743431,
            -117722.35327198807
          ],
          [
            -188885.93213242965,
            -117722.35327198807,
            36024.575878810836
          ]
        ]
      }
    ],
    "EnergyStyle": "electronvolt",
    "ForceStyle": "electronvoltperangstrom",
    "ForcesStyle": null,
    "Label": "ASE generated",
    "LatticeStyle": "angstrom",
    "PositionsStyle": "angstrom",
    "StressStyle": "bar"
  }
}