{
  "Dataset": {
    "AtomTypeStyle": "chemicalsymbol",
    "Data": [
      {
        "AtomTypes": [
          "Ni"
        ],
        "Energy": -4.647493644238239,
        "Forces": [
          [
            -0.6874089661663965,
            -0.5133198761458349,
            -0.866766183521982
          ]
        ],
        "Lattice": [
          [
            2.321848648692487,
            0.4523248918153047,
            0.2783256634980386
          ],
          [
            0.6302725726976376,
            2.2788080786605445,
            -0.057566141494416065
          ],
          [
            1.1897771602290692,
            -0.046655038222906016,
            2.2750742254454903
          ]
        ],
        "NumAtoms": 1,
        "Positions": [
          [
            0.0,
            0.0,
            0.0
          ]
        ],
        "Stress": [
          [
            -48494.67795421936,
            -7937.7929454883115,
            -161278.71193080264
          ],
          [
            -7937.7929454883115,
            -15651.986089695265,
            -112317.7107068057
          ],
          [
            -161278.71193080264,
            -112317.7107068057,
            1344.5409103366046
          ]
        ]
      }
    ],
    "EnergyStyle": "electronvolt",
    "ForceStyle": "electronvoltperangstrom",
    "ForcesStyle": null,
    "Label": "ASE generated",
    "LatticeStyle": "angstrom",
    "PositionsStyle": "angstrom",
    "StressStyle": "bar"
  }
}