{
  "Dataset": {
    "AtomTypeStyle": "chemicalsymbol",
    "Data": [
      {
        "AtomTypes": [
          "Ni"
        ],
        "Energy": -4.556959249124702,
        "Forces": [
          [
            -0.37149134205341555,
            -0.08802161001690725,
            -0.3976715691656292
          ]
        ],
        "Lattice": [
          [
            2.4096421575183005,
            0.28640265556983285,
            0.23586081180992444
          ],
          [
            0.4646057115519678,
            2.3175935707441666,
            -0.013148327451531853
          ],
          [
            1.1187808668480912,
            -0.0021912508516916786,
            2.1828877107487075
          ]
        ],
        "NumAtoms": 1,
        "Positions": [
          [
            0.0,
            0.0,
            0.0
          ]
        ],
        "Stress": [
          [
            -88904.45783052845,
            85298.91103486653,
            -104985.99090689582
          ],
          [
            85298.91103486653,
            -61004.498415381815,
            -48703.567242258534
          ],
          [
            -104985.99090689582,
            -48703.567242258534,
            27414.51247815422
          ]
        ]
      }
    ],
    "EnergyStyle": "electronvolt",
    "ForceStyle": "electronvoltperangstrom",
    "ForcesStyle": null,
    "Label": "ASE generated",
    "LatticeStyle": "angstrom",
    "PositionsStyle": "angstrom",
    "StressStyle": "bar"
  }
}