{
  "Dataset": {
    "AtomTypeStyle": "chemicalsymbol",
    "Data": [
      {
        "AtomTypes": [
          "Ni"
        ],
        "Energy": -4.7504303188115955,
        "Forces": [
          [
            -0.1359839296876931,
            -0.04912918389664979,
            -0.017972754286641815
          ]
        ],
        "Lattice": [
          [
            2.3277260670134563,
            0.47518044121427905,
            0.2180417927473399
          ],
          [
            0.5318352236661017,
            2.323167863659938,
            -0.1984575570533826
          ],
          [
            1.0733266613593553,
            -0.27298349310635683,
            2.2027022978106383
          ]
        ],
        "NumAtoms": 1,
        "Positions": [
          [
            0.0,
            0.0,
            0.0
          ]
        ],
        "Stress": [
          [
            -23931.0629424025,
            2060.942905231491,
            -19851.837620341877
          ],
          [
            2060.942905231491,
            -15944.725303214938,
            485.4469369924283
          ],
          [
            -19851.837620341877,
            485.4469369924283,
            13770.511446018549
          ]
        ]
      }
    ],
    "EnergyStyle": "electronvolt",
    "ForceStyle": "electronvoltperangstrom",
    "ForcesStyle": null,
    "Label": "ASE generated",
    "LatticeStyle": "angstrom",
    "PositionsStyle": "angstrom",
    "StressStyle": "bar"
  }
}