{
  "Dataset": {
    "AtomTypeStyle": "chemicalsymbol",
    "Data": [
      {
        "AtomTypes": [
          "Ni"
        ],
        "Energy": -4.013721721378715,
        "Forces": [
          [
            0.08306277011954757,
            -0.12959172938346208,
            -1.0408973741575436
          ]
        ],
        "Lattice": [
          [
            2.2931123492728394,
            0.012066488679495248,
            0.0007629549987511354
          ],
          [
            0.1653573448673266,
            2.350851458687932,
            0.002550919370779372
          ],
          [
            0.7164099415441504,
            -0.02536807484657883,
            2.595929809848714
          ]
        ],
        "NumAtoms": 1,
        "Positions": [
          [
            0.0,
            0.0,
            0.0
          ]
        ],
        "Stress": [
          [
            -13995.582298624127,
            23553.002752078086,
            15138.589177542664
          ],
          [
            23553.002752078086,
            -59173.03951672856,
            2903.855314009253
          ],
          [
            15138.589177542664,
            2903.855314009253,
            -298202.69813782757
          ]
        ]
      }
    ],
    "EnergyStyle": "electronvolt",
    "ForceStyle": "electronvoltperangstrom",
    "ForcesStyle": null,
    "Label": "ASE generated",
    "LatticeStyle": "angstrom",
    "PositionsStyle": "angstrom",
    "StressStyle": "bar"
  }
}