{
  "Dataset": {
    "AtomTypeStyle": "chemicalsymbol",
    "Data": [
      {
        "AtomTypes": [
          "Ni"
        ],
        "Energy": -4.480466348684786,
        "Forces": [
          [
            0.04855697404777522,
            0.09878848576328098,
            0.012920272027062335
          ]
        ],
        "Lattice": [
          [
            2.43103974803592,
            0.14442858260168834,
            0.1874141298458605
          ],
          [
            0.31208603324752815,
            2.333172945170178,
            0.003810491304254055
          ],
          [
            1.033644588035861,
            -0.0015977706748650567,
            2.1465319442840762
          ]
        ],
        "NumAtoms": 1,
        "Positions": [
          [
            0.0,
            0.0,
            0.0
          ]
        ],
        "Stress": [
          [
            -52878.41090039341,
            73564.33462156773,
            -6902.1728132377975
          ],
          [
            73564.33462156773,
            -32950.078611192126,
            -12343.591661525654
          ],
          [
            -6902.1728132377975,
            -12343.591661525654,
            23355.88187463268
          ]
        ]
      }
    ],
    "EnergyStyle": "electronvolt",
    "ForceStyle": "electronvoltperangstrom",
    "ForcesStyle": null,
    "Label": "ASE generated",
    "LatticeStyle": "angstrom",
    "PositionsStyle": "angstrom",
    "StressStyle": "bar"
  }
}