{
  "Dataset": {
    "AtomTypeStyle": "chemicalsymbol",
    "Data": [
      {
        "AtomTypes": [
          "Ni"
        ],
        "Energy": -4.520683313011432,
        "Forces": [
          [
            -0.12799417146038913,
            0.05134142646478218,
            -0.20086790758966583
          ]
        ],
        "Lattice": [
          [
            2.4229093688631065,
            0.2188014525596146,
            0.21451860392057678
          ],
          [
            0.3923639419308141,
            2.32659167724039,
            -0.004604048620964276
          ],
          [
            1.081444757799986,
            -0.0008978861908687463,
            2.1637758382104835
          ]
        ],
        "NumAtoms": 1,
        "Positions": [
          [
            0.0,
            0.0,
            0.0
          ]
        ],
        "Stress": [
          [
            -63911.295832039505,
            86753.78079451958,
            -59629.06542723661
          ],
          [
            86753.78079451958,
            -46676.4585174841,
            -25627.185119227554
          ],
          [
            -59629.06542723661,
            -25627.185119227554,
            21384.673100178577
          ]
        ]
      }
    ],
    "EnergyStyle": "electronvolt",
    "ForceStyle": "electronvoltperangstrom",
    "ForcesStyle": null,
    "Label": "ASE generated",
    "LatticeStyle": "angstrom",
    "PositionsStyle": "angstrom",
    "StressStyle": "bar"
  }
}