{
  "Dataset": {
    "AtomTypeStyle": "chemicalsymbol",
    "Data": [
      {
        "AtomTypes": [
          "Ni"
        ],
        "Energy": -4.467022144414841,
        "Forces": [
          [
            0.09227512841307275,
            0.09387157977463692,
            0.09018024723948925
          ]
        ],
        "Lattice": [
          [
            2.4320612838900018,
            0.11923208076466514,
            0.17550928998655543
          ],
          [
            0.28475247994684727,
            2.334581754601598,
            0.006340654228212968
          ],
          [
            1.0126978332159613,
            -0.0023547110454660456,
            2.142054553169577
          ]
        ],
        "NumAtoms": 1,
        "Positions": [
          [
            0.0,
            0.0,
            0.0
          ]
        ],
        "Stress": [
          [
            -52122.2905197446,
            64723.31616300867,
            13524.845874873894
          ],
          [
            64723.31616300867,
            -29400.431765850517,
            -8295.258417273644
          ],
          [
            13524.845874873894,
            -8295.258417273644,
            23438.26074878897
          ]
        ]
      }
    ],
    "EnergyStyle": "electronvolt",
    "ForceStyle": "electronvoltperangstrom",
    "ForcesStyle": null,
    "Label": "ASE generated",
    "LatticeStyle": "angstrom",
    "PositionsStyle": "angstrom",
    "StressStyle": "bar"
  }
}