{
  "Dataset": {
    "AtomTypeStyle": "chemicalsymbol",
    "Data": [
      {
        "AtomTypes": [
          "Ni"
        ],
        "Energy": -4.409178310302195,
        "Forces": [
          [
            1.003023653488447,
            0.44270633259970466,
            0.865561638379061
          ]
        ],
        "Lattice": [
          [
            2.3511276955408196,
            0.08549644899131165,
            0.12627882990059164
          ],
          [
            0.24429319453225407,
            2.290914032847062,
            0.007656021019004823
          ],
          [
            0.9083533075831441,
            -0.0053034811876246524,
            2.0839952507967854
          ]
        ],
        "NumAtoms": 1,
        "Positions": [
          [
            0.0,
            0.0,
            0.0
          ]
        ],
        "Stress": [
          [
            127194.45274863731,
            71218.00775943766,
            100672.8684242843
          ],
          [
            71218.00775943766,
            71419.54179085573,
            -7088.996331413672
          ],
          [
            100672.8684242843,
            -7088.996331413672,
            195979.34161781592
          ]
        ]
      }
    ],
    "EnergyStyle": "electronvolt",
    "ForceStyle": "electronvoltperangstrom",
    "ForcesStyle": null,
    "Label": "ASE generated",
    "LatticeStyle": "angstrom",
    "PositionsStyle": "angstrom",
    "StressStyle": "bar"
  }
}