{
  "Dataset": {
    "AtomTypeStyle": "chemicalsymbol",
    "Data": [
      {
        "AtomTypes": [
          "Ni"
        ],
        "Energy": -4.746830657711143,
        "Forces": [
          [
            -0.10712394585516616,
            0.01846643353111962,
            -0.05826483182841648
          ]
        ],
        "Lattice": [
          [
            2.3322347536680574,
            0.4493663848125124,
            0.2288178933878092
          ],
          [
            0.5171437101687465,
            2.3271174872941667,
            -0.21791282009058835
          ],
          [
            1.0797758143781289,
            -0.2939574783270437,
            2.208867888047252
          ]
        ],
        "NumAtoms": 1,
        "Positions": [
          [
            0.0,
            0.0,
            0.0
          ]
        ],
        "Stress": [
          [
            -18385.199450095057,
            16090.35938431267,
            -30269.823098464232
          ],
          [
            16090.35938431267,
            -15307.760079827904,
            4235.156762427881
          ],
          [
            -30269.823098464232,
            4235.156762427881,
            7917.198226949239
          ]
        ]
      }
    ],
    "EnergyStyle": "electronvolt",
    "ForceStyle": "electronvoltperangstrom",
    "ForcesStyle": null,
    "Label": "ASE generated",
    "LatticeStyle": "angstrom",
    "PositionsStyle": "angstrom",
    "StressStyle": "bar"
  }
}