{
  "Dataset": {
    "AtomTypeStyle": "chemicalsymbol",
    "Data": [
      {
        "AtomTypes": [
          "Ni"
        ],
        "Energy": -3.7752182205567806,
        "Forces": [
          [
            -0.3060714312143813,
            -0.47226172021181895,
            -1.1019287849688084
          ]
        ],
        "Lattice": [
          [
            2.36097026567202,
            0.004042093647148108,
            -0.00019187436397691054
          ],
          [
            0.16162471246409202,
            2.4319229225712196,
            0.0007476538397715928
          ],
          [
            0.7365323779762181,
            -0.031002834196063006,
            2.784431318422805
          ]
        ],
        "NumAtoms": 1,
        "Positions": [
          [
            0.0,
            0.0,
            0.0
          ]
        ],
        "Stress": [
          [
            -102368.99060110936,
            14725.223755436991,
            2227.171704868292
          ],
          [
            14725.223755436991,
            -125633.66729364044,
            3125.9840639663944
          ],
          [
            2227.171704868292,
            3125.9840639663944,
            -273886.2197484796
          ]
        ]
      }
    ],
    "EnergyStyle": "electronvolt",
    "ForceStyle": "electronvoltperangstrom",
    "ForcesStyle": null,
    "Label": "ASE generated",
    "LatticeStyle": "angstrom",
    "PositionsStyle": "angstrom",
    "StressStyle": "bar"
  }
}