{
  "Dataset": {
    "AtomTypeStyle": "chemicalsymbol",
    "Data": [
      {
        "AtomTypes": [
          "Ni"
        ],
        "Energy": -4.583776227718772,
        "Forces": [
          [
            -1.492437498997718,
            -1.2458345924389442,
            -0.9968202013650959
          ]
        ],
        "Lattice": [
          [
            2.311413117507301,
            0.5237299349014451,
            0.3028087556107972
          ],
          [
            0.7083975445466482,
            2.2658322560996322,
            -0.06205758014708829
          ],
          [
            1.23208427424574,
            -0.04126691831586847,
            2.283434165395528
          ]
        ],
        "NumAtoms": 1,
        "Positions": [
          [
            0.0,
            0.0,
            0.0
          ]
        ],
        "Stress": [
          [
            -97074.67688524346,
            -180011.07949341348,
            -207733.0416983296
          ],
          [
            -180011.07949341348,
            10241.459319216016,
            -155879.95357091716
          ],
          [
            -207733.0416983296,
            -155879.95357091716,
            50799.815379271284
          ]
        ]
      }
    ],
    "EnergyStyle": "electronvolt",
    "ForceStyle": "electronvoltperangstrom",
    "ForcesStyle": null,
    "Label": "ASE generated",
    "LatticeStyle": "angstrom",
    "PositionsStyle": "angstrom",
    "StressStyle": "bar"
  }
}