{
  "Dataset": {
    "AtomTypeStyle": "chemicalsymbol",
    "Data": [
      {
        "AtomTypes": [
          "Ni"
        ],
        "Energy": -2.4724443091899957,
        "Forces": [
          [
            -1.1219658568392006,
            -1.124278497535027,
            -1.134048128067452
          ]
        ],
        "Lattice": [
          [
            3.624419897543949,
            0.0,
            0.0
          ],
          [
            -1.5260112559823142,
            3.2875083215478536,
            0.0
          ],
          [
            -1.5260003827226214,
            -2.390736228398042,
            2.2565384572715796
          ]
        ],
        "NumAtoms": 1,
        "Positions": [
          [
            0.0,
            0.0,
            0.0
          ]
        ],
        "Stress": [
          [
            -150395.87423422694,
            -133.86567050397264,
            -333.92865059782184
          ],
          [
            -133.86567050397264,
            -150519.44254546138,
            -522.2232200979151
          ],
          [
            -333.92865059782184,
            -522.2232200979151,
            -151633.0283978955
          ]
        ]
      }
    ],
    "EnergyStyle": "electronvolt",
    "ForcesStyle": "electronvoltperangstrom",
    "Label": "ASE generated",
    "LatticeStyle": "angstrom",
    "PositionsStyle": "angstrom",
    "StressStyle": "bar"
  }
}