{
  "Dataset": {
    "AtomTypeStyle": "chemicalsymbol",
    "Data": [
      {
        "AtomTypes": [
          "Cr"
        ],
        "Energy": -42.169204444827756,
        "Forces": [
          [
            -0.4979177562524584,
            -0.4908863808892576,
            -0.4772934126458819
          ]
        ],
        "Lattice": [
          [
            3.9506798719366585,
            0.0,
            0.0
          ],
          [
            -1.0509203527338706,
            3.8083368761507805,
            0.0
          ],
          [
            -1.0509203527338706,
            -1.380205569379919,
            3.5494330214232837
          ]
        ],
        "NumAtoms": 1,
        "Positions": [
          [
            0.0,
            0.0,
            0.0
          ]
        ],
        "Stress": [
          [
            -54846.67757219907,
            741.4098674066176,
            1082.6937746255371
          ],
          [
            741.4098674066176,
            -54437.725304066065,
            1422.5066305202365
          ],
          [
            1082.6937746255371,
            1422.5066305202365,
            -53331.49470825301
          ]
        ]
      }
    ],
    "EnergyStyle": "electronvolt",
    "ForcesStyle": "electronvoltperangstrom",
    "Label": "ASE generated",
    "LatticeStyle": "angstrom",
    "PositionsStyle": "angstrom",
    "StressStyle": "bar"
  }
}