{
  "Dataset": {
    "AtomTypeStyle": "chemicalsymbol",
    "Data": [
      {
        "AtomTypes": [
          "Cr"
        ],
        "Energy": -45.07946833495589,
        "Forces": [
          [
            0.0014475243337165088,
            -3.512018238896637e-05,
            0.0005883244114025854
          ]
        ],
        "Lattice": [
          [
            2.4260707930998597,
            -0.14514847792181854,
            -0.12447756307189983
          ],
          [
            -0.5833117869964662,
            2.359371676360013,
            0.12448695226310764
          ],
          [
            -0.7441670260569546,
            -1.2546129101364694,
            1.9479314109574777
          ]
        ],
        "NumAtoms": 1,
        "Positions": [
          [
            0.0,
            0.0,
            0.0
          ]
        ],
        "Stress": [
          [
            214.773493336044,
            -29.421026484389586,
            225.07085260558037
          ],
          [
            -29.421026484389586,
            204.47613406650768,
            -185.3524668516544
          ],
          [
            225.07085260558037,
            -185.3524668516544,
            127.98146520709473
          ]
        ]
      }
    ],
    "EnergyStyle": "electronvolt",
    "ForcesStyle": "electronvoltperangstrom",
    "Label": "ASE generated",
    "LatticeStyle": "angstrom",
    "PositionsStyle": "angstrom",
    "StressStyle": "bar"
  }
}