{
  "Dataset": {
    "AtomTypeStyle": "chemicalsymbol",
    "Data": [
      {
        "AtomTypes": [
          "Cr"
        ],
        "Energy": -44.787964222465234,
        "Forces": [
          [
            -2.045944670807464,
            -1.6373962945107219,
            -1.3545988874334496
          ]
        ],
        "Lattice": [
          [
            2.5672577805885526,
            -0.052587185638295134,
            -0.06171149243187578
          ],
          [
            -0.5179281576998149,
            2.5150097202809394,
            0.06171483418594653
          ],
          [
            -0.7931665241044465,
            -1.4238970525791423,
            1.9851303609774185
          ]
        ],
        "NumAtoms": 1,
        "Positions": [
          [
            0.0,
            0.0,
            0.0
          ]
        ],
        "Stress": [
          [
            -407887.2269742804,
            -56835.53896254382,
            -44872.949593991005
          ],
          [
            -56835.53896254382,
            -428864.4188576502,
            37342.637865311495
          ],
          [
            -44872.949593991005,
            37342.637865311495,
            -339186.1880305823
          ]
        ]
      }
    ],
    "EnergyStyle": "electronvolt",
    "ForcesStyle": "electronvoltperangstrom",
    "Label": "ASE generated",
    "LatticeStyle": "angstrom",
    "PositionsStyle": "angstrom",
    "StressStyle": "bar"
  }
}