{
  "Dataset": {
    "AtomTypeStyle": "chemicalsymbol",
    "Data": [
      {
        "AtomTypes": [
          "Cr"
        ],
        "Energy": -45.17488853836767,
        "Forces": [
          [
            -0.16812554134080096,
            0.2556046874268974,
            0.5663241748603992
          ]
        ],
        "Lattice": [
          [
            2.4260707930998597,
            -0.14514847792181854,
            -0.12447756307189983
          ],
          [
            -0.5833117869964662,
            2.359371676360013,
            0.12448695226310764
          ],
          [
            -0.7441670260569546,
            -1.2546129101364694,
            1.9479314109574777
          ]
        ],
        "NumAtoms": 1,
        "Positions": [
          [
            0.0,
            0.0,
            0.0
          ]
        ],
        "Stress": [
          [
            88886.80521463785,
            -57953.53796895062,
            -78602.68540701945
          ],
          [
            -57953.53796895062,
            67478.59529327175,
            65419.12343936448
          ],
          [
            -78602.68540701945,
            65419.12343936448,
            174612.321133528
          ]
        ]
      }
    ],
    "EnergyStyle": "electronvolt",
    "ForcesStyle": "electronvoltperangstrom",
    "Label": "ASE generated",
    "LatticeStyle": "angstrom",
    "PositionsStyle": "angstrom",
    "StressStyle": "bar"
  }
}