{
  "Dataset": {
    "AtomTypeStyle": "chemicalsymbol",
    "Data": [
      {
        "AtomTypes": [
          "Cr"
        ],
        "Energy": -45.01786116312314,
        "Forces": [
          [
            -1.037313283827567,
            -0.5909136320387474,
            -0.026742479628036046
          ]
        ],
        "Lattice": [
          [
            2.4721140828903527,
            -0.07592285328499097,
            -0.08249810764498332
          ],
          [
            -0.52359777077695,
            2.4172123110684147,
            0.08250121179848753
          ],
          [
            -0.7665416009994844,
            -1.3435374754481142,
            1.93162850470556
          ]
        ],
        "NumAtoms": 1,
        "Positions": [
          [
            0.0,
            0.0,
            0.0
          ]
        ],
        "Stress": [
          [
            -108950.47422566733,
            -93220.52241578841,
            -77564.1231721205
          ],
          [
            -93220.52241578841,
            -143376.01731505158,
            64552.6742093992
          ],
          [
            -77564.1231721205,
            64552.6742093992,
            5629.713417787948
          ]
        ]
      }
    ],
    "EnergyStyle": "electronvolt",
    "ForcesStyle": "electronvoltperangstrom",
    "Label": "ASE generated",
    "LatticeStyle": "angstrom",
    "PositionsStyle": "angstrom",
    "StressStyle": "bar"
  }
}