{
  "Dataset": {
    "AtomTypeStyle": "chemicalsymbol",
    "Data": [
      {
        "AtomTypes": [
          "Cr"
        ],
        "Energy": -45.07911485876639,
        "Forces": [
          [
            -0.05511821415089897,
            -0.06358768113262757,
            0.018715051075086482
          ]
        ],
        "Lattice": [
          [
            2.428113410244801,
            -0.13761384539181512,
            -0.12468400198018226
          ],
          [
            -0.5762730353156895,
            2.3627451080368123,
            0.12469066485041264
          ],
          [
            -0.7493144957491897,
            -1.2595635301406145,
            1.9447794473508555
          ]
        ],
        "NumAtoms": 1,
        "Positions": [
          [
            0.0,
            0.0,
            0.0
          ]
        ],
        "Stress": [
          [
            -4005.6727558496423,
            -11025.529675025,
            -545.760041285427
          ],
          [
            -11025.529675025,
            -8073.129667316505,
            457.49696183225814
          ],
          [
            -545.760041285427,
            457.49696183225814,
            5422.295181073002
          ]
        ]
      }
    ],
    "EnergyStyle": "electronvolt",
    "ForcesStyle": "electronvoltperangstrom",
    "Label": "ASE generated",
    "LatticeStyle": "angstrom",
    "PositionsStyle": "angstrom",
    "StressStyle": "bar"
  }
}