{
  "Dataset": {
    "AtomTypeStyle": "chemicalsymbol",
    "Data": [
      {
        "AtomTypes": [
          "Cr"
        ],
        "Energy": -45.079443164403074,
        "Forces": [
          [
            -0.007600590460975695,
            -0.016591597109821755,
            0.007212712924224608
          ]
        ],
        "Lattice": [
          [
            2.426339977608091,
            -0.14315509119092512,
            -0.12500023404647667
          ],
          [
            -0.5814002872635023,
            2.359996906110987,
            0.12500850085282555
          ],
          [
            -0.745800713047305,
            -1.255470646594186,
            1.946978469699029
          ]
        ],
        "NumAtoms": 1,
        "Positions": [
          [
            0.0,
            0.0,
            0.0
          ]
        ],
        "Stress": [
          [
            -107.386746668022,
            -2936.218443142081,
            889.9860511527851
          ],
          [
            -2936.218443142081,
            -1190.080521293559,
            -738.4677647581788
          ],
          [
            889.9860511527851,
            -738.4677647581788,
            1905.011464864226
          ]
        ]
      }
    ],
    "EnergyStyle": "electronvolt",
    "ForcesStyle": "electronvoltperangstrom",
    "Label": "ASE generated",
    "LatticeStyle": "angstrom",
    "PositionsStyle": "angstrom",
    "StressStyle": "bar"
  }
}