{
  "Dataset": {
    "AtomTypeStyle": "chemicalsymbol",
    "Data": [
      {
        "AtomTypes": [
          "Cr"
        ],
        "Energy": -44.69436527858761,
        "Forces": [
          [
            0.48882838955186425,
            1.1319791354007727,
            1.9598094770397283
          ]
        ],
        "Lattice": [
          [
            2.3964800608758074,
            0.0,
            0.0
          ],
          [
            -0.4352031755351075,
            2.3566313904235647,
            0.0
          ],
          [
            -0.7253402235452198,
            -1.39081158220964,
            1.811806027463815
          ]
        ],
        "NumAtoms": 1,
        "Positions": [
          [
            0.0,
            0.0,
            0.0
          ]
        ],
        "Stress": [
          [
            419320.23786611424,
            -129120.0589320406,
            -151524.1705999033
          ],
          [
            -129120.0589320406,
            371603.74606240686,
            126111.75897401177
          ],
          [
            -151524.1705999033,
            126111.75897401177,
            599053.2886592502
          ]
        ]
      }
    ],
    "EnergyStyle": "electronvolt",
    "ForcesStyle": "electronvoltperangstrom",
    "Label": "ASE generated",
    "LatticeStyle": "angstrom",
    "PositionsStyle": "angstrom",
    "StressStyle": "bar"
  }
}