{
  "Dataset": {
    "AtomTypeStyle": "chemicalsymbol",
    "Data": [
      {
        "AtomTypes": [
          "Cr"
        ],
        "Energy": -45.07946833495589,
        "Forces": [
          [
            0.0006381558890578156,
            -0.0007927126882080986,
            -0.00019094739668329517
          ]
        ],
        "Lattice": [
          [
            2.4260707930998597,
            -0.14514847792181854,
            -0.12447756307189983
          ],
          [
            -0.5833117869964662,
            2.359371676360013,
            0.12448695226310764
          ],
          [
            -0.7441670260569546,
            -1.2546129101364694,
            1.9479314109574777
          ]
        ],
        "NumAtoms": 1,
        "Positions": [
          [
            0.0,
            0.0,
            0.0
          ]
        ],
        "Stress": [
          [
            -8.826307945316877,
            -30.892077808609073,
            220.65769863292198
          ],
          [
            -30.892077808609073,
            -19.123667214853235,
            -182.41036420321544
          ],
          [
            220.65769863292198,
            -182.41036420321544,
            -92.6762334258272
          ]
        ]
      }
    ],
    "EnergyStyle": "electronvolt",
    "ForcesStyle": "electronvoltperangstrom",
    "Label": "ASE generated",
    "LatticeStyle": "angstrom",
    "PositionsStyle": "angstrom",
    "StressStyle": "bar"
  }
}