{
  "Dataset": {
    "AtomTypeStyle": "chemicalsymbol",
    "Data": [
      {
        "AtomTypes": [
          "Cr"
        ],
        "Energy": -45.06896391514374,
        "Forces": [
          [
            0.44909846827129585,
            0.22128822075396604,
            0.24730549567504834
          ]
        ],
        "Lattice": [
          [
            2.4037267321026956,
            -0.1500182809243496,
            -0.1446075572128572
          ],
          [
            -0.5840422954946872,
            2.336508023670447,
            0.14461236743368114
          ],
          [
            -0.7497974382156722,
            -1.2264605503577588,
            1.9377437278554825
          ]
        ],
        "NumAtoms": 1,
        "Positions": [
          [
            0.0,
            0.0,
            0.0
          ]
        ],
        "Stress": [
          [
            87914.44028932878,
            5651.77918765124,
            36220.225704932025
          ],
          [
            5651.77918765124,
            90012.15947766574,
            -30137.42847928448
          ],
          [
            36220.225704932025,
            -30137.42847928448,
            65919.2808895991
          ]
        ]
      }
    ],
    "EnergyStyle": "electronvolt",
    "ForcesStyle": "electronvoltperangstrom",
    "Label": "ASE generated",
    "LatticeStyle": "angstrom",
    "PositionsStyle": "angstrom",
    "StressStyle": "bar"
  }
}