{
  "Dataset": {
    "AtomTypeStyle": "chemicalsymbol",
    "Data": [
      {
        "AtomTypes": [
          "Ni"
        ],
        "Energy": -4.661850383074125,
        "Forces": [
          [
            0.021009636990712982,
            0.028620221122739986,
            0.030959285934113942
          ]
        ],
        "Lattice": [
          [
            2.3286592292153885,
            0.20959395064204545,
            -0.0039437603507602274
          ],
          [
            0.6260764805452004,
            2.2526842789634123,
            -0.003953027302032915
          ],
          [
            -1.1129500563389247,
            -0.927429799862395,
            2.0337091329811683
          ]
        ],
        "NumAtoms": 1,
        "Positions": [
          [
            0.0,
            0.0,
            0.0
          ]
        ],
        "Stress": [
          [
            10875.482439954616,
            -8249.655826222841,
            3955.6570108261803
          ],
          [
            -8249.655826222841,
            13910.261321819396,
            3284.857606982098
          ],
          [
            3955.6570108261803,
            3284.857606982098,
            2436.060992907458
          ]
        ]
      }
    ],
    "EnergyStyle": "electronvolt",
    "ForcesStyle": "electronvoltperangstrom",
    "Label": "ASE generated",
    "LatticeStyle": "angstrom",
    "PositionsStyle": "angstrom",
    "StressStyle": "bar"
  }
}