{
  "Dataset": {
    "AtomTypeStyle": "chemicalsymbol",
    "Data": [
      {
        "AtomTypes": [
          "Ni"
        ],
        "Energy": -4.675050637071763,
        "Forces": [
          [
            -0.21472733612805547,
            -0.17146661371846594,
            -0.10173300887188422
          ]
        ],
        "Lattice": [
          [
            2.3713620915823896,
            0.06841937394642056,
            -0.033199329723066676
          ],
          [
            0.4949185859825771,
            2.320150776211004,
            -0.033226093918733574
          ],
          [
            -1.1685622824304185,
            -0.9738185423554501,
            1.9771714103487827
          ]
        ],
        "NumAtoms": 1,
        "Positions": [
          [
            0.0,
            0.0,
            0.0
          ]
        ],
        "Stress": [
          [
            -33347.26246873139,
            -23400.013414359262,
            -6159.2918945069605
          ],
          [
            -23400.013414359262,
            -24763.67799191072,
            -5101.605992393155
          ],
          [
            -6159.2918945069605,
            -5101.605992393155,
            -20341.697711306966
          ]
        ]
      }
    ],
    "EnergyStyle": "electronvolt",
    "ForcesStyle": "electronvoltperangstrom",
    "Label": "ASE generated",
    "LatticeStyle": "angstrom",
    "PositionsStyle": "angstrom",
    "StressStyle": "bar"
  }
}