{
  "Dataset": {
    "AtomTypeStyle": "chemicalsymbol",
    "Data": [
      {
        "AtomTypes": [
          "Ni"
        ],
        "Energy": -4.485908766332614,
        "Forces": [
          [
            -3.016043318548179,
            -2.7011933551050515,
            -0.586894095093662
          ]
        ],
        "Lattice": [
          [
            2.400284900038299,
            0.31273000433851267,
            0.012876279036248921
          ],
          [
            0.7404412401484417,
            2.304568364307816,
            0.012855937464359812
          ],
          [
            -1.134332473758449,
            -0.9453197090913422,
            2.1213715841920293
          ]
        ],
        "NumAtoms": 1,
        "Positions": [
          [
            0.0,
            0.0,
            0.0
          ]
        ],
        "Stress": [
          [
            -572983.3170914326,
            -338721.3358121289,
            -8.826307945316877
          ],
          [
            -338721.3358121289,
            -448847.1800458476,
            10.297359269536358
          ],
          [
            -8.826307945316877,
            10.297359269536358,
            -171115.6321358583
          ]
        ]
      }
    ],
    "EnergyStyle": "electronvolt",
    "ForcesStyle": "electronvoltperangstrom",
    "Label": "ASE generated",
    "LatticeStyle": "angstrom",
    "PositionsStyle": "angstrom",
    "StressStyle": "bar"
  }
}