{
  "Dataset": {
    "AtomTypeStyle": "chemicalsymbol",
    "Data": [
      {
        "AtomTypes": [
          "Ni"
        ],
        "Energy": -4.66132438655859,
        "Forces": [
          [
            0.011903685290165951,
            0.022502477973325795,
            0.019688445329304326
          ]
        ],
        "Lattice": [
          [
            2.3266344469299005,
            0.2169016878604231,
            -0.00016607962095571718
          ],
          [
            0.6328995480626876,
            2.249378720613711,
            -0.00017661289328799442
          ],
          [
            -1.1032649598197406,
            -0.9193634114435018,
            2.0331846299950964
          ]
        ],
        "NumAtoms": 1,
        "Positions": [
          [
            0.0,
            0.0,
            0.0
          ]
        ],
        "Stress": [
          [
            13102.654144822904,
            -8743.929071160586,
            -616.3705048479619
          ],
          [
            -8743.929071160586,
            16311.01708294559,
            -520.7521687736958
          ],
          [
            -616.3705048479619,
            -520.7521687736958,
            7302.2987734254975
          ]
        ]
      }
    ],
    "EnergyStyle": "electronvolt",
    "ForcesStyle": "electronvoltperangstrom",
    "Label": "ASE generated",
    "LatticeStyle": "angstrom",
    "PositionsStyle": "angstrom",
    "StressStyle": "bar"
  }
}