{
  "Dataset": {
    "AtomTypeStyle": "chemicalsymbol",
    "Data": [
      {
        "AtomTypes": [
          "Ni"
        ],
        "Energy": -3.424381401766368,
        "Forces": [
          [
            0.4554460407946633,
            0.6117613480285647,
            -0.49652734758699757
          ]
        ],
        "Lattice": [
          [
            2.2301300303666216,
            0.0,
            0.0
          ],
          [
            0.4021571182459825,
            2.1935692786487913,
            0.0
          ],
          [
            -0.9753094565703258,
            -0.812757508786933,
            3.488144150366402
          ]
        ],
        "NumAtoms": 1,
        "Positions": [
          [
            0.0,
            0.0,
            0.0
          ]
        ],
        "Stress": [
          [
            76216.64015913547,
            71563.70482062924,
            1384.2592960905304
          ],
          [
            71563.70482062924,
            49984.8529456537,
            1163.6015974576085
          ],
          [
            1384.2592960905304,
            1163.6015974576085,
            -102145.390799828
          ]
        ]
      }
    ],
    "EnergyStyle": "electronvolt",
    "ForcesStyle": "electronvoltperangstrom",
    "Label": "ASE generated",
    "LatticeStyle": "angstrom",
    "PositionsStyle": "angstrom",
    "StressStyle": "bar"
  }
}