{
  "Dataset": {
    "AtomTypeStyle": "chemicalsymbol",
    "Data": [
      {
        "AtomTypes": [
          "Ni"
        ],
        "Energy": -4.688493208657746,
        "Forces": [
          [
            0.012752014476698038,
            0.008617890590493822,
            -0.005868922082410253
          ]
        ],
        "Lattice": [
          [
            2.3656874285671554,
            -0.037348113962254195,
            -0.07427325181927652
          ],
          [
            0.38986184233256854,
            2.333638194067522,
            -0.07429425433349886
          ],
          [
            -1.254295387936141,
            -1.0452300810918231,
            1.9514693728243664
          ]
        ],
        "NumAtoms": 1,
        "Positions": [
          [
            0.0,
            0.0,
            0.0
          ]
        ],
        "Stress": [
          [
            1625.5117132625248,
            3440.7890473493626,
            -1378.3750907936524
          ],
          [
            3440.7890473493626,
            370.7049337033088,
            -1145.9489815669747
          ],
          [
            -1378.3750907936524,
            -1145.9489815669747,
            709.0467382737891
          ]
        ]
      }
    ],
    "EnergyStyle": "electronvolt",
    "ForcesStyle": "electronvoltperangstrom",
    "Label": "ASE generated",
    "LatticeStyle": "angstrom",
    "PositionsStyle": "angstrom",
    "StressStyle": "bar"
  }
}