{
  "Dataset": {
    "AtomTypeStyle": "chemicalsymbol",
    "Data": [
      {
        "AtomTypes": [
          "Ni"
        ],
        "Energy": -3.737127555647021,
        "Forces": [
          [
            -0.8752704466415473,
            -1.1737167293387198,
            -1.1875470826904322
          ]
        ],
        "Lattice": [
          [
            2.3508376381667815,
            0.19078522996787958,
            0.0033546607028643563
          ],
          [
            0.6115806070368367,
            2.277906248511942,
            0.0033644123804598956
          ],
          [
            -1.0923758988956673,
            -0.9103015306268362,
            2.9936425956249844
          ]
        ],
        "NumAtoms": 1,
        "Positions": [
          [
            0.0,
            0.0,
            0.0
          ]
        ],
        "Stress": [
          [
            -238101.42523551654,
            -30155.081095175115,
            548.7021439338658
          ],
          [
            -30155.081095175115,
            -227061.1850472493,
            456.02591050803863
          ],
          [
            548.7021439338658,
            456.02591050803863,
            -260792.391911602
          ]
        ]
      }
    ],
    "EnergyStyle": "electronvolt",
    "ForcesStyle": "electronvoltperangstrom",
    "Label": "ASE generated",
    "LatticeStyle": "angstrom",
    "PositionsStyle": "angstrom",
    "StressStyle": "bar"
  }
}