{
  "Dataset": {
    "AtomTypeStyle": "chemicalsymbol",
    "Data": [
      {
        "AtomTypes": [
          "Ni"
        ],
        "Energy": -4.6727378034529465,
        "Forces": [
          [
            -0.46245714029730933,
            -0.42802419131450664,
            -0.19296785062264052
          ]
        ],
        "Lattice": [
          [
            2.3981043528540007,
            -0.013739161213139497,
            -0.04865979115105765
          ],
          [
            0.41893074391545104,
            2.3612759951582594,
            -0.048698132156511705
          ],
          [
            -1.1970741800214462,
            -0.9976111010746612,
            1.9429465563630153
          ]
        ],
        "NumAtoms": 1,
        "Positions": [
          [
            0.0,
            0.0,
            0.0
          ]
        ],
        "Stress": [
          [
            -125105.55986824565,
            11700.742232841741,
            -17264.25834103981
          ],
          [
            11700.742232841741,
            -129412.7981455603,
            -14319.213589952415
          ],
          [
            -17264.25834103981,
            -14319.213589952415,
            -27939.677800900576
          ]
        ]
      }
    ],
    "EnergyStyle": "electronvolt",
    "ForcesStyle": "electronvoltperangstrom",
    "Label": "ASE generated",
    "LatticeStyle": "angstrom",
    "PositionsStyle": "angstrom",
    "StressStyle": "bar"
  }
}