{
  "Dataset": {
    "AtomTypeStyle": "chemicalsymbol",
    "Data": [
      {
        "AtomTypes": [
          "Ni"
        ],
        "Energy": -3.982607925411685,
        "Forces": [
          [
            -6.671418163842629,
            -6.180305979503884,
            -1.0318440747631419
          ]
        ],
        "Lattice": [
          [
            2.4589221538827384,
            0.3953138450413758,
            0.007440223611792666
          ],
          [
            0.8322464921917956,
            2.347355987104988,
            0.00745037217229447
          ],
          [
            -1.2076258708956373,
            -1.0063511283755482,
            2.224188690084769
          ]
        ],
        "NumAtoms": 1,
        "Positions": [
          [
            0.0,
            0.0,
            0.0
          ]
        ],
        "Stress": [
          [
            -1190805.7495963993,
            -780786.9692533248,
            7824.521993523413
          ],
          [
            -780786.9692533248,
            -904611.2434181751,
            6510.8731609954175
          ],
          [
            7824.521993523413,
            6510.8731609954175,
            -294641.2828818922
          ]
        ]
      }
    ],
    "EnergyStyle": "electronvolt",
    "ForcesStyle": "electronvoltperangstrom",
    "Label": "ASE generated",
    "LatticeStyle": "angstrom",
    "PositionsStyle": "angstrom",
    "StressStyle": "bar"
  }
}