{
  "Dataset": {
    "AtomTypeStyle": "chemicalsymbol",
    "Data": [
      {
        "AtomTypes": [
          "Ni"
        ],
        "Energy": -4.688135106528534,
        "Forces": [
          [
            0.028625478112491397,
            0.020408726813302754,
            -0.002037076705774788
          ]
        ],
        "Lattice": [
          [
            2.3655752832164523,
            -0.039322375170483294,
            -0.07137551976050921
          ],
          [
            0.38789900817697665,
            2.333883480933024,
            -0.07139310908173767
          ],
          [
            -1.2436346092971566,
            -1.036333766065044,
            1.9443774330132009
          ]
        ],
        "NumAtoms": 1,
        "Positions": [
          [
            0.0,
            0.0,
            0.0
          ]
        ],
        "Stress": [
          [
            6000.418351491257,
            7764.208889230414,
            -5487.02143933866
          ],
          [
            7764.208889230414,
            3158.3471930992223,
            -4585.266977592119
          ],
          [
            -5487.02143933866,
            -4585.266977592119,
            9439.7363475164
          ]
        ]
      }
    ],
    "EnergyStyle": "electronvolt",
    "ForcesStyle": "electronvoltperangstrom",
    "Label": "ASE generated",
    "LatticeStyle": "angstrom",
    "PositionsStyle": "angstrom",
    "StressStyle": "bar"
  }
}