{
  "Dataset": {
    "AtomTypeStyle": "chemicalsymbol",
    "Data": [
      {
        "AtomTypes": [
          "Ni"
        ],
        "Energy": -4.687538360352846,
        "Forces": [
          [
            0.04673866646304716,
            0.042064832592090214,
            -0.000665294439196086
          ]
        ],
        "Lattice": [
          [
            2.364388399064317,
            -0.029320461844189634,
            -0.06565368112632719
          ],
          [
            0.3975223179653133,
            2.33091393635202,
            -0.06566778211139819
          ],
          [
            -1.2285151168532418,
            -1.0237241240779453,
            1.9424853456169482
          ]
        ],
        "NumAtoms": 1,
        "Positions": [
          [
            0.0,
            0.0,
            0.0
          ]
        ],
        "Stress": [
          [
            17067.1374635944,
            4970.682424537622,
            -8487.966140746397
          ],
          [
            4970.682424537622,
            15241.562770238028,
            -7097.822639358988
          ],
          [
            -8487.966140746397,
            -7097.822639358988,
            15378.37054339044
          ]
        ]
      }
    ],
    "EnergyStyle": "electronvolt",
    "ForcesStyle": "electronvoltperangstrom",
    "Label": "ASE generated",
    "LatticeStyle": "angstrom",
    "PositionsStyle": "angstrom",
    "StressStyle": "bar"
  }
}