{
  "Dataset": {
    "AtomTypeStyle": "chemicalsymbol",
    "Data": [
      {
        "AtomTypes": [
          "Ni"
        ],
        "Energy": -4.66455859845064,
        "Forces": [
          [
            -0.03506762528906486,
            -0.02324963787425547,
            -0.014035688492491143
          ]
        ],
        "Lattice": [
          [
            2.3443265401931757,
            0.15922898277649764,
            -0.01464928780201467
          ],
          [
            0.579363033329568,
            2.2771781461824876,
            -0.014665956884077808
          ],
          [
            -1.133864377358547,
            -0.9448773857381957,
            2.015534353902357
          ]
        ],
        "NumAtoms": 1,
        "Positions": [
          [
            0.0,
            0.0,
            0.0
          ]
        ],
        "Stress": [
          [
            -2511.084610442652,
            -10388.564451637963,
            2190.395421762805
          ],
          [
            -10388.564451637963,
            1309.2356785553368,
            1829.9878473290325
          ],
          [
            2190.395421762805,
            1829.9878473290325,
            -8396.76095864479
          ]
        ]
      }
    ],
    "EnergyStyle": "electronvolt",
    "ForcesStyle": "electronvoltperangstrom",
    "Label": "ASE generated",
    "LatticeStyle": "angstrom",
    "PositionsStyle": "angstrom",
    "StressStyle": "bar"
  }
}