{
  "Dataset": {
    "AtomTypeStyle": "chemicalsymbol",
    "Data": [
      {
        "AtomTypes": [
          "Cr"
        ],
        "Energy": 2238.6742844826517,
        "Forces": [
          [
            -0.2703848105318381,
            -0.22190549194924236,
            -0.09248857412629446
          ]
        ],
        "Lattice": [
          [
            4.13467954987606,
            0.0,
            0.0
          ],
          [
            -0.8259932030378402,
            4.753934640740547,
            0.0
          ],
          [
            -2.4168566413277026,
            -1.8712567319647075,
            5.200558591038609
          ]
        ],
        "NumAtoms": 1,
        "Positions": [
          [
            0.0,
            0.0,
            0.0
          ]
        ],
        "Stress": [
          [
            -22580.63782676901,
            597.2468376331087,
            -55.89995032034023
          ],
          [
            597.2468376331087,
            -13271.825047108143,
            101.50254137114408
          ],
          [
            -55.89995032034023,
            101.50254137114408,
            -6529.99682821027
          ]
        ]
      }
    ],
    "EnergyStyle": "electronvolt",
    "ForcesStyle": "electronvoltperangstrom",
    "Label": "ASE generated",
    "LatticeStyle": "angstrom",
    "PositionsStyle": "angstrom",
    "StressStyle": "bar"
  }
}