{
  "Dataset": {
    "AtomTypeStyle": "chemicalsymbol",
    "Data": [
      {
        "AtomTypes": [
          "Cr"
        ],
        "Energy": -41.796077673327545,
        "Forces": [
          [
            -0.3589461678159243,
            -0.6251866016465406,
            -0.09307849396572196
          ]
        ],
        "Lattice": [
          [
            4.032669530244539,
            0.0,
            0.0
          ],
          [
            -2.936501233194408,
            3.8905058312948286,
            0.0
          ],
          [
            -1.5139447950444047,
            -1.7484888875929576,
            5.46656180244406
          ]
        ],
        "NumAtoms": 1,
        "Positions": [
          [
            0.0,
            0.0,
            0.0
          ]
        ],
        "Stress": [
          [
            -34153.398594403654,
            -2593.4634845989426,
            91.20518210160772
          ],
          [
            -2593.4634845989426,
            -32089.513586523728,
            -52.95784767190126
          ],
          [
            91.20518210160772,
            -52.95784767190126,
            -6481.452134511027
          ]
        ]
      }
    ],
    "EnergyStyle": "electronvolt",
    "ForcesStyle": "electronvoltperangstrom",
    "Label": "ASE generated",
    "LatticeStyle": "angstrom",
    "PositionsStyle": "angstrom",
    "StressStyle": "bar"
  }
}