{
  "Dataset": {
    "AtomTypeStyle": "chemicalsymbol",
    "Data": [
      {
        "AtomTypes": [
          "Cr"
        ],
        "Energy": 2237.6588714748004,
        "Forces": [
          [
            -0.6612013530583022,
            -0.6575022856810775,
            -0.6364014975033853
          ]
        ],
        "Lattice": [
          [
            3.9469497017949746,
            0.0,
            0.0
          ],
          [
            -1.511069958583697,
            3.673039286389807,
            0.0
          ],
          [
            -1.5374000600443711,
            -2.3084130025918093,
            2.884253229335187
          ]
        ],
        "NumAtoms": 1,
        "Positions": [
          [
            0.0,
            0.0,
            0.0
          ]
        ],
        "Stress": [
          [
            -74458.73382669316,
            654.6178392776684,
            731.1125081370814
          ],
          [
            654.6178392776684,
            -73484.89785005989,
            932.6465395551501
          ],
          [
            731.1125081370814,
            932.6465395551501,
            -71591.6547957894
          ]
        ]
      }
    ],
    "EnergyStyle": "electronvolt",
    "ForcesStyle": "electronvoltperangstrom",
    "Label": "ASE generated",
    "LatticeStyle": "angstrom",
    "PositionsStyle": "angstrom",
    "StressStyle": "bar"
  }
}