{
  "Dataset": {
    "AtomTypeStyle": "chemicalsymbol",
    "Data": [
      {
        "AtomTypes": [
          "Cr"
        ],
        "Energy": 2237.8835330766256,
        "Forces": [
          [
            -0.5987676670392348,
            -0.7297992703866657,
            -0.8362086594705749
          ]
        ],
        "Lattice": [
          [
            3.7184594500632486,
            0.0,
            0.0
          ],
          [
            -1.9848727513898112,
            3.8314968988857214,
            0.0
          ],
          [
            -3.0811898695114093,
            -3.9609067246668226,
            3.397998896197348
          ]
        ],
        "NumAtoms": 1,
        "Positions": [
          [
            0.0,
            0.0,
            0.0
          ]
        ],
        "Stress": [
          [
            -65728.04421745057,
            -1341.5988076881656,
            -264.7892383595063
          ],
          [
            -1341.5988076881656,
            -45745.28302925315,
            -576.6521190940359
          ],
          [
            -264.7892383595063,
            -576.6521190940359,
            -68197.93939081507
          ]
        ]
      }
    ],
    "EnergyStyle": "electronvolt",
    "ForcesStyle": "electronvoltperangstrom",
    "Label": "ASE generated",
    "LatticeStyle": "angstrom",
    "PositionsStyle": "angstrom",
    "StressStyle": "bar"
  }
}