{
  "Dataset": {
    "AtomTypeStyle": "chemicalsymbol",
    "Data": [
      {
        "AtomTypes": [
          "Cr"
        ],
        "Energy": 103.32443090969082,
        "Forces": [
          [
            282.483342690525,
            43.39570080606541,
            466.2146487865074
          ]
        ],
        "Lattice": [
          [
            4.3921094447782245,
            0.0,
            0.0
          ],
          [
            0.5065463743757175,
            3.076286160436006,
            0.0
          ],
          [
            -0.20529597966782376,
            -1.814828406801252,
            0.36249836091532595
          ]
        ],
        "NumAtoms": 1,
        "Positions": [
          [
            0.0,
            0.0,
            0.0
          ]
        ],
        "Stress": [
          [
            6420081.3443159135,
            5414230.877713631,
            21662489.969065372
          ],
          [
            5414230.877713631,
            91947383.39462678,
            -37743770.02460495
          ],
          [
            21662489.969065372,
            -37743770.02460495,
            107976391.11241156
          ]
        ]
      }
    ],
    "EnergyStyle": "electronvolt",
    "ForcesStyle": "electronvoltperangstrom",
    "Label": "ASE generated",
    "LatticeStyle": "angstrom",
    "PositionsStyle": "angstrom",
    "StressStyle": "bar"
  }
}