{
  "Dataset": {
    "AtomTypeStyle": "chemicalsymbol",
    "Data": [
      {
        "AtomTypes": [
          "Ni"
        ],
        "Energy": 50.73290055052075,
        "Forces": [
          [
            409.0517338810053,
            85.29225196329912,
            410.60127935218577
          ]
        ],
        "Lattice": [
          [
            4.282829588658342,
            0.0,
            0.0
          ],
          [
            0.5116353883203029,
            2.848638444304323,
            0.0
          ],
          [
            0.07805885208288695,
            -2.245791634234364,
            0.7158407031075327
          ]
        ],
        "NumAtoms": 1,
        "Positions": [
          [
            0.0,
            0.0,
            0.0
          ]
        ],
        "Stress": [
          [
            16727730.617865186,
            16628389.050889323,
            20361962.91434941
          ],
          [
            16628389.050889323,
            18648308.7478423,
            19724178.315374784
          ],
          [
            20361962.91434941,
            19724178.315374784,
            25079468.579680916
          ]
        ]
      }
    ],
    "EnergyStyle": "electronvolt",
    "ForcesStyle": "electronvoltperangstrom",
    "Label": "ASE generated",
    "LatticeStyle": "angstrom",
    "PositionsStyle": "angstrom",
    "StressStyle": "bar"
  }
}