{
  "Dataset": {
    "AtomTypeStyle": "chemicalsymbol",
    "Data": [
      {
        "AtomTypes": [
          "Cr"
        ],
        "Energy": -33.585404446379926,
        "Forces": [
          [
            35.9152066462879,
            9.034718400554972,
            39.933595113595345
          ]
        ],
        "Lattice": [
          [
            4.507099652153449,
            0.0,
            0.0
          ],
          [
            0.6562742732504114,
            3.1196701520317482,
            0.0
          ],
          [
            -0.07947819526607391,
            -1.7250337995662546,
            0.7407418278314193
          ]
        ],
        "NumAtoms": 1,
        "Positions": [
          [
            0.0,
            0.0,
            0.0
          ]
        ],
        "Stress": [
          [
            1002609.7405350285,
            927692.0386951789,
            2162143.88108117
          ],
          [
            927692.0386951789,
            5327965.485958751,
            -515032.72122513043
          ],
          [
            2162143.88108117,
            -515032.72122513043,
            5914364.791127066
          ]
        ]
      }
    ],
    "EnergyStyle": "electronvolt",
    "ForcesStyle": "electronvoltperangstrom",
    "Label": "ASE generated",
    "LatticeStyle": "angstrom",
    "PositionsStyle": "angstrom",
    "StressStyle": "bar"
  }
}