{
  "Dataset": {
    "AtomTypeStyle": "chemicalsymbol",
    "Data": [
      {
        "AtomTypes": [
          "Cr"
        ],
        "Energy": -3.8917412790069648,
        "Forces": [
          [
            0.025987735037446558,
            0.025990810738787323,
            0.023903803803301253
          ]
        ],
        "Lattice": [
          [
            2.4372280897174297,
            -0.3340182546738106,
            -8.46683533365666e-06
          ],
          [
            -0.4768064890024497,
            2.4133597163087552,
            -8.479006409448792e-06
          ],
          [
            -0.9801997405538354,
            -1.0396590092777187,
            2.0024927556728005
          ]
        ],
        "NumAtoms": 1,
        "Positions": [
          [
            0.0,
            0.0,
            0.0
          ]
        ],
        "Stress": [
          [
            6996.320097987845,
            280.9708029259206,
            -1.4710513242194794
          ],
          [
            280.9708029259206,
            7030.154278444893,
            -1.4710513242194794
          ],
          [
            -1.4710513242194794,
            -1.4710513242194794,
            6725.646654331462
          ]
        ]
      }
    ],
    "EnergyStyle": "electronvolt",
    "ForcesStyle": "electronvoltperangstrom",
    "Label": "ASE generated",
    "LatticeStyle": "angstrom",
    "PositionsStyle": "angstrom",
    "StressStyle": "bar"
  }
}