{
  "Dataset": {
    "AtomTypeStyle": "chemicalsymbol",
    "Data": [
      {
        "AtomTypes": [
          "Cr"
        ],
        "Energy": -3.6774566115477683,
        "Forces": [
          [
            -1.8529766261244232,
            -1.7050457380732555,
            -0.9067870922726466
          ]
        ],
        "Lattice": [
          [
            2.661555101676167,
            -0.04714827583197702,
            -9.48285557369546e-07
          ],
          [
            -0.20362931492112668,
            2.6541734045344416,
            -6.720550546089974e-07
          ],
          [
            -1.2289443023238364,
            -1.3034926447981665,
            1.9689396762777218
          ]
        ],
        "NumAtoms": 1,
        "Positions": [
          [
            0.0,
            0.0,
            0.0
          ]
        ],
        "Stress": [
          [
            -322592.72909338656,
            -98239.74953402528,
            2.9421026484389587
          ],
          [
            -98239.74953402528,
            -334169.9030149938,
            2.9421026484389587
          ],
          [
            2.9421026484389587,
            2.9421026484389587,
            -229970.92456655545
          ]
        ]
      }
    ],
    "EnergyStyle": "electronvolt",
    "ForcesStyle": "electronvoltperangstrom",
    "Label": "ASE generated",
    "LatticeStyle": "angstrom",
    "PositionsStyle": "angstrom",
    "StressStyle": "bar"
  }
}