{
  "Dataset": {
    "AtomTypeStyle": "chemicalsymbol",
    "Data": [
      {
        "AtomTypes": [
          "Cr"
        ],
        "Energy": -4.202636921089834,
        "Forces": [
          [
            -0.007957625464531872,
            -0.008910620292023158,
            0.008387695639915996
          ]
        ],
        "Lattice": [
          [
            2.4373463957491923,
            -0.3326352246392726,
            -6.641703142045298e-06
          ],
          [
            -0.4754328460424107,
            2.4135594013283277,
            -6.627415357419752e-06
          ],
          [
            -0.9809446987649078,
            -1.0404492692912437,
            2.00163310359359
          ]
        ],
        "NumAtoms": 1,
        "Positions": [
          [
            0.0,
            0.0,
            0.0
          ]
        ],
        "Stress": [
          [
            141.22092712507003,
            -2366.9215806691427,
            -1.4710513242194794
          ],
          [
            -2366.9215806691427,
            -138.2788244766311,
            -1.4710513242194794
          ],
          [
            -1.4710513242194794,
            -1.4710513242194794,
            2362.508426696484
          ]
        ]
      }
    ],
    "EnergyStyle": "electronvolt",
    "ForcesStyle": "electronvoltperangstrom",
    "Label": "ASE generated",
    "LatticeStyle": "angstrom",
    "PositionsStyle": "angstrom",
    "StressStyle": "bar"
  }
}