{
  "Dataset": {
    "AtomTypeStyle": "chemicalsymbol",
    "Data": [
      {
        "AtomTypes": [
          "Cr"
        ],
        "Energy": -4.178078217241364,
        "Forces": [
          [
            -0.005778810725532396,
            -0.036602732469332544,
            0.5047174635337979
          ]
        ],
        "Lattice": [
          [
            2.4222109068074467,
            -0.2835881308061298,
            5.545777143545112e-07
          ],
          [
            -0.4255805143640377,
            2.401336053940732,
            5.725697394385317e-07
          ],
          [
            -0.998298854171156,
            -1.0588566148738228,
            1.9569772222498574
          ]
        ],
        "NumAtoms": 1,
        "Positions": [
          [
            0.0,
            0.0,
            0.0
          ]
        ],
        "Stress": [
          [
            74117.44991947425,
            -75737.0774274399,
            -5.8842052968779175
          ],
          [
            -75737.0774274399,
            65191.11048411045,
            -5.8842052968779175
          ],
          [
            -5.8842052968779175,
            -5.8842052968779175,
            145511.98383781826
          ]
        ]
      }
    ],
    "EnergyStyle": "electronvolt",
    "ForcesStyle": "electronvoltperangstrom",
    "Label": "ASE generated",
    "LatticeStyle": "angstrom",
    "PositionsStyle": "angstrom",
    "StressStyle": "bar"
  }
}