{
  "Dataset": {
    "AtomTypeStyle": "chemicalsymbol",
    "Data": [
      {
        "AtomTypes": [
          "Cr"
        ],
        "Energy": -4.193719062418495,
        "Forces": [
          [
            0.3777159299869882,
            0.40358410477475165,
            0.012142950474966038
          ]
        ],
        "Lattice": [
          [
            2.420770543068269,
            -0.3634969172195007,
            -4.4032835507098175e-06
          ],
          [
            -0.5052660790139633,
            2.395197239541684,
            -4.446146904586455e-06
          ],
          [
            -0.9577392976132378,
            -1.0158364737280088,
            2.0107468199636997
          ]
        ],
        "NumAtoms": 1,
        "Positions": [
          [
            0.0,
            0.0,
            0.0
          ]
        ],
        "Stress": [
          [
            54086.144037577615,
            53702.199641956315,
            -2.9421026484389587
          ],
          [
            53702.199641956315,
            60414.606834369806,
            -2.9421026484389587
          ],
          [
            -2.9421026484389587,
            -2.9421026484389587,
            3439.3179960251437
          ]
        ]
      }
    ],
    "EnergyStyle": "electronvolt",
    "ForcesStyle": "electronvoltperangstrom",
    "Label": "ASE generated",
    "LatticeStyle": "angstrom",
    "PositionsStyle": "angstrom",
    "StressStyle": "bar"
  }
}