{
  "Dataset": {
    "AtomTypeStyle": "chemicalsymbol",
    "Data": [
      {
        "AtomTypes": [
          "Cr"
        ],
        "Energy": -3.6128365926260813,
        "Forces": [
          [
            0.04913507758414572,
            0.0490242145654506,
            0.04710989925051893
          ]
        ],
        "Lattice": [
          [
            2.437161221297851,
            -0.33405522034770013,
            -8.293265209316698e-06
          ],
          [
            -0.47683947526373244,
            2.413290789919013,
            -8.309669702775658e-06
          ],
          [
            -0.9801499232822639,
            -1.039606182575363,
            2.002468780770199
          ]
        ],
        "NumAtoms": 1,
        "Positions": [
          [
            0.0,
            0.0,
            0.0
          ]
        ],
        "Stress": [
          [
            13501.309053686384,
            257.43398173840893,
            -1.4710513242194794
          ],
          [
            257.43398173840893,
            13532.201131494992,
            -1.4710513242194794
          ],
          [
            -1.4710513242194794,
            -1.4710513242194794,
            13252.701379893291
          ]
        ]
      }
    ],
    "EnergyStyle": "electronvolt",
    "ForcesStyle": "electronvoltperangstrom",
    "Label": "ASE generated",
    "LatticeStyle": "angstrom",
    "PositionsStyle": "angstrom",
    "StressStyle": "bar"
  }
}