{
  "Dataset": {
    "AtomTypeStyle": "chemicalsymbol",
    "Data": [
      {
        "AtomTypes": [
          "Cr"
        ],
        "Energy": -4.095574180728363,
        "Forces": [
          [
            0.3778972935369677,
            0.31427169503329255,
            1.1975486144717815
          ]
        ],
        "Lattice": [
          [
            2.38640246938777,
            -0.2527918048405635,
            3.8111342545622043e-06
          ],
          [
            -0.3927311766256268,
            2.36740124833299,
            3.6126928014296267e-06
          ],
          [
            -0.9968174506227624,
            -1.057285566589625,
            1.9097946642016144
          ]
        ],
        "NumAtoms": 1,
        "Positions": [
          [
            0.0,
            0.0,
            0.0
          ]
        ],
        "Stress": [
          [
            237286.46280189895,
            -128191.8255464581,
            -8.826307945316877
          ],
          [
            -128191.8255464581,
            222178.7657021649,
            -7.355256621097396
          ],
          [
            -8.826307945316877,
            -7.355256621097396,
            358130.3869838807
          ]
        ]
      }
    ],
    "EnergyStyle": "electronvolt",
    "ForcesStyle": "electronvoltperangstrom",
    "Label": "ASE generated",
    "LatticeStyle": "angstrom",
    "PositionsStyle": "angstrom",
    "StressStyle": "bar"
  }
}