{
  "Dataset": {
    "AtomTypeStyle": "chemicalsymbol",
    "Data": [
      {
        "AtomTypes": [
          "Cr"
        ],
        "Energy": -44.10188993266502,
        "Forces": [
          [
            0.00025568466093273253,
            0.0008241141505702497,
            0.0005245294721516507
          ]
        ],
        "Lattice": [
          [
            2.2397140603891366,
            4.942515126022076e-07,
            -3.926494885983276e-07
          ],
          [
            6.461253713996739e-07,
            2.345950225734288,
            -5.238854362700059e-08
          ],
          [
            -5.868575240640773e-07,
            -6.085537896065725e-08,
            2.3617619867438164
          ]
        ],
        "NumAtoms": 1,
        "Positions": [
          [
            0.0,
            0.0,
            0.0
          ]
        ],
        "Stress": [
          [
            77.96572018363241,
            0.0,
            -0.0
          ],
          [
            0.0,
            238.31031452355566,
            -0.0
          ],
          [
            -0.0,
            -0.0,
            158.8735430157038
          ]
        ]
      }
    ],
    "EnergyStyle": "electronvolt",
    "ForcesStyle": "electronvoltperangstrom",
    "Label": "ASE generated",
    "LatticeStyle": "angstrom",
    "PositionsStyle": "angstrom",
    "StressStyle": "bar"
  }
}