{
  "Dataset": {
    "AtomTypeStyle": "chemicalsymbol",
    "Data": [
      {
        "AtomTypes": [
          "Cr"
        ],
        "Energy": -44.01599195329527,
        "Forces": [
          [
            -0.03061712754183099,
            -0.5117192003055896,
            -0.786891570780584
          ]
        ],
        "Lattice": [
          [
            2.187158061809616,
            1.037187328372941e-07,
            -9.048930262845557e-08
          ],
          [
            1.2488582117143575e-07,
            2.426608858368605,
            -2.6458860417677065e-09
          ],
          [
            -1.1800651746283971e-07,
            -3.175063250121248e-09,
            2.519337565387181
          ]
        ],
        "NumAtoms": 1,
        "Positions": [
          [
            0.0,
            0.0,
            0.0
          ]
        ],
        "Stress": [
          [
            -9242.61547007099,
            0.0,
            -0.0
          ],
          [
            0.0,
            -134108.39397246885,
            -0.0
          ],
          [
            -0.0,
            -0.0,
            -228801.43876380098
          ]
        ]
      }
    ],
    "EnergyStyle": "electronvolt",
    "ForcesStyle": "electronvoltperangstrom",
    "Label": "ASE generated",
    "LatticeStyle": "angstrom",
    "PositionsStyle": "angstrom",
    "StressStyle": "bar"
  }
}