{
  "Dataset": {
    "AtomTypeStyle": "chemicalsymbol",
    "Data": [
      {
        "AtomTypes": [
          "Cr"
        ],
        "Energy": -44.101291417747234,
        "Forces": [
          [
            -0.05344896423642911,
            -0.005652840098591938,
            0.07314682555683313
          ]
        ],
        "Lattice": [
          [
            2.24498067856325,
            2.4130480700921486e-07,
            -1.740993015483151e-07
          ],
          [
            2.984559455113973e-07,
            2.3479176086971627,
            -1.7992025084020405e-08
          ],
          [
            -2.344255033006188e-07,
            -2.0108733917434573e-08,
            2.3496448214089636
          ]
        ],
        "NumAtoms": 1,
        "Positions": [
          [
            0.0,
            0.0,
            0.0
          ]
        ],
        "Stress": [
          [
            -16246.290824679934,
            0.0,
            -0.0
          ],
          [
            0.0,
            -1641.6932778289395,
            -0.0
          ],
          [
            -0.0,
            -0.0,
            22217.2881496868
          ]
        ]
      }
    ],
    "EnergyStyle": "electronvolt",
    "ForcesStyle": "electronvoltperangstrom",
    "Label": "ASE generated",
    "LatticeStyle": "angstrom",
    "PositionsStyle": "angstrom",
    "StressStyle": "bar"
  }
}