{
  "Dataset": {
    "AtomTypeStyle": "chemicalsymbol",
    "Data": [
      {
        "AtomTypes": [
          "Cr"
        ],
        "Energy": -44.10188884420904,
        "Forces": [
          [
            0.0018865978103033893,
            -0.0034753207198191826,
            0.0004467390401601081
          ]
        ],
        "Lattice": [
          [
            2.2394352681395104,
            3.656614509722971e-07,
            -2.7834721159396274e-07
          ],
          [
            4.688510066012376e-07,
            2.3466408146914426,
            -3.386734133462665e-08
          ],
          [
            -4.0376220997375207e-07,
            -3.915911341816206e-08,
            2.3616206128191872
          ]
        ],
        "NumAtoms": 1,
        "Positions": [
          [
            0.0,
            0.0,
            0.0
          ]
        ],
        "Stress": [
          [
            575.1810677698165,
            0.0,
            -0.0
          ],
          [
            0.0,
            -1004.7280544419045,
            -0.0
          ],
          [
            -0.0,
            -0.0,
            135.33672182819214
          ]
        ]
      }
    ],
    "EnergyStyle": "electronvolt",
    "ForcesStyle": "electronvoltperangstrom",
    "Label": "ASE generated",
    "LatticeStyle": "angstrom",
    "PositionsStyle": "angstrom",
    "StressStyle": "bar"
  }
}