{
  "Dataset": {
    "AtomTypeStyle": "chemicalsymbol",
    "Data": [
      {
        "AtomTypes": [
          "Cr"
        ],
        "Energy": -44.149322001810106,
        "Forces": [
          [
            0.470508018505083,
            0.032893346281402676,
            -0.017100632143018168
          ]
        ],
        "Lattice": [
          [
            2.2397140603891366,
            4.942515126022076e-07,
            -3.926494885983276e-07
          ],
          [
            6.461253713996739e-07,
            2.345950225734288,
            -5.238854362700059e-08
          ],
          [
            -5.868575240640773e-07,
            -6.085537896065725e-08,
            2.3617619867438164
          ]
        ],
        "NumAtoms": 1,
        "Positions": [
          [
            0.0,
            0.0,
            0.0
          ]
        ],
        "Stress": [
          [
            143471.63565112583,
            0.0,
            -0.0
          ],
          [
            0.0,
            9511.817862403153,
            -0.0
          ],
          [
            -0.0,
            -0.0,
            -5179.571712576787
          ]
        ]
      }
    ],
    "EnergyStyle": "electronvolt",
    "ForcesStyle": "electronvoltperangstrom",
    "Label": "ASE generated",
    "LatticeStyle": "angstrom",
    "PositionsStyle": "angstrom",
    "StressStyle": "bar"
  }
}