{
  "Dataset": {
    "AtomTypeStyle": "chemicalsymbol",
    "Data": [
      {
        "AtomTypes": [
          "Cr"
        ],
        "Energy": -43.786038548965735,
        "Forces": [
          [
            1.6496697177399753,
            0.2540832303054963,
            -0.5924865561015692
          ]
        ],
        "Lattice": [
          [
            1.9999998584662084,
            0.0,
            0.0
          ],
          [
            0.0,
            2.39999983015945,
            0.0
          ],
          [
            0.0,
            0.0,
            2.599999816006071
          ]
        ],
        "NumAtoms": 1,
        "Positions": [
          [
            0.0,
            0.0,
            0.0
          ]
        ],
        "Stress": [
          [
            550638.0474765387,
            0.0,
            -0.0
          ],
          [
            0.0,
            65238.18412648549,
            -0.0
          ],
          [
            -0.0,
            -0.0,
            -182551.5851303405
          ]
        ]
      }
    ],
    "EnergyStyle": "electronvolt",
    "ForcesStyle": "electronvoltperangstrom",
    "Label": "ASE generated",
    "LatticeStyle": "angstrom",
    "PositionsStyle": "angstrom",
    "StressStyle": "bar"
  }
}