{
  "Dataset": {
    "AtomTypeStyle": "chemicalsymbol",
    "Data": [
      {
        "AtomTypes": [
          "Cr"
        ],
        "Energy": -44.10188993266502,
        "Forces": [
          [
            0.00018814531653540696,
            0.0007528944091629441,
            0.0004565349109468071
          ]
        ],
        "Lattice": [
          [
            2.2397140603891366,
            4.942515126022076e-07,
            -3.926494885983276e-07
          ],
          [
            6.461253713996739e-07,
            2.345950225734288,
            -5.238854362700059e-08
          ],
          [
            -5.868575240640773e-07,
            -6.085537896065725e-08,
            2.3617619867438164
          ]
        ],
        "NumAtoms": 1,
        "Positions": [
          [
            0.0,
            0.0,
            0.0
          ]
        ],
        "Stress": [
          [
            57.371001644559705,
            0.0,
            -0.0
          ],
          [
            0.0,
            217.715595984483,
            -0.0
          ],
          [
            -0.0,
            -0.0,
            138.2788244766311
          ]
        ]
      }
    ],
    "EnergyStyle": "electronvolt",
    "ForcesStyle": "electronvoltperangstrom",
    "Label": "ASE generated",
    "LatticeStyle": "angstrom",
    "PositionsStyle": "angstrom",
    "StressStyle": "bar"
  }
}