{
  "Dataset": {
    "AtomTypeStyle": "chemicalsymbol",
    "Data": [
      {
        "AtomTypes": [
          "Cr"
        ],
        "Energy": -44.09937015628884,
        "Forces": [
          [
            -0.04312779256129644,
            -0.1710196317327785,
            -0.10283885446082677
          ]
        ],
        "Lattice": [
          [
            2.2381117022770525,
            1.8097860525691115e-07,
            -1.217107579213145e-07
          ],
          [
            2.1855018705001256e-07,
            2.37038297457333,
            -1.1112721375424367e-08
          ],
          [
            -1.5346139042252697e-07,
            -1.2700253000484992e-08,
            2.372573550194904
          ]
        ],
        "NumAtoms": 1,
        "Positions": [
          [
            0.0,
            0.0,
            0.0
          ]
        ],
        "Stress": [
          [
            -13024.688424639273,
            0.0,
            -0.0
          ],
          [
            0.0,
            -48721.21985814916,
            -0.0
          ],
          [
            -0.0,
            -0.0,
            -31028.885581761482
          ]
        ]
      }
    ],
    "EnergyStyle": "electronvolt",
    "ForcesStyle": "electronvoltperangstrom",
    "Label": "ASE generated",
    "LatticeStyle": "angstrom",
    "PositionsStyle": "angstrom",
    "StressStyle": "bar"
  }
}