{
  "Dataset": {
    "AtomTypeStyle": "chemicalsymbol",
    "Data": [
      {
        "AtomTypes": [
          "Cr"
        ],
        "Energy": -44.10187469427683,
        "Forces": [
          [
            0.014636651836104905,
            -0.003297061703984438,
            0.0071567402112979964
          ]
        ],
        "Lattice": [
          [
            2.2384115959970385,
            2.894599329693871e-07,
            -2.1272923775812362e-07
          ],
          [
            3.6460309655558996e-07,
            2.3473009997720906,
            -2.2754619959202277e-08
          ],
          [
            -2.984559455113973e-07,
            -2.5929683209323526e-08,
            2.3608361695215367
          ]
        ],
        "NumAtoms": 1,
        "Positions": [
          [
            0.0,
            0.0,
            0.0
          ]
        ],
        "Stress": [
          [
            4463.169717681902,
            0.0,
            -0.0
          ],
          [
            0.0,
            -953.2412580942226,
            -0.0
          ],
          [
            -0.0,
            -0.0,
            2169.8007032237324
          ]
        ]
      }
    ],
    "EnergyStyle": "electronvolt",
    "ForcesStyle": "electronvoltperangstrom",
    "Label": "ASE generated",
    "LatticeStyle": "angstrom",
    "PositionsStyle": "angstrom",
    "StressStyle": "bar"
  }
}