{
  "Dataset": {
    "AtomTypeStyle": "chemicalsymbol",
    "Data": [
      {
        "AtomTypes": [
          "Ni"
        ],
        "Energy": -4.629915618929772,
        "Forces": [
          [
            -0.05533544544776563,
            -0.0557517814016902,
            -0.05605574953441944
          ]
        ],
        "Lattice": [
          [
            2.421900584592215,
            -1.1000006630045062e-05,
            -1.3479201851181404e-05
          ],
          [
            -0.807301772870507,
            2.283408203432509,
            1.3018817679913822e-05
          ],
          [
            -0.8072972224756924,
            -1.1416725654005226,
            1.9774723719483756
          ]
        ],
        "NumAtoms": 1,
        "Positions": [
          [
            0.0,
            0.0,
            0.0
          ]
        ],
        "Stress": [
          [
            -16078.590973718914,
            16.181564566414277,
            30.892077808609073
          ],
          [
            16.181564566414277,
            -16116.838308148619,
            -51.48679634768178
          ],
          [
            30.892077808609073,
            -51.48679634768178,
            -16219.81190084398
          ]
        ]
      }
    ],
    "EnergyStyle": "electronvolt",
    "ForceStyle": "electronvoltperangstrom",
    "ForcesStyle": null,
    "Label": "ASE generated",
    "LatticeStyle": "angstrom",
    "PositionsStyle": "angstrom",
    "StressStyle": "bar"
  }
}