{
  "Dataset": {
    "AtomTypeStyle": "chemicalsymbol",
    "Data": [
      {
        "AtomTypes": [
          "Cr"
        ],
        "Energy": -0.8534562860554615,
        "Forces": [
          [
            5.748740840672591,
            5.748777566988451,
            5.7487702217252785
          ]
        ],
        "Lattice": [
          [
            1.9999998584662084,
            0.0,
            0.0
          ],
          [
            0.0,
            1.9999998584662084,
            0.0
          ],
          [
            0.0,
            0.0,
            1.9999998584662084
          ]
        ],
        "NumAtoms": 1,
        "Positions": [
          [
            0.0,
            0.0,
            0.0
          ]
        ],
        "Stress": [
          [
            2302627.811492806,
            0.0,
            -2.9421026484389587
          ],
          [
            0.0,
            2302638.1088520754,
            1.4710513242194794
          ],
          [
            -2.9421026484389587,
            1.4710513242194794,
            2302638.1088520754
          ]
        ]
      }
    ],
    "EnergyStyle": "electronvolt",
    "ForcesStyle": "electronvoltperangstrom",
    "Label": "ASE generated",
    "LatticeStyle": "angstrom",
    "PositionsStyle": "angstrom",
    "StressStyle": "bar"
  }
}