{
  "Dataset": {
    "AtomTypeStyle": "chemicalsymbol",
    "Data": [
      {
        "AtomTypes": [
          "Cr"
        ],
        "Energy": -0.31422332516149254,
        "Forces": [
          [
            -6.033251434273533,
            -6.033535778533666,
            -6.033211877168154
          ]
        ],
        "Lattice": [
          [
            2.6804944142893423,
            1.7462847875666865e-07,
            -6.530046751082699e-07
          ],
          [
            1.7462847875666865e-07,
            2.6804976327451238,
            4.450380322253282e-07
          ],
          [
            -6.530046751082699e-07,
            4.450380322253282e-07,
            2.6804976438578447
          ]
        ],
        "NumAtoms": 1,
        "Positions": [
          [
            0.0,
            0.0,
            0.0
          ]
        ],
        "Stress": [
          [
            -1345398.5332586244,
            4.413153972658439,
            55.89995032034023
          ],
          [
            4.413153972658439,
            -1345422.0700798118,
            17.652615890633754
          ],
          [
            55.89995032034023,
            17.652615890633754,
            -1345402.946412597
          ]
        ]
      }
    ],
    "EnergyStyle": "electronvolt",
    "ForcesStyle": "electronvoltperangstrom",
    "Label": "ASE generated",
    "LatticeStyle": "angstrom",
    "PositionsStyle": "angstrom",
    "StressStyle": "bar"
  }
}