{
  "Dataset": {
    "AtomTypeStyle": "chemicalsymbol",
    "Data": [
      {
        "AtomTypes": [
          "Cr"
        ],
        "Energy": -3.137603230552031,
        "Forces": [
          [
            -0.04825517129850952,
            -0.04826012313557401,
            -0.04826011008330911
          ]
        ],
        "Lattice": [
          [
            2.3205356547322973,
            2.1696265542495194e-08,
            3.862993620980852e-08
          ],
          [
            2.1696265542495194e-08,
            2.3205362823364664,
            -9.525189750363743e-08
          ],
          [
            3.862993620980852e-08,
            -9.525189750363743e-08,
            2.320536023039635
          ]
        ],
        "NumAtoms": 1,
        "Positions": [
          [
            0.0,
            0.0,
            0.0
          ]
        ],
        "Stress": [
          [
            -14357.46092438212,
            -0.0,
            -0.0
          ],
          [
            -0.0,
            -14358.93197570634,
            0.0
          ],
          [
            -0.0,
            0.0,
            -14358.93197570634
          ]
        ]
      }
    ],
    "EnergyStyle": "electronvolt",
    "ForcesStyle": "electronvoltperangstrom",
    "Label": "ASE generated",
    "LatticeStyle": "angstrom",
    "PositionsStyle": "angstrom",
    "StressStyle": "bar"
  }
}