{
  "Dataset": {
    "AtomTypeStyle": "chemicalsymbol",
    "Data": [
      {
        "AtomTypes": [
          "Cr"
        ],
        "Energy": -3.2084581993776737,
        "Forces": [
          [
            0.15357000652737665,
            0.1535699989499574,
            0.1535749223650669
          ]
        ],
        "Lattice": [
          [
            2.3165411055406113,
            -2.063791112578811e-08,
            1.53461390422527e-08
          ],
          [
            -2.063791112578811e-08,
            2.3165411621625727,
            -1.333526565050924e-07
          ],
          [
            1.53461390422527e-08,
            -1.333526565050924e-07,
            2.3165409912383343
          ]
        ],
        "NumAtoms": 1,
        "Positions": [
          [
            0.0,
            0.0,
            0.0
          ]
        ],
        "Stress": [
          [
            45849.72767327274,
            -0.0,
            -0.0
          ],
          [
            -0.0,
            45849.72767327274,
            0.0
          ],
          [
            -0.0,
            0.0,
            45851.19872459695
          ]
        ]
      }
    ],
    "EnergyStyle": "electronvolt",
    "ForcesStyle": "electronvoltperangstrom",
    "Label": "ASE generated",
    "LatticeStyle": "angstrom",
    "PositionsStyle": "angstrom",
    "StressStyle": "bar"
  }
}