{
  "Dataset": {
    "AtomTypeStyle": "chemicalsymbol",
    "Data": [
      {
        "AtomTypes": [
          "Cr"
        ],
        "Energy": -3.137893576274564,
        "Forces": [
          [
            -0.0011775934150424481,
            -0.0011775933569378794,
            -0.0011775933281546085
          ]
        ],
        "Lattice": [
          [
            2.3165411055406113,
            -2.063791112578811e-08,
            1.53461390422527e-08
          ],
          [
            -2.063791112578811e-08,
            2.3165411621625727,
            -1.333526565050924e-07
          ],
          [
            1.53461390422527e-08,
            -1.333526565050924e-07,
            2.3165409912383343
          ]
        ],
        "NumAtoms": 1,
        "Positions": [
          [
            0.0,
            0.0,
            0.0
          ]
        ],
        "Stress": [
          [
            -351.58126648845564,
            0.0,
            -0.0
          ],
          [
            0.0,
            -351.58126648845564,
            0.0
          ],
          [
            -0.0,
            0.0,
            -351.58126648845564
          ]
        ]
      }
    ],
    "EnergyStyle": "electronvolt",
    "ForcesStyle": "electronvoltperangstrom",
    "Label": "ASE generated",
    "LatticeStyle": "angstrom",
    "PositionsStyle": "angstrom",
    "StressStyle": "bar"
  }
}