{
  "Dataset": {
    "AtomTypeStyle": "chemicalsymbol",
    "Data": [
      {
        "AtomTypes": [
          "Cr"
        ],
        "Energy": -3.1365096040667595,
        "Forces": [
          [
            -0.08545898684844143,
            -0.08547393710338518,
            -0.08546891605268578
          ]
        ],
        "Lattice": [
          [
            2.3253006303757395,
            8.360999891985953e-08,
            -3.1221455292858937e-07
          ],
          [
            8.360999891985953e-08,
            2.3253021686938844,
            2.1272923775812362e-07
          ],
          [
            -3.1221455292858937e-07,
            2.1272923775812362e-07,
            2.3253021739856563
          ]
        ],
        "NumAtoms": 1,
        "Positions": [
          [
            0.0,
            0.0,
            0.0
          ]
        ],
        "Stress": [
          [
            -25324.148546438344,
            -0.0,
            1.4710513242194794
          ],
          [
            -0.0,
            -25327.09064908678,
            -0.0
          ],
          [
            1.4710513242194794,
            -0.0,
            -25327.09064908678
          ]
        ]
      }
    ],
    "EnergyStyle": "electronvolt",
    "ForcesStyle": "electronvoltperangstrom",
    "Label": "ASE generated",
    "LatticeStyle": "angstrom",
    "PositionsStyle": "angstrom",
    "StressStyle": "bar"
  }
}