{
  "Dataset": {
    "AtomTypeStyle": "chemicalsymbol",
    "Data": [
      {
        "AtomTypes": [
          "Cr"
        ],
        "Energy": -4.25853337079252,
        "Forces": [
          [
            0.003595634335452626,
            3.143276854056904e-05,
            0.002515451796605438
          ]
        ],
        "Lattice": [
          [
            2.432634299725827,
            0.3297229428531616,
            0.06192101273904244
          ],
          [
            0.4954194347474359,
            2.3468221213865688,
            -0.4991367876879565
          ],
          [
            0.8575832005885264,
            -0.5573480443544815,
            2.246634599173339
          ]
        ],
        "NumAtoms": 1,
        "Positions": [
          [
            0.0,
            0.0,
            0.0
          ]
        ],
        "Stress": [
          [
            985.6043872270513,
            -269.2023923321648,
            295.68131616811536
          ],
          [
            -269.2023923321648,
            45.60259105080386,
            232.42610922667777
          ],
          [
            295.68131616811536,
            232.42610922667777,
            177.99721023055704
          ]
        ]
      }
    ],
    "EnergyStyle": "electronvolt",
    "ForcesStyle": "electronvoltperangstrom",
    "Label": "ASE generated",
    "LatticeStyle": "angstrom",
    "PositionsStyle": "angstrom",
    "StressStyle": "bar"
  }
}