{
  "Dataset": {
    "AtomTypeStyle": "chemicalsymbol",
    "Data": [
      {
        "AtomTypes": [
          "Cr"
        ],
        "Energy": -4.201383563639411,
        "Forces": [
          [
            0.9673679056078571,
            0.8735836172558602,
            0.8879250420316802
          ]
        ],
        "Lattice": [
          [
            2.39313861478619,
            0.29339612238182744,
            0.036116248159877275
          ],
          [
            0.46510426262938787,
            2.2787714061508284,
            -0.4774419435154429
          ],
          [
            0.8211808527709529,
            -0.534961619546725,
            2.172370174559075
          ]
        ],
        "NumAtoms": 1,
        "Positions": [
          [
            0.0,
            0.0,
            0.0
          ]
        ],
        "Stress": [
          [
            187632.59640419463,
            50376.15259789608,
            46561.716514194966
          ],
          [
            50376.15259789608,
            226472.76451756156,
            -14691.389574979943
          ],
          [
            46561.716514194966,
            -14691.389574979943,
            230209.234881079
          ]
        ]
      }
    ],
    "EnergyStyle": "electronvolt",
    "ForcesStyle": "electronvoltperangstrom",
    "Label": "ASE generated",
    "LatticeStyle": "angstrom",
    "PositionsStyle": "angstrom",
    "StressStyle": "bar"
  }
}