{
  "Dataset": {
    "AtomTypeStyle": "chemicalsymbol",
    "Data": [
      {
        "AtomTypes": [
          "Cr"
        ],
        "Energy": -3.283984414549195,
        "Forces": [
          [
            0.5603898552267743,
            -0.2596918866743983,
            -1.0474909277171613
          ]
        ],
        "Lattice": [
          [
            2.286171670004087,
            0.01658793750083041,
            0.023460646603055947
          ],
          [
            0.16956866409393406,
            2.3185013065104143,
            -0.001669585842987924
          ],
          [
            0.7413028951633861,
            -0.030164948762963426,
            2.6240972681115333
          ]
        ],
        "NumAtoms": 1,
        "Positions": [
          [
            0.0,
            0.0,
            0.0
          ]
        ],
        "Stress": [
          [
            28413.35632729925,
            67730.14506971328,
            73326.0243070442
          ],
          [
            67730.14506971328,
            -118466.70524204313,
            -14898.807811694891
          ],
          [
            73326.0243070442,
            -14898.807811694891,
            -338958.1750753282
          ]
        ]
      }
    ],
    "EnergyStyle": "electronvolt",
    "ForcesStyle": "electronvoltperangstrom",
    "Label": "ASE generated",
    "LatticeStyle": "angstrom",
    "PositionsStyle": "angstrom",
    "StressStyle": "bar"
  }
}