{
  "Dataset": {
    "AtomTypeStyle": "chemicalsymbol",
    "Data": [
      {
        "AtomTypes": [
          "Cr"
        ],
        "Energy": -4.015914688745397,
        "Forces": [
          [
            -0.5894257710598909,
            -0.6606381547980309,
            -0.7157392363719479
          ]
        ],
        "Lattice": [
          [
            2.576633027976929,
            0.3971122490213703,
            0.11950022067708717
          ],
          [
            0.5785182849972533,
            2.2741598786683785,
            -0.20863893395058566
          ],
          [
            0.897673684414593,
            -0.23939160173810836,
            2.229196943307853
          ]
        ],
        "NumAtoms": 1,
        "Positions": [
          [
            0.0,
            0.0,
            0.0
          ]
        ],
        "Stress": [
          [
            -103603.20266212951,
            -43017.95387415024,
            -19826.829747830147
          ],
          [
            -43017.95387415024,
            -40545.1165981373,
            -103169.24252148476
          ],
          [
            -19826.829747830147,
            -103169.24252148476,
            -74973.60179017
          ]
        ]
      }
    ],
    "EnergyStyle": "electronvolt",
    "ForcesStyle": "electronvoltperangstrom",
    "Label": "ASE generated",
    "LatticeStyle": "angstrom",
    "PositionsStyle": "angstrom",
    "StressStyle": "bar"
  }
}