{
  "Dataset": {
    "AtomTypeStyle": "chemicalsymbol",
    "Data": [
      {
        "AtomTypes": [
          "Cr"
        ],
        "Energy": -2.9709383909530516,
        "Forces": [
          [
            -0.0890661746345437,
            -0.8185671042182473,
            -1.314728499759433
          ]
        ],
        "Lattice": [
          [
            2.3362898576660505,
            0.0,
            0.0
          ],
          [
            0.15581184318746424,
            2.408275620760457,
            0.0
          ],
          [
            0.7291186839398516,
            -0.032827208790065676,
            2.794254068145465
          ]
        ],
        "NumAtoms": 1,
        "Positions": [
          [
            0.0,
            0.0,
            0.0
          ]
        ],
        "Stress": [
          [
            -126227.9720286251,
            41777.85760783322,
            59087.71853992384
          ],
          [
            41777.85760783322,
            -222049.31318563357,
            -7902.487713707044
          ],
          [
            59087.71853992384,
            -7902.487713707044,
            -373829.4467159511
          ]
        ]
      }
    ],
    "EnergyStyle": "electronvolt",
    "ForcesStyle": "electronvoltperangstrom",
    "Label": "ASE generated",
    "LatticeStyle": "angstrom",
    "PositionsStyle": "angstrom",
    "StressStyle": "bar"
  }
}