{
  "Dataset": {
    "AtomTypeStyle": "chemicalsymbol",
    "Data": [
      {
        "AtomTypes": [
          "Cr"
        ],
        "Energy": -4.258534323191725,
        "Forces": [
          [
            -0.0005958162306789038,
            -0.0017811199116120513,
            -0.0013889939565344357
          ]
        ],
        "Lattice": [
          [
            2.4331337890344376,
            0.3295917587648563,
            0.06209007427356723
          ],
          [
            0.49548771289509813,
            2.3464492832342967,
            -0.49891349078134756
          ],
          [
            0.8578591331645187,
            -0.5571908035804369,
            2.2467205264392542
          ]
        ],
        "NumAtoms": 1,
        "Positions": [
          [
            0.0,
            0.0,
            0.0
          ]
        ],
        "Stress": [
          [
            -76.49466885941294,
            -219.18664730870245,
            127.98146520709473
          ],
          [
            -219.18664730870245,
            -328.0444453009439,
            47.07364237502334
          ],
          [
            127.98146520709473,
            47.07364237502334,
            -564.8837085002801
          ]
        ]
      }
    ],
    "EnergyStyle": "electronvolt",
    "ForcesStyle": "electronvoltperangstrom",
    "Label": "ASE generated",
    "LatticeStyle": "angstrom",
    "PositionsStyle": "angstrom",
    "StressStyle": "bar"
  }
}