{
  "Dataset": {
    "AtomTypeStyle": "chemicalsymbol",
    "Data": [
      {
        "AtomTypes": [
          "Cr"
        ],
        "Energy": -3.954224930289911,
        "Forces": [
          [
            0.3186659833908509,
            0.16421910213354526,
            -0.16964563228255847
          ]
        ],
        "Lattice": [
          [
            2.519404022636069,
            0.33738363968197943,
            0.15256990251328442
          ],
          [
            0.525747509264178,
            2.257591900673493,
            -0.13267700251628942
          ],
          [
            0.9541259862036516,
            -0.12798110566562562,
            2.186650663418449
          ]
        ],
        "NumAtoms": 1,
        "Positions": [
          [
            0.0,
            0.0,
            0.0
          ]
        ],
        "Stress": [
          [
            54751.05923612481,
            63550.88825760574,
            -26137.63992873171
          ],
          [
            63550.88825760574,
            43597.54809589272,
            -59712.91535271712
          ],
          [
            -26137.63992873171,
            -59712.91535271712,
            36023.10482748661
          ]
        ]
      }
    ],
    "EnergyStyle": "electronvolt",
    "ForcesStyle": "electronvoltperangstrom",
    "Label": "ASE generated",
    "LatticeStyle": "angstrom",
    "PositionsStyle": "angstrom",
    "StressStyle": "bar"
  }
}