{
  "Dataset": {
    "AtomTypeStyle": "chemicalsymbol",
    "Data": [
      {
        "AtomTypes": [
          "Cr"
        ],
        "Energy": -4.24949591798304,
        "Forces": [
          [
            0.04243847137106433,
            0.0060759822644352104,
            -0.08374146975486346
          ]
        ],
        "Lattice": [
          [
            2.4333356780770825,
            0.3294181299018462,
            0.06219398033513629
          ],
          [
            0.495428842459846,
            2.346206854984074,
            -0.4987694508619425
          ],
          [
            0.8580039716123311,
            -0.5571121673180983,
            2.2465675899926225
          ]
        ],
        "NumAtoms": 1,
        "Positions": [
          [
            0.0,
            0.0,
            0.0
          ]
        ],
        "Stress": [
          [
            2433.1188902590193,
            11425.655635212699,
            -1913.8377728095431
          ],
          [
            11425.655635212699,
            1777.0299996571314,
            -11496.266098775233
          ],
          [
            -1913.8377728095431,
            -11496.266098775233,
            -10092.883135469849
          ]
        ]
      }
    ],
    "EnergyStyle": "electronvolt",
    "ForcesStyle": "electronvoltperangstrom",
    "Label": "ASE generated",
    "LatticeStyle": "angstrom",
    "PositionsStyle": "angstrom",
    "StressStyle": "bar"
  }
}