{
  "Dataset": {
    "AtomTypeStyle": "chemicalsymbol",
    "Data": [
      {
        "AtomTypes": [
          "Cr"
        ],
        "Energy": -41.76583477847271,
        "Forces": [
          [
            -0.13723846685506028,
            -0.4249953879569344,
            -0.0598802951481328
          ]
        ],
        "Lattice": [
          [
            4.586769397579907,
            0.0,
            0.0
          ],
          [
            0.19874930476653496,
            3.6455459701189197,
            0.0
          ],
          [
            -0.012480599530814927,
            -1.0723362306908089,
            8.100996159846114
          ]
        ],
        "NumAtoms": 1,
        "Positions": [
          [
            0.0,
            0.0,
            0.0
          ]
        ],
        "Stress": [
          [
            -12389.194252576457,
            -762.0045859456905,
            1.4710513242194794
          ],
          [
            -762.0045859456905,
            -22265.83284338604,
            5.8842052968779175
          ],
          [
            1.4710513242194794,
            5.8842052968779175,
            -2566.984560762992
          ]
        ]
      }
    ],
    "EnergyStyle": "electronvolt",
    "ForcesStyle": "electronvoltperangstrom",
    "Label": "ASE generated",
    "LatticeStyle": "angstrom",
    "PositionsStyle": "angstrom",
    "StressStyle": "bar"
  }
}