{
  "Dataset": {
    "AtomTypeStyle": "chemicalsymbol",
    "Data": [
      {
        "AtomTypes": [
          "Cr"
        ],
        "Energy": -44.73697398961576,
        "Forces": [
          [
            0.9106067165026709,
            0.9106115431851082,
            0.9106063135612106
          ]
        ],
        "Lattice": [
          [
            2.4779632823075093,
            1.8521202292373948e-08,
            -2.227836047168409e-07
          ],
          [
            1.2389816567644825,
            2.145980351658354,
            -2.3601303492567943e-07
          ],
          [
            1.2389814641439787,
            0.7153266724061196,
            2.023248592881116
          ]
        ],
        "NumAtoms": 1,
        "Positions": [
          [
            0.0,
            0.0,
            0.0
          ]
        ],
        "Stress": [
          [
            274359.8982748783,
            0.0,
            -0.0
          ],
          [
            0.0,
            274361.36932620243,
            -0.0
          ],
          [
            -0.0,
            -0.0,
            274359.8982748783
          ]
        ]
      }
    ],
    "EnergyStyle": "electronvolt",
    "ForcesStyle": "electronvoltperangstrom",
    "Label": "ASE generated",
    "LatticeStyle": "angstrom",
    "PositionsStyle": "angstrom",
    "StressStyle": "bar"
  }
}