{
  "Dataset": {
    "AtomTypeStyle": "chemicalsymbol",
    "Data": [
      {
        "AtomTypes": [
          "Cr"
        ],
        "Energy": -44.51499162301798,
        "Forces": [
          [
            0.002128499607922387,
            0.002133381357718046,
            0.0021333805772617356
          ]
        ],
        "Lattice": [
          [
            2.477817959133374,
            5.291772083535414e-10,
            -1.9367885825739614e-07
          ],
          [
            1.2389089800958644,
            2.1458544138328928,
            -2.3760056655074005e-07
          ],
          [
            1.2389088213427017,
            0.7152846721402697,
            2.0231299217170795
          ]
        ],
        "NumAtoms": 1,
        "Positions": [
          [
            0.0,
            0.0,
            0.0
          ]
        ],
        "Stress": [
          [
            641.3783773596931,
            0.0,
            -0.0
          ],
          [
            0.0,
            642.8494286839125,
            0.0
          ],
          [
            -0.0,
            0.0,
            642.8494286839125
          ]
        ]
      }
    ],
    "EnergyStyle": "electronvolt",
    "ForcesStyle": "electronvoltperangstrom",
    "Label": "ASE generated",
    "LatticeStyle": "angstrom",
    "PositionsStyle": "angstrom",
    "StressStyle": "bar"
  }
}