{
  "Dataset": {
    "AtomTypeStyle": "chemicalsymbol",
    "Data": [
      {
        "AtomTypes": [
          "Cr"
        ],
        "Energy": -38.97557401375798,
        "Forces": [
          [
            -10.225990652229685,
            -10.226078463883386,
            -10.22608318479096
          ]
        ],
        "Lattice": [
          [
            2.928074350688123,
            2.1167088334141652e-08,
            -3.2173974267895317e-07
          ],
          [
            1.4640371938652639,
            2.5357875283977687,
            -3.3073575522096333e-07
          ],
          [
            1.4640369186931153,
            0.8452623565337095,
            2.3907625297441015
          ]
        ],
        "NumAtoms": 1,
        "Positions": [
          [
            0.0,
            0.0,
            0.0
          ]
        ],
        "Stress": [
          [
            -2206587.2836884893,
            5.8842052968779175,
            -4.413153972658439
          ],
          [
            5.8842052968779175,
            -2206603.4652530556,
            -7.355256621097396
          ],
          [
            -4.413153972658439,
            -7.355256621097396,
            -2206594.63894511
          ]
        ]
      }
    ],
    "EnergyStyle": "electronvolt",
    "ForcesStyle": "electronvoltperangstrom",
    "Label": "ASE generated",
    "LatticeStyle": "angstrom",
    "PositionsStyle": "angstrom",
    "StressStyle": "bar"
  }
}