{
  "Dataset": {
    "AtomTypeStyle": "chemicalsymbol",
    "Data": [
      {
        "AtomTypes": [
          "Cr"
        ],
        "Energy": -44.51499162301798,
        "Forces": [
          [
            -0.001386616556500909,
            -0.0013817340192131427,
            -0.0013866159429261461
          ]
        ],
        "Lattice": [
          [
            2.4779632823075093,
            1.8521202292373948e-08,
            -2.227836047168409e-07
          ],
          [
            1.2389816567644825,
            2.145980351658354,
            -2.3601303492567943e-07
          ],
          [
            1.2389814641439787,
            0.7153266724061196,
            2.023248592881116
          ]
        ],
        "NumAtoms": 1,
        "Positions": [
          [
            0.0,
            0.0,
            0.0
          ]
        ],
        "Stress": [
          [
            -417.77857607833215,
            0.0,
            -0.0
          ],
          [
            0.0,
            -416.3075247541127,
            0.0
          ],
          [
            -0.0,
            0.0,
            -417.77857607833215
          ]
        ]
      }
    ],
    "EnergyStyle": "electronvolt",
    "ForcesStyle": "electronvoltperangstrom",
    "Label": "ASE generated",
    "LatticeStyle": "angstrom",
    "PositionsStyle": "angstrom",
    "StressStyle": "bar"
  }
}