{
  "Dataset": {
    "AtomTypeStyle": "chemicalsymbol",
    "Data": [
      {
        "AtomTypes": [
          "Cr"
        ],
        "Energy": -43.3594364627852,
        "Forces": [
          [
            4.738776653758136,
            4.738791624998907,
            4.738784885780432
          ]
        ],
        "Lattice": [
          [
            2.272429810516362,
            0.0,
            0.0
          ],
          [
            1.136214905258181,
            1.9679810266524325,
            0.0
          ],
          [
            1.136214905258181,
            0.6559936755508108,
            1.855432122997178
          ]
        ],
        "NumAtoms": 1,
        "Positions": [
          [
            0.0,
            0.0,
            0.0
          ]
        ],
        "Stress": [
          [
            1697718.267511838,
            0.0,
            -1.4710513242194794
          ],
          [
            0.0,
            1697721.2096144864,
            -0.0
          ],
          [
            -1.4710513242194794,
            -0.0,
            1697719.7385631623
          ]
        ]
      }
    ],
    "EnergyStyle": "electronvolt",
    "ForcesStyle": "electronvoltperangstrom",
    "Label": "ASE generated",
    "LatticeStyle": "angstrom",
    "PositionsStyle": "angstrom",
    "StressStyle": "bar"
  }
}