{
  "Dataset": {
    "AtomTypeStyle": "chemicalsymbol",
    "Data": [
      {
        "AtomTypes": [
          "Cr"
        ],
        "Energy": -44.51481828634951,
        "Forces": [
          [
            -0.07099553654136759,
            -0.07098575003391608,
            -0.07099063677704967
          ]
        ],
        "Lattice": [
          [
            2.4804348848940605,
            6.879303708596038e-09,
            -1.0213120121223347e-07
          ],
          [
            1.240217448003391,
            2.1481198627376763,
            -1.0477708725400118e-07
          ],
          [
            1.2402173612183287,
            0.7160399053851966,
            2.0252665498389706
          ]
        ],
        "NumAtoms": 1,
        "Positions": [
          [
            0.0,
            0.0,
            0.0
          ]
        ],
        "Stress": [
          [
            -21347.896817073088,
            -0.0,
            -0.0
          ],
          [
            -0.0,
            -21344.95471442465,
            -0.0
          ],
          [
            -0.0,
            -0.0,
            -21346.425765748863
          ]
        ]
      }
    ],
    "EnergyStyle": "electronvolt",
    "ForcesStyle": "electronvoltperangstrom",
    "Label": "ASE generated",
    "LatticeStyle": "angstrom",
    "PositionsStyle": "angstrom",
    "StressStyle": "bar"
  }
}