{
  "Dataset": {
    "AtomTypeStyle": "chemicalsymbol",
    "Data": [
      {
        "AtomTypes": [
          "Cr"
        ],
        "Energy": -44.514984548052325,
        "Forces": [
          [
            0.012307593754508933,
            0.0123075929582967,
            0.012307588707123628
          ]
        ],
        "Lattice": [
          [
            2.477364448444866,
            -1.3758607417192075e-08,
            -1.6298658017289074e-07
          ],
          [
            1.2386822123159456,
            2.145461536798095,
            -2.540050600096998e-07
          ],
          [
            1.2386820869009474,
            0.7151536785557595,
            2.0227595844562942
          ]
        ],
        "NumAtoms": 1,
        "Positions": [
          [
            0.0,
            0.0,
            0.0
          ]
        ],
        "Stress": [
          [
            3709.9914396815275,
            0.0,
            -0.0
          ],
          [
            0.0,
            3709.9914396815275,
            0.0
          ],
          [
            -0.0,
            0.0,
            3709.9914396815275
          ]
        ]
      }
    ],
    "EnergyStyle": "electronvolt",
    "ForcesStyle": "electronvoltperangstrom",
    "Label": "ASE generated",
    "LatticeStyle": "angstrom",
    "PositionsStyle": "angstrom",
    "StressStyle": "bar"
  }
}