{
  "Dataset": {
    "AtomTypeStyle": "chemicalsymbol",
    "Data": [
      {
        "AtomTypes": [
          "Cr"
        ],
        "Energy": -41.784629153717106,
        "Forces": [
          [
            -0.2979219552297039,
            -0.2919708256881764,
            -0.2842666238965015
          ]
        ],
        "Lattice": [
          [
            4.200569520796993,
            0.0,
            0.0
          ],
          [
            -0.5035138673188939,
            4.170283414552046,
            0.0
          ],
          [
            -0.5035138673188939,
            -0.567967406046003,
            4.131423945915154
          ]
        ],
        "NumAtoms": 1,
        "Positions": [
          [
            0.0,
            0.0,
            0.0
          ]
        ],
        "Stress": [
          [
            -30263.938893167357,
            1404.8540146296032,
            1610.80120002033
          ],
          [
            1404.8540146296032,
            -29925.59708859687,
            1816.7483854110574
          ],
          [
            1610.80120002033,
            1816.7483854110574,
            -29426.91068968647
          ]
        ]
      }
    ],
    "EnergyStyle": "electronvolt",
    "ForcesStyle": "electronvoltperangstrom",
    "Label": "ASE generated",
    "LatticeStyle": "angstrom",
    "PositionsStyle": "angstrom",
    "StressStyle": "bar"
  }
}