{
  "Dataset": {
    "AtomTypeStyle": "chemicalsymbol",
    "Data": [
      {
        "AtomTypes": [
          "Cr"
        ],
        "Energy": -42.11061148065437,
        "Forces": [
          [
            -0.5154002226915423,
            -0.5122113206572285,
            -0.48637756657378944
          ]
        ],
        "Lattice": [
          [
            3.980249765162246,
            0.0,
            0.0
          ],
          [
            -1.1890717555938648,
            3.9188544125346185,
            0.0
          ],
          [
            -1.2081053099708707,
            -1.723726765798814,
            3.5336378797626864
          ]
        ],
        "NumAtoms": 1,
        "Positions": [
          [
            0.0,
            0.0,
            0.0
          ]
        ],
        "Stress": [
          [
            -54620.13566826928,
            669.3283525198632,
            1010.6122597387825
          ],
          [
            669.3283525198632,
            -53146.142241401365,
            1129.7674170005603
          ],
          [
            1010.6122597387825,
            1129.7674170005603,
            -51936.93805289294
          ]
        ]
      }
    ],
    "EnergyStyle": "electronvolt",
    "ForcesStyle": "electronvoltperangstrom",
    "Label": "ASE generated",
    "LatticeStyle": "angstrom",
    "PositionsStyle": "angstrom",
    "StressStyle": "bar"
  }
}