{
  "Dataset": {
    "AtomTypeStyle": "chemicalsymbol",
    "Data": [
      {
        "AtomTypes": [
          "Cr"
        ],
        "Energy": 2238.6876490935533,
        "Forces": [
          [
            -0.12748196141214502,
            -0.09257156784831234,
            -0.06587021822396603
          ]
        ],
        "Lattice": [
          [
            4.3609694827754515,
            0.0,
            0.0
          ],
          [
            -1.8727398469272276,
            5.02972851392855,
            0.0
          ],
          [
            -0.11769384440114389,
            0.8270709453168127,
            6.633261353714566
          ]
        ],
        "NumAtoms": 1,
        "Positions": [
          [
            0.0,
            0.0,
            0.0
          ]
        ],
        "Stress": [
          [
            -9361.770627332768,
            47.07364237502334,
            2.9421026484389587
          ],
          [
            47.07364237502334,
            -4201.322581970834,
            -10.297359269536358
          ],
          [
            2.9421026484389587,
            -10.297359269536358,
            -3612.902052283042
          ]
        ]
      }
    ],
    "EnergyStyle": "electronvolt",
    "ForcesStyle": "electronvoltperangstrom",
    "Label": "ASE generated",
    "LatticeStyle": "angstrom",
    "PositionsStyle": "angstrom",
    "StressStyle": "bar"
  }
}