{
  "Dataset": {
    "AtomTypeStyle": "chemicalsymbol",
    "Data": [
      {
        "AtomTypes": [
          "Cr"
        ],
        "Energy": -41.53786154829959,
        "Forces": [
          [
            -0.23879557895990816,
            -0.11606147560947316,
            -0.21096209648654407
          ]
        ],
        "Lattice": [
          [
            4.403869879056673,
            0.0,
            0.0
          ],
          [
            -1.1660390510971097,
            5.898662220495242,
            0.0
          ],
          [
            -0.48335114244574423,
            0.9642317138893376,
            4.207448474710987
          ]
        ],
        "NumAtoms": 1,
        "Positions": [
          [
            0.0,
            0.0,
            0.0
          ]
        ],
        "Stress": [
          [
            -16035.930485316547,
            283.91290557435957,
            1023.8517216567578
          ],
          [
            283.91290557435957,
            -4864.766729193819,
            -2752.337027614646
          ],
          [
            1023.8517216567578,
            -2752.337027614646,
            -16052.112049882962
          ]
        ]
      }
    ],
    "EnergyStyle": "electronvolt",
    "ForcesStyle": "electronvoltperangstrom",
    "Label": "ASE generated",
    "LatticeStyle": "angstrom",
    "PositionsStyle": "angstrom",
    "StressStyle": "bar"
  }
}