{
  "Dataset": {
    "AtomTypeStyle": "chemicalsymbol",
    "Data": [
      {
        "AtomTypes": [
          "Ni"
        ],
        "Energy": 134.1973524144787,
        "Forces": [
          [
            -33.65424093488451,
            104.56519084082976,
            206.14363839471446
          ]
        ],
        "Lattice": [
          [
            4.145239810245963,
            0.0,
            0.0
          ],
          [
            0.3030792087261336,
            2.9780356201963354,
            0.0
          ],
          [
            -0.3449129688911359,
            -1.8255263052740298,
            0.36989218398767804
          ]
        ],
        "NumAtoms": 1,
        "Positions": [
          [
            0.0,
            0.0,
            0.0
          ]
        ],
        "Stress": [
          [
            25229458.443749655,
            23650099.494733192,
            -53247437.364535786
          ],
          [
            23650099.494733192,
            137816495.11119875,
            -22365347.994418167
          ],
          [
            -53247437.364535786,
            -22365347.994418167,
            118389317.64502992
          ]
        ]
      }
    ],
    "EnergyStyle": "electronvolt",
    "ForcesStyle": "electronvoltperangstrom",
    "Label": "ASE generated",
    "LatticeStyle": "angstrom",
    "PositionsStyle": "angstrom",
    "StressStyle": "bar"
  }
}