{
  "Dataset": {
    "AtomTypeStyle": "chemicalsymbol",
    "Data": [
      {
        "AtomTypes": [
          "Cr"
        ],
        "Energy": -44.27096488666666,
        "Forces": [
          [
            -0.04197499353719994,
            1.7157247703333705,
            -0.8134790243264391
          ]
        ],
        "Lattice": [
          [
            2.3587955812420125,
            0.0003021363729954962,
            -0.015095635018653466
          ],
          [
            0.0002692818768376582,
            2.0670758372218194,
            0.00019744659998087333
          ],
          [
            -0.8884477676593503,
            0.00010749811645935508,
            2.4554896226369562
          ]
        ],
        "NumAtoms": 1,
        "Positions": [
          [
            0.0,
            0.0,
            0.0
          ]
        ],
        "Stress": [
          [
            50362.9131359781,
            164.75774831258173,
            -64320.248100172525
          ],
          [
            164.75774831258173,
            508901.3793057836,
            204.47613406650768
          ],
          [
            -64320.248100172525,
            204.47613406650768,
            -161430.23021719727
          ]
        ]
      }
    ],
    "EnergyStyle": "electronvolt",
    "ForcesStyle": "electronvoltperangstrom",
    "Label": "ASE generated",
    "LatticeStyle": "angstrom",
    "PositionsStyle": "angstrom",
    "StressStyle": "bar"
  }
}