{
  "Dataset": {
    "AtomTypeStyle": "chemicalsymbol",
    "Data": [
      {
        "AtomTypes": [
          "Cr"
        ],
        "Energy": -45.27278851738629,
        "Forces": [
          [
            -0.009662384981327083,
            0.002898782602689334,
            0.006712654711817504
          ]
        ],
        "Lattice": [
          [
            2.2807913866823277,
            0.9050549412808816,
            -0.17499075823610236
          ],
          [
            -0.07496250248727096,
            2.460615125654095,
            0.1834488505039226
          ],
          [
            -0.956854371501379,
            0.6301245840579038,
            2.1738824921108035
          ]
        ],
        "NumAtoms": 1,
        "Positions": [
          [
            0.0,
            0.0,
            0.0
          ]
        ],
        "Stress": [
          [
            -1473.9934268679187,
            -650.2046853050099,
            -579.594221742475
          ],
          [
            -650.2046853050099,
            869.3913326137123,
            592.8336836604503
          ],
          [
            -579.594221742475,
            592.8336836604503,
            1871.177284407178
          ]
        ]
      }
    ],
    "EnergyStyle": "electronvolt",
    "ForcesStyle": "electronvoltperangstrom",
    "Label": "ASE generated",
    "LatticeStyle": "angstrom",
    "PositionsStyle": "angstrom",
    "StressStyle": "bar"
  }
}