{
  "Dataset": {
    "AtomTypeStyle": "chemicalsymbol",
    "Data": [
      {
        "AtomTypes": [
          "Cr"
        ],
        "Energy": -44.514788625915116,
        "Forces": [
          [
            0.03731752640529304,
            0.1724976517541597,
            0.07883193543266867
          ]
        ],
        "Lattice": [
          [
            2.414672062556042,
            0.02078599395906493,
            -0.001382138900119114
          ],
          [
            0.016325895826557447,
            2.289813739019884,
            0.02039310210730518
          ],
          [
            -0.8866233429776665,
            0.019454650249998467,
            2.232065574853579
          ]
        ],
        "NumAtoms": 1,
        "Positions": [
          [
            0.0,
            0.0,
            0.0
          ]
        ],
        "Stress": [
          [
            -3159.818244423442,
            20696.22108044386,
            -6722.704551683021
          ],
          [
            20696.22108044386,
            1500.4723507038693,
            28057.361906838134
          ],
          [
            -6722.704551683021,
            28057.361906838134,
            2102.1323423096364
          ]
        ]
      }
    ],
    "EnergyStyle": "electronvolt",
    "ForcesStyle": "electronvoltperangstrom",
    "Label": "ASE generated",
    "LatticeStyle": "angstrom",
    "PositionsStyle": "angstrom",
    "StressStyle": "bar"
  }
}