{
  "Dataset": {
    "AtomTypeStyle": "chemicalsymbol",
    "Data": [
      {
        "AtomTypes": [
          "Cr"
        ],
        "Energy": -45.272801850976066,
        "Forces": [
          [
            -0.001760073517777932,
            0.0007515532577510654,
            -0.0005659055487578481
          ]
        ],
        "Lattice": [
          [
            2.278945435071808,
            0.9037738350100902,
            -0.1751086139380608
          ],
          [
            -0.07492381434156825,
            2.4611569173887413,
            0.18379027352204344
          ],
          [
            -0.9565199018717758,
            0.6312850559172157,
            2.175674332705883
          ]
        ],
        "NumAtoms": 1,
        "Positions": [
          [
            0.0,
            0.0,
            0.0
          ]
        ],
        "Stress": [
          [
            104.44464401958304,
            -203.00508274228815,
            -394.2417548908206
          ],
          [
            -203.00508274228815,
            144.16302977350898,
            269.2023923321648
          ],
          [
            -394.2417548908206,
            269.2023923321648,
            -33.834180457048035
          ]
        ]
      }
    ],
    "EnergyStyle": "electronvolt",
    "ForcesStyle": "electronvoltperangstrom",
    "Label": "ASE generated",
    "LatticeStyle": "angstrom",
    "PositionsStyle": "angstrom",
    "StressStyle": "bar"
  }
}