{
  "Dataset": {
    "AtomTypeStyle": "chemicalsymbol",
    "Data": [
      {
        "AtomTypes": [
          "Cr"
        ],
        "Energy": -45.27276307471948,
        "Forces": [
          [
            -0.016097277472565435,
            -0.005766744978435274,
            0.01185339377988052
          ]
        ],
        "Lattice": [
          [
            2.28213723990127,
            0.9072384280445723,
            -0.17603546676013762
          ],
          [
            -0.07524238907536403,
            2.461374785995547,
            0.18334858835661025
          ],
          [
            -0.9580829743970891,
            0.6300150168585598,
            2.172839027153208
          ]
        ],
        "NumAtoms": 1,
        "Positions": [
          [
            0.0,
            0.0,
            0.0
          ]
        ],
        "Stress": [
          [
            -3492.2758436970444,
            -1293.0541139889228,
            285.383956898579
          ],
          [
            -1293.0541139889228,
            -810.5492796449332,
            488.3890396408672
          ],
          [
            285.383956898579,
            488.3890396408672,
            2552.2740475207975
          ]
        ]
      }
    ],
    "EnergyStyle": "electronvolt",
    "ForcesStyle": "electronvoltperangstrom",
    "Label": "ASE generated",
    "LatticeStyle": "angstrom",
    "PositionsStyle": "angstrom",
    "StressStyle": "bar"
  }
}