{
  "Dataset": {
    "AtomTypeStyle": "chemicalsymbol",
    "Data": [
      {
        "AtomTypes": [
          "Cr"
        ],
        "Energy": -44.51215959573574,
        "Forces": [
          [
            -0.06469193096230769,
            0.09153029045317139,
            -0.022171765311533295
          ]
        ],
        "Lattice": [
          [
            2.424614685809557,
            0.014961596548486347,
            0.0021185011566188586
          ],
          [
            0.01087348406376819,
            2.292339982857438,
            0.013012780826320926
          ],
          [
            -0.8870382332551547,
            0.014350363005496672,
            2.2371977883668968
          ]
        ],
        "NumAtoms": 1,
        "Positions": [
          [
            0.0,
            0.0,
            0.0
          ]
        ],
        "Stress": [
          [
            -24209.091642679974,
            14158.868995612489,
            -8598.294990062857
          ],
          [
            14158.868995612489,
            -6659.449344741584,
            19082.47777777509
          ],
          [
            -8598.294990062857,
            19082.47777777509,
            -17030.361180488915
          ]
        ]
      }
    ],
    "EnergyStyle": "electronvolt",
    "ForcesStyle": "electronvoltperangstrom",
    "Label": "ASE generated",
    "LatticeStyle": "angstrom",
    "PositionsStyle": "angstrom",
    "StressStyle": "bar"
  }
}