{
  "Dataset": {
    "AtomTypeStyle": "chemicalsymbol",
    "Data": [
      {
        "AtomTypes": [
          "Cr"
        ],
        "Energy": -44.50696507401426,
        "Forces": [
          [
            0.12347368051273731,
            0.005451545341011823,
            0.030972007695949655
          ]
        ],
        "Lattice": [
          [
            2.375010203272729,
            0.0009123792962511333,
            -0.04113958187504514
          ],
          [
            0.0007347847792416429,
            2.2864314647919333,
            0.0006631532356100742
          ],
          [
            -0.9175290604557437,
            0.0005195710544902996,
            2.2840513617073017
          ]
        ],
        "NumAtoms": 1,
        "Positions": [
          [
            0.0,
            0.0,
            0.0
          ]
        ],
        "Stress": [
          [
            20087.205832216994,
            867.9202812894929,
            15469.575725492046
          ],
          [
            867.9202812894929,
            -269.2023923321648,
            953.2412580942226
          ],
          [
            15469.575725492046,
            953.2412580942226,
            -7211.093591323889
          ]
        ]
      }
    ],
    "EnergyStyle": "electronvolt",
    "ForcesStyle": "electronvoltperangstrom",
    "Label": "ASE generated",
    "LatticeStyle": "angstrom",
    "PositionsStyle": "angstrom",
    "StressStyle": "bar"
  }
}