{
  "Dataset": {
    "AtomTypeStyle": "chemicalsymbol",
    "Data": [
      {
        "AtomTypes": [
          "Cr"
        ],
        "Energy": -44.512130207414884,
        "Forces": [
          [
            -0.04265552239867569,
            0.08627116964531328,
            -0.007973677511694512
          ]
        ],
        "Lattice": [
          [
            2.4213118114466563,
            0.01292128926205985,
            -0.0004420857525799239
          ],
          [
            0.009394908967553144,
            2.29155519771131,
            0.011198767177034278
          ],
          [
            -0.8887070914794812,
            0.012310941561716958,
            2.237534201135209
          ]
        ],
        "NumAtoms": 1,
        "Positions": [
          [
            0.0,
            0.0,
            0.0
          ]
        ],
        "Stress": [
          [
            -18502.883556032615,
            12383.310047279581,
            -6197.539228936668
          ],
          [
            12383.310047279581,
            -3974.7806780410333,
            16644.945733543413
          ],
          [
            -6197.539228936668,
            16644.945733543413,
            -12805.501777330568
          ]
        ]
      }
    ],
    "EnergyStyle": "electronvolt",
    "ForcesStyle": "electronvoltperangstrom",
    "Label": "ASE generated",
    "LatticeStyle": "angstrom",
    "PositionsStyle": "angstrom",
    "StressStyle": "bar"
  }
}