{
  "Dataset": {
    "AtomTypeStyle": "chemicalsymbol",
    "Data": [
      {
        "AtomTypes": [
          "Cr"
        ],
        "Energy": -44.51153237278231,
        "Forces": [
          [
            -0.16401237593565976,
            0.11290368756889074,
            -0.08568773105606795
          ]
        ],
        "Lattice": [
          [
            2.4397834118425825,
            0.024331878137939925,
            0.01387821204982414
          ],
          [
            0.017663965907119293,
            2.295944172839483,
            0.02134379118755507
          ],
          [
            -0.8793738634073338,
            0.023716576809749635,
            2.235652783009831
          ]
        ],
        "NumAtoms": 1,
        "Positions": [
          [
            0.0,
            0.0,
            0.0
          ]
        ],
        "Stress": [
          [
            -47800.34172918777,
            21383.202048854357,
            -20494.687049025786
          ],
          [
            21383.202048854357,
            -17579.063324422783,
            28991.479497717508
          ],
          [
            -20494.687049025786,
            28991.479497717508,
            -33606.16750179401
          ]
        ]
      }
    ],
    "EnergyStyle": "electronvolt",
    "ForcesStyle": "electronvoltperangstrom",
    "Label": "ASE generated",
    "LatticeStyle": "angstrom",
    "PositionsStyle": "angstrom",
    "StressStyle": "bar"
  }
}