{
  "Dataset": {
    "AtomTypeStyle": "chemicalsymbol",
    "Data": [
      {
        "AtomTypes": [
          "Cr"
        ],
        "Energy": -45.272798721664,
        "Forces": [
          [
            -0.005454205994672588,
            0.0017548071466420645,
            0.0001100326270928537
          ]
        ],
        "Lattice": [
          [
            2.279459981588705,
            0.9040894754562657,
            -0.1747395773948536
          ],
          [
            -0.07491968887605192,
            2.4609375575605625,
            0.18355092137893309
          ],
          [
            -0.9563078431015406,
            0.6307876214037053,
            2.175069949891033
          ]
        ],
        "NumAtoms": 1,
        "Positions": [
          [
            0.0,
            0.0,
            0.0
          ]
        ],
        "Stress": [
          [
            -351.58126648845564,
            -382.4733442970647,
            -792.8966637542995
          ],
          [
            -382.4733442970647,
            407.4812168087958,
            466.32326977757504
          ],
          [
            -792.8966637542995,
            466.32326977757504,
            357.46547178533353
          ]
        ]
      }
    ],
    "EnergyStyle": "electronvolt",
    "ForcesStyle": "electronvoltperangstrom",
    "Label": "ASE generated",
    "LatticeStyle": "angstrom",
    "PositionsStyle": "angstrom",
    "StressStyle": "bar"
  }
}