{
  "Dataset": {
    "AtomTypeStyle": "chemicalsymbol",
    "Data": [
      {
        "AtomTypes": [
          "Cr"
        ],
        "Energy": -44.51804270213461,
        "Forces": [
          [
            0.13888239304761885,
            0.2641382662524504,
            0.1787060122948702
          ]
        ],
        "Lattice": [
          [
            2.405746487204704,
            0.028600035759319457,
            -0.0052781050237752656
          ],
          [
            0.023647068325077982,
            2.2878611952442856,
            0.030311205934871428
          ],
          [
            -0.8869454642571127,
            0.02631669590229847,
            2.228289457842425
          ]
        ],
        "NumAtoms": 1,
        "Positions": [
          [
            0.0,
            0.0,
            0.0
          ]
        ],
        "Stress": [
          [
            16138.904078011912,
            29140.05568146367,
            -4850.056215951624
          ],
          [
            29140.05568146367,
            8290.845263300987,
            39694.84893273843
          ],
          [
            -4850.056215951624,
            39694.84893273843,
            18601.443994755322
          ]
        ]
      }
    ],
    "EnergyStyle": "electronvolt",
    "ForcesStyle": "electronvoltperangstrom",
    "Label": "ASE generated",
    "LatticeStyle": "angstrom",
    "PositionsStyle": "angstrom",
    "StressStyle": "bar"
  }
}