{
  "Dataset": {
    "AtomTypeStyle": "chemicalsymbol",
    "Data": [
      {
        "AtomTypes": [
          "Cr"
        ],
        "Energy": -42.06146441252304,
        "Forces": [
          [
            -1.5214009843834462,
            -1.68504310176077,
            -1.6119725113559122
          ]
        ],
        "Lattice": [
          [
            3.1089124720964696,
            6.259954703939053e-05,
            0.0017667147320495915
          ],
          [
            5.21662891994921e-05,
            2.575619132912559,
            3.0470552834205265e-05
          ],
          [
            -1.1501205826634728,
            1.4027958616244027e-05,
            3.191340919382922
          ]
        ],
        "NumAtoms": 1,
        "Positions": [
          [
            0.0,
            0.0,
            0.0
          ]
        ],
        "Stress": [
          [
            -303585.27493314666,
            192.7077234727518,
            -1020.9096190083188
          ],
          [
            192.7077234727518,
            -309169.3857598838,
            -17.652615890633754
          ],
          [
            -1020.9096190083188,
            -17.652615890633754,
            -259215.42489203872
          ]
        ]
      }
    ],
    "EnergyStyle": "electronvolt",
    "ForcesStyle": "electronvoltperangstrom",
    "Label": "ASE generated",
    "LatticeStyle": "angstrom",
    "PositionsStyle": "angstrom",
    "StressStyle": "bar"
  }
}