{
  "Dataset": {
    "AtomTypeStyle": "chemicalsymbol",
    "Data": [
      {
        "AtomTypes": [
          "Cr"
        ],
        "Energy": -44.508779666753526,
        "Forces": [
          [
            0.159811819675315,
            0.013837709715430857,
            0.09171032285465425
          ]
        ],
        "Lattice": [
          [
            2.383269450854384,
            0.001541756738183626,
            -0.03096306494132361
          ],
          [
            0.0011758232901262352,
            2.2888081562711022,
            0.0011439599428796432
          ],
          [
            -0.9090051692354824,
            0.001018229025706467,
            2.260130204459625
          ]
        ],
        "NumAtoms": 1,
        "Positions": [
          [
            0.0,
            0.0,
            0.0
          ]
        ],
        "Stress": [
          [
            28832.605954701798,
            1503.414453352308,
            16599.34314249261
          ],
          [
            1503.414453352308,
            725.2283028402036,
            1747.6089731727416
          ],
          [
            16599.34314249261,
            1747.6089731727416,
            9074.91561910997
          ]
        ]
      }
    ],
    "EnergyStyle": "electronvolt",
    "ForcesStyle": "electronvoltperangstrom",
    "Label": "ASE generated",
    "LatticeStyle": "angstrom",
    "PositionsStyle": "angstrom",
    "StressStyle": "bar"
  }
}