{
  "Dataset": {
    "AtomTypeStyle": "chemicalsymbol",
    "Data": [
      {
        "AtomTypes": [
          "Cr"
        ],
        "Energy": -41.38370497659389,
        "Forces": [
          [
            -1.4924222668586296,
            -1.8318443832427016,
            -1.498687358232106
          ]
        ],
        "Lattice": [
          [
            3.260309994146545,
            0.0,
            0.0
          ],
          [
            0.0,
            2.7169206480421284,
            0.0
          ],
          [
            -1.2080165796511662,
            0.0,
            3.3189955740411827
          ]
        ],
        "NumAtoms": 1,
        "Positions": [
          [
            0.0,
            0.0,
            0.0
          ]
        ],
        "Stress": [
          [
            -273241.89926847146,
            113.27095196489995,
            3189.239270907832
          ],
          [
            113.27095196489995,
            -306024.2780287026,
            66.19730958987658
          ],
          [
            3189.239270907832,
            66.19730958987658,
            -225154.70253106087
          ]
        ]
      }
    ],
    "EnergyStyle": "electronvolt",
    "ForcesStyle": "electronvoltperangstrom",
    "Label": "ASE generated",
    "LatticeStyle": "angstrom",
    "PositionsStyle": "angstrom",
    "StressStyle": "bar"
  }
}