{
  "Dataset": {
    "AtomTypeStyle": "chemicalsymbol",
    "Data": [
      {
        "AtomTypes": [
          "Cr"
        ],
        "Energy": -44.51193020356641,
        "Forces": [
          [
            -0.006114318838908809,
            0.07093316602026131,
            0.013702328764786796
          ]
        ],
        "Lattice": [
          [
            2.415155921028272,
            0.009129816586674019,
            -0.0052356877662852715
          ],
          [
            0.0066458757043331654,
            2.2901302081575676,
            0.00782132592452751
          ],
          [
            -0.8918233652584632,
            0.008509002819504313,
            2.2382929449417364
          ]
        ],
        "NumAtoms": 1,
        "Positions": [
          [
            0.0,
            0.0,
            0.0
          ]
        ],
        "Stress": [
          [
            -8810.126380750464,
            8916.042076094265,
            -1877.061489704056
          ],
          [
            8916.042076094265,
            -197.1208774454103,
            11877.268391748079
          ],
          [
            -1877.061489704056,
            11877.268391748079,
            -5935.6920932256
          ]
        ]
      }
    ],
    "EnergyStyle": "electronvolt",
    "ForcesStyle": "electronvoltperangstrom",
    "Label": "ASE generated",
    "LatticeStyle": "angstrom",
    "PositionsStyle": "angstrom",
    "StressStyle": "bar"
  }
}