{
  "Dataset": {
    "AtomTypeStyle": "chemicalsymbol",
    "Data": [
      {
        "AtomTypes": [
          "Cr"
        ],
        "Energy": -45.25021311700675,
        "Forces": [
          [
            -0.09042214070739363,
            -0.14263985890691327,
            -0.20059201790426384
          ]
        ],
        "Lattice": [
          [
            2.247526304045237,
            0.8783051217712039,
            -0.1191004923849727
          ],
          [
            -0.0872589414184158,
            2.5229837662186205,
            0.18430069510260133
          ],
          [
            -0.8958387629738043,
            0.6263879119158606,
            2.1537705402667653
          ]
        ],
        "NumAtoms": 1,
        "Positions": [
          [
            0.0,
            0.0,
            0.0
          ]
        ],
        "Stress": [
          [
            -7317.0092866676905,
            34184.290672212264,
            -51932.524898920296
          ],
          [
            34184.290672212264,
            -89463.45733373187,
            15587.259831429605
          ],
          [
            -51932.524898920296,
            15587.259831429605,
            -21290.52581542853
          ]
        ]
      }
    ],
    "EnergyStyle": "electronvolt",
    "ForcesStyle": "electronvoltperangstrom",
    "Label": "ASE generated",
    "LatticeStyle": "angstrom",
    "PositionsStyle": "angstrom",
    "StressStyle": "bar"
  }
}