{
  "Dataset": {
    "AtomTypeStyle": "chemicalsymbol",
    "Data": [
      {
        "AtomTypes": [
          "Cr"
        ],
        "Energy": -44.54156614796739,
        "Forces": [
          [
            0.9628147920261464,
            0.9789136104234808,
            0.9493584610895426
          ]
        ],
        "Lattice": [
          [
            2.339089462807541,
            0.08416298010657644,
            -0.034262847850972875
          ],
          [
            0.0754677719985283,
            2.273149866177186,
            0.10054820992762054
          ],
          [
            -0.8892350521094328,
            0.07502043098709223,
            2.199836831802973
          ]
        ],
        "NumAtoms": 1,
        "Positions": [
          [
            0.0,
            0.0,
            0.0
          ]
        ],
        "Stress": [
          [
            186148.30561805714,
            91996.60771403783,
            11993.481446361417
          ],
          [
            91996.60771403783,
            71613.72056565271,
            127110.60282315679
          ],
          [
            11993.481446361417,
            127110.60282315679,
            157701.1151103009
          ]
        ]
      }
    ],
    "EnergyStyle": "electronvolt",
    "ForcesStyle": "electronvoltperangstrom",
    "Label": "ASE generated",
    "LatticeStyle": "angstrom",
    "PositionsStyle": "angstrom",
    "StressStyle": "bar"
  }
}