{
  "Dataset": {
    "AtomTypeStyle": "chemicalsymbol",
    "Data": [
      {
        "AtomTypes": [
          "Cr"
        ],
        "Energy": -44.624124743353605,
        "Forces": [
          [
            2.8231367119116073,
            2.4110372250614884,
            2.4477342568910587
          ]
        ],
        "Lattice": [
          [
            2.192625344510314,
            0.23987908031162086,
            -0.061761981758502
          ],
          [
            0.1648351141681871,
            2.2938659722315213,
            0.25343473609833356
          ],
          [
            -0.857800500329833,
            0.2123853059108579,
            2.1305817198245642
          ]
        ],
        "NumAtoms": 1,
        "Positions": [
          [
            0.0,
            0.0,
            0.0
          ]
        ],
        "Stress": [
          [
            658341.0701792679,
            203634.69270905413,
            37957.53731883523
          ],
          [
            203634.69270905413,
            237367.370624731,
            293011.35801465705
          ],
          [
            37957.53731883523,
            293011.35801465705,
            504060.1493977774
          ]
        ]
      }
    ],
    "EnergyStyle": "electronvolt",
    "ForcesStyle": "electronvoltperangstrom",
    "Label": "ASE generated",
    "LatticeStyle": "angstrom",
    "PositionsStyle": "angstrom",
    "StressStyle": "bar"
  }
}