{
  "Dataset": {
    "AtomTypeStyle": "chemicalsymbol",
    "Data": [
      {
        "AtomTypes": [
          "Cr"
        ],
        "Energy": -44.06649482982766,
        "Forces": [
          [
            -0.548370469864195,
            1.1047010086910993,
            -1.6624513833833172
          ]
        ],
        "Lattice": [
          [
            2.4893723296901817,
            0.0002483656185002761,
            0.0006286868656755913
          ],
          [
            0.00021024898418257055,
            2.061470899124735,
            0.00013894288453413924
          ],
          [
            -0.9215653834254347,
            7.539875617783763e-05,
            2.646677128356031
          ]
        ],
        "NumAtoms": 1,
        "Positions": [
          [
            0.0,
            0.0,
            0.0
          ]
        ],
        "Stress": [
          [
            -122378.23071314272,
            55.89995032034023,
            -48883.035503813306
          ],
          [
            55.89995032034023,
            306219.92785482376,
            80.90782283207139
          ],
          [
            -48883.035503813306,
            80.90782283207139,
            -355429.53675261384
          ]
        ]
      }
    ],
    "EnergyStyle": "electronvolt",
    "ForcesStyle": "electronvoltperangstrom",
    "Label": "ASE generated",
    "LatticeStyle": "angstrom",
    "PositionsStyle": "angstrom",
    "StressStyle": "bar"
  }
}