{
  "Dataset": {
    "AtomTypeStyle": "chemicalsymbol",
    "Data": [
      {
        "AtomTypes": [
          "Cr"
        ],
        "Energy": -44.42429491185567,
        "Forces": [
          [
            1.135637602544222,
            0.2719847495380715,
            0.8693629933931776
          ]
        ],
        "Lattice": [
          [
            2.273563946284369,
            0.00043529270475628945,
            -0.059657460405373425
          ],
          [
            0.0004162597881034376,
            2.2664154543633006,
            0.0003345257223871914
          ],
          [
            -0.900288212473348,
            0.00017593501728409354,
            2.2208422908964813
          ]
        ],
        "NumAtoms": 1,
        "Positions": [
          [
            0.0,
            0.0,
            0.0
          ]
        ],
        "Stress": [
          [
            324302.0907321296,
            558.9995032034022,
            28122.08816510379
          ],
          [
            558.9995032034022,
            79113.1402165236,
            561.9416058518412
          ],
          [
            28122.08816510379,
            561.9416058518412,
            250140.50927292876
          ]
        ]
      }
    ],
    "EnergyStyle": "electronvolt",
    "ForcesStyle": "electronvoltperangstrom",
    "Label": "ASE generated",
    "LatticeStyle": "angstrom",
    "PositionsStyle": "angstrom",
    "StressStyle": "bar"
  }
}