{
  "Dataset": {
    "AtomTypeStyle": "chemicalsymbol",
    "Data": [
      {
        "AtomTypes": [
          "Cr"
        ],
        "Energy": -44.58268816372265,
        "Forces": [
          [
            2.9516974169217254,
            2.588373006963767,
            2.5709460058009306
          ]
        ],
        "Lattice": [
          [
            2.1881478766651195,
            0.2218939181268156,
            -0.0694864677247236
          ],
          [
            0.17629999874235308,
            2.2747716710225,
            0.25210816450933204
          ],
          [
            -0.8653796424840083,
            0.19610745302469249,
            2.1382255470131573
          ]
        ],
        "NumAtoms": 1,
        "Positions": [
          [
            0.0,
            0.0,
            0.0
          ]
        ],
        "Stress": [
          [
            694159.698872688,
            205238.13865245337,
            51161.69400502928
          ],
          [
            205238.13865245337,
            284467.4919235903,
            300435.75404799276
          ],
          [
            51161.69400502928,
            300435.75404799276,
            527485.1706846483
          ]
        ]
      }
    ],
    "EnergyStyle": "electronvolt",
    "ForcesStyle": "electronvoltperangstrom",
    "Label": "ASE generated",
    "LatticeStyle": "angstrom",
    "PositionsStyle": "angstrom",
    "StressStyle": "bar"
  }
}