{
  "Dataset": {
    "AtomTypeStyle": "chemicalsymbol",
    "Data": [
      {
        "AtomTypes": [
          "Cr"
        ],
        "Energy": -44.5629619338124,
        "Forces": [
          [
            2.14852418382713,
            2.071846702667644,
            2.083417303087291
          ]
        ],
        "Lattice": [
          [
            2.2497989952692943,
            0.16189469867579398,
            -0.06354673561240715
          ],
          [
            0.14207474364026165,
            2.2588396322669304,
            0.19308343017926555
          ],
          [
            -0.8833997324812738,
            0.14255647217422818,
            2.163651706996011
          ]
        ],
        "NumAtoms": 1,
        "Positions": [
          [
            0.0,
            0.0,
            0.0
          ]
        ],
        "Stress": [
          [
            453597.2047717523,
            169650.4650169357,
            54195.00183556984
          ],
          [
            169650.4650169357,
            215136.84301312623,
            243550.19934042546
          ],
          [
            54195.00183556984,
            243550.19934042546,
            390889.2289229243
          ]
        ]
      }
    ],
    "EnergyStyle": "electronvolt",
    "ForcesStyle": "electronvoltperangstrom",
    "Label": "ASE generated",
    "LatticeStyle": "angstrom",
    "PositionsStyle": "angstrom",
    "StressStyle": "bar"
  }
}