{
  "Dataset": {
    "AtomTypeStyle": "chemicalsymbol",
    "Data": [
      {
        "AtomTypes": [
          "Cr"
        ],
        "Energy": -44.50533687941925,
        "Forces": [
          [
            0.03962607227315741,
            -0.012604600268420573,
            -0.06724737695925759
          ]
        ],
        "Lattice": [
          [
            2.375933710636495,
            0.0006457062630506579,
            -0.04526098648547244
          ],
          [
            0.0005463611798404058,
            2.2853214235205774,
            0.0004654076505064811
          ],
          [
            -0.9227000859422314,
            0.0003215444762890706,
            2.304406122279975
          ]
        ],
        "NumAtoms": 1,
        "Positions": [
          [
            0.0,
            0.0,
            0.0
          ]
        ],
        "Stress": [
          [
            -916.4649749887357,
            601.6599916057671,
            12005.249856955172
          ],
          [
            601.6599916057671,
            -4786.801009010186,
            625.1968127932788
          ],
          [
            12005.249856955172,
            625.1968127932788,
            -32460.218520227034
          ]
        ]
      }
    ],
    "EnergyStyle": "electronvolt",
    "ForcesStyle": "electronvoltperangstrom",
    "Label": "ASE generated",
    "LatticeStyle": "angstrom",
    "PositionsStyle": "angstrom",
    "StressStyle": "bar"
  }
}