{
  "Dataset": {
    "AtomTypeStyle": "chemicalsymbol",
    "Data": [
      {
        "AtomTypes": [
          "Cr"
        ],
        "Energy": -44.49344046003398,
        "Forces": [
          [
            -0.20868443550919694,
            -0.07785540384672583,
            -0.3389409958568447
          ]
        ],
        "Lattice": [
          [
            2.3975635850772528,
            0.0005039804355777875,
            -0.04467525134626729
          ],
          [
            0.0004416819903699501,
            2.2875482181469993,
            0.0003601045611073765
          ],
          [
            -0.930550584347901,
            0.00022464842519907878,
            2.344402818971051
          ]
        ],
        "NumAtoms": 1,
        "Positions": [
          [
            0.0,
            0.0,
            0.0
          ]
        ],
        "Stress": [
          [
            -66413.55413453684,
            439.8443459416244,
            5022.169220885304
          ],
          [
            439.8443459416244,
            -22493.84579864006,
            435.431191968966
          ],
          [
            5022.169220885304,
            435.431191968966,
            -102789.71127983615
          ]
        ]
      }
    ],
    "EnergyStyle": "electronvolt",
    "ForcesStyle": "electronvoltperangstrom",
    "Label": "ASE generated",
    "LatticeStyle": "angstrom",
    "PositionsStyle": "angstrom",
    "StressStyle": "bar"
  }
}