{
  "Dataset": {
    "AtomTypeStyle": "chemicalsymbol",
    "Data": [
      {
        "AtomTypes": [
          "Cr"
        ],
        "Energy": -44.556204933046956,
        "Forces": [
          [
            1.6006216527030914,
            1.5019019200184323,
            1.5790217178666768
          ]
        ],
        "Lattice": [
          [
            2.292839434065289,
            0.1237907085183048,
            -0.05466886188216188
          ],
          [
            0.11235837839681952,
            2.2627529061895406,
            0.15056235288358666
          ],
          [
            -0.8910936547594724,
            0.109742492998525,
            2.1802137423308467
          ]
        ],
        "NumAtoms": 1,
        "Positions": [
          [
            0.0,
            0.0,
            0.0
          ]
        ],
        "Stress": [
          [
            319357.8872314279,
            133408.17354214037,
            41535.134139337
          ],
          [
            133408.17354214037,
            132240.15879071012,
            185620.19819266236
          ],
          [
            41535.134139337,
            185620.19819266236,
            281766.6416923233
          ]
        ]
      }
    ],
    "EnergyStyle": "electronvolt",
    "ForcesStyle": "electronvoltperangstrom",
    "Label": "ASE generated",
    "LatticeStyle": "angstrom",
    "PositionsStyle": "angstrom",
    "StressStyle": "bar"
  }
}