{
  "Dataset": {
    "AtomTypeStyle": "chemicalsymbol",
    "Data": [
      {
        "AtomTypes": [
          "Cr"
        ],
        "Energy": -45.272561302129816,
        "Forces": [
          [
            -0.0008383685314387011,
            -0.034030483900677526,
            0.042755661528858666
          ]
        ],
        "Lattice": [
          [
            2.2810400809198743,
            0.9122147078515506,
            -0.1776883004402407
          ],
          [
            -0.07358965646810775,
            2.4676214461804804,
            0.1851165715264283
          ],
          [
            -0.9590870717454465,
            0.6301236479434223,
            2.1698008567551157
          ]
        ],
        "NumAtoms": 1,
        "Positions": [
          [
            0.0,
            0.0,
            0.0
          ]
        ],
        "Stress": [
          [
            294.2102648438959,
            -3524.638972829873,
            2996.53154743508
          ],
          [
            -3524.638972829873,
            -6756.538732140069,
            763.4756372699098
          ],
          [
            2996.53154743508,
            763.4756372699098,
            8245.242672250184
          ]
        ]
      }
    ],
    "EnergyStyle": "electronvolt",
    "ForcesStyle": "electronvoltperangstrom",
    "Label": "ASE generated",
    "LatticeStyle": "angstrom",
    "PositionsStyle": "angstrom",
    "StressStyle": "bar"
  }
}