{
  "Dataset": {
    "AtomTypeStyle": "chemicalsymbol",
    "Data": [
      {
        "AtomTypes": [
          "Cr"
        ],
        "Energy": -44.96835585680583,
        "Forces": [
          [
            1.8044194819701822,
            1.8065608123358436,
            1.596981427943397
          ]
        ],
        "Lattice": [
          [
            2.2020683980202835,
            0.47957164682438547,
            -0.03810900887413321
          ],
          [
            0.05889900235453887,
            2.3882866254760238,
            0.25909140920519286
          ],
          [
            -0.8244189928859553,
            0.40546208644932336,
            2.1055434282142316
          ]
        ],
        "NumAtoms": 1,
        "Positions": [
          [
            0.0,
            0.0,
            0.0
          ]
        ],
        "Stress": [
          [
            411476.59220537596,
            173716.45087707834,
            -36261.41514201017
          ],
          [
            173716.45087707834,
            169804.92540597872,
            200307.1746136697
          ],
          [
            -36261.41514201017,
            200307.1746136697,
            359132.17293567414
          ]
        ]
      }
    ],
    "EnergyStyle": "electronvolt",
    "ForcesStyle": "electronvoltperangstrom",
    "Label": "ASE generated",
    "LatticeStyle": "angstrom",
    "PositionsStyle": "angstrom",
    "StressStyle": "bar"
  }
}