{
  "Dataset": {
    "AtomTypeStyle": "chemicalsymbol",
    "Data": [
      {
        "AtomTypes": [
          "Cr"
        ],
        "Energy": -44.53010320631074,
        "Forces": [
          [
            0.5595815979391797,
            0.6115918747927247,
            0.5743424159674675
          ]
        ],
        "Lattice": [
          [
            2.3698327271160715,
            0.057723391264473185,
            -0.020723102835383738
          ],
          [
            0.05092930413680157,
            2.279970281987682,
            0.0672441824938811
          ],
          [
            -0.8880281491835055,
            0.0518594643164306,
            2.212975464728048
          ]
        ],
        "NumAtoms": 1,
        "Positions": [
          [
            0.0,
            0.0,
            0.0
          ]
        ],
        "Stress": [
          [
            102755.8770993791,
            60143.93339071342,
            3040.6630871616644
          ],
          [
            60143.93339071342,
            37483.858792436564,
            82593.64764962689
          ],
          [
            3040.6630871616644,
            82593.64764962689,
            90296.0723832401
          ]
        ]
      }
    ],
    "EnergyStyle": "electronvolt",
    "ForcesStyle": "electronvoltperangstrom",
    "Label": "ASE generated",
    "LatticeStyle": "angstrom",
    "PositionsStyle": "angstrom",
    "StressStyle": "bar"
  }
}