{
  "Dataset": {
    "AtomTypeStyle": "chemicalsymbol",
    "Data": [
      {
        "AtomTypes": [
          "Cr"
        ],
        "Energy": -44.51030867576674,
        "Forces": [
          [
            0.13093748944344363,
            0.020251179754869376,
            0.12348813626106672
          ]
        ],
        "Lattice": [
          [
            2.3972628954747446,
            0.0026392178797652434,
            -0.01627064125917
          ],
          [
            0.0019449648996202318,
            2.2911289936251076,
            0.0020111236925630083
          ],
          [
            -0.8975562197745914,
            0.001942652395219727,
            2.234374450685966
          ]
        ],
        "NumAtoms": 1,
        "Positions": [
          [
            0.0,
            0.0,
            0.0
          ]
        ],
        "Stress": [
          [
            27204.152138790832,
            2653.7765888919416,
            8336.44785435179
          ],
          [
            2653.7765888919416,
            50.0157450234623,
            3177.4708603140757
          ],
          [
            8336.44785435179,
            3177.4708603140757,
            25524.211526532188
          ]
        ]
      }
    ],
    "EnergyStyle": "electronvolt",
    "ForcesStyle": "electronvoltperangstrom",
    "Label": "ASE generated",
    "LatticeStyle": "angstrom",
    "PositionsStyle": "angstrom",
    "StressStyle": "bar"
  }
}