{
  "Dataset": {
    "AtomTypeStyle": "chemicalsymbol",
    "Data": [
      {
        "AtomTypes": [
          "Cr"
        ],
        "Energy": -45.27151556772196,
        "Forces": [
          [
            0.03312889477903721,
            -0.07810802547434065,
            0.08020839415966997
          ]
        ],
        "Lattice": [
          [
            2.2736671792325285,
            0.9139560665284847,
            -0.17424296204766168
          ],
          [
            -0.0700084846362709,
            2.483005382234017,
            0.18841703601632187
          ],
          [
            -0.9537593505374388,
            0.6285624285966926,
            2.1645775221015824
          ]
        ],
        "NumAtoms": 1,
        "Positions": [
          [
            0.0,
            0.0,
            0.0
          ]
        ],
        "Stress": [
          [
            8768.936943672317,
            -2852.3685176615704,
            3303.9812741969504
          ],
          [
            -2852.3685176615704,
            -24415.038828070705,
            5492.905644635537
          ],
          [
            3303.9812741969504,
            5492.905644635537,
            13826.411396338888
          ]
        ]
      }
    ],
    "EnergyStyle": "electronvolt",
    "ForcesStyle": "electronvoltperangstrom",
    "Label": "ASE generated",
    "LatticeStyle": "angstrom",
    "PositionsStyle": "angstrom",
    "StressStyle": "bar"
  }
}