{
  "Dataset": {
    "AtomTypeStyle": "chemicalsymbol",
    "Data": [
      {
        "AtomTypes": [
          "Cr"
        ],
        "Energy": -44.74858741035905,
        "Forces": [
          [
            2.4712153778991683,
            2.165588424429362,
            2.219886394678678
          ]
        ],
        "Lattice": [
          [
            2.2020126216841684,
            0.31196687471128276,
            -0.04780011420051808
          ],
          [
            0.1284887353072322,
            2.3288704143140526,
            0.25801576392320286
          ],
          [
            -0.8424615692103353,
            0.2743319435270377,
            2.114999950871685
          ]
        ],
        "NumAtoms": 1,
        "Positions": [
          [
            0.0,
            0.0,
            0.0
          ]
        ],
        "Stress": [
          [
            564404.1457685847,
            194805.4426610888,
            13489.540643092629
          ],
          [
            194805.4426610888,
            192665.06298434947,
            270621.9568600366
          ],
          [
            13489.540643092629,
            270621.9568600366,
            465347.9627496175
          ]
        ]
      }
    ],
    "EnergyStyle": "electronvolt",
    "ForcesStyle": "electronvoltperangstrom",
    "Label": "ASE generated",
    "LatticeStyle": "angstrom",
    "PositionsStyle": "angstrom",
    "StressStyle": "bar"
  }
}