{
  "Dataset": {
    "AtomTypeStyle": "chemicalsymbol",
    "Data": [
      {
        "AtomTypes": [
          "Cr"
        ],
        "Energy": -45.272801850976066,
        "Forces": [
          [
            -0.0030840691192108843,
            -0.0004572386952751235,
            -0.0017658349067721743
          ]
        ],
        "Lattice": [
          [
            2.278945435071808,
            0.9037738350100902,
            -0.1751086139380608
          ],
          [
            -0.07492381434156825,
            2.4611569173887413,
            0.18379027352204344
          ],
          [
            -0.9565199018717758,
            0.6312850559172157,
            2.175674332705883
          ]
        ],
        "NumAtoms": 1,
        "Positions": [
          [
            0.0,
            0.0,
            0.0
          ]
        ],
        "Stress": [
          [
            -257.43398173840893,
            -205.94718539072713,
            -400.1259601876984
          ],
          [
            -205.94718539072713,
            -200.0629800938492,
            278.0287002774816
          ],
          [
            -400.1259601876984,
            278.0287002774816,
            -373.6470363517478
          ]
        ]
      }
    ],
    "EnergyStyle": "electronvolt",
    "ForcesStyle": "electronvoltperangstrom",
    "Label": "ASE generated",
    "LatticeStyle": "angstrom",
    "PositionsStyle": "angstrom",
    "StressStyle": "bar"
  }
}