{
  "Dataset": {
    "AtomTypeStyle": "chemicalsymbol",
    "Data": [
      {
        "AtomTypes": [
          "Cr"
        ],
        "Energy": -44.66949500411829,
        "Forces": [
          [
            2.751721846865245,
            2.3048559275911193,
            2.4042821498464955
          ]
        ],
        "Lattice": [
          [
            2.193496212500456,
            0.26849262384836076,
            -0.056787611752068666
          ],
          [
            0.15427018910119222,
            2.309576289970208,
            0.2597899289411688
          ],
          [
            -0.85111548667917,
            0.23750059439253787,
            2.1208973911415097
          ]
        ],
        "NumAtoms": 1,
        "Positions": [
          [
            0.0,
            0.0,
            0.0
          ]
        ],
        "Stress": [
          [
            639096.7767558288,
            199830.55398462256,
            32052.73730341824
          ],
          [
            199830.55398462256,
            218395.22169627238,
            283370.0876357226
          ],
          [
            32052.73730341824,
            283370.0876357226,
            504041.02573056245
          ]
        ]
      }
    ],
    "EnergyStyle": "electronvolt",
    "ForcesStyle": "electronvoltperangstrom",
    "Label": "ASE generated",
    "LatticeStyle": "angstrom",
    "PositionsStyle": "angstrom",
    "StressStyle": "bar"
  }
}