{
  "Dataset": {
    "AtomTypeStyle": "chemicalsymbol",
    "Data": [
      {
        "AtomTypes": [
          "Cr"
        ],
        "Energy": -45.11800730781124,
        "Forces": [
          [
            1.2782309776786773,
            1.3377836441901532,
            1.0240123993376629
          ]
        ],
        "Lattice": [
          [
            2.198829400638203,
            0.637742714401259,
            -0.0487172814921504
          ],
          [
            0.0048662776239689984,
            2.443477031714486,
            0.2546880547447371
          ],
          [
            -0.8258505706959421,
            0.5153460242822235,
            2.104493268635773
          ]
        ],
        "NumAtoms": 1,
        "Positions": [
          [
            0.0,
            0.0,
            0.0
          ]
        ],
        "Stress": [
          [
            298671.9635102536,
            141194.44820123407,
            -61048.6299551084
          ],
          [
            141194.44820123407,
            137619.79348338078,
            117553.18236970283
          ],
          [
            -61048.6299551084,
            117553.18236970283,
            267335.6282017302
          ]
        ]
      }
    ],
    "EnergyStyle": "electronvolt",
    "ForcesStyle": "electronvoltperangstrom",
    "Label": "ASE generated",
    "LatticeStyle": "angstrom",
    "PositionsStyle": "angstrom",
    "StressStyle": "bar"
  }
}