{
  "Dataset": {
    "AtomTypeStyle": "chemicalsymbol",
    "Data": [
      {
        "AtomTypes": [
          "Cr"
        ],
        "Energy": -43.051728228972934,
        "Forces": [
          [
            -1.504784020916547,
            -1.2011821831460712,
            -1.8359684084093366
          ]
        ],
        "Lattice": [
          [
            2.876238779781004,
            0.0001746205410985433,
            0.003530846020968001
          ],
          [
            0.0001456999483076056,
            2.3636681491954574,
            6.146816616793065e-05
          ],
          [
            -1.062106699047595,
            1.0545443408069371e-05,
            2.9940082369672227
          ]
        ],
        "NumAtoms": 1,
        "Positions": [
          [
            0.0,
            0.0,
            0.0
          ]
        ],
        "Stress": [
          [
            -344228.9519700067,
            42.66048840236491,
            -10441.522299309865
          ],
          [
            42.66048840236491,
            -256354.23006643186,
            16.181564566414277
          ],
          [
            -10441.522299309865,
            16.181564566414277,
            -331010.08477057045
          ]
        ]
      }
    ],
    "EnergyStyle": "electronvolt",
    "ForcesStyle": "electronvoltperangstrom",
    "Label": "ASE generated",
    "LatticeStyle": "angstrom",
    "PositionsStyle": "angstrom",
    "StressStyle": "bar"
  }
}