{
  "Dataset": {
    "AtomTypeStyle": "chemicalsymbol",
    "Data": [
      {
        "AtomTypes": [
          "Cr"
        ],
        "Energy": -44.51162516368322,
        "Forces": [
          [
            0.013111415033525697,
            0.0523598926018909,
            0.023925715353839257
          ]
        ],
        "Lattice": [
          [
            2.4118473574812045,
            0.0058820687302765795,
            -0.007935698582100586
          ],
          [
            0.004278839592507356,
            2.289562161824906,
            0.004832086955360067
          ],
          [
            -0.8936329634531234,
            0.00511871684861918,
            2.238453658705799
          ]
        ],
        "NumAtoms": 1,
        "Positions": [
          [
            0.0,
            0.0,
            0.0
          ]
        ],
        "Stress": [
          [
            -2494.9030458762372,
            5765.050139616141,
            533.991630691671
          ],
          [
            5765.050139616141,
            2016.8113655049067,
            7419.982879363055
          ],
          [
            533.991630691671,
            7419.982879363055,
            -844.3834601019812
          ]
        ]
      }
    ],
    "EnergyStyle": "electronvolt",
    "ForcesStyle": "electronvoltperangstrom",
    "Label": "ASE generated",
    "LatticeStyle": "angstrom",
    "PositionsStyle": "angstrom",
    "StressStyle": "bar"
  }
}