{
  "Dataset": {
    "AtomTypeStyle": "chemicalsymbol",
    "Data": [
      {
        "AtomTypes": [
          "Cr"
        ],
        "Energy": -44.51119386286746,
        "Forces": [
          [
            0.06493119419947598,
            0.03198621774411391,
            0.07619351759374082
          ]
        ],
        "Lattice": [
          [
            2.406186676386169,
            0.0037176191166563835,
            -0.010331547334566829
          ],
          [
            0.0027116971652845945,
            2.2903862092740073,
            0.0029125913547778915
          ],
          [
            -0.8941918232694479,
            0.0029466460248442753,
            2.2327641602075285
          ]
        ],
        "NumAtoms": 1,
        "Positions": [
          [
            0.0,
            0.0,
            0.0
          ]
        ],
        "Stress": [
          [
            12399.491611845993,
            3698.223029087772,
            2778.8159514505965
          ],
          [
            3698.223029087772,
            1051.801696816928,
            4552.903848459289
          ],
          [
            2778.8159514505965,
            4552.903848459289,
            15429.857339738122
          ]
        ]
      }
    ],
    "EnergyStyle": "electronvolt",
    "ForcesStyle": "electronvoltperangstrom",
    "Label": "ASE generated",
    "LatticeStyle": "angstrom",
    "PositionsStyle": "angstrom",
    "StressStyle": "bar"
  }
}