{
  "Dataset": {
    "AtomTypeStyle": "chemicalsymbol",
    "Data": [
      {
        "AtomTypes": [
          "Cr"
        ],
        "Energy": -44.83812614005592,
        "Forces": [
          [
            2.2916525504471146,
            2.0482747624938935,
            2.0543954324675013
          ]
        ],
        "Lattice": [
          [
            2.2002822148587384,
            0.3768997021775554,
            -0.04298209965465976
          ],
          [
            0.1029047540429363,
            2.352202984157371,
            0.2646488510019417
          ],
          [
            -0.8333925968899006,
            0.3291078738337657,
            2.107049499358193
          ]
        ],
        "NumAtoms": 1,
        "Positions": [
          [
            0.0,
            0.0,
            0.0
          ]
        ],
        "Stress": [
          [
            516800.92491684225,
            190070.1284484263,
            2756.7501815873047
          ],
          [
            190070.1284484263,
            188621.14289407007,
            242866.16047466345
          ],
          [
            2756.7501815873047,
            242866.16047466345,
            442292.1753451256
          ]
        ]
      }
    ],
    "EnergyStyle": "electronvolt",
    "ForcesStyle": "electronvoltperangstrom",
    "Label": "ASE generated",
    "LatticeStyle": "angstrom",
    "PositionsStyle": "angstrom",
    "StressStyle": "bar"
  }
}