{
  "Dataset": {
    "AtomTypeStyle": "chemicalsymbol",
    "Data": [
      {
        "AtomTypes": [
          "Cr"
        ],
        "Energy": -45.26321812915239,
        "Forces": [
          [
            -0.07122781098661321,
            -0.01611897791274488,
            -0.06483286439611904
          ]
        ],
        "Lattice": [
          [
            2.278945435071808,
            0.9037738350100902,
            -0.1751086139380608
          ],
          [
            -0.07492381434156825,
            2.4611569173887413,
            0.18379027352204344
          ],
          [
            -0.9565199018717758,
            0.6312850559172157,
            2.175674332705883
          ]
        ],
        "NumAtoms": 1,
        "Positions": [
          [
            0.0,
            0.0,
            0.0
          ]
        ],
        "Stress": [
          [
            -22939.574349878567,
            2811.1790805834253,
            185.3524668516544
          ],
          [
            2811.1790805834253,
            -11641.900179872962,
            4319.0066879083915
          ],
          [
            185.3524668516544,
            4319.0066879083915,
            -22705.67718932767
          ]
        ]
      }
    ],
    "EnergyStyle": "electronvolt",
    "ForcesStyle": "electronvoltperangstrom",
    "Label": "ASE generated",
    "LatticeStyle": "angstrom",
    "PositionsStyle": "angstrom",
    "StressStyle": "bar"
  }
}