{
  "Dataset": {
    "AtomTypeStyle": "chemicalsymbol",
    "Data": [
      {
        "AtomTypes": [
          "Cr"
        ],
        "Energy": -45.230535187345595,
        "Forces": [
          [
            0.011635943767523638,
            -0.2554348722710196,
            -0.2749992844240188
          ]
        ],
        "Lattice": [
          [
            2.213903611388399,
            0.893030965110774,
            -0.08715155654587903
          ],
          [
            -0.08337819972304397,
            2.533089480829396,
            0.21357647163578597
          ],
          [
            -0.8551921879865674,
            0.6602261786671287,
            2.1257242397716842
          ]
        ],
        "NumAtoms": 1,
        "Positions": [
          [
            0.0,
            0.0,
            0.0
          ]
        ],
        "Stress": [
          [
            75835.63786616261,
            19117.78300955636,
            -91692.10008992438
          ],
          [
            19117.78300955636,
            -46138.05373281975,
            -45378.9912495225
          ],
          [
            -91692.10008992438,
            -45378.9912495225,
            56935.570452590735
          ]
        ]
      }
    ],
    "EnergyStyle": "electronvolt",
    "ForcesStyle": "electronvoltperangstrom",
    "Label": "ASE generated",
    "LatticeStyle": "angstrom",
    "PositionsStyle": "angstrom",
    "StressStyle": "bar"
  }
}