{
  "Dataset": {
    "AtomTypeStyle": "chemicalsymbol",
    "Data": [
      {
        "AtomTypes": [
          "Cr"
        ],
        "Energy": -44.52279177310811,
        "Forces": [
          [
            0.30497711126400706,
            0.39904613674247413,
            0.33537046315862024
          ]
        ],
        "Lattice": [
          [
            2.390884437355944,
            0.04012650809370246,
            -0.01150702771786205
          ],
          [
            0.034472157545610616,
            2.284659404840902,
            0.04495452355962145
          ],
          [
            -0.8872451367810261,
            0.036427816587434464,
            2.221909799549716
          ]
        ],
        "NumAtoms": 1,
        "Positions": [
          [
            0.0,
            0.0,
            0.0
          ]
        ],
        "Stress": [
          [
            50215.80800355616,
            41268.87384965328,
            -2027.1087247744429
          ],
          [
            41268.87384965328,
            19248.706577411893,
            56444.23931030143
          ],
          [
            -2027.1087247744429,
            56444.23931030143,
            46882.40570287481
          ]
        ]
      }
    ],
    "EnergyStyle": "electronvolt",
    "ForcesStyle": "electronvoltperangstrom",
    "Label": "ASE generated",
    "LatticeStyle": "angstrom",
    "PositionsStyle": "angstrom",
    "StressStyle": "bar"
  }
}