{
  "Dataset": {
    "AtomTypeStyle": "chemicalsymbol",
    "Data": [
      {
        "AtomTypes": [
          "Cr"
        ],
        "Energy": -45.26797699623194,
        "Forces": [
          [
            0.07803804885615002,
            -0.04396279368051777,
            0.11984456070622468
          ]
        ],
        "Lattice": [
          [
            2.2644202806009748,
            0.8957101194652763,
            -0.16121682690531078
          ],
          [
            -0.06776470659652364,
            2.498865658739185,
            0.19001812992405542
          ],
          [
            -0.939799738861894,
            0.6189407693120689,
            2.1597335006126426
          ]
        ],
        "NumAtoms": 1,
        "Positions": [
          [
            0.0,
            0.0,
            0.0
          ]
        ],
        "Stress": [
          [
            10347.375014559819,
            12829.038598518082,
            -1481.348683489016
          ],
          [
            12829.038598518082,
            -47460.52887329307,
            22405.582719186896
          ],
          [
            -1481.348683489016,
            22405.582719186896,
            13217.396148112024
          ]
        ]
      }
    ],
    "EnergyStyle": "electronvolt",
    "ForcesStyle": "electronvoltperangstrom",
    "Label": "ASE generated",
    "LatticeStyle": "angstrom",
    "PositionsStyle": "angstrom",
    "StressStyle": "bar"
  }
}