{
  "Dataset": {
    "AtomTypeStyle": "chemicalsymbol",
    "Data": [
      {
        "AtomTypes": [
          "Cr",
          "Cr"
        ],
        "Energy": 39.96633779826334,
        "Forces": [
          [
            0.0026259216332034318,
            -0.0015213958661773885,
            2.231946990274906e-06
          ],
          [
            -0.0026259216332034318,
            0.0015213958661773885,
            -2.231946990274906e-06
          ]
        ],
        "Lattice": [
          [
            1.9999998584662084,
            0.0,
            0.0
          ],
          [
            -0.9999999292331042,
            1.7320498774281983,
            0.0
          ],
          [
            0.0,
            0.0,
            1.4999998938496564
          ]
        ],
        "NumAtoms": 2,
        "Positions": [
          [
            -9.999999292331043e-06,
            1.1547063182850126,
            1.1249999203872423
          ],
          [
            1.0000099292323965,
            0.577344359143129,
            0.3749999734624141
          ]
        ],
        "Stress": [
          [
            75037855.84096058,
            2387.516299208215,
            4.413153972658439
          ],
          [
            2387.516299208215,
            75040633.18586071,
            -2.9421026484389587
          ],
          [
            4.413153972658439,
            -2.9421026484389587,
            96336638.66747195
          ]
        ]
      }
    ],
    "EnergyStyle": "electronvolt",
    "ForcesStyle": "electronvoltperangstrom",
    "Label": "ASE generated",
    "LatticeStyle": "angstrom",
    "PositionsStyle": "angstrom",
    "StressStyle": "bar"
  }
}