{
  "Dataset": {
    "AtomTypeStyle": "chemicalsymbol",
    "Data": [
      {
        "AtomTypes": [
          "Cr",
          "Cr"
        ],
        "Energy": -59.541259772906415,
        "Forces": [
          [
            -0.0003942626360885608,
            0.00011483727256414438,
            -1.367967510168491e-06
          ],
          [
            0.0003942626360885608,
            -0.00011483727256414438,
            1.367967510168491e-06
          ]
        ],
        "Lattice": [
          [
            2.5796175530355248,
            6.010976827408711e-05,
            1.1324392258765785e-07
          ],
          [
            -1.2897567200328335,
            2.234032937178543,
            1.5822398529770887e-07
          ],
          [
            8.413917612821307e-08,
            1.6457411179795137e-07,
            2.1258326507188285
          ]
        ],
        "NumAtoms": 2,
        "Positions": [
          [
            -4.7260566505981746e-07,
            1.489397294946798,
            1.594374677613458
          ],
          [
            1.2898613897475326,
            0.7446959165741306,
            0.5314582445732785
          ]
        ],
        "Stress": [
          [
            21774.501701096742,
            -61.78415561721815,
            -1.4710513242194794
          ],
          [
            -61.78415561721815,
            21899.541063655393,
            -2.9421026484389587
          ],
          [
            -1.4710513242194794,
            -2.9421026484389587,
            47026.56873264832
          ]
        ]
      }
    ],
    "EnergyStyle": "electronvolt",
    "ForcesStyle": "electronvoltperangstrom",
    "Label": "ASE generated",
    "LatticeStyle": "angstrom",
    "PositionsStyle": "angstrom",
    "StressStyle": "bar"
  }
}