{
  "Dataset": {
    "AtomTypeStyle": "chemicalsymbol",
    "Data": [
      {
        "AtomTypes": [
          "Cr",
          "Cr"
        ],
        "Energy": -54.31957589649028,
        "Forces": [
          [
            0.00044451744251475066,
            -0.0002692016063431572,
            3.599914500443397e-07
          ],
          [
            -0.00044451744251475066,
            0.0002692016063431572,
            -3.599914500443397e-07
          ]
        ],
        "Lattice": [
          [
            2.362330304544386,
            -2.7999824448402578e-05,
            -2.2225442750848736e-07
          ],
          [
            -1.181189401024,
            2.0458225268700576,
            2.6988037626030606e-07
          ],
          [
            -1.4658208671393096e-07,
            1.217107579213145e-07,
            2.441055970843105
          ]
        ],
        "NumAtoms": 2,
        "Positions": [
          [
            -3.675956122295109e-05,
            1.3638844370655008,
            1.8307920737181933
          ],
          [
            1.1811775164995222,
            0.6819102116908664,
            0.6102639447508605
          ]
        ],
        "Stress": [
          [
            2891970.690360884,
            620.7836588206204,
            2.9421026484389587
          ],
          [
            620.7836588206204,
            2892710.6291769654,
            -2.9421026484389587
          ],
          [
            2.9421026484389587,
            -2.9421026484389587,
            -6327597.818613561
          ]
        ]
      }
    ],
    "EnergyStyle": "electronvolt",
    "ForcesStyle": "electronvoltperangstrom",
    "Label": "ASE generated",
    "LatticeStyle": "angstrom",
    "PositionsStyle": "angstrom",
    "StressStyle": "bar"
  }
}