{
  "Dataset": {
    "AtomTypeStyle": "chemicalsymbol",
    "Data": [
      {
        "AtomTypes": [
          "Cr",
          "Cr"
        ],
        "Energy": -59.10660515082691,
        "Forces": [
          [
            -0.00019475537447398778,
            0.00011418928795406455,
            -1.439965800177359e-07
          ],
          [
            0.00019475537447398778,
            -0.00011418928795406455,
            1.439965800177359e-07
          ]
        ],
        "Lattice": [
          [
            2.6576875259097394,
            2.092155010946561e-05,
            3.862993620980852e-08
          ],
          [
            -1.3288256441918442,
            2.3016355340415275,
            -4.392170829334393e-08
          ],
          [
            2.9104746459444772e-08,
            -2.1167088334141652e-08,
            2.1332744417535117
          ]
        ],
        "NumAtoms": 2,
        "Positions": [
          [
            5.425986151832918e-06,
            1.534434487656256,
            1.5999558208836706
          ],
          [
            1.3288564848364897,
            0.7672219467682928,
            0.5333186155780689
          ]
        ],
        "Stress": [
          [
            -1769137.8093026937,
            -133.86567050397264,
            -0.0
          ],
          [
            -133.86567050397264,
            -1769296.6828457094,
            0.0
          ],
          [
            -0.0,
            0.0,
            -1071509.3714074963
          ]
        ]
      }
    ],
    "EnergyStyle": "electronvolt",
    "ForcesStyle": "electronvoltperangstrom",
    "Label": "ASE generated",
    "LatticeStyle": "angstrom",
    "PositionsStyle": "angstrom",
    "StressStyle": "bar"
  }
}