{
  "Dataset": {
    "AtomTypeStyle": "chemicalsymbol",
    "Data": [
      {
        "AtomTypes": [
          "Cr",
          "Cr"
        ],
        "Energy": -59.541398551086786,
        "Forces": [
          [
            -0.0069417871294950115,
            -0.0007084631736872605,
            -4.8238854305941525e-06
          ],
          [
            0.0069417871294950115,
            0.0007084631736872605,
            4.8238854305941525e-06
          ]
        ],
        "Lattice": [
          [
            2.5799140478503015,
            0.0005184047479230883,
            4.143457541408229e-06
          ],
          [
            -1.2895080474915523,
            2.2340334118504983,
            5.409778600998253e-06
          ],
          [
            3.5412538783018983e-06,
            7.364030031447881e-06,
            2.127154660271117
          ]
        ],
        "NumAtoms": 2,
        "Positions": [
          [
            0.000275766240169108,
            1.4896024150832536,
            1.5953711589778277
          ],
          [
            1.2901337753724587,
            0.7449567655451993,
            0.5317930545294315
          ]
        ],
        "Stress": [
          [
            3467.267971185314,
            -5270.776894678395,
            -63.25520694143762
          ],
          [
            -5270.776894678395,
            5514.97141449883,
            -130.92356785553366
          ],
          [
            -63.25520694143762,
            -130.92356785553366,
            4976.5666298344995
          ]
        ]
      }
    ],
    "EnergyStyle": "electronvolt",
    "ForcesStyle": "electronvoltperangstrom",
    "Label": "ASE generated",
    "LatticeStyle": "angstrom",
    "PositionsStyle": "angstrom",
    "StressStyle": "bar"
  }
}