{
  "Dataset": {
    "AtomTypeStyle": "chemicalsymbol",
    "Data": [
      {
        "AtomTypes": [
          "Cr",
          "Cr"
        ],
        "Energy": -59.541391340063456,
        "Forces": [
          [
            -0.010226997104309646,
            -0.001303529040610554,
            -1.4759649451817927e-05
          ],
          [
            0.010226997104309646,
            0.001303529040610554,
            1.4759649451817927e-05
          ]
        ],
        "Lattice": [
          [
            2.580105072355682,
            0.0007183437725553068,
            6.13104713598413e-06
          ],
          [
            -1.2894304616459724,
            2.2340634532406165,
            8.011742934472616e-06
          ],
          [
            4.189495958534987e-06,
            8.721898748083068e-06,
            2.1272807759001204
          ]
        ],
        "NumAtoms": 2,
        "Positions": [
          [
            0.0004262875795382519,
            1.489712084506632,
            1.5954684616178947
          ],
          [
            1.29025251262613,
            0.7450784344052881,
            0.5318264570722964
          ]
        ],
        "Stress": [
          [
            -1927.077234727518,
            -8068.716513343845,
            -83.84992548051035
          ],
          [
            -8068.716513343845,
            1326.8882944459708,
            -173.5840562578986
          ],
          [
            -83.84992548051035,
            -173.5840562578986,
            -910.5807696918578
          ]
        ]
      }
    ],
    "EnergyStyle": "electronvolt",
    "ForcesStyle": "electronvoltperangstrom",
    "Label": "ASE generated",
    "LatticeStyle": "angstrom",
    "PositionsStyle": "angstrom",
    "StressStyle": "bar"
  }
}