{
  "Dataset": {
    "AtomTypeStyle": "chemicalsymbol",
    "Data": [
      {
        "AtomTypes": [
          "Cr",
          "Cr"
        ],
        "Energy": -59.4751023094359,
        "Forces": [
          [
            -0.0001021655735225836,
            6.551844390806983e-05,
            1.439965800177359e-07
          ],
          [
            0.0001021655735225836,
            -6.551844390806983e-05,
            -1.439965800177359e-07
          ]
        ],
        "Lattice": [
          [
            2.596473770680737,
            2.1584079974324244e-05,
            -1.0583544167070826e-08
          ],
          [
            -1.2982181926846608,
            2.248623791645679,
            -6.350126500242496e-09
          ],
          [
            -1.587531625060624e-09,
            -1.2700253000484992e-08,
            2.151047651532701
          ]
        ],
        "NumAtoms": 2,
        "Positions": [
          [
            -3.5284294816319917e-06,
            1.4990988762847526,
            1.6132857248653443
          ],
          [
            1.2982591048380263,
            0.7495464867406475,
            0.537761909733686
          ]
        ],
        "Stress": [
          [
            -555997.0874506703,
            13.239461917975316,
            0.0
          ],
          [
            13.239461917975316,
            -555992.6742966977,
            0.0
          ],
          [
            0.0,
            0.0,
            -886000.9731154746
          ]
        ]
      }
    ],
    "EnergyStyle": "electronvolt",
    "ForcesStyle": "electronvoltperangstrom",
    "Label": "ASE generated",
    "LatticeStyle": "angstrom",
    "PositionsStyle": "angstrom",
    "StressStyle": "bar"
  }
}