{
  "Dataset": {
    "AtomTypeStyle": "chemicalsymbol",
    "Data": [
      {
        "AtomTypes": [
          "Cr",
          "Cr"
        ],
        "Energy": -59.246253416155014,
        "Forces": [
          [
            -0.00010072560772240625,
            5.738263713706775e-05,
            -7.199829000886795e-08
          ],
          [
            0.00010072560772240625,
            -5.738263713706775e-05,
            7.199829000886795e-08
          ]
        ],
        "Lattice": [
          [
            2.615036191644224,
            1.3857034377945833e-05,
            1.0583544167070827e-09
          ],
          [
            -1.307506095141381,
            2.264694618766038,
            1.587531625060624e-09
          ],
          [
            3.704240458474789e-09,
            -5.291772083535414e-10,
            2.1777199195933172
          ]
        ],
        "NumAtoms": 2,
        "Positions": [
          [
            -8.906095462291003e-07,
            1.5098061815378887,
            1.6332899450260243
          ],
          [
            1.3075309908166297,
            0.7549022937333499,
            0.544429977213179
          ]
        ],
        "Stress": [
          [
            -1138364.2409392989,
            -22.065769863292196,
            -0.0
          ],
          [
            -22.065769863292196,
            -1138387.7777604866,
            -0.0
          ],
          [
            -0.0,
            -0.0,
            -1806072.9659511964
          ]
        ]
      }
    ],
    "EnergyStyle": "electronvolt",
    "ForcesStyle": "electronvoltperangstrom",
    "Label": "ASE generated",
    "LatticeStyle": "angstrom",
    "PositionsStyle": "angstrom",
    "StressStyle": "bar"
  }
}