{
  "Dataset": {
    "AtomTypeStyle": "chemicalsymbol",
    "Data": [
      {
        "AtomTypes": [
          "Cr",
          "Cr"
        ],
        "Energy": -59.54140916353572,
        "Forces": [
          [
            0.0007448223101417388,
            0.0004558211740461429,
            4.3918956905409445e-06
          ],
          [
            -0.0007448223101417388,
            -0.0004558211740461429,
            -4.3918956905409445e-06
          ]
        ],
        "Lattice": [
          [
            2.5800408609348664,
            2.2186283637430573e-05,
            -8.382166980320095e-07
          ],
          [
            -1.2900012141908774,
            2.2344819609735014,
            -1.0848132771247597e-06
          ],
          [
            -5.651612585215821e-07,
            -1.1895903643787607e-06,
            2.1272575794171917
          ]
        ],
        "NumAtoms": 2,
        "Positions": [
          [
            -6.855659864928544e-05,
            1.4896961615674165,
            1.5954420338940773
          ],
          [
            1.2901076381813796,
            0.744806796099358,
            0.5318136224931393
          ]
        ],
        "Stress": [
          [
            -289.7971108712375,
            1131.2384683247797,
            11.768410593755835
          ],
          [
            1131.2384683247797,
            -528.1074253947932,
            23.53682118751167
          ],
          [
            11.768410593755835,
            23.53682118751167,
            -285.383956898579
          ]
        ]
      }
    ],
    "EnergyStyle": "electronvolt",
    "ForcesStyle": "electronvoltperangstrom",
    "Label": "ASE generated",
    "LatticeStyle": "angstrom",
    "PositionsStyle": "angstrom",
    "StressStyle": "bar"
  }
}