{
  "Dataset": {
    "AtomTypeStyle": "chemicalsymbol",
    "Data": [
      {
        "AtomTypes": [
          "Cr",
          "Cr"
        ],
        "Energy": -59.541398551086786,
        "Forces": [
          [
            -0.006965114575457884,
            -0.000720126896668697,
            -5.183876880638491e-06
          ],
          [
            0.006965114575457884,
            0.000720126896668697,
            5.183876880638491e-06
          ]
        ],
        "Lattice": [
          [
            2.5799139652986574,
            0.0005184618990615905,
            4.142399186991521e-06
          ],
          [
            -1.2895079570022496,
            2.234033301781639,
            5.410307778206607e-06
          ],
          [
            3.540724701093545e-06,
            7.3645592086562346e-06,
            2.1271546528626355
          ]
        ],
        "NumAtoms": 2,
        "Positions": [
          [
            0.0002758119436473181,
            1.4896023734394765,
            1.5953711534215393
          ],
          [
            1.2901337370774615,
            0.7449567548004327,
            0.5317930521480613
          ]
        ],
        "Stress": [
          [
            3740.8835174901365,
            -5273.718997326835,
            -63.25520694143762
          ],
          [
            -5273.718997326835,
            5791.529063452091,
            -130.92356785553366
          ],
          [
            -63.25520694143762,
            -130.92356785553366,
            5030.99552883062
          ]
        ]
      }
    ],
    "EnergyStyle": "electronvolt",
    "ForcesStyle": "electronvoltperangstrom",
    "Label": "ASE generated",
    "LatticeStyle": "angstrom",
    "PositionsStyle": "angstrom",
    "StressStyle": "bar"
  }
}