{
  "Dataset": {
    "AtomTypeStyle": "chemicalsymbol",
    "Data": [
      {
        "AtomTypes": [
          "Cr"
        ],
        "Energy": -25.992809370925443,
        "Forces": [
          [
            -14.98357669031191,
            22.64617794651653,
            49.2871520898407
          ]
        ],
        "Lattice": [
          [
            4.171839431801062,
            0.0,
            0.0
          ],
          [
            0.2550495755025897,
            3.036427440202653,
            0.0
          ],
          [
            -0.3807387539038921,
            -1.8281167263729525,
            0.7022624189128
          ]
        ],
        "NumAtoms": 1,
        "Positions": [
          [
            0.0,
            0.0,
            0.0
          ]
        ],
        "Stress": [
          [
            820815.746836661,
            98200.03114827137,
            -2814130.00953981
          ],
          [
            98200.03114827137,
            12958392.554610673,
            3081322.9457630906
          ],
          [
            -2814130.00953981,
            3081322.9457630906,
            9398288.005405193
          ]
        ]
      }
    ],
    "EnergyStyle": "electronvolt",
    "ForcesStyle": "electronvoltperangstrom",
    "Label": "ASE generated",
    "LatticeStyle": "angstrom",
    "PositionsStyle": "angstrom",
    "StressStyle": "bar"
  }
}