{
  "Dataset": {
    "AtomTypeStyle": "chemicalsymbol",
    "Data": [
      {
        "AtomTypes": [
          "Cr"
        ],
        "Energy": -43.44292582438038,
        "Forces": [
          [
            -0.13452706989943827,
            -0.27696507392625447,
            -1.0225407058429619
          ]
        ],
        "Lattice": [
          [
            2.2570320433581306,
            -0.08204727988492139,
            1.381152513802743e-07
          ],
          [
            -0.48771349644236706,
            2.205234820864946,
            -1.957955670908103e-08
          ],
          [
            2.0320404800775987e-07,
            7.937658125303119e-09,
            3.4882618292358587
          ]
        ],
        "NumAtoms": 1,
        "Positions": [
          [
            0.0,
            0.0,
            0.0
          ]
        ],
        "Stress": [
          [
            -9099.9234916217,
            -34554.99560591558,
            0.0
          ],
          [
            -34554.99560591558,
            -21770.088547124076,
            -0.0
          ],
          [
            0.0,
            -0.0,
            -207949.28624298985
          ]
        ]
      }
    ],
    "EnergyStyle": "electronvolt",
    "ForcesStyle": "electronvoltperangstrom",
    "Label": "ASE generated",
    "LatticeStyle": "angstrom",
    "PositionsStyle": "angstrom",
    "StressStyle": "bar"
  }
}