{
  "Dataset": {
    "AtomTypeStyle": "chemicalsymbol",
    "Data": [
      {
        "AtomTypes": [
          "Cr"
        ],
        "Energy": -43.34613389389369,
        "Forces": [
          [
            -0.018912714991635007,
            -0.09593192481320689,
            -0.9280953389771006
          ]
        ],
        "Lattice": [
          [
            2.232213799506347,
            -0.061503263846274706,
            1.291192388382641e-07
          ],
          [
            -0.4630307944531999,
            2.1845281632696665,
            -1.4287784625545616e-08
          ],
          [
            1.98441453132578e-07,
            1.3758607417192075e-08,
            3.6380647567326743
          ]
        ],
        "NumAtoms": 1,
        "Positions": [
          [
            0.0,
            0.0,
            0.0
          ]
        ],
        "Stress": [
          [
            28300.085375334347,
            -34550.582451942915,
            0.0
          ],
          [
            -34550.582451942915,
            15631.39137115619,
            -0.0
          ],
          [
            0.0,
            -0.0,
            -183034.08996468454
          ]
        ]
      }
    ],
    "EnergyStyle": "electronvolt",
    "ForcesStyle": "electronvoltperangstrom",
    "Label": "ASE generated",
    "LatticeStyle": "angstrom",
    "PositionsStyle": "angstrom",
    "StressStyle": "bar"
  }
}