{
  "Dataset": {
    "AtomTypeStyle": "chemicalsymbol",
    "Data": [
      {
        "AtomTypes": [
          "Cr"
        ],
        "Energy": -43.60548718366044,
        "Forces": [
          [
            -0.239054907485014,
            -0.39845841277453636,
            -1.2573304800608582
          ]
        ],
        "Lattice": [
          [
            2.294316310502665,
            -0.11287838178908904,
            1.513446815891128e-07
          ],
          [
            -0.5247626411572177,
            2.2363480551852795,
            -2.751721483438415e-08
          ],
          [
            2.1008335171635593e-07,
            -1.0583544167070827e-09,
            3.263557437726048
          ]
        ],
        "NumAtoms": 1,
        "Positions": [
          [
            0.0,
            0.0,
            0.0
          ]
        ],
        "Stress": [
          [
            -49231.67466765333,
            -26287.6871638021,
            0.0
          ],
          [
            -26287.6871638021,
            -58870.00294393935,
            -0.0
          ],
          [
            0.0,
            -0.0,
            -268714.0032925239
          ]
        ]
      }
    ],
    "EnergyStyle": "electronvolt",
    "ForcesStyle": "electronvoltperangstrom",
    "Label": "ASE generated",
    "LatticeStyle": "angstrom",
    "PositionsStyle": "angstrom",
    "StressStyle": "bar"
  }
}