{
  "Dataset": {
    "AtomTypeStyle": "chemicalsymbol",
    "Data": [
      {
        "AtomTypes": [
          "Cr"
        ],
        "Energy": -42.706717644739456,
        "Forces": [
          [
            -1.0157964290533181,
            -1.7710304483893906,
            -0.7223893865621503
          ]
        ],
        "Lattice": [
          [
            2.4560199052964977,
            0.0,
            0.0
          ],
          [
            -0.4428940695221174,
            2.415755914969067,
            0.0
          ],
          [
            0.0,
            0.0,
            4.0880009240077255
          ]
        ],
        "NumAtoms": 1,
        "Positions": [
          [
            0.0,
            0.0,
            0.0
          ]
        ],
        "Stress": [
          [
            -251639.51057230838,
            -22664.48775224952,
            0.0
          ],
          [
            -22664.48775224952,
            -259949.47950282422,
            -0.0
          ],
          [
            0.0,
            -0.0,
            -115275.99491981108
          ]
        ]
      }
    ],
    "EnergyStyle": "electronvolt",
    "ForcesStyle": "electronvoltperangstrom",
    "Label": "ASE generated",
    "LatticeStyle": "angstrom",
    "PositionsStyle": "angstrom",
    "StressStyle": "bar"
  }
}