{
  "Dataset": {
    "AtomTypeStyle": "chemicalsymbol",
    "Data": [
      {
        "AtomTypes": [
          "Cr"
        ],
        "Energy": -43.28205524593341,
        "Forces": [
          [
            0.08708167469397547,
            0.08667606909039052,
            -0.8803812384555352
          ]
        ],
        "Lattice": [
          [
            2.212903729994861,
            -0.04798079011641181,
            1.2223993512966803e-07
          ],
          [
            -0.44624781493362337,
            2.1679731808086635,
            -1.0054366958717286e-08
          ],
          [
            1.9420803546574965e-07,
            1.8521202292373948e-08,
            3.7379333750638843
          ]
        ],
        "NumAtoms": 1,
        "Positions": [
          [
            0.0,
            0.0,
            0.0
          ]
        ],
        "Stress": [
          [
            63108.10180901568,
            -33895.96461266525,
            0.0
          ],
          [
            -33895.96461266525,
            50680.66022200952,
            -0.0
          ],
          [
            0.0,
            -0.0,
            -170484.55111776816
          ]
        ]
      }
    ],
    "EnergyStyle": "electronvolt",
    "ForcesStyle": "electronvoltperangstrom",
    "Label": "ASE generated",
    "LatticeStyle": "angstrom",
    "PositionsStyle": "angstrom",
    "StressStyle": "bar"
  }
}