{
  "Dataset": {
    "AtomTypeStyle": "chemicalsymbol",
    "Data": [
      {
        "AtomTypes": [
          "Cr"
        ],
        "Energy": -44.418815214579354,
        "Forces": [
          [
            -0.3550229089596405,
            -0.3991804684041282,
            -0.9728818845197728
          ]
        ],
        "Lattice": [
          [
            2.433963572764477,
            -0.22824837435497683,
            2.0161651638269924e-07
          ],
          [
            -0.6634239086937926,
            2.3529011885037305,
            -5.6621961293828927e-08
          ],
          [
            2.3601303492567943e-07,
            -3.386734133462665e-08,
            2.4209159694319604
          ]
        ],
        "NumAtoms": 1,
        "Positions": [
          [
            0.0,
            0.0,
            0.0
          ]
        ],
        "Stress": [
          [
            -85535.75029806588,
            -16484.601139203485,
            0.0
          ],
          [
            -16484.601139203485,
            -91580.3001892837,
            -0.0
          ],
          [
            0.0,
            -0.0,
            -263375.5580369314
          ]
        ]
      }
    ],
    "EnergyStyle": "electronvolt",
    "ForcesStyle": "electronvoltperangstrom",
    "Label": "ASE generated",
    "LatticeStyle": "angstrom",
    "PositionsStyle": "angstrom",
    "StressStyle": "bar"
  }
}