{
  "Dataset": {
    "AtomTypeStyle": "chemicalsymbol",
    "Data": [
      {
        "AtomTypes": [
          "Cr"
        ],
        "Energy": -43.912311999113626,
        "Forces": [
          [
            -0.4163874329321274,
            -0.5755694754408478,
            -1.4043842698849403
          ]
        ],
        "Lattice": [
          [
            2.3501936125705445,
            -0.15904553344285494,
            1.7145341550654737e-07
          ],
          [
            -0.5802493061974222,
            2.282983949893496,
            -3.915911341816206e-08
          ],
          [
            2.201377186750732e-07,
            -1.4287784625545616e-08,
            2.9265008501967418
          ]
        ],
        "NumAtoms": 1,
        "Positions": [
          [
            0.0,
            0.0,
            0.0
          ]
        ],
        "Stress": [
          [
            -106718.88936682638,
            -19794.46661869732,
            0.0
          ],
          [
            -19794.46661869732,
            -113977.05660052528,
            0.0
          ],
          [
            0.0,
            0.0,
            -326401.28097179084
          ]
        ]
      }
    ],
    "EnergyStyle": "electronvolt",
    "ForcesStyle": "electronvoltperangstrom",
    "Label": "ASE generated",
    "LatticeStyle": "angstrom",
    "PositionsStyle": "angstrom",
    "StressStyle": "bar"
  }
}