{
  "Dataset": {
    "AtomTypeStyle": "chemicalsymbol",
    "Data": [
      {
        "AtomTypes": [
          "Cr"
        ],
        "Energy": -43.022206708541944,
        "Forces": [
          [
            -0.6702633938262212,
            -1.2274348210864021,
            -0.7373295345177963
          ]
        ],
        "Lattice": [
          [
            2.350987610162692,
            -0.009459942200573751,
            3.280898691791956e-08
          ],
          [
            -0.43325918046331957,
            2.3107397495640383,
            -2.063791112578811e-08
          ],
          [
            5.50344296687683e-08,
            -2.487132879261644e-08,
            4.0079125164291804
          ]
        ],
        "NumAtoms": 1,
        "Positions": [
          [
            0.0,
            0.0,
            0.0
          ]
        ],
        "Stress": [
          [
            -168151.46371755603,
            -29674.047312155344,
            0.0
          ],
          [
            -29674.047312155344,
            -179032.83036280752,
            0.0
          ],
          [
            0.0,
            0.0,
            -125371.82015792935
          ]
        ]
      }
    ],
    "EnergyStyle": "electronvolt",
    "ForcesStyle": "electronvoltperangstrom",
    "Label": "ASE generated",
    "LatticeStyle": "angstrom",
    "PositionsStyle": "angstrom",
    "StressStyle": "bar"
  }
}