{
  "Dataset": {
    "AtomTypeStyle": "chemicalsymbol",
    "Data": [
      {
        "AtomTypes": [
          "Cr"
        ],
        "Energy": -43.22582545648311,
        "Forces": [
          [
            0.15114320477252594,
            0.20240759200505873,
            -0.8247724827906954
          ]
        ],
        "Lattice": [
          [
            2.1996006436103914,
            -0.03597555052372023,
            1.1430227700436493e-07
          ],
          [
            -0.43204043825570987,
            2.157053097399928,
            -5.820949291888954e-09
          ],
          [
            1.8785790896550715e-07,
            2.2754619959202277e-08,
            3.828723028092257
          ]
        ],
        "NumAtoms": 1,
        "Positions": [
          [
            0.0,
            0.0,
            0.0
          ]
        ],
        "Stress": [
          [
            85852.02633277305,
            -34646.20078801719,
            0.0
          ],
          [
            -34646.20078801719,
            73148.02709681362,
            -0.0
          ],
          [
            0.0,
            -0.0,
            -156887.6237280075
          ]
        ]
      }
    ],
    "EnergyStyle": "electronvolt",
    "ForcesStyle": "electronvoltperangstrom",
    "Label": "ASE generated",
    "LatticeStyle": "angstrom",
    "PositionsStyle": "angstrom",
    "StressStyle": "bar"
  }
}