{
  "Dataset": {
    "AtomTypeStyle": "chemicalsymbol",
    "Data": [
      {
        "AtomTypes": [
          "Cr",
          "Cr"
        ],
        "Energy": 127.56132037095358,
        "Forces": [
          [
            0.002822908954667694,
            -0.001640409039562047,
            5.831861490718303e-06
          ],
          [
            -0.002822908954667694,
            0.001640409039562047,
            -5.831861490718303e-06
          ]
        ],
        "Lattice": [
          [
            1.9999998584662084,
            0.0,
            0.0
          ],
          [
            -0.9999999292331042,
            1.7320498774281983,
            0.0
          ],
          [
            0.0,
            0.0,
            1.4999998938496564
          ]
        ],
        "NumAtoms": 2,
        "Positions": [
          [
            -9.999999292331043e-06,
            1.1547063182850126,
            1.1249999203872423
          ],
          [
            1.0000099292323965,
            0.577344359143129,
            0.3749999734624141
          ]
        ],
        "Stress": [
          [
            80267700.73254256,
            2627.29766505599,
            -7.355256621097396
          ],
          [
            2627.29766505599,
            80270770.81665622,
            5.8842052968779175
          ],
          [
            -7.355256621097396,
            5.8842052968779175,
            102826700.86538364
          ]
        ]
      }
    ],
    "EnergyStyle": "electronvolt",
    "ForcesStyle": "electronvoltperangstrom",
    "Label": "ASE generated",
    "LatticeStyle": "angstrom",
    "PositionsStyle": "angstrom",
    "StressStyle": "bar"
  }
}