<?xml version="1.0" encoding="UTF-8"?>
<!-- All quantities are in Hartree atomic units unless otherwise specified -->
<qes:espresso xmlns:xsi="http://www.w3.org/2001/XMLSchema-instance" xmlns:qes="http://www.quantum-espresso.org/ns/qes/qes-1.0" xsi:schemaLocation="http://www.quantum-espresso.org/ns/qes/qes-1.0 http://www.quantum-espresso.org/ns/qes/qes_230310.xsd" Units="Hartree atomic units">
  <general_info>
    <xml_format NAME="QEXSD" VERSION="23.03.10">QEXSD_23.03.10</xml_format>
    <creator NAME="CP" VERSION="7.2">XML file generated by CP</creator>
    <created DATE="27Jul2023" TIME="16: 1:33">This run was terminated on:  16: 1:33  27 Jul 2023</created>
    <job>MD Simulation</job>
  </general_info>
  <parallel_info>
    <nprocs>24</nprocs>
    <nthreads>1</nthreads>
    <ntasks>1</ntasks>
    <nbgrp>1</nbgrp>
    <npool>1</npool>
    <ndiag>24</ndiag>
  </parallel_info>
  <output>
    <algorithmic_info>
      <real_space_q>false</real_space_q>
      <real_space_beta>false</real_space_beta>
      <uspp>true</uspp>
      <paw>false</paw>
    </algorithmic_info>
    <atomic_species ntyp="1">
      <species name="Cr">
        <mass>5.199610000000000E+01</mass>
        <pseudo_file>Cr.upf</pseudo_file>
      </species>
    </atomic_species>
    <atomic_structure nat="16" alat="10.8848224778444">
      <atomic_positions>
        <atom name="Cr" index="1">8.226161084622020E-03  -9.362377442475511E-03  -1.934562942458995E-03</atom>
        <atom name="Cr" index="2">2.761017061303056E+00   2.761310049385568E+00   2.757071326043997E+00</atom>
        <atom name="Cr" index="3">-7.242218818134087E-02  -7.785744883618141E-02   5.428218020295614E+00</atom>
        <atom name="Cr" index="4">2.767834180960809E+00   2.698272980930963E+00   8.087448619910539E+00</atom>
        <atom name="Cr" index="5">-1.003849721924401E-02   5.464660704552127E+00   1.736046344070489E-02</atom>
        <atom name="Cr" index="6">2.684990011895187E+00   8.198888236066329E+00   2.678915442635081E+00</atom>
        <atom name="Cr" index="7">2.082272780696954E-02   5.367688836045654E+00   5.523657016592905E+00</atom>
        <atom name="Cr" index="8">2.720867498934382E+00   8.151242846209776E+00   8.109215469055094E+00</atom>
        <atom name="Cr" index="9">5.227711295522136E+00   4.129686905742164E-02   2.173394551035885E-02</atom>
        <atom name="Cr" index="10">8.121661761017934E+00   2.757321120558807E+00   2.751763974762074E+00</atom>
        <atom name="Cr" index="11">5.499968541259712E+00   2.960225435885594E-02   5.469441552985035E+00</atom>
        <atom name="Cr" index="12">8.190299126675917E+00   2.766616131983981E+00   8.201447851717369E+00</atom>
        <atom name="Cr" index="13">5.513618607624100E+00   5.374883719950966E+00   7.244274927164726E-03</atom>
        <atom name="Cr" index="14">8.302735265579297E+00   8.192218057211093E+00   2.680817214135054E+00</atom>
        <atom name="Cr" index="15">5.435664566114850E+00   5.451570074810348E+00   5.450857721239156E+00</atom>
        <atom name="Cr" index="16">8.135978746688249E+00   8.140582812223409E+00   8.125676536758952E+00</atom>
      </atomic_positions>
      <cell>
        <a1>1.088482247784444E+01   0.000000000000000E+00   0.000000000000000E+00</a1>
        <a2>0.000000000000000E+00   1.088482247784444E+01   0.000000000000000E+00</a2>
        <a3>0.000000000000000E+00   0.000000000000000E+00   1.088482247784444E+01</a3>
      </cell>
    </atomic_structure>
    <basis_set>
      <gamma_only>true</gamma_only>
      <ecutwfc>3.000000000000000E+01</ecutwfc>
      <ecutrho>2.400000000000000E+02</ecutrho>
      <fft_grid nr1="75" nr2="75" nr3="75"></fft_grid>
      <fft_smooth nr1="54" nr2="54" nr3="54"></fft_smooth>
      <fft_box nr1="75" nr2="75" nr3="75"></fft_box>
      <ngm>114304</ngm>
      <ngms>40399</ngms>
      <npwx>5066</npwx>
      <reciprocal_lattice>
        <b1>1.000000000000000E+00   0.000000000000000E+00   0.000000000000000E+00</b1>
        <b2>0.000000000000000E+00   1.000000000000000E+00   0.000000000000000E+00</b2>
        <b3>0.000000000000000E+00   0.000000000000000E+00   1.000000000000000E+00</b3>
      </reciprocal_lattice>
    </basis_set>
    <dft>
      <functional>PBE</functional>
    </dft>
    <magnetization>
      <lsda>true</lsda>
      <noncolin>false</noncolin>
      <spinorbit>false</spinorbit>
      <absolute>0.000000000000000E+00</absolute>
    </magnetization>
    <total_energy>
      <etot>-6.735493696952720E+02</etot>
      <ehart>-1.150189749724860E+03</ehart>
      <vtxc>0.000000000000000E+00</vtxc>
      <etxc>-2.810080364007872E+02</etxc>
    </total_energy>
    <band_structure>
      <lsda>true</lsda>
      <noncolin>false</noncolin>
      <spinorbit>false</spinorbit>
      <nbnd_up>112</nbnd_up>
      <nbnd_dw>112</nbnd_dw>
      <nelec>2.240000000000000E+02</nelec>
      <num_of_atomic_wfc>160</num_of_atomic_wfc>
      <wf_collected>true</wf_collected>
      <starting_k_points>
        <nk>1</nk>
        <k_point weight="1.00000000000000">0.000000000000000E+00   0.000000000000000E+00   0.000000000000000E+00</k_point>
      </starting_k_points>
      <nks>1</nks>
      <occupations_kind spin="0">fixed</occupations_kind>
      <ks_energies>
        <k_point weight="1.00000000000000">0.000000000000000E+00   0.000000000000000E+00   0.000000000000000E+00</k_point>
        <npw>5066</npw>
        <eigenvalues size="224">
  -3.476872831263860E+00  -3.416485006194367E+00  -3.376488984520899E+00
  -3.210103549018997E+00  -3.091351967164622E+00
  -2.533936190242017E+00  -2.421438221608078E+00  -2.331920154446742E+00
  -2.278440725960939E+00  -2.251556635345129E+00
  -2.204114817235961E+00  -2.148008520151051E+00  -2.098417729344210E+00
  -2.050360533664538E+00  -1.983615189321926E+00
  -1.931427621102622E+00  -1.883056333179204E+00  -1.872302216967288E+00
  -1.837565887494732E+00  -1.787270974701454E+00
  -1.772263791629378E+00  -1.694925873305473E+00  -1.690078659278535E+00
  -1.631402292319521E+00  -1.585715275749636E+00
  -1.574703650351046E+00  -1.555065248374496E+00  -1.514594858901879E+00
  -1.479925044347696E+00  -1.472740646125314E+00
  -1.454372552423124E+00  -1.408976465778720E+00  -1.390652718551975E+00
  -1.367457003539129E+00  -1.349485857426907E+00
  -1.319827321352944E+00  -1.303848341925580E+00  -1.289018983300831E+00
  -1.281974059410580E+00  -1.278538347470110E+00
  -1.258736797291050E+00  -1.230215500017821E+00  -1.223186529709767E+00
  -1.204825105674732E+00  -1.196661582442095E+00
  -1.175751420035887E+00  -1.162204860046896E+00  -1.144181503660029E+00
  -1.113657941931679E+00  -1.082647521139731E+00
  -1.075668594704827E+00  -1.050497417833459E+00  -1.038778342458400E+00
  -1.015626415730487E+00  -9.912475765336791E-01
  -9.882123212195791E-01  -9.718900424234954E-01  -9.503168243420709E-01
  -9.296511300175704E-01  -9.074251834549213E-01
  -8.966978123459043E-01  -8.733337176990615E-01  -8.549666664172249E-01
  -8.412456898860839E-01  -8.281924367543313E-01
  -8.244338303806776E-01  -8.025151898063217E-01  -7.753347769505756E-01
  -7.622847540677574E-01  -7.473214105904969E-01
  -7.375646538242150E-01  -7.043736613011377E-01  -6.983769832488655E-01
  -6.828609438576805E-01  -6.766570862536484E-01
  -6.423655320585114E-01  -6.284974182307422E-01  -6.063140216042442E-01
  -5.888385837254428E-01  -5.537572966182271E-01
  -5.331089150309893E-01  -5.210186043226707E-01  -5.009225605866050E-01
  -4.977573239983841E-01  -4.816288804660460E-01
  -4.563629081014587E-01  -4.044571104060960E-01  -3.878876867157841E-01
  -3.616992125916946E-01  -3.498078752452877E-01
  -3.020198167125104E-01  -2.877674397206190E-01  -2.602873494505076E-01
  -2.327824930032686E-01  -2.110795226725415E-01
  -1.864489397470148E-01  -1.678316612680909E-01  -1.287751374508870E-01
  -1.219746136109701E-01  -1.046578377558000E-01
  -8.224720611375960E-02  -5.754599564374900E-02  -4.732325694715298E-02
  -2.568154378951660E-02  -5.916013431207554E-03
   2.612223684206108E-02   4.322417957358757E-02   8.364736670643960E-02
   1.141922758584921E-01   1.331433939180409E-01
   1.841009556726016E-01   2.251318794947499E-01  -3.659519450565666E+00
  -3.357725364205841E+00  -3.298550507303522E+00
  -3.217772097412627E+00  -3.146949466501864E+00  -3.101117696859886E+00
  -3.092251911412792E+00  -2.970447649435788E+00
  -2.879152286432245E+00  -2.762203034876087E+00  -2.713137976531982E+00
  -2.236962630663722E+00  -2.110728048318306E+00
  -2.018865545013607E+00  -1.979625553123320E+00  -1.910297597440666E+00
  -1.834676156871311E+00  -1.777015411151216E+00
  -1.689753919739275E+00  -1.675688109401834E+00  -1.643616756780466E+00
  -1.585132951404197E+00  -1.529505162248970E+00
  -1.519909686687055E+00  -1.498240675785549E+00  -1.477354144160802E+00
  -1.468935852442115E+00  -1.446850755395644E+00
  -1.428490393093405E+00  -1.389317061836595E+00  -1.380601973173742E+00
  -1.365195263808379E+00  -1.350479511236149E+00
  -1.335023905424139E+00  -1.330578857757190E+00  -1.307304956886251E+00
  -1.293458255099935E+00  -1.265632174077810E+00
  -1.253215688647175E+00  -1.220251904888927E+00  -1.215870172194885E+00
  -1.200958244123199E+00  -1.163568455827579E+00
  -1.159969994613946E+00  -1.150089276936713E+00  -1.131539047880882E+00
  -1.091596252208626E+00  -1.075014093306460E+00
  -1.066689843561669E+00  -1.057363924294535E+00  -1.036382123249962E+00
  -1.030367989107536E+00  -1.011016936871801E+00
  -9.917567032156455E-01  -9.852267948035158E-01  -9.546994669977104E-01
  -9.459069606904982E-01  -9.398676991832970E-01
  -9.260875057724645E-01  -9.057312336535810E-01  -8.945127597705885E-01
  -8.842160688524272E-01  -8.577302980511297E-01
  -8.408120606898979E-01  -8.194654470476188E-01  -8.049574277405148E-01
  -7.910911752972518E-01  -7.610094772597552E-01
  -7.547109192554170E-01  -7.367794163757639E-01  -7.190796517957507E-01
  -6.979976565522722E-01  -6.678010953946402E-01
  -6.343222351244130E-01  -6.209702667670587E-01  -5.945437777893419E-01
  -5.746114587295363E-01  -5.604262127656942E-01
  -5.543804116572566E-01  -5.308471749005302E-01  -5.109857590956618E-01
  -4.914725088754597E-01  -4.634943193256794E-01
  -4.497722719056259E-01  -3.823806275990381E-01  -3.447922787185869E-01
  -3.250818858543763E-01  -2.875614735299419E-01
  -2.684556748777750E-01  -2.278893053839726E-01  -2.164895607817262E-01
  -2.069381184010647E-01  -1.970802092686033E-01
  -1.817154572330632E-01  -1.523380434064254E-01  -1.263619718551409E-01
  -1.007039832808490E-01  -8.585916459808808E-02
  -6.500535864678399E-02  -5.206340107883503E-02  -4.350580296827922E-02
  -2.439823983066021E-02  -4.573916510491914E-03
   2.789225031216930E-02   4.067725571271319E-02   5.578071894164913E-02
   6.702923091274809E-02   8.728480058572638E-02
   1.144980040860099E-01   1.185038385225507E-01   1.750543755689353E-01
   2.117903770041096E-01
        </eigenvalues>
        <occupations size="224">
   1.000000000000000E+00   1.000000000000000E+00   1.000000000000000E+00
   1.000000000000000E+00   1.000000000000000E+00
   1.000000000000000E+00   1.000000000000000E+00   1.000000000000000E+00
   1.000000000000000E+00   1.000000000000000E+00
   1.000000000000000E+00   1.000000000000000E+00   1.000000000000000E+00
   1.000000000000000E+00   1.000000000000000E+00
   1.000000000000000E+00   1.000000000000000E+00   1.000000000000000E+00
   1.000000000000000E+00   1.000000000000000E+00
   1.000000000000000E+00   1.000000000000000E+00   1.000000000000000E+00
   1.000000000000000E+00   1.000000000000000E+00
   1.000000000000000E+00   1.000000000000000E+00   1.000000000000000E+00
   1.000000000000000E+00   1.000000000000000E+00
   1.000000000000000E+00   1.000000000000000E+00   1.000000000000000E+00
   1.000000000000000E+00   1.000000000000000E+00
   1.000000000000000E+00   1.000000000000000E+00   1.000000000000000E+00
   1.000000000000000E+00   1.000000000000000E+00
   1.000000000000000E+00   1.000000000000000E+00   1.000000000000000E+00
   1.000000000000000E+00   1.000000000000000E+00
   1.000000000000000E+00   1.000000000000000E+00   1.000000000000000E+00
   1.000000000000000E+00   1.000000000000000E+00
   1.000000000000000E+00   1.000000000000000E+00   1.000000000000000E+00
   1.000000000000000E+00   1.000000000000000E+00
   1.000000000000000E+00   1.000000000000000E+00   1.000000000000000E+00
   1.000000000000000E+00   1.000000000000000E+00
   1.000000000000000E+00   1.000000000000000E+00   1.000000000000000E+00
   1.000000000000000E+00   1.000000000000000E+00
   1.000000000000000E+00   1.000000000000000E+00   1.000000000000000E+00
   1.000000000000000E+00   1.000000000000000E+00
   1.000000000000000E+00   1.000000000000000E+00   1.000000000000000E+00
   1.000000000000000E+00   1.000000000000000E+00
   1.000000000000000E+00   1.000000000000000E+00   1.000000000000000E+00
   1.000000000000000E+00   1.000000000000000E+00
   1.000000000000000E+00   1.000000000000000E+00   1.000000000000000E+00
   1.000000000000000E+00   1.000000000000000E+00
   1.000000000000000E+00   1.000000000000000E+00   1.000000000000000E+00
   1.000000000000000E+00   1.000000000000000E+00
   1.000000000000000E+00   1.000000000000000E+00   1.000000000000000E+00
   1.000000000000000E+00   1.000000000000000E+00
   1.000000000000000E+00   1.000000000000000E+00   1.000000000000000E+00
   1.000000000000000E+00   1.000000000000000E+00
   1.000000000000000E+00   1.000000000000000E+00   1.000000000000000E+00
   1.000000000000000E+00   1.000000000000000E+00
   1.000000000000000E+00   1.000000000000000E+00   1.000000000000000E+00
   1.000000000000000E+00   1.000000000000000E+00
   1.000000000000000E+00   1.000000000000000E+00   1.000000000000000E+00
   1.000000000000000E+00   1.000000000000000E+00
   1.000000000000000E+00   1.000000000000000E+00   1.000000000000000E+00
   1.000000000000000E+00   1.000000000000000E+00
   1.000000000000000E+00   1.000000000000000E+00   1.000000000000000E+00
   1.000000000000000E+00   1.000000000000000E+00
   1.000000000000000E+00   1.000000000000000E+00   1.000000000000000E+00
   1.000000000000000E+00   1.000000000000000E+00
   1.000000000000000E+00   1.000000000000000E+00   1.000000000000000E+00
   1.000000000000000E+00   1.000000000000000E+00
   1.000000000000000E+00   1.000000000000000E+00   1.000000000000000E+00
   1.000000000000000E+00   1.000000000000000E+00
   1.000000000000000E+00   1.000000000000000E+00   1.000000000000000E+00
   1.000000000000000E+00   1.000000000000000E+00
   1.000000000000000E+00   1.000000000000000E+00   1.000000000000000E+00
   1.000000000000000E+00   1.000000000000000E+00
   1.000000000000000E+00   1.000000000000000E+00   1.000000000000000E+00
   1.000000000000000E+00   1.000000000000000E+00
   1.000000000000000E+00   1.000000000000000E+00   1.000000000000000E+00
   1.000000000000000E+00   1.000000000000000E+00
   1.000000000000000E+00   1.000000000000000E+00   1.000000000000000E+00
   1.000000000000000E+00   1.000000000000000E+00
   1.000000000000000E+00   1.000000000000000E+00   1.000000000000000E+00
   1.000000000000000E+00   1.000000000000000E+00
   1.000000000000000E+00   1.000000000000000E+00   1.000000000000000E+00
   1.000000000000000E+00   1.000000000000000E+00
   1.000000000000000E+00   1.000000000000000E+00   1.000000000000000E+00
   1.000000000000000E+00   1.000000000000000E+00
   1.000000000000000E+00   1.000000000000000E+00   1.000000000000000E+00
   1.000000000000000E+00   1.000000000000000E+00
   1.000000000000000E+00   1.000000000000000E+00   1.000000000000000E+00
   1.000000000000000E+00   1.000000000000000E+00
   1.000000000000000E+00   1.000000000000000E+00   1.000000000000000E+00
   1.000000000000000E+00   1.000000000000000E+00
   1.000000000000000E+00   1.000000000000000E+00   1.000000000000000E+00
   1.000000000000000E+00   1.000000000000000E+00
   1.000000000000000E+00   1.000000000000000E+00   1.000000000000000E+00
   1.000000000000000E+00   1.000000000000000E+00
   1.000000000000000E+00   1.000000000000000E+00   1.000000000000000E+00
   1.000000000000000E+00   1.000000000000000E+00
   1.000000000000000E+00   1.000000000000000E+00   1.000000000000000E+00
   1.000000000000000E+00   1.000000000000000E+00
   1.000000000000000E+00   1.000000000000000E+00   1.000000000000000E+00
   1.000000000000000E+00   1.000000000000000E+00
   1.000000000000000E+00   1.000000000000000E+00   1.000000000000000E+00
   1.000000000000000E+00
        </occupations>
      </ks_energies>
    </band_structure>
    <forces rank="2" dims="           3          16">
  -1.158456711251749E+00   1.038237453350514E+00  -3.173171460964678E+00
  -2.280967154576709E+00   2.244072289356553E-01  -2.001436368854748E-04
  -2.112130300543218E-01   6.638024685342243E-01   2.140957258184173E+00
  -1.011373576601023E+00  -1.032674080885300E+00   8.556390169796196E-02
   2.208416067921851E+00   1.180262421854124E+00   8.456497382718846E-01
  -3.182458561213036E+00   2.968815165639263E-01   6.375490311892690E-01
   8.403301902385529E-03   1.102041020333292E-01  -1.103083623985126E-01
  -9.105939914840566E-02   7.929110475235639E-01  -6.073337288509405E-01
   1.260627599515227E+00  -7.948856668414277E-01   1.211012003480975E-01
  -2.276462458278413E-01   2.632515206046012E-01   1.103308117552253E+00
  -1.332339609941145E+00  -2.392742879761605E+00   1.320495899741542E-01
   6.262205013219716E-01  -8.992013853413121E-01   2.223362575794467E-01
   5.298427728306392E-01   9.690144620748298E-01  -1.594564569467462E+00
   9.571401559543247E-01   2.110428616322436E+00  -2.190596406907228E-01
  -1.578202448500721E-01  -4.524721526764739E-01  -2.846372318279180E-01
  -1.116913124478369E+00  -2.817537300515301E-01   8.790040830991943E-01
    </forces>
  </output>
  <STATUS>
    <STEP ITERATION="200"/>
    <TIME UNITS="pico-seconds">2.418884326585714E-02</TIME>
    <TITLE>temporary title</TITLE>
    <KINETIC_ENERGY UNITS="Hartree">9.857835393942737E+02</KINETIC_ENERGY>
    <HARTREE_ENERGY>-1.150189749724860E+03</HARTREE_ENERGY>
    <EWALD_TERM>7.088642544313952E-03</EWALD_TERM>
    <GAUSS_SELFINT>1.251082991338893E+03</GAUSS_SELFINT>
    <LPSP_ENERGY>-4.810697234120153E+02</LPSP_ENERGY>
    <NLPSP_ENERGY>2.529346004481169E+02</NLPSP_ENERGY>
    <EXC_ENERGY>-2.810080364007872E+02</EXC_ENERGY>
    <AVERAGE_POT>0.000000000000000E+00</AVERAGE_POT>
    <ENTHALPY>-6.735493696952720E+02</ENTHALPY>
  </STATUS>
  <TIMESTEPS nt="2">
    <STEP0>
      <ACCUMULATORS>
   1.225087553605118E+05   1.770970184524046E+05  -3.710753840567116E+05
  -1.460895668758453E+05   5.562408752593545E+05  -1.460895668758453E+05
  -1.460472906349851E+05   0.000000000000000E+00   2.579253609923179E+05
   0.000000000000000E+00
      </ACCUMULATORS>
      <IONS_POSITIONS>
        <stau>
   7.557460033331733E-04  -8.601313858386030E-04  -1.777303163553389E-04
   2.536575187076300E-01   2.536844358285209E-01   2.532950198917705E-01
  -6.653502005085793E-03  -7.152845073464149E-03   4.986960541933051E-01
   2.542838146046580E-01   2.478931545666616E-01   7.430023444454125E-01
  -9.222472153015745E-04   5.020440816260621E-01   1.594923892974950E-03
   2.466728343397757E-01   7.532404182755204E-01   2.461147573226750E-01
   1.913005733382723E-03   4.931351748704531E-01   5.074641343794131E-01
   2.499689365143606E-01   7.488631865885973E-01   7.450020875913260E-01
   4.802752921476584E-01   3.793986456047359E-03   1.996720254703034E-03
   7.461455414223990E-01   2.533179687745216E-01   2.528074279909631E-01
   5.052878494302180E-01   2.719589999663292E-03   5.024833031606933E-01
   7.524513278325762E-01   2.541719111740502E-01   7.534755728364927E-01
   5.065418952717715E-01   4.937961763631238E-01   6.655390973908964E-04
   7.627809532474361E-01   7.526276219833610E-01   2.462894750549893E-01
   4.993801761286323E-01   5.008414318108332E-01   5.007759871448644E-01
   7.474608578365578E-01   7.478838381418895E-01   7.465143830593838E-01
        </stau>
        <svel>
   1.846775338955517E-05  -2.424056110915309E-05  -3.827932568465380E-05
  -2.814640692663435E-05   1.186251870591114E-05   1.181728346479376E-05
   2.271736718370713E-05  -6.243927465458735E-05   2.604023384181762E-05
  -1.601601759785391E-05  -1.639562928445006E-05  -2.150601928786713E-05
   2.514164230301815E-05   3.138280630004408E-05  -2.531972913800745E-06
  -4.909982650229895E-05   5.404462337508369E-06  -1.125822603662381E-05
   3.001442725806277E-05  -1.009938941904125E-05  -8.616683076474554E-06
   1.619521542631215E-05   5.130738989562045E-06   1.714761781069140E-05
   1.123965671201426E-06  -1.776624275382474E-05  -1.459450173098238E-05
  -2.073557893505692E-05   9.033006078089879E-06   1.709715002160556E-05
  -2.165045168768066E-05   6.406636105011485E-06   3.820581135726820E-05
  -1.785517989984038E-05   5.686344502492125E-07   2.072122568548213E-06
  -4.822533522356089E-05   9.724007396877240E-06  -3.975358875923471E-05
   1.362733859199437E-05   1.376968129027954E-05  -2.766824931356341E-05
  -4.508129368897744E-05   2.710992634010514E-05   3.690623975080282E-05
   1.911312087998886E-05   4.535871967690197E-05   1.837746392094969E-05
        </svel>
        <taui>
  -4.081808429191664E+00  -4.081808429191664E+00  -4.081808429191663E+00
  -1.360602809730555E+00  -1.360602809730555E+00  -1.360602809730554E+00
  -4.081808429191664E+00  -4.081808429191664E+00   1.360602809730555E+00
  -1.360602809730555E+00  -1.360602809730555E+00   4.081808429191663E+00
  -4.081808429191664E+00   1.360602809730554E+00  -4.081808429191663E+00
  -1.360602809730555E+00   4.081808429191662E+00  -1.360602809730554E+00
  -4.081808429191664E+00   1.360602809730554E+00   1.360602809730555E+00
  -1.360602809730555E+00   4.081808429191662E+00   4.081808429191663E+00
   1.360602809730554E+00  -4.081808429191664E+00  -4.081808429191663E+00
   4.081808429191662E+00  -1.360602809730555E+00  -1.360602809730554E+00
   1.360602809730554E+00  -4.081808429191664E+00   1.360602809730555E+00
   4.081808429191662E+00  -1.360602809730555E+00   4.081808429191663E+00
   1.360602809730554E+00   1.360602809730554E+00  -4.081808429191663E+00
   4.081808429191662E+00   4.081808429191662E+00  -1.360602809730554E+00
   1.360602809730554E+00   1.360602809730554E+00   1.360602809730555E+00
   4.081808429191662E+00   4.081808429191662E+00   4.081808429191663E+00
        </taui>
        <cdmi>4.081808429191664E+00   4.081808429191664E+00   4.081808429191663E+00</cdmi>
        <force>
  -2.316913422503498E+00   2.076474906701027E+00  -6.346342921929355E+00
  -4.561934309153418E+00   4.488144578713106E-01  -4.002872737709495E-04
  -4.224260601086436E-01   1.327604937068449E+00   4.281914516368346E+00
  -2.022747153202046E+00  -2.065348161770601E+00   1.711278033959239E-01
   4.416832135843702E+00   2.360524843708247E+00   1.691299476543769E+00
  -6.364917122426071E+00   5.937630331278526E-01   1.275098062378538E+00
   1.680660380477106E-02   2.204082040666584E-01  -2.206167247970253E-01
  -1.821187982968113E-01   1.585822095047128E+00  -1.214667457701881E+00
   2.521255199030455E+00  -1.589771333682855E+00   2.422024006961950E-01
  -4.552924916556825E-01   5.265030412092024E-01   2.206616235104506E+00
  -2.664679219882291E+00  -4.785485759523210E+00   2.640991799483083E-01
   1.252441002643943E+00  -1.798402770682624E+00   4.446725151588933E-01
   1.059685545661278E+00   1.938028924149660E+00  -3.189129138934925E+00
   1.914280311908649E+00   4.220857232644871E+00  -4.381192813814457E-01
  -3.156404897001441E-01  -9.049443053529478E-01  -5.692744636558360E-01
  -2.233826248956738E+00  -5.635074601030603E-01   1.758008166198389E+00
        </force>
      </IONS_POSITIONS>
      <IONS_NOSE>
        <nhpcl>1</nhpcl>
        <nhpdim>1</nhpdim>
        <xnhp>4.431013556224476E-02</xnhp>
        <vnhp>9.536289288569755E-05</vnhp>
      </IONS_NOSE>
      <ekincm>6.718024054116306E+02</ekincm>
      <ELECTRONS_NOSE>
        <xnhe>0.000000000000000E+00</xnhe>
        <vnhe>0.000000000000000E+00</vnhe>
      </ELECTRONS_NOSE>
      <CELL_PARAMETERS>
        <ht>
   1.088482247784444E+01   0.000000000000000E+00   0.000000000000000E+00
   0.000000000000000E+00   1.088482247784444E+01   0.000000000000000E+00
   0.000000000000000E+00   0.000000000000000E+00   1.088482247784444E+01
        </ht>
        <htvel>
   0.000000000000000E+00   0.000000000000000E+00   0.000000000000000E+00
   0.000000000000000E+00   0.000000000000000E+00   0.000000000000000E+00
   0.000000000000000E+00   0.000000000000000E+00   0.000000000000000E+00
        </htvel>
        <gvel>
   0.000000000000000E+00   0.000000000000000E+00   0.000000000000000E+00
   0.000000000000000E+00   0.000000000000000E+00   0.000000000000000E+00
   0.000000000000000E+00   0.000000000000000E+00   0.000000000000000E+00
        </gvel>
      </CELL_PARAMETERS>
      <CELL_NOSE>
        <xnhh>
   0.000000000000000E+00   0.000000000000000E+00   0.000000000000000E+00
   0.000000000000000E+00   0.000000000000000E+00   0.000000000000000E+00
   0.000000000000000E+00   0.000000000000000E+00   0.000000000000000E+00
        </xnhh>
        <vnhh>
   0.000000000000000E+00   0.000000000000000E+00   0.000000000000000E+00
   0.000000000000000E+00   0.000000000000000E+00   0.000000000000000E+00
   0.000000000000000E+00   0.000000000000000E+00   0.000000000000000E+00
        </vnhh>
      </CELL_NOSE>
    </STEP0>
    <STEPM>
      <IONS_POSITIONS>
        <stau>
   6.274886052533489E-04  -7.308475976225479E-04  -5.952476525449970E-05
   2.537095226243269E-01   2.536492112701382E-01   2.532098826709556E-01
  -6.799289874748695E-03  -6.816209116319737E-03   4.986152177887809E-01
   2.543032966252553E-01   2.479507103286789E-01   7.431170901661800E-01
  -1.009284976266450E-03   5.019113135203661E-01   1.645615833203377E-03
   2.467839274663375E-01   7.532006611267104E-01   2.461675701811220E-01
   1.747114995482450E-03   4.932121673793647E-01   5.074972148184183E-01
   2.498412614616633E-01   7.488810484918260E-01   7.448548548864056E-01
   4.802935701918939E-01   3.845458520499567E-03   2.084981642598000E-03
   7.462430400308560E-01   2.532967706110154E-01   2.527651329488267E-01
   5.053440797611438E-01   2.669242124894464E-03   5.023167614412744E-01
   7.525518355434508E-01   2.541447276150834E-01   7.534905180588851E-01
   5.067690746780346E-01   4.937911684220034E-01   8.046129052285254E-04
   7.627182920843706E-01   7.526253787314217E-01   2.464231100798086E-01
   4.995643869424272E-01   5.007312784431746E-01   5.006161376694399E-01
   7.473116838405209E-01   7.476379201287684E-01   7.464508236741294E-01
        </stau>
        <svel>
   2.970399212537409E-05  -3.035178375871672E-05  -8.210671803685733E-06
  -9.154545824008320E-07   6.502805372010645E-06   1.708647761212157E-05
   2.861912160836283E-05  -7.001701847307229E-05   5.846764719064091E-06
  -5.639289852421570E-07  -5.963932689959095E-06  -2.331538825973700E-05
   5.137050920500468E-06   2.138262140908287E-05  -1.418612316259234E-05
  -8.366099721074383E-06   7.058217676592094E-06  -1.360163161610861E-05
   3.157605523216600E-05  -1.539235589635424E-05  -6.028938574331733E-06
   2.441324492381824E-05  -6.872863359874692E-06   3.245163981792088E-05
  -1.133669113858593E-05  -5.899591695292034E-06  -1.818952702236517E-05
  -1.997011637480117E-05   3.508558210374435E-06   3.166699018286590E-06
  -6.359448241366473E-06   2.221492776229594E-05   3.273017396999700E-05
  -2.471123293035227E-05   1.034095883515884E-05  -4.013538179459264E-06
  -4.958441851754536E-05  -3.151471974482956E-06  -2.003767726232871E-05
   6.326177830873193E-06  -9.237591564326131E-06  -2.561747538008530E-05
  -3.765517727096213E-05   2.477334015380528E-05   3.341131171713529E-05
   3.368692512135674E-05   5.110517999279418E-05   8.507904406240830E-06
        </svel>
      </IONS_POSITIONS>
      <IONS_NOSE>
        <nhpcl>1</nhpcl>
        <nhpdim>1</nhpdim>
        <xnhp>4.383252796097469E-02</xnhp>
      </IONS_NOSE>
      <ELECTRONS_NOSE>
        <xnhe>0.000000000000000E+00</xnhe>
      </ELECTRONS_NOSE>
      <CELL_PARAMETERS>
        <ht>
   1.088482247784444E+01   0.000000000000000E+00   0.000000000000000E+00
   0.000000000000000E+00   1.088482247784444E+01   0.000000000000000E+00
   0.000000000000000E+00   0.000000000000000E+00   1.088482247784444E+01
        </ht>
      </CELL_PARAMETERS>
      <CELL_NOSE>
        <xnhh>
   0.000000000000000E+00   0.000000000000000E+00   0.000000000000000E+00
   0.000000000000000E+00   0.000000000000000E+00   0.000000000000000E+00
   0.000000000000000E+00   0.000000000000000E+00   0.000000000000000E+00
        </xnhh>
      </CELL_NOSE>
    </STEPM>
  </TIMESTEPS>
  <exit_status>0</exit_status>
  <timing_info>
    <total label="CP">
      <cpu>3.348472670000000E+02</cpu>
      <wall>3.392260391712189E+02</wall>
    </total>
    <partial label="initialize" calls="1">
      <cpu>6.439997000000001E+00</cpu>
      <wall>6.574038982391357E+00</wall>
    </partial>
    <partial label="init_dim" calls="1">
      <cpu>3.701399999999999E-02</cpu>
      <wall>3.828597068786621E-02</wall>
    </partial>
    <partial label="nlinit" calls="1">
      <cpu>4.454370000000000E+00</cpu>
      <wall>4.470453977584839E+00</wall>
    </partial>
    <partial label="qradx" calls="1">
      <cpu>1.298671000000000E+00</cpu>
      <wall>1.300282955169678E+00</wall>
    </partial>
    <partial label="betagx" calls="1">
      <cpu>2.436409000000000E+00</cpu>
      <wall>2.436553955078125E+00</wall>
    </partial>
    <partial label="newnlinit" calls="1">
      <cpu>3.634810000000002E-01</cpu>
      <wall>3.770809173583984E-01</wall>
    </partial>
    <partial label="from_scratch" calls="1">
      <cpu>1.943424000000000E+00</cpu>
      <wall>2.000924110412598E+00</wall>
    </partial>
    <partial label="strucf" calls="201">
      <cpu>2.144000000032520E-02</cpu>
      <wall>2.135920524597168E-02</wall>
    </partial>
    <partial label="fftb" calls="250264">
      <cpu>1.298972469999992E+02</cpu>
      <wall>1.304707322120667E+02</wall>
    </partial>
    <partial label="prefor" calls="801">
      <cpu>1.656040000003713E-01</cpu>
      <wall>1.687059402465820E-01</wall>
    </partial>
    <partial label="gram" calls="1">
      <cpu>4.575599999999991E-02</cpu>
      <wall>4.574108123779297E-02</wall>
    </partial>
    <partial label="calbec" calls="404">
      <cpu>4.407939999999826E-01</cpu>
      <wall>4.916312694549561E-01</wall>
    </partial>
    <partial label="nlsm1" calls="404">
      <cpu>4.393980000002102E-01</cpu>
      <wall>4.907262325286865E-01</wall>
    </partial>
    <partial label="formf" calls="1">
      <cpu>5.200000000016303E-05</cpu>
      <wall>1.859664916992188E-04</wall>
    </partial>
    <partial label="rhoofr" calls="201">
      <cpu>1.917389000000003E+01</cpu>
      <wall>1.937733817100525E+01</wall>
    </partial>
    <partial label="fftw" calls="67536">
      <cpu>6.987101999999595E+00</cpu>
      <wall>7.242158889770508E+00</wall>
    </partial>
    <partial label="fft_scatter" calls="70972">
      <cpu>4.217692999995222E+00</cpu>
      <wall>4.506864309310913E+00</wall>
    </partial>
    <partial label="ffts" calls="402">
      <cpu>7.382000000012567E-02</cpu>
      <wall>7.933783531188965E-02</wall>
    </partial>
    <partial label="fft" calls="3034">
      <cpu>1.943144000000700E+00</cpu>
      <wall>2.184399843215942E+00</wall>
    </partial>
    <partial label="rhov" calls="201">
      <cpu>1.558271699999995E+01</cpu>
      <wall>1.563303661346436E+01</wall>
    </partial>
    <partial label="set_cc" calls="201">
      <cpu>9.498189999998203E-01</cpu>
      <wall>9.645009040832520E-01</wall>
    </partial>
    <partial label="vofrho" calls="201">
      <cpu>9.325465999999835E+00</cpu>
      <wall>9.634168624877930E+00</wall>
    </partial>
    <partial label="force_loc" calls="201">
      <cpu>8.106799999978875E-02</cpu>
      <wall>8.182454109191895E-02</wall>
    </partial>
    <partial label="exch_corr" calls="201">
      <cpu>4.633516000000100E+00</cpu>
      <wall>4.860400676727295E+00</wall>
    </partial>
    <partial label="forcecc" calls="201">
      <cpu>2.835455999999965E+00</cpu>
      <wall>2.848172664642334E+00</wall>
    </partial>
    <partial label="newd" calls="201">
      <cpu>2.793887930000001E+02</cpu>
      <wall>2.800960927009583E+02</wall>
    </partial>
    <partial label="runcp_uspp" calls="201">
      <cpu>7.163411999999994E+00</cpu>
      <wall>7.394557952880859E+00</wall>
    </partial>
    <partial label="dforce" calls="22512">
      <cpu>7.079004999999825E+00</cpu>
      <wall>7.318616151809692E+00</wall>
    </partial>
    <partial label="nlfq" calls="201">
      <cpu>1.675988000000075E+00</cpu>
      <wall>1.872014999389648E+00</wall>
    </partial>
    <partial label="nlsm2" calls="201">
      <cpu>1.602670000000273E+00</cpu>
      <wall>1.798311710357666E+00</wall>
    </partial>
    <partial label="calphi" calls="201">
      <cpu>5.287250000001791E-01</cpu>
      <wall>5.338354110717773E-01</wall>
    </partial>
    <partial label="ortho" calls="201">
      <cpu>6.377585999999894E+00</cpu>
      <wall>6.574262619018555E+00</wall>
    </partial>
    <partial label="nlsm1us" calls="402">
      <cpu>8.385369999996897E-01</cpu>
      <wall>9.378128051757812E-01</wall>
    </partial>
    <partial label="rhoset" calls="402">
      <cpu>3.246589999995990E-01</cpu>
      <wall>3.443126678466797E-01</wall>
    </partial>
    <partial label="sigset" calls="402">
      <cpu>2.651439999998502E-01</cpu>
      <wall>2.892444133758545E-01</wall>
    </partial>
    <partial label="tauset" calls="402">
      <cpu>2.577020000001653E-01</cpu>
      <wall>2.891585826873779E-01</wall>
    </partial>
    <partial label="rsg" calls="402">
      <cpu>1.522313999999824E+00</cpu>
      <wall>1.532436370849609E+00</wall>
    </partial>
    <partial label="ortho_iter" calls="402">
      <cpu>2.831842000000279E+00</cpu>
      <wall>2.834486961364746E+00</wall>
    </partial>
    <partial label="nlfl" calls="201">
      <cpu>6.703539999999180E-01</cpu>
      <wall>6.723833084106445E-01</wall>
    </partial>
    <partial label="updatc" calls="201">
      <cpu>3.681930000003035E-01</cpu>
      <wall>3.857042789459229E-01</wall>
    </partial>
    <partial label="main_loop" calls="200">
      <cpu>3.272797110000000E+02</cpu>
      <wall>3.294365570545197E+02</wall>
    </partial>
    <partial label="cpr_md" calls="199">
      <cpu>3.283208529999997E+02</cpu>
      <wall>3.325565004348755E+02</wall>
    </partial>
    <partial label="move_electro" calls="200">
      <cpu>3.171249640000002E+02</cpu>
      <wall>3.187488472461700E+02</wall>
    </partial>
    <partial label="restart" calls="19">
      <cpu>1.030538999999919E+00</cpu>
      <wall>3.100168943405151E+00</wall>
    </partial>
  </timing_info>
  <closed DATE="27 Jul 2023" TIME="16: 1:33"></closed>
</qes:espresso>
