{
  "Dataset": {
    "AtomTypeStyle": "chemicalsymbol",
    "Data": [
      {
        "AtomTypes": [
          "Cr"
        ],
        "Energy": -4.211519949159083,
        "Forces": [
          [
            0.12309946606880671,
            0.08247745245390721,
            0.04208842892083067
          ]
        ],
        "Lattice": [
          [
            2.442469752952752,
            -0.1864524867973977,
            -0.17665965667789663
          ],
          [
            -0.6269068844709283,
            2.3679841608409653,
            0.17666667568438824
          ],
          [
            -0.7646113265883453,
            -1.2099358156659856,
            1.9957492700573234
          ]
        ],
        "NumAtoms": 1,
        "Positions": [
          [
            0.0,
            0.0,
            0.0
          ]
        ],
        "Stress": [
          [
            20023.950625275556,
            7005.146405933163,
            7639.169526671757
          ],
          [
            7005.146405933163,
            22618.88516119872,
            -6353.470669303932
          ],
          [
            7639.169526671757,
            -6353.470669303932,
            10560.677456571644
          ]
        ]
      }
    ],
    "EnergyStyle": "electronvolt",
    "ForcesStyle": "electronvoltperangstrom",
    "Label": "ASE generated",
    "LatticeStyle": "angstrom",
    "PositionsStyle": "angstrom",
    "StressStyle": "bar"
  }
}