{
  "Dataset": {
    "AtomTypeStyle": "chemicalsymbol",
    "Data": [
      {
        "AtomTypes": [
          "Cr"
        ],
        "Energy": -3.703082410758725,
        "Forces": [
          [
            0.5666976578864387,
            1.1906368028179148,
            2.0075943857535825
          ]
        ],
        "Lattice": [
          [
            2.3964800608758074,
            0.0,
            0.0
          ],
          [
            -0.4352031755351075,
            2.3566313904235647,
            0.0
          ],
          [
            -0.7253402235452198,
            -1.39081158220964,
            1.811806027463815
          ]
        ],
        "NumAtoms": 1,
        "Positions": [
          [
            0.0,
            0.0,
            0.0
          ]
        ],
        "Stress": [
          [
            436353.54114925157,
            -126270.63251702746,
            -149316.12256224983
          ],
          [
            -126270.63251702746,
            389691.79314500967,
            124274.41587006164
          ],
          [
            -149316.12256224983,
            124274.41587006164,
            612669.3397162257
          ]
        ]
      }
    ],
    "EnergyStyle": "electronvolt",
    "ForcesStyle": "electronvoltperangstrom",
    "Label": "ASE generated",
    "LatticeStyle": "angstrom",
    "PositionsStyle": "angstrom",
    "StressStyle": "bar"
  }
}