{
  "Dataset": {
    "AtomTypeStyle": "chemicalsymbol",
    "Data": [
      {
        "AtomTypes": [
          "Cr"
        ],
        "Energy": -4.108452251656217,
        "Forces": [
          [
            -1.2283314702651995,
            -0.7034002935223136,
            -0.10591889080206106
          ]
        ],
        "Lattice": [
          [
            2.510679363699667,
            -0.09374527971962011,
            -0.10316110071209297
          ],
          [
            -0.5481272558555649,
            2.4518950202875707,
            0.10316352963547931
          ],
          [
            -0.7834926350293582,
            -1.343701084340684,
            1.9757300480522135
          ]
        ],
        "NumAtoms": 1,
        "Positions": [
          [
            0.0,
            0.0,
            0.0
          ]
        ],
        "Stress": [
          [
            -136579.7601971576,
            -97286.50827593106,
            -88085.08224293822
          ],
          [
            -97286.50827593106,
            -172513.1308938668,
            73309.84274247776
          ],
          [
            -88085.08224293822,
            73309.84274247776,
            -13588.101081815332
          ]
        ]
      }
    ],
    "EnergyStyle": "electronvolt",
    "ForcesStyle": "electronvoltperangstrom",
    "Label": "ASE generated",
    "LatticeStyle": "angstrom",
    "PositionsStyle": "angstrom",
    "StressStyle": "bar"
  }
}