{
  "Dataset": {
    "AtomTypeStyle": "chemicalsymbol",
    "Data": [
      {
        "AtomTypes": [
          "Cr"
        ],
        "Energy": -4.212304590107124,
        "Forces": [
          [
            -2.1019698988248084e-05,
            -0.0024201365190557817,
            0.0031411999686270916
          ]
        ],
        "Lattice": [
          [
            2.4487755095316057,
            -0.18202815098980796,
            -0.17184417318662584
          ],
          [
            -0.6237017734805623,
            2.374993230972126,
            0.17185443393269584
          ],
          [
            -0.7654471566971676,
            -1.2189131911158948,
            1.9968681761052736
          ]
        ],
        "NumAtoms": 1,
        "Positions": [
          [
            0.0,
            0.0,
            0.0
          ]
        ],
        "Stress": [
          [
            403.06806283613736,
            -650.2046853050099,
            241.25241717199467
          ],
          [
            -650.2046853050099,
            166.2287996368012,
            -197.1208774454103
          ],
          [
            241.25241717199467,
            -197.1208774454103,
            835.5571521566643
          ]
        ]
      }
    ],
    "EnergyStyle": "electronvolt",
    "ForcesStyle": "electronvoltperangstrom",
    "Label": "ASE generated",
    "LatticeStyle": "angstrom",
    "PositionsStyle": "angstrom",
    "StressStyle": "bar"
  }
}