{
  "Dataset": {
    "AtomTypeStyle": "chemicalsymbol",
    "Data": [
      {
        "AtomTypes": [
          "Cr"
        ],
        "Energy": -4.205371939703127,
        "Forces": [
          [
            -0.30246870694224404,
            -0.21826493569219044,
            0.05831254125923125
          ]
        ],
        "Lattice": [
          [
            2.458525656746658,
            -0.1547470068706652,
            -0.15860011757810283
          ],
          [
            -0.5986437335059909,
            2.389527380926324,
            0.15860368740755038
          ],
          [
            -0.7742179646487327,
            -1.2470096300931124,
            1.984680862510504
          ]
        ],
        "NumAtoms": 1,
        "Positions": [
          [
            0.0,
            0.0,
            0.0
          ]
        ],
        "Stress": [
          [
            -23349.997669335797,
            -40111.15645749254,
            -20085.734780892773
          ],
          [
            -40111.15645749254,
            -38157.60029892909,
            16721.440402402823
          ],
          [
            -20085.734780892773,
            16721.440402402823,
            19620.88256243942
          ]
        ]
      }
    ],
    "EnergyStyle": "electronvolt",
    "ForcesStyle": "electronvoltperangstrom",
    "Label": "ASE generated",
    "LatticeStyle": "angstrom",
    "PositionsStyle": "angstrom",
    "StressStyle": "bar"
  }
}