{
  "Dataset": {
    "AtomTypeStyle": "chemicalsymbol",
    "Data": [
      {
        "AtomTypes": [
          "Cr"
        ],
        "Energy": -3.9426328705017113,
        "Forces": [
          [
            -1.6874952051401788,
            -1.0458869744583124,
            -0.5106351569203154
          ]
        ],
        "Lattice": [
          [
            2.5741949805171602,
            -0.05142641161879726,
            -0.060812435701022155
          ],
          [
            -0.5180464838403116,
            2.5220429896858376,
            0.06081556948845002
          ],
          [
            -0.795260151815564,
            -1.4290894488871895,
            1.989485167133248
          ]
        ],
        "NumAtoms": 1,
        "Positions": [
          [
            0.0,
            0.0,
            0.0
          ]
        ],
        "Stress": [
          [
            -234793.03080734695,
            -92062.80502362769,
            -91115.44797083036
          ],
          [
            -92062.80502362769,
            -268799.3242693286,
            75825.34050689307
          ],
          [
            -91115.44797083036,
            75825.34050689307,
            -114708.16910866236
          ]
        ]
      }
    ],
    "EnergyStyle": "electronvolt",
    "ForcesStyle": "electronvoltperangstrom",
    "Label": "ASE generated",
    "LatticeStyle": "angstrom",
    "PositionsStyle": "angstrom",
    "StressStyle": "bar"
  }
}