{
  "Dataset": {
    "AtomTypeStyle": "chemicalsymbol",
    "Data": [
      {
        "AtomTypes": [
          "Ni"
        ],
        "Energy": 59.47708485955627,
        "Forces": [
          [
            -21.79452946013326,
            61.600340945412825,
            374.2718168187971
          ]
        ],
        "Lattice": [
          [
            3.6319596144085704,
            0.0,
            0.0
          ],
          [
            -1.8446396005215833,
            3.3289125361419334,
            0.0
          ],
          [
            -1.8494337872126025,
            -3.1623980837001437,
            1.0597113845344461
          ]
        ],
        "NumAtoms": 1,
        "Positions": [
          [
            0.0,
            0.0,
            0.0
          ]
        ],
        "Stress": [
          [
            167502.7300835753,
            -414964.4548951004,
            -2640653.3400285793
          ],
          [
            -414964.4548951004,
            1139767.6239026042,
            7077010.205223933
          ],
          [
            -2640653.3400285793,
            7077010.205223933,
            45066572.31138743
          ]
        ]
      }
    ],
    "EnergyStyle": "electronvolt",
    "ForcesStyle": "electronvoltperangstrom",
    "Label": "ASE generated",
    "LatticeStyle": "angstrom",
    "PositionsStyle": "angstrom",
    "StressStyle": "bar"
  }
}