{
  "Dataset": {
    "AtomTypeStyle": "chemicalsymbol",
    "Data": [
      {
        "AtomTypes": [
          "Cr"
        ],
        "Energy": -3.0840755339113457,
        "Forces": [
          [
            0.33542958422616825,
            -0.3500663406372313,
            -0.7048350166506474
          ]
        ],
        "Lattice": [
          [
            2.1926296027993097,
            2.0584993404952758e-07,
            6.159622705235221e-07
          ],
          [
            2.471257563011038e-07,
            2.4311545900736773,
            3.4766942588827664e-07
          ],
          [
            8.00645116238908e-07,
            3.767741723477214e-07,
            2.5253916733321335
          ]
        ],
        "NumAtoms": 1,
        "Positions": [
          [
            0.0,
            0.0,
            0.0
          ]
        ],
        "Stress": [
          [
            100817.03145405781,
            0.0,
            0.0
          ],
          [
            0.0,
            -91352.28723402969,
            0.0
          ],
          [
            0.0,
            0.0,
            -203940.67138449175
          ]
        ]
      }
    ],
    "EnergyStyle": "electronvolt",
    "ForcesStyle": "electronvoltperangstrom",
    "Label": "ASE generated",
    "LatticeStyle": "angstrom",
    "PositionsStyle": "angstrom",
    "StressStyle": "bar"
  }
}