{
  "Dataset": {
    "AtomTypeStyle": "chemicalsymbol",
    "Data": [
      {
        "AtomTypes": [
          "Cr"
        ],
        "Energy": -3.2024367229687414,
        "Forces": [
          [
            0.0011921264656828215,
            0.000875522968734848,
            0.00010035072605728488
          ]
        ],
        "Lattice": [
          [
            2.3159616713144255,
            3.2539106541659255e-06,
            3.3883216650877255e-06
          ],
          [
            4.5032980430886364e-06,
            2.3359432360110346,
            4.238709438911866e-06
          ],
          [
            5.256317210575726e-06,
            4.916585442812752e-06,
            2.359618109423349
          ]
        ],
        "NumAtoms": 1,
        "Positions": [
          [
            0.0,
            0.0,
            0.0
          ]
        ],
        "Stress": [
          [
            344.22600986735824,
            4.413153972658439,
            4.413153972658439
          ],
          [
            4.413153972658439,
            245.6655711446531,
            4.413153972658439
          ],
          [
            4.413153972658439,
            4.413153972658439,
            20.594718539072716
          ]
        ]
      }
    ],
    "EnergyStyle": "electronvolt",
    "ForcesStyle": "electronvoltperangstrom",
    "Label": "ASE generated",
    "LatticeStyle": "angstrom",
    "PositionsStyle": "angstrom",
    "StressStyle": "bar"
  }
}