{
  "Dataset": {
    "AtomTypeStyle": "chemicalsymbol",
    "Data": [
      {
        "AtomTypes": [
          "Cr"
        ],
        "Energy": -3.2024350902843253,
        "Forces": [
          [
            0.004722818196161335,
            0.001184346241825523,
            -0.00018560894782132832
          ]
        ],
        "Lattice": [
          [
            2.315361544142685,
            2.2077273132509745e-06,
            2.409343829633674e-06
          ],
          [
            3.0104891383232964e-06,
            2.3360625109662663,
            2.836389836774982e-06
          ],
          [
            3.633859889763768e-06,
            3.2872488182921987e-06,
            2.359722501269595
          ]
        ],
        "NumAtoms": 1,
        "Positions": [
          [
            0.0,
            0.0,
            0.0
          ]
        ],
        "Stress": [
          [
            1393.0856040358474,
            2.9421026484389587,
            2.9421026484389587
          ],
          [
            2.9421026484389587,
            338.3418045704803,
            2.9421026484389587
          ],
          [
            2.9421026484389587,
            2.9421026484389587,
            -60.313104292998666
          ]
        ]
      }
    ],
    "EnergyStyle": "electronvolt",
    "ForcesStyle": "electronvoltperangstrom",
    "Label": "ASE generated",
    "LatticeStyle": "angstrom",
    "PositionsStyle": "angstrom",
    "StressStyle": "bar"
  }
}