{
  "Dataset": {
    "AtomTypeStyle": "chemicalsymbol",
    "Data": [
      {
        "AtomTypes": [
          "Cr"
        ],
        "Energy": -3.202391960202476,
        "Forces": [
          [
            0.013212089124103637,
            -0.01132481644477203,
            0.00816320797982021
          ]
        ],
        "Lattice": [
          [
            2.3132618917490504,
            1.38221086821945e-06,
            1.6505037128546955e-06
          ],
          [
            1.838890799028556e-06,
            2.3394346535673853,
            1.6674373835220087e-06
          ],
          [
            2.3749473110906936e-06,
            1.9214424435317087e-06,
            2.357930599819136
          ]
        ],
        "NumAtoms": 1,
        "Positions": [
          [
            0.0,
            0.0,
            0.0
          ]
        ],
        "Stress": [
          [
            3908.5833684511576,
            1.4710513242194794,
            1.4710513242194794
          ],
          [
            1.4710513242194794,
            -3292.2128636031953,
            1.4710513242194794
          ],
          [
            1.4710513242194794,
            1.4710513242194794,
            2394.871555829313
          ]
        ]
      }
    ],
    "EnergyStyle": "electronvolt",
    "ForcesStyle": "electronvoltperangstrom",
    "Label": "ASE generated",
    "LatticeStyle": "angstrom",
    "PositionsStyle": "angstrom",
    "StressStyle": "bar"
  }
}