{
  "Dataset": {
    "AtomTypeStyle": "chemicalsymbol",
    "Data": [
      {
        "AtomTypes": [
          "Cr"
        ],
        "Energy": -3.202030728762111,
        "Forces": [
          [
            0.008366345704073021,
            -0.04286392199257492,
            0.03793198285131572
          ]
        ],
        "Lattice": [
          [
            2.312470462253895,
            9.250017602019902e-07,
            1.2388038447556403e-06
          ],
          [
            1.194352959253943e-06,
            2.3468832244204627,
            1.0250162525808094e-06
          ],
          [
            1.6864877630227363e-06,
            1.1615439723360233e-06,
            2.3513248140509306
          ]
        ],
        "NumAtoms": 1,
        "Positions": [
          [
            0.0,
            0.0,
            0.0
          ]
        ],
        "Stress": [
          [
            2466.9530707160675,
            1.4710513242194794,
            1.4710513242194794
          ],
          [
            1.4710513242194794,
            -12448.036305545238,
            1.4710513242194794
          ],
          [
            1.4710513242194794,
            1.4710513242194794,
            11174.105858771167
          ]
        ]
      }
    ],
    "EnergyStyle": "electronvolt",
    "ForcesStyle": "electronvoltperangstrom",
    "Label": "ASE generated",
    "LatticeStyle": "angstrom",
    "PositionsStyle": "angstrom",
    "StressStyle": "bar"
  }
}