{
  "Dataset": {
    "AtomTypeStyle": "chemicalsymbol",
    "Data": [
      {
        "AtomTypes": [
          "Cr"
        ],
        "Energy": 2237.468031067977,
        "Forces": [
          [
            -0.8547111100677706,
            -0.5131401820302044,
            -0.8106308778282982
          ]
        ],
        "Lattice": [
          [
            5.262919754604353,
            0.0,
            0.0
          ],
          [
            1.443887297595459,
            3.1121960193667566,
            0.0
          ],
          [
            1.4359402887660064,
            -2.088137093515842,
            2.311579614617324
          ]
        ],
        "NumAtoms": 1,
        "Positions": [
          [
            0.0,
            0.0,
            0.0
          ]
        ],
        "Stress": [
          [
            -74967.71758487313,
            -2643.479229622405,
            -5994.53414619438
          ],
          [
            -2643.479229622405,
            -72415.44353735232,
            -336.87075324626085
          ],
          [
            -5994.53414619438,
            -336.87075324626085,
            -72889.122063751
          ]
        ]
      }
    ],
    "EnergyStyle": "electronvolt",
    "ForcesStyle": "electronvoltperangstrom",
    "Label": "ASE generated",
    "LatticeStyle": "angstrom",
    "PositionsStyle": "angstrom",
    "StressStyle": "bar"
  }
}