{
  "Dataset": {
    "AtomTypeStyle": "chemicalsymbol",
    "Data": [
      {
        "AtomTypes": [
          "Cr",
          "Cr"
        ],
        "Energy": -3.4921446104199276,
        "Forces": [
          [
            -2.519940150310378e-06,
            1.4543654581791324e-05,
            -5.327873460656228e-06
          ],
          [
            2.519940150310378e-06,
            -1.4543654581791324e-05,
            5.327873460656228e-06
          ]
        ],
        "Lattice": [
          [
            3.4307608172847153,
            1.2372163131305796e-06,
            -1.862174596196112e-06
          ],
          [
            1.715381479961616,
            2.9711186720572953,
            2.1431676938318421e-07
          ],
          [
            1.7153792452462653,
            0.9903743831418851,
            2.801202269744436
          ]
        ],
        "NumAtoms": 2,
        "Positions": [
          [
            -1.516908241088486e-06,
            4.914129049347824e-06,
            -1.6255352780626834e-06
          ],
          [
            1.7153819025313901,
            0.990368658974824,
            0.7003017810069304
          ]
        ],
        "Stress": [
          [
            -1969.7377231298833,
            -1.4710513242194794,
            -0.0
          ],
          [
            -1.4710513242194794,
            -1972.6798257783223,
            1.4710513242194794
          ],
          [
            -0.0,
            1.4710513242194794,
            -1969.7377231298833
          ]
        ]
      }
    ],
    "EnergyStyle": "electronvolt",
    "ForcesStyle": "electronvoltperangstrom",
    "Label": "ASE generated",
    "LatticeStyle": "angstrom",
    "PositionsStyle": "angstrom",
    "StressStyle": "bar"
  }
}