{
  "Dataset": {
    "AtomTypeStyle": "chemicalsymbol",
    "Data": [
      {
        "AtomTypes": [
          "Cr",
          "Cr"
        ],
        "Energy": -3.347965373554871,
        "Forces": [
          [
            -2.4911408343068305e-05,
            2.7359350203369816e-05,
            -1.0439752051285853e-05
          ],
          [
            2.4911408343068305e-05,
            -2.7359350203369816e-05,
            1.0439752051285853e-05
          ]
        ],
        "Lattice": [
          [
            3.508926030414535,
            6.302500551490676e-07,
            1.6436244091460994e-06
          ],
          [
            1.754463561053558,
            3.038820439904189,
            -3.619572105138223e-07
          ],
          [
            1.7544645389730391,
            1.0129392412125262,
            2.865026430212563
          ]
        ],
        "NumAtoms": 2,
        "Positions": [
          [
            4.1264984444449335e-07,
            6.638809574099445e-07,
            5.128390012959623e-08
          ],
          [
            1.7544631199604386,
            1.012939413960735,
            0.7162568766860403
          ]
        ],
        "Stress": [
          [
            -227443.65839154637,
            5.8842052968779175,
            -2.9421026484389587
          ],
          [
            5.8842052968779175,
            -227455.42680214014,
            1.4710513242194794
          ],
          [
            -2.9421026484389587,
            1.4710513242194794,
            -227443.65839154637
          ]
        ]
      }
    ],
    "EnergyStyle": "electronvolt",
    "ForcesStyle": "electronvoltperangstrom",
    "Label": "ASE generated",
    "LatticeStyle": "angstrom",
    "PositionsStyle": "angstrom",
    "StressStyle": "bar"
  }
}