{
  "Dataset": {
    "AtomTypeStyle": "chemicalsymbol",
    "Data": [
      {
        "AtomTypes": [
          "Ni"
        ],
        "Energy": -2.3470341409592947,
        "Forces": [
          [
            3.6436766242602774,
            2.141693402643891,
            2.210839339975248
          ]
        ],
        "Lattice": [
          [
            4.554969551598318,
            0.0,
            0.0
          ],
          [
            0.8240349866101,
            3.116250533939128,
            0.0
          ],
          [
            0.08119233225724003,
            -1.564677590669538,
            1.0807485155686298
          ]
        ],
        "NumAtoms": 1,
        "Positions": [
          [
            0.0,
            0.0,
            0.0
          ]
        ],
        "Stress": [
          [
            76188.69018397527,
            144008.56938446593,
            191077.79860551664
          ],
          [
            144008.56938446593,
            1114066.8862171657,
            -357408.100783689
          ],
          [
            191077.79860551664,
            -357408.100783689,
            575264.9176952972
          ]
        ]
      }
    ],
    "EnergyStyle": "electronvolt",
    "ForcesStyle": "electronvoltperangstrom",
    "Label": "ASE generated",
    "LatticeStyle": "angstrom",
    "PositionsStyle": "angstrom",
    "StressStyle": "bar"
  }
}