{
  "Dataset": {
    "AtomTypeStyle": "chemicalsymbol",
    "Data": [
      {
        "AtomTypes": [
          "Ni"
        ],
        "Energy": -4.582850223506284,
        "Forces": [
          [
            -0.006465759861593852,
            0.001960701552508339,
            -0.011680398664264437
          ]
        ],
        "Lattice": [
          [
            2.590520601171569,
            -0.04113586969692854,
            0.04711436615646572
          ],
          [
            1.367811867478379,
            1.9821202417339636,
            0.07151118862565525
          ],
          [
            1.2230759620378762,
            0.27766949434322435,
            2.005001818713931
          ]
        ],
        "NumAtoms": 1,
        "Positions": [
          [
            0.0,
            0.0,
            0.0
          ]
        ],
        "Stress": [
          [
            -1832.9299499774713,
            2159.5033439541958,
            -2321.318989618339
          ],
          [
            2159.5033439541958,
            -1927.077234727518,
            373.6470363517478
          ],
          [
            -2321.318989618339,
            373.6470363517478,
            -1654.9327397469146
          ]
        ]
      }
    ],
    "EnergyStyle": "electronvolt",
    "ForcesStyle": "electronvoltperangstrom",
    "Label": "ASE generated",
    "LatticeStyle": "angstrom",
    "PositionsStyle": "angstrom",
    "StressStyle": "bar"
  }
}