{
  "Dataset": {
    "AtomTypeStyle": "chemicalsymbol",
    "Data": [
      {
        "AtomTypes": [
          "Ni"
        ],
        "Energy": -4.582864645552036,
        "Forces": [
          [
            -0.0004243023022678046,
            -0.0007090150224163757,
            -0.0003767432889937682
          ]
        ],
        "Lattice": [
          [
            2.5902107160567116,
            -0.039993336944979835,
            0.04584048580045437
          ],
          [
            1.3685082472217243,
            1.9826195172549819,
            0.0710640905065578
          ],
          [
            1.2220875870735561,
            0.27842140488445993,
            2.0043811959797333
          ]
        ],
        "NumAtoms": 1,
        "Positions": [
          [
            0.0,
            0.0,
            0.0
          ]
        ],
        "Stress": [
          [
            -148.57618374616746,
            -20.594718539072716,
            38.24733442970647
          ],
          [
            -20.594718539072716,
            -163.28669698836222,
            -35.30523178126751
          ],
          [
            38.24733442970647,
            -35.30523178126751,
            -119.15515726177783
          ]
        ]
      }
    ],
    "EnergyStyle": "electronvolt",
    "ForcesStyle": "electronvoltperangstrom",
    "Label": "ASE generated",
    "LatticeStyle": "angstrom",
    "PositionsStyle": "angstrom",
    "StressStyle": "bar"
  }
}