{
  "Dataset": {
    "AtomTypeStyle": "chemicalsymbol",
    "Data": [
      {
        "AtomTypes": [
          "Ni"
        ],
        "Energy": -4.5828641013240485,
        "Forces": [
          [
            0.0016779296305558006,
            0.0026501473063386075,
            0.0009155275374555232
          ]
        ],
        "Lattice": [
          [
            2.5900140558140623,
            -0.040150668208327044,
            0.0460505675646391
          ],
          [
            1.3682835882129811,
            1.9824349354821136,
            0.07125054556674397
          ],
          [
            1.2221386875998579,
            0.2784093126560719,
            2.0043992218721587
          ]
        ],
        "NumAtoms": 1,
        "Positions": [
          [
            0.0,
            0.0,
            0.0
          ]
        ],
        "Stress": [
          [
            611.9573508753035,
            179.46826155477652,
            -273.6155463048232
          ],
          [
            179.46826155477652,
            676.6836091409606,
            -36.77628310548699
          ],
          [
            -273.6155463048232,
            -36.77628310548699,
            592.8336836604503
          ]
        ]
      }
    ],
    "EnergyStyle": "electronvolt",
    "ForcesStyle": "electronvoltperangstrom",
    "Label": "ASE generated",
    "LatticeStyle": "angstrom",
    "PositionsStyle": "angstrom",
    "StressStyle": "bar"
  }
}