{
  "Dataset": {
    "AtomTypeStyle": "chemicalsymbol",
    "Data": [
      {
        "AtomTypes": [
          "Cr"
        ],
        "Energy": 2238.723671283287,
        "Forces": [
          [
            -0.2068511441953376,
            -0.21679420756041795,
            -0.18685623771374552
          ]
        ],
        "Lattice": [
          [
            4.755289583820551,
            0.0,
            0.0
          ],
          [
            -1.3224698097084144,
            4.567736207345085,
            0.0
          ],
          [
            -1.8290080114665634,
            -2.4335765079951734,
            4.282228620732499
          ]
        ],
        "NumAtoms": 1,
        "Positions": [
          [
            0.0,
            0.0,
            0.0
          ]
        ],
        "Stress": [
          [
            -15785.851760199235,
            1023.8517216567578,
            -495.7442962619646
          ],
          [
            1023.8517216567578,
            -15193.018076538785,
            -660.5020445745464
          ],
          [
            -495.7442962619646,
            -660.5020445745464,
            -11625.718615306547
          ]
        ]
      }
    ],
    "EnergyStyle": "electronvolt",
    "ForcesStyle": "electronvoltperangstrom",
    "Label": "ASE generated",
    "LatticeStyle": "angstrom",
    "PositionsStyle": "angstrom",
    "StressStyle": "bar"
  }
}