{
  "Dataset": {
    "AtomTypeStyle": "chemicalsymbol",
    "Data": [
      {
        "AtomTypes": [
          "Ni"
        ],
        "Energy": -3.68479076627591,
        "Forces": [
          [
            -0.006036033530821235,
            -0.006121726407074019,
            -0.006692766926399497
          ]
        ],
        "Lattice": [
          [
            2.260755777117429,
            -0.0008457034971757954,
            -0.028923001605590165
          ],
          [
            -0.41134774882202185,
            2.2230185427493794,
            0.02876837920037251
          ],
          [
            -0.7058317034369476,
            -1.2931341321805936,
            1.7150659966810715
          ]
        ],
        "NumAtoms": 1,
        "Positions": [
          [
            0.0,
            0.0,
            0.0
          ]
        ],
        "Stress": [
          [
            -2131.553368794026,
            41.18943707814543,
            166.2287996368012
          ],
          [
            41.18943707814543,
            -2112.4297015791726,
            -138.2788244766311
          ],
          [
            166.2287996368012,
            -138.2788244766311,
            -2243.3532694347064
          ]
        ]
      }
    ],
    "EnergyStyle": "electronvolt",
    "ForcesStyle": "electronvoltperangstrom",
    "Label": "ASE generated",
    "LatticeStyle": "angstrom",
    "PositionsStyle": "angstrom",
    "StressStyle": "bar"
  }
}