{
  "Dataset": {
    "AtomTypeStyle": "chemicalsymbol",
    "Data": [
      {
        "AtomTypes": [
          "Ni"
        ],
        "Energy": -3.450490203469599,
        "Forces": [
          [
            2.7466245301564296,
            2.7304227139067154,
            3.209251397399928
          ]
        ],
        "Lattice": [
          [
            2.1909231957478106,
            0.007303830303048374,
            -0.02786119219088974
          ],
          [
            -0.39049570984311394,
            2.169918821467579,
            0.020604425850397914
          ],
          [
            -0.6886944651768844,
            -1.2715693650576656,
            1.6639929436723295
          ]
        ],
        "NumAtoms": 1,
        "Positions": [
          [
            0.0,
            0.0,
            0.0
          ]
        ],
        "Stress": [
          [
            1048034.3343756018,
            -27285.05996162291,
            -95769.85436066079
          ],
          [
            -27285.05996162291,
            938510.150133489,
            131678.21718485825
          ],
          [
            -95769.85436066079,
            131678.21718485825,
            1089198.7635812357
          ]
        ]
      }
    ],
    "EnergyStyle": "electronvolt",
    "ForcesStyle": "electronvoltperangstrom",
    "Label": "ASE generated",
    "LatticeStyle": "angstrom",
    "PositionsStyle": "angstrom",
    "StressStyle": "bar"
  }
}