{
  "Dataset": {
    "AtomTypeStyle": "chemicalsymbol",
    "Data": [
      {
        "AtomTypes": [
          "Ni"
        ],
        "Energy": -3.6847928071319984,
        "Forces": [
          [
            0.0027500302885667917,
            0.002946367779711318,
            0.003146033144075974
          ]
        ],
        "Lattice": [
          [
            2.260614925490705,
            -0.0008457886947063403,
            -0.028905180504744443
          ],
          [
            -0.41132232344469205,
            2.2228878095200555,
            0.028745170017191332
          ],
          [
            -0.7057754794169145,
            -1.293072301528038,
            1.714961022739896
          ]
        ],
        "NumAtoms": 1,
        "Positions": [
          [
            0.0,
            0.0,
            0.0
          ]
        ],
        "Stress": [
          [
            985.6043872270513,
            2.9421026484389587,
            -111.79990064068046
          ],
          [
            2.9421026484389587,
            929.7044369067111,
            130.92356785553366
          ],
          [
            -111.79990064068046,
            130.92356785553366,
            1022.3806703325384
          ]
        ]
      }
    ],
    "EnergyStyle": "electronvolt",
    "ForcesStyle": "electronvoltperangstrom",
    "Label": "ASE generated",
    "LatticeStyle": "angstrom",
    "PositionsStyle": "angstrom",
    "StressStyle": "bar"
  }
}