{
  "Dataset": {
    "AtomTypeStyle": "chemicalsymbol",
    "Data": [
      {
        "AtomTypes": [
          "Ni"
        ],
        "Energy": -3.072215441755361,
        "Forces": [
          [
            3.8889537826368725,
            4.40987300227969,
            4.835442149501681
          ]
        ],
        "Lattice": [
          [
            2.160632914008934,
            0.009459662265830534,
            -0.012411822317185853
          ],
          [
            -0.38307598602719567,
            2.122534683416181,
            0.014369427143604816
          ],
          [
            -0.6688606213563417,
            -1.2471195285573888,
            1.6278743793038113
          ]
        ],
        "NumAtoms": 1,
        "Positions": [
          [
            0.0,
            0.0,
            0.0
          ]
        ],
        "Stress": [
          [
            1641618.254211404,
            -57963.835328220164,
            -226122.65430239728
          ],
          [
            -57963.835328220164,
            1648761.679441814,
            173353.10119999613
          ],
          [
            -226122.65430239728,
            173353.10119999613,
            1805408.0507526493
          ]
        ]
      }
    ],
    "EnergyStyle": "electronvolt",
    "ForcesStyle": "electronvoltperangstrom",
    "Label": "ASE generated",
    "LatticeStyle": "angstrom",
    "PositionsStyle": "angstrom",
    "StressStyle": "bar"
  }
}