{
  "Dataset": {
    "AtomTypeStyle": "chemicalsymbol",
    "Data": [
      {
        "AtomTypes": [
          "Ni"
        ],
        "Energy": -2.109242082397941,
        "Forces": [
          [
            6.4717452643724975,
            7.052271161531251,
            7.873933483921457
          ]
        ],
        "Lattice": [
          [
            2.0939000892100927,
            0.0011342299615496468,
            -0.0007978066096932996
          ],
          [
            -0.37913768890193444,
            2.0592778612416107,
            0.0008321951905781545
          ],
          [
            -0.6350223699512126,
            -1.2152561014050387,
            1.5824401629549438
          ]
        ],
        "NumAtoms": 1,
        "Positions": [
          [
            0.0,
            0.0,
            0.0
          ]
        ],
        "Stress": [
          [
            2839555.6606276194,
            -88073.31383234446,
            -347022.4784346994
          ],
          [
            -88073.31383234446,
            2807160.168365658,
            288654.10399231897
          ],
          [
            -347022.4784346994,
            288654.10399231897,
            3078594.145556664
          ]
        ]
      }
    ],
    "EnergyStyle": "electronvolt",
    "ForcesStyle": "electronvoltperangstrom",
    "Label": "ASE generated",
    "LatticeStyle": "angstrom",
    "PositionsStyle": "angstrom",
    "StressStyle": "bar"
  }
}