{
  "Dataset": {
    "AtomTypeStyle": "chemicalsymbol",
    "Data": [
      {
        "AtomTypes": [
          "Cr",
          "Cr"
        ],
        "Energy": -82.8997078729999,
        "Forces": [
          [
            0.03114127638095563,
            -0.14026015675943568,
            0.08245985754202648
          ],
          [
            -0.03114127638095563,
            0.14026015675943568,
            -0.08245985754202648
          ]
        ],
        "Lattice": [
          [
            4.809959410392764,
            0.0,
            0.0
          ],
          [
            -1.410982353201076,
            6.41431175181045,
            0.0
          ],
          [
            -0.14911836164099648,
            1.4149698095522916,
            4.257699110729108
          ]
        ],
        "NumAtoms": 2,
        "Positions": [
          [
            0.5508100969014222,
            5.337649475396252,
            3.1932738520508903
          ],
          [
            2.6990471556614466,
            2.491633047958372,
            1.064424777682277
          ]
        ],
        "Stress": [
          [
            -48465.25692773497,
            1140.0647762700967,
            766.417739918349
          ],
          [
            1140.0647762700967,
            -41623.397218790175,
            2796.468567341231
          ],
          [
            766.417739918349,
            2796.468567341231,
            -47161.90545447651
          ]
        ]
      }
    ],
    "EnergyStyle": "electronvolt",
    "ForcesStyle": "electronvoltperangstrom",
    "Label": "ASE generated",
    "LatticeStyle": "angstrom",
    "PositionsStyle": "angstrom",
    "StressStyle": "bar"
  }
}