{
  "Dataset": {
    "AtomTypeStyle": "chemicalsymbol",
    "Data": [
      {
        "AtomTypes": [
          "Ni"
        ],
        "Energy": -1.7798492136453206,
        "Forces": [
          [
            0.6918009494329295,
            1.8215583397713841,
            8.57214220301563
          ]
        ],
        "Lattice": [
          [
            3.5824497947950134,
            0.0,
            0.0
          ],
          [
            -1.6283488174771514,
            3.1909919232679673,
            0.0
          ],
          [
            -1.628338070127767,
            -2.659030370789061,
            1.7640520157039865
          ]
        ],
        "NumAtoms": 1,
        "Positions": [
          [
            0.0,
            0.0,
            0.0
          ]
        ],
        "Stress": [
          [
            -122113.44147478322,
            50757.15489086892,
            168314.75041454445
          ],
          [
            50757.15489086892,
            -70310.36909239425,
            274852.7004684918
          ],
          [
            168314.75041454445,
            274852.7004684918,
            758256.3471715791
          ]
        ]
      }
    ],
    "EnergyStyle": "electronvolt",
    "ForcesStyle": "electronvoltperangstrom",
    "Label": "ASE generated",
    "LatticeStyle": "angstrom",
    "PositionsStyle": "angstrom",
    "StressStyle": "bar"
  }
}