{
  "Dataset": {
    "AtomTypeStyle": "chemicalsymbol",
    "Data": [
      {
        "AtomTypes": [
          "Cr"
        ],
        "Energy": 2238.645246100769,
        "Forces": [
          [
            -0.25610836584167823,
            -0.3213400755851639,
            -0.07639252450379912
          ]
        ],
        "Lattice": [
          [
            4.140779904733959,
            0.0,
            0.0
          ],
          [
            -2.6048735409102295,
            4.318999071833709,
            0.0
          ],
          [
            -1.049459962955298,
            -0.679046496577322,
            6.110888449368091
          ]
        ],
        "NumAtoms": 1,
        "Positions": [
          [
            0.0,
            0.0,
            0.0
          ]
        ],
        "Stress": [
          [
            -22006.927810323417,
            -937.0596935278086,
            -0.0
          ],
          [
            -937.0596935278086,
            -15451.923109601414,
            23.53682118751167
          ],
          [
            -0.0,
            23.53682118751167,
            -4830.9325487367705
          ]
        ]
      }
    ],
    "EnergyStyle": "electronvolt",
    "ForcesStyle": "electronvoltperangstrom",
    "Label": "ASE generated",
    "LatticeStyle": "angstrom",
    "PositionsStyle": "angstrom",
    "StressStyle": "bar"
  }
}