{
  "Dataset": {
    "AtomTypeStyle": "chemicalsymbol",
    "Data": [
      {
        "AtomTypes": [
          "Cr"
        ],
        "Energy": -43.87315995323752,
        "Forces": [
          [
            0.0018045142276528264,
            0.002026749950235529,
            -0.08138331215373544
          ]
        ],
        "Lattice": [
          [
            2.341293997065517,
            1.587531625060624e-09,
            7.884740404467765e-08
          ],
          [
            -1.170646996680638,
            2.02762007552749,
            -1.587531625060624e-07
          ],
          [
            1.4975714996405218e-07,
            -2.4765493350945736e-07,
            2.277332499236506
          ]
        ],
        "NumAtoms": 1,
        "Positions": [
          [
            0.0,
            0.0,
            0.0
          ]
        ],
        "Stress": [
          [
            609.0152482268645,
            -0.0,
            0.0
          ],
          [
            -0.0,
            609.0152482268645,
            -0.0
          ],
          [
            0.0,
            -0.0,
            -24454.75721382463
          ]
        ]
      }
    ],
    "EnergyStyle": "electronvolt",
    "ForcesStyle": "electronvoltperangstrom",
    "Label": "ASE generated",
    "LatticeStyle": "angstrom",
    "PositionsStyle": "angstrom",
    "StressStyle": "bar"
  }
}