{
  "Dataset": {
    "AtomTypeStyle": "chemicalsymbol",
    "Data": [
      {
        "AtomTypes": [
          "Cr"
        ],
        "Energy": -43.87349655835351,
        "Forces": [
          [
            -0.0015177814293261516,
            -0.0016974108704858153,
            -0.0018291065443384116
          ]
        ],
        "Lattice": [
          [
            2.3420219570463026,
            5.291772083535414e-10,
            1.7092423829819387e-07
          ],
          [
            -1.1710109779939741,
            2.0282505070904215,
            -3.2491480592907436e-07
          ],
          [
            3.635447421388829e-07,
            -5.699238533967641e-07,
            2.268293970480868
          ]
        ],
        "NumAtoms": 1,
        "Positions": [
          [
            0.0,
            0.0,
            0.0
          ]
        ],
        "Stress": [
          [
            -511.9258608283789,
            -0.0,
            0.0
          ],
          [
            -0.0,
            -511.9258608283789,
            -0.0
          ],
          [
            0.0,
            -0.0,
            -551.6442465823048
          ]
        ]
      }
    ],
    "EnergyStyle": "electronvolt",
    "ForcesStyle": "electronvoltperangstrom",
    "Label": "ASE generated",
    "LatticeStyle": "angstrom",
    "PositionsStyle": "angstrom",
    "StressStyle": "bar"
  }
}