{
  "Dataset": {
    "AtomTypeStyle": "chemicalsymbol",
    "Data": [
      {
        "AtomTypes": [
          "Cr"
        ],
        "Energy": -43.873495197783086,
        "Forces": [
          [
            0.006056619271004508,
            0.006773610698509861,
            0.0021603380452400183
          ]
        ],
        "Lattice": [
          [
            2.341747046840677,
            5.291772083535414e-10,
            1.2753170721320346e-07
          ],
          [
            -1.1708735231557497,
            2.02801242708932,
            -2.4447987025933606e-07
          ],
          [
            2.6300107255171e-07,
            -4.1117069089070164e-07,
            2.2680915019891796
          ]
        ],
        "NumAtoms": 1,
        "Positions": [
          [
            0.0,
            0.0,
            0.0
          ]
        ],
        "Stress": [
          [
            2043.2902893408575,
            0.0,
            0.0
          ],
          [
            0.0,
            2043.2902893408575,
            -0.0
          ],
          [
            0.0,
            -0.0,
            651.6757366292295
          ]
        ]
      }
    ],
    "EnergyStyle": "electronvolt",
    "ForcesStyle": "electronvoltperangstrom",
    "Label": "ASE generated",
    "LatticeStyle": "angstrom",
    "PositionsStyle": "angstrom",
    "StressStyle": "bar"
  }
}