{
  "Dataset": {
    "AtomTypeStyle": "chemicalsymbol",
    "Data": [
      {
        "AtomTypes": [
          "Cr"
        ],
        "Energy": -43.70672505003495,
        "Forces": [
          [
            0.013292472838142905,
            0.017734726075221918,
            -1.1041026705511594
          ]
        ],
        "Lattice": [
          [
            2.2953230489744696,
            2.063791112578811e-08,
            2.063791112578811e-08
          ],
          [
            -1.1476615062306212,
            1.9878080923744077,
            -4.974265758523288e-08
          ],
          [
            3.1221455292858937e-08,
            -6.085537896065725e-08,
            2.652119922852236
          ]
        ],
        "NumAtoms": 1,
        "Positions": [
          [
            0.0,
            0.0,
            0.0
          ]
        ],
        "Stress": [
          [
            4667.645851748409,
            0.0,
            0.0
          ],
          [
            0.0,
            4667.645851748409,
            -0.0
          ],
          [
            0.0,
            -0.0,
            -290591.478586316
          ]
        ]
      }
    ],
    "EnergyStyle": "electronvolt",
    "ForcesStyle": "electronvoltperangstrom",
    "Label": "ASE generated",
    "LatticeStyle": "angstrom",
    "PositionsStyle": "angstrom",
    "StressStyle": "bar"
  }
}