{
  "Dataset": {
    "AtomTypeStyle": "chemicalsymbol",
    "Data": [
      {
        "AtomTypes": [
          "Cr"
        ],
        "Energy": -43.87139175594848,
        "Forces": [
          [
            0.1961963807924747,
            0.2191142638601614,
            0.1286189602997282
          ]
        ],
        "Lattice": [
          [
            2.3341045330699153,
            3.704240458474789e-09,
            5.7151138502182466e-08
          ],
          [
            -1.1670522630953057,
            2.021393819357356,
            -1.2012322629625387e-07
          ],
          [
            9.895613796211222e-08,
            -1.7198259271490093e-07,
            2.257514730232021
          ]
        ],
        "NumAtoms": 1,
        "Positions": [
          [
            0.0,
            0.0,
            0.0
          ]
        ],
        "Stress": [
          [
            66623.91447390022,
            0.0,
            0.0
          ],
          [
            0.0,
            66623.91447390022,
            -0.0
          ],
          [
            0.0,
            -0.0,
            39107.89945437486
          ]
        ]
      }
    ],
    "EnergyStyle": "electronvolt",
    "ForcesStyle": "electronvoltperangstrom",
    "Label": "ASE generated",
    "LatticeStyle": "angstrom",
    "PositionsStyle": "angstrom",
    "StressStyle": "bar"
  }
}