{
  "Dataset": {
    "AtomTypeStyle": "chemicalsymbol",
    "Data": [
      {
        "AtomTypes": [
          "Cr"
        ],
        "Energy": -43.873199001607645,
        "Forces": [
          [
            -0.06049600316476476,
            -0.06739053351366267,
            0.0454953077915094
          ]
        ],
        "Lattice": [
          [
            2.345037145278236,
            5.291772083535414e-10,
            1.0530626446235472e-07
          ],
          [
            -1.172518572639118,
            2.0308617394335227,
            -2.1061252892470943e-07
          ],
          [
            2.1061252892470943e-07,
            -3.5031531193004436e-07,
            2.262312368280295
          ]
        ],
        "NumAtoms": 1,
        "Positions": [
          [
            0.0,
            0.0,
            0.0
          ]
        ],
        "Stress": [
          [
            -20351.995070576504,
            -0.0,
            0.0
          ],
          [
            -0.0,
            -20351.995070576504,
            -0.0
          ],
          [
            0.0,
            -0.0,
            13739.619368209938
          ]
        ]
      }
    ],
    "EnergyStyle": "electronvolt",
    "ForcesStyle": "electronvoltperangstrom",
    "Label": "ASE generated",
    "LatticeStyle": "angstrom",
    "PositionsStyle": "angstrom",
    "StressStyle": "bar"
  }
}