{
  "Dataset": {
    "AtomTypeStyle": "chemicalsymbol",
    "Data": [
      {
        "AtomTypes": [
          "Cr"
        ],
        "Energy": -41.36090127250145,
        "Forces": [
          [
            -6.3258280003334955,
            -8.012617421577488,
            -2.7250361332704873
          ]
        ],
        "Lattice": [
          [
            2.597056824479028,
            3.1750632501212476e-08,
            2.6988037626030608e-08
          ],
          [
            -1.2985283847222988,
            2.2491171387944324,
            -9.895613796211222e-08
          ],
          [
            4.0217467834869146e-08,
            -1.4816961833899159e-07,
            2.848844513450031
          ]
        ],
        "NumAtoms": 1,
        "Positions": [
          [
            0.0,
            0.0,
            0.0
          ]
        ],
        "Stress": [
          [
            -1735140.3421486577,
            1.4710513242194794,
            -0.0
          ],
          [
            1.4710513242194794,
            -1735143.284251306,
            1.4710513242194794
          ],
          [
            -0.0,
            1.4710513242194794,
            -590110.7676593201
          ]
        ]
      }
    ],
    "EnergyStyle": "electronvolt",
    "ForcesStyle": "electronvoltperangstrom",
    "Label": "ASE generated",
    "LatticeStyle": "angstrom",
    "PositionsStyle": "angstrom",
    "StressStyle": "bar"
  }
}