{
  "Dataset": {
    "AtomTypeStyle": "chemicalsymbol",
    "Data": [
      {
        "AtomTypes": [
          "Cr"
        ],
        "Energy": -43.87349655835351,
        "Forces": [
          [
            0.0010379863389836715,
            0.0011607758150169933,
            0.0013168465109951123
          ]
        ],
        "Lattice": [
          [
            2.341980671698861,
            -0.0,
            2.1167088334141652e-07
          ],
          [
            -1.1709903358494305,
            2.02821476064082,
            -4.101123364739945e-07
          ],
          [
            4.582674624341668e-07,
            -7.44023154945079e-07,
            2.2681441461253984
          ]
        ],
        "NumAtoms": 1,
        "Positions": [
          [
            0.0,
            0.0,
            0.0
          ]
        ],
        "Stress": [
          [
            350.11021516423614,
            0.0,
            0.0
          ],
          [
            0.0,
            350.11021516423614,
            -0.0
          ],
          [
            0.0,
            -0.0,
            397.18385753925946
          ]
        ]
      }
    ],
    "EnergyStyle": "electronvolt",
    "ForcesStyle": "electronvoltperangstrom",
    "Label": "ASE generated",
    "LatticeStyle": "angstrom",
    "PositionsStyle": "angstrom",
    "StressStyle": "bar"
  }
}