{
  "Dataset": {
    "AtomTypeStyle": "chemicalsymbol",
    "Data": [
      {
        "AtomTypes": [
          "Cr"
        ],
        "Energy": -44.226136132920146,
        "Forces": [
          [
            1.526241156722747,
            1.7067891513312052,
            0.08076170879840024
          ]
        ],
        "Lattice": [
          [
            2.341980671698861,
            -0.0,
            2.1167088334141652e-07
          ],
          [
            -1.1709903358494305,
            2.02821476064082,
            -4.101123364739945e-07
          ],
          [
            4.582674624341668e-07,
            -7.44023154945079e-07,
            2.2681441461253984
          ]
        ],
        "NumAtoms": 1,
        "Positions": [
          [
            0.0,
            0.0,
            0.0
          ]
        ],
        "Stress": [
          [
            514797.3530132553,
            0.0,
            0.0
          ],
          [
            0.0,
            514797.3530132553,
            -0.0
          ],
          [
            0.0,
            -0.0,
            24359.13887775036
          ]
        ]
      }
    ],
    "EnergyStyle": "electronvolt",
    "ForcesStyle": "electronvoltperangstrom",
    "Label": "ASE generated",
    "LatticeStyle": "angstrom",
    "PositionsStyle": "angstrom",
    "StressStyle": "bar"
  }
}