{
  "Dataset": {
    "AtomTypeStyle": "chemicalsymbol",
    "Data": [
      {
        "AtomTypes": [
          "Cr"
        ],
        "Energy": -43.430543681362906,
        "Forces": [
          [
            -0.16705613581563072,
            -0.24642316902995484,
            -1.6899523367813556
          ]
        ],
        "Lattice": [
          [
            2.290771881561113,
            1.53461390422527e-08,
            1.3229430208838533e-08
          ],
          [
            -1.1453859272865379,
            1.9838666212442506,
            -4.8155125960172257e-08
          ],
          [
            1.957955670908103e-08,
            -7.196810033608162e-08,
            2.9263858213594305
          ]
        ],
        "NumAtoms": 1,
        "Positions": [
          [
            0.0,
            0.0,
            0.0
          ]
        ],
        "Stress": [
          [
            -58895.010816451075,
            0.0,
            0.0
          ],
          [
            0.0,
            -58895.010816451075,
            0.0
          ],
          [
            0.0,
            0.0,
            -403897.7357829972
          ]
        ]
      }
    ],
    "EnergyStyle": "electronvolt",
    "ForcesStyle": "electronvoltperangstrom",
    "Label": "ASE generated",
    "LatticeStyle": "angstrom",
    "PositionsStyle": "angstrom",
    "StressStyle": "bar"
  }
}