{
  "Dataset": {
    "AtomTypeStyle": "chemicalsymbol",
    "Data": [
      {
        "AtomTypes": [
          "Cr"
        ],
        "Energy": -43.848300971501885,
        "Forces": [
          [
            0.38621658082947835,
            0.45367804573619414,
            -0.1403296577988777
          ]
        ],
        "Lattice": [
          [
            2.3104648255998055,
            2.6458860417677065e-08,
            4.127582225157622e-08
          ],
          [
            -1.1552323895161056,
            2.0009212501794953,
            -9.154765704516265e-08
          ],
          [
            6.720550546089975e-08,
            -1.2382746675472868e-07,
            2.3504274348118277
          ]
        ],
        "NumAtoms": 1,
        "Positions": [
          [
            0.0,
            0.0,
            0.0
          ]
        ],
        "Stress": [
          [
            133848.017888082,
            -0.0,
            0.0
          ],
          [
            -0.0,
            133848.017888082,
            -0.0
          ],
          [
            0.0,
            -0.0,
            -41401.268468833034
          ]
        ]
      }
    ],
    "EnergyStyle": "electronvolt",
    "ForcesStyle": "electronvoltperangstrom",
    "Label": "ASE generated",
    "LatticeStyle": "angstrom",
    "PositionsStyle": "angstrom",
    "StressStyle": "bar"
  }
}