{
  "Dataset": {
    "AtomTypeStyle": "chemicalsymbol",
    "Data": [
      {
        "AtomTypes": [
          "Cr"
        ],
        "Energy": -41.581202926487094,
        "Forces": [
          [
            4.545980219548276,
            7.873869628259357,
            -1.3289399031151738
          ]
        ],
        "Lattice": [
          [
            1.9999998584662084,
            0.0,
            0.0
          ],
          [
            -0.9999999292331042,
            1.7320498774281983,
            0.0
          ],
          [
            0.0,
            0.0,
            2.9999997876993127
          ]
        ],
        "NumAtoms": 1,
        "Positions": [
          [
            0.0,
            0.0,
            0.0
          ]
        ],
        "Stress": [
          [
            2102556.005091012,
            0.0,
            0.0
          ],
          [
            0.0,
            2102556.005091012,
            -0.0
          ],
          [
            0.0,
            -0.0,
            -354866.1240954377
          ]
        ]
      }
    ],
    "EnergyStyle": "electronvolt",
    "ForcesStyle": "electronvoltperangstrom",
    "Label": "ASE generated",
    "LatticeStyle": "angstrom",
    "PositionsStyle": "angstrom",
    "StressStyle": "bar"
  }
}