{
  "Dataset": {
    "AtomTypeStyle": "chemicalsymbol",
    "Data": [
      {
        "AtomTypes": [
          "Ni"
        ],
        "Energy": -4.734131637847895,
        "Forces": [
          [
            0.049524989179230275,
            0.04675025668951097,
            -0.010927207595265626
          ]
        ],
        "Lattice": [
          [
            2.457253664494926,
            0.027556876136973038,
            2.2690060339783142e-05
          ],
          [
            -0.11703612764430003,
            2.4546210507467214,
            1.4789444619064773e-05
          ],
          [
            -1.1700743274558845,
            -1.2410581915225927,
            1.7690282699331843
          ]
        ],
        "NumAtoms": 1,
        "Positions": [
          [
            0.0,
            0.0,
            0.0
          ]
        ],
        "Stress": [
          [
            4688.240570287481,
            8470.313524855763,
            -10.297359269536358
          ],
          [
            8470.313524855763,
            5682.671265459849,
            1.4710513242194794
          ],
          [
            -10.297359269536358,
            1.4710513242194794,
            -3299.568120224293
          ]
        ]
      }
    ],
    "EnergyStyle": "electronvolt",
    "ForcesStyle": "electronvoltperangstrom",
    "Label": "ASE generated",
    "LatticeStyle": "angstrom",
    "PositionsStyle": "angstrom",
    "StressStyle": "bar"
  }
}