{
  "Dataset": {
    "AtomTypeStyle": "chemicalsymbol",
    "Data": [
      {
        "AtomTypes": [
          "Cr"
        ],
        "Energy": 2238.6480411205366,
        "Forces": [
          [
            -0.2538744191674311,
            -0.31616328044934716,
            -0.07550511571656107
          ]
        ],
        "Lattice": [
          [
            4.1437697559611575,
            0.0,
            0.0
          ],
          [
            -2.614014275152977,
            4.329029414210669,
            0.0
          ],
          [
            -1.01497082025537,
            -0.6878740670290641,
            6.111256498710051
          ]
        ],
        "NumAtoms": 1,
        "Positions": [
          [
            0.0,
            0.0,
            0.0
          ]
        ],
        "Stress": [
          [
            -21752.435931233445,
            -929.7044369067111,
            7.355256621097396
          ],
          [
            -929.7044369067111,
            -15165.068101378616,
            23.53682118751167
          ],
          [
            7.355256621097396,
            23.53682118751167,
            -4777.97470106487
          ]
        ]
      }
    ],
    "EnergyStyle": "electronvolt",
    "ForcesStyle": "electronvoltperangstrom",
    "Label": "ASE generated",
    "LatticeStyle": "angstrom",
    "PositionsStyle": "angstrom",
    "StressStyle": "bar"
  }
}