{
  "Dataset": {
    "AtomTypeStyle": "chemicalsymbol",
    "Data": [
      {
        "AtomTypes": [
          "Cr"
        ],
        "Energy": 2238.454581751755,
        "Forces": [
          [
            -0.34404045271810346,
            -0.5930946721700984,
            -0.08446333571306001
          ]
        ],
        "Lattice": [
          [
            4.062949579283737,
            0.0,
            0.0
          ],
          [
            -2.940994493611588,
            3.9183167001603945,
            0.0
          ],
          [
            -1.4866088733624436,
            -1.7826110020115813,
            5.518866931524272
          ]
        ],
        "NumAtoms": 1,
        "Positions": [
          [
            0.0,
            0.0,
            0.0
          ]
        ],
        "Stress": [
          [
            -31754.113884601687,
            -2962.697366978032,
            92.6762334258272
          ],
          [
            -2962.697366978032,
            -29512.231666491196,
            -50.0157450234623
          ],
          [
            92.6762334258272,
            -50.0157450234623,
            -5785.644858155213
          ]
        ]
      }
    ],
    "EnergyStyle": "electronvolt",
    "ForcesStyle": "electronvoltperangstrom",
    "Label": "ASE generated",
    "LatticeStyle": "angstrom",
    "PositionsStyle": "angstrom",
    "StressStyle": "bar"
  }
}