{
  "Dataset": {
    "AtomTypeStyle": "chemicalsymbol",
    "Data": [
      {
        "AtomTypes": [
          "Cr"
        ],
        "Energy": 2238.68834325657,
        "Forces": [
          [
            -0.1271470346783755,
            -0.09154237462268437,
            -0.06551999357715879
          ]
        ],
        "Lattice": [
          [
            4.363959863179857,
            0.0,
            0.0
          ],
          [
            -1.8795182374327957,
            5.042551257944462,
            0.0
          ],
          [
            -0.08725737746428124,
            0.8116572589126847,
            6.630316958724368
          ]
        ],
        "NumAtoms": 1,
        "Positions": [
          [
            0.0,
            0.0,
            0.0
          ]
        ],
        "Stress": [
          [
            -9301.45752303977,
            45.60259105080386,
            -1.4710513242194794
          ],
          [
            45.60259105080386,
            -4145.422631650494,
            -8.826307945316877
          ],
          [
            -1.4710513242194794,
            -8.826307945316877,
            -3590.8362824197498
          ]
        ]
      }
    ],
    "EnergyStyle": "electronvolt",
    "ForcesStyle": "electronvoltperangstrom",
    "Label": "ASE generated",
    "LatticeStyle": "angstrom",
    "PositionsStyle": "angstrom",
    "StressStyle": "bar"
  }
}