{
  "Dataset": {
    "AtomTypeStyle": "chemicalsymbol",
    "Data": [
      {
        "AtomTypes": [
          "Ni"
        ],
        "Energy": -4.680803400827244,
        "Forces": [
          [
            -0.27447705837131076,
            -0.23882326695425135,
            -0.13100385565244874
          ]
        ],
        "Lattice": [
          [
            2.3830874017236345,
            0.00906585440832312,
            -0.046089934644700147
          ],
          [
            0.4386527942881343,
            2.342389803469968,
            -0.046118223399904304
          ],
          [
            -1.1909525495938846,
            -0.9924771312221884,
            1.9523206644328623
          ]
        ],
        "NumAtoms": 1,
        "Positions": [
          [
            0.0,
            0.0,
            0.0
          ]
        ],
        "Stress": [
          [
            -58922.96079161126,
            -6984.551687394089,
            -12904.062216053275
          ],
          [
            -6984.551687394089,
            -56372.15779541468,
            -10719.550999587347
          ],
          [
            -12904.062216053275,
            -10719.550999587347,
            -17009.766461949843
          ]
        ]
      }
    ],
    "EnergyStyle": "electronvolt",
    "ForceStyle": "electronvoltperangstrom",
    "ForcesStyle": null,
    "Label": "ASE generated",
    "LatticeStyle": "angstrom",
    "PositionsStyle": "angstrom",
    "StressStyle": "bar"
  }
}