{
  "Dataset": {
    "AtomTypeStyle": "chemicalsymbol",
    "Data": [
      {
        "AtomTypes": [
          "Ni"
        ],
        "Energy": -4.68852912771581,
        "Forces": [
          [
            5.595183827046641e-05,
            1.9040093219821362e-05,
            -0.00029512138657716174
          ]
        ],
        "Lattice": [
          [
            2.366111980032936,
            -0.0346716192524009,
            -0.07492604905691912
          ],
          [
            0.3925709930971265,
            2.3335750378260594,
            -0.07494643666722535
          ],
          [
            -1.257446070933919,
            -1.0478550709839873,
            1.9529349444490405
          ]
        ],
        "NumAtoms": 1,
        "Positions": [
          [
            0.0,
            0.0,
            0.0
          ]
        ],
        "Stress": [
          [
            -10.297359269536358,
            16.181564566414277,
            10.297359269536358
          ],
          [
            16.181564566414277,
            -16.181564566414277,
            5.8842052968779175
          ],
          [
            10.297359269536358,
            5.8842052968779175,
            -107.386746668022
          ]
        ]
      }
    ],
    "EnergyStyle": "electronvolt",
    "ForceStyle": "electronvoltperangstrom",
    "ForcesStyle": null,
    "Label": "ASE generated",
    "LatticeStyle": "angstrom",
    "PositionsStyle": "angstrom",
    "StressStyle": "bar"
  }
}