{
  "Dataset": {
    "AtomTypeStyle": "chemicalsymbol",
    "Data": [
      {
        "AtomTypes": [
          "Ni"
        ],
        "Energy": -4.6677382514699275,
        "Forces": [
          [
            -0.10664993515560794,
            -0.07969156776532393,
            -0.039494126274831474
          ]
        ],
        "Lattice": [
          [
            2.355186894841227,
            0.12289550843094565,
            -0.022043530676996288
          ],
          [
            0.5455841095687991,
            2.294414400377537,
            -0.022064286594639538
          ],
          [
            -1.1476805259178438,
            -0.9564015143467229,
            2.0001146195398523
          ]
        ],
        "NumAtoms": 1,
        "Positions": [
          [
            0.0,
            0.0,
            0.0
          ]
        ],
        "Stress": [
          [
            -12214.139144994338,
            -19361.97752937679,
            -439.8443459416244
          ],
          [
            -19361.97752937679,
            -5106.019146365814,
            -353.05231781267514
          ],
          [
            -439.8443459416244,
            -353.05231781267514,
            -11508.034509368988
          ]
        ]
      }
    ],
    "EnergyStyle": "electronvolt",
    "ForceStyle": "electronvoltperangstrom",
    "ForcesStyle": null,
    "Label": "ASE generated",
    "LatticeStyle": "angstrom",
    "PositionsStyle": "angstrom",
    "StressStyle": "bar"
  }
}