{
  "Dataset": {
    "AtomTypeStyle": "chemicalsymbol",
    "Data": [
      {
        "AtomTypes": [
          "Ni"
        ],
        "Energy": -4.688527767145388,
        "Forces": [
          [
            -0.0004831688833850363,
            -0.0007473233791291874,
            -0.006254670311497786
          ]
        ],
        "Lattice": [
          [
            2.366021820407709,
            -0.034514374244938646,
            -0.07457199987060693
          ],
          [
            0.39270945443040106,
            2.3334577515187775,
            -0.07459279124312314
          ],
          [
            -1.2564833065589516,
            -1.047053954370856,
            1.9533239526692683
          ]
        ],
        "NumAtoms": 1,
        "Positions": [
          [
            0.0,
            0.0,
            0.0
          ]
        ],
        "Stress": [
          [
            -254.49187908996998,
            382.4733442970647,
            -267.7313410079453
          ],
          [
            382.4733442970647,
            -394.2417548908206,
            -219.18664730870245
          ],
          [
            -267.7313410079453,
            -219.18664730870245,
            -1446.0434517077485
          ]
        ]
      }
    ],
    "EnergyStyle": "electronvolt",
    "ForceStyle": "electronvoltperangstrom",
    "ForcesStyle": null,
    "Label": "ASE generated",
    "LatticeStyle": "angstrom",
    "PositionsStyle": "angstrom",
    "StressStyle": "bar"
  }
}