{
  "Dataset": {
    "AtomTypeStyle": "chemicalsymbol",
    "Data": [
      {
        "AtomTypes": [
          "Ni"
        ],
        "Energy": -4.662540056208854,
        "Forces": [
          [
            0.33682497985745585,
            0.35360309123191236,
            -0.14065390083820245
          ]
        ],
        "Lattice": [
          [
            2.366111980032936,
            -0.0346716192524009,
            -0.07492604905691912
          ],
          [
            0.3925709930971265,
            2.3335750378260594,
            -0.07494643666722535
          ],
          [
            -1.257446070933919,
            -1.0478550709839873,
            1.9529349444490405
          ]
        ],
        "NumAtoms": 1,
        "Positions": [
          [
            0.0,
            0.0,
            0.0
          ]
        ],
        "Stress": [
          [
            136419.41560281767,
            -26843.744564357065,
            -12164.123399970877
          ],
          [
            -26843.744564357065,
            146262.22001317018,
            -10139.956777844873
          ],
          [
            -12164.123399970877,
            -10139.956777844873,
            -21164.01540154565
          ]
        ]
      }
    ],
    "EnergyStyle": "electronvolt",
    "ForceStyle": "electronvoltperangstrom",
    "ForcesStyle": null,
    "Label": "ASE generated",
    "LatticeStyle": "angstrom",
    "PositionsStyle": "angstrom",
    "StressStyle": "bar"
  }
}