{
  "Dataset": {
    "AtomTypeStyle": "chemicalsymbol",
    "Data": [
      {
        "AtomTypes": [
          "Ni"
        ],
        "Energy": -3.8893144295889215,
        "Forces": [
          [
            -2.671039145535375,
            -3.00759420315924,
            -1.52816973635359
          ]
        ],
        "Lattice": [
          [
            2.401989635418998,
            0.28907137349143214,
            0.005079921809120365
          ],
          [
            0.7174794531331183,
            2.3105026437781775,
            0.005093231145087665
          ],
          [
            -1.1478688320399046,
            -0.956542826357619,
            2.6857939700404354
          ]
        ],
        "NumAtoms": 1,
        "Positions": [
          [
            0.0,
            0.0,
            0.0
          ]
        ],
        "Stress": [
          [
            -549765.7140412765,
            -250124.32770836234,
            -1147.420032891194
          ],
          [
            -250124.32770836234,
            -458089.7955159185,
            -957.6544120668813
          ],
          [
            -1147.420032891194,
            -957.6544120668813,
            -358231.88952525187
          ]
        ]
      }
    ],
    "EnergyStyle": "electronvolt",
    "ForceStyle": "electronvoltperangstrom",
    "ForcesStyle": null,
    "Label": "ASE generated",
    "LatticeStyle": "angstrom",
    "PositionsStyle": "angstrom",
    "StressStyle": "bar"
  }
}