{
  "Dataset": {
    "AtomTypeStyle": "chemicalsymbol",
    "Data": [
      {
        "AtomTypes": [
          "Ni"
        ],
        "Energy": -4.660818390427266,
        "Forces": [
          [
            -0.007890124038366253,
            0.00447924994283269,
            -0.014850982991496831
          ]
        ],
        "Lattice": [
          [
            2.325910669036593,
            0.22090978451782053,
            0.0033352748250135324
          ],
          [
            0.6367117708347673,
            2.2479483048768736,
            0.0033223094542316626
          ],
          [
            -1.0938588148325226,
            -0.9115327190823864,
            2.0340431491059037
          ]
        ],
        "NumAtoms": 1,
        "Positions": [
          [
            0.0,
            0.0,
            0.0
          ]
        ],
        "Stress": [
          [
            11260.897886900118,
            -8046.650743480554,
            -5698.852830026263
          ],
          [
            -8046.650743480554,
            14203.000535339075,
            -4752.966828553139
          ],
          [
            -5698.852830026263,
            -4752.966828553139,
            5798.884320073188
          ]
        ]
      }
    ],
    "EnergyStyle": "electronvolt",
    "ForceStyle": "electronvoltperangstrom",
    "ForcesStyle": null,
    "Label": "ASE generated",
    "LatticeStyle": "angstrom",
    "PositionsStyle": "angstrom",
    "StressStyle": "bar"
  }
}