{
  "Dataset": {
    "AtomTypeStyle": "chemicalsymbol",
    "Data": [
      {
        "AtomTypes": [
          "Ni"
        ],
        "Energy": -4.226519013279358,
        "Forces": [
          [
            -4.291528674359522,
            -4.081762590396519,
            -1.1376195773881155
          ]
        ],
        "Lattice": [
          [
            2.4251977279659487,
            0.34412066721880585,
            0.008680430834504859
          ],
          [
            0.7758109034065083,
            2.3234154397460434,
            0.008678234219912985
          ],
          [
            -1.169433541482517,
            -0.9745445576099949,
            2.2714559678165376
          ]
        ],
        "NumAtoms": 1,
        "Positions": [
          [
            0.0,
            0.0,
            0.0
          ]
        ],
        "Stress": [
          [
            -807536.5665329319,
            -477831.304286944,
            4439.632896494389
          ],
          [
            -477831.304286944,
            -632409.3774359268,
            3699.6940804119913
          ],
          [
            4439.632896494389,
            3699.6940804119913,
            -316543.76604819606
          ]
        ]
      }
    ],
    "EnergyStyle": "electronvolt",
    "ForceStyle": "electronvoltperangstrom",
    "ForcesStyle": null,
    "Label": "ASE generated",
    "LatticeStyle": "angstrom",
    "PositionsStyle": "angstrom",
    "StressStyle": "bar"
  }
}