{
  "Dataset": {
    "AtomTypeStyle": "chemicalsymbol",
    "Data": [
      {
        "AtomTypes": [
          "Ni"
        ],
        "Energy": -3.525156538149531,
        "Forces": [
          [
            0.12212572317742171,
            0.08016360621035842,
            -0.6283799408294333
          ]
        ],
        "Lattice": [
          [
            2.281961561534932,
            0.06310239609409685,
            0.0010418387960343686
          ],
          [
            0.47357083072855427,
            2.233178927715904,
            0.0010424124241282238
          ],
          [
            -1.0193530324935285,
            -0.849461735934965,
            3.335983436158872
          ]
        ],
        "NumAtoms": 1,
        "Positions": [
          [
            0.0,
            0.0,
            0.0
          ]
        ],
        "Stress": [
          [
            -22617.4141098745,
            60191.00703308844,
            1048.859594168489
          ],
          [
            60191.00703308844,
            -44692.01028111201,
            875.2755379105904
          ],
          [
            1048.859594168489,
            875.2755379105904,
            -130277.77632420135
          ]
        ]
      }
    ],
    "EnergyStyle": "electronvolt",
    "ForceStyle": "electronvoltperangstrom",
    "ForcesStyle": null,
    "Label": "ASE generated",
    "LatticeStyle": "angstrom",
    "PositionsStyle": "angstrom",
    "StressStyle": "bar"
  }
}