{
  "Dataset": {
    "AtomTypeStyle": "chemicalsymbol",
    "Data": [
      {
        "AtomTypes": [
          "Ni"
        ],
        "Energy": -4.688528311374284,
        "Forces": [
          [
            0.0026346661639760002,
            0.0023658331720942476,
            0.0017803242874317251
          ]
        ],
        "Lattice": [
          [
            2.3660012205973424,
            -0.0348778475481544,
            -0.07511694179717454
          ],
          [
            0.39234814334525864,
            2.3335032935676825,
            -0.0751370648188766
          ],
          [
            -1.257918271632249,
            -1.0482477167683453,
            1.9529846326013733
          ]
        ],
        "NumAtoms": 1,
        "Positions": [
          [
            0.0,
            0.0,
            0.0
          ]
        ],
        "Stress": [
          [
            606.0731455784256,
            20.594718539072716,
            135.33672182819214
          ],
          [
            20.594718539072716,
            598.7178889573282,
            111.79990064068046
          ],
          [
            135.33672182819214,
            111.79990064068046,
            303.0365727892128
          ]
        ]
      }
    ],
    "EnergyStyle": "electronvolt",
    "ForceStyle": "electronvoltperangstrom",
    "ForcesStyle": null,
    "Label": "ASE generated",
    "LatticeStyle": "angstrom",
    "PositionsStyle": "angstrom",
    "StressStyle": "bar"
  }
}