{
  "Dataset": {
    "AtomTypeStyle": "chemicalsymbol",
    "Data": [
      {
        "AtomTypes": [
          "Ni"
        ],
        "Energy": -4.338524025609331,
        "Forces": [
          [
            -3.8361543370523012,
            -3.564702861805871,
            -0.9477942395985766
          ]
        ],
        "Lattice": [
          [
            2.4164708639481196,
            0.33289209413551113,
            0.01010104620944336
          ],
          [
            0.7631924358019287,
            2.316856999462669,
            0.01009120139665915
          ],
          [
            -1.157311745847091,
            -0.9644557216354571,
            2.2116003935187236
          ]
        ],
        "NumAtoms": 1,
        "Positions": [
          [
            0.0,
            0.0,
            0.0
          ]
        ],
        "Stress": [
          [
            -726341.8886926376,
            -428255.4036094233,
            4619.101158049166
          ],
          [
            -428255.4036094233,
            -569393.9518603372,
            3854.154469455036
          ],
          [
            4619.101158049166,
            3854.154469455036,
            -272707.9076377798
          ]
        ]
      }
    ],
    "EnergyStyle": "electronvolt",
    "ForceStyle": "electronvoltperangstrom",
    "ForcesStyle": null,
    "Label": "ASE generated",
    "LatticeStyle": "angstrom",
    "PositionsStyle": "angstrom",
    "StressStyle": "bar"
  }
}