{
  "Dataset": {
    "AtomTypeStyle": "chemicalsymbol",
    "Data": [
      {
        "AtomTypes": [
          "Ni"
        ],
        "Energy": -4.684612317654683,
        "Forces": [
          [
            -0.15477590177845302,
            -0.14193462783655347,
            -0.09165702003295974
          ]
        ],
        "Lattice": [
          [
            2.377621369997857,
            -0.014146656239140975,
            -0.05441168810902856
          ],
          [
            0.41483438420394075,
            2.341196775570444,
            -0.05443305734305629
          ],
          [
            -1.2052739671352615,
            -1.0043846428972185,
            1.9437134955369681
          ]
        ],
        "NumAtoms": 1,
        "Positions": [
          [
            0.0,
            0.0,
            0.0
          ]
        ],
        "Stress": [
          [
            -36018.69167351396,
            5322.263691026077,
            -13785.221959260742
          ],
          [
            5322.263691026077,
            -37975.189934725866,
            -11483.026636857257
          ],
          [
            -13785.221959260742,
            -11483.026636857257,
            -3233.370810634416
          ]
        ]
      }
    ],
    "EnergyStyle": "electronvolt",
    "ForceStyle": "electronvoltperangstrom",
    "ForcesStyle": null,
    "Label": "ASE generated",
    "LatticeStyle": "angstrom",
    "PositionsStyle": "angstrom",
    "StressStyle": "bar"
  }
}