{
  "Dataset": {
    "AtomTypeStyle": "chemicalsymbol",
    "Data": [
      {
        "AtomTypes": [
          "Ni"
        ],
        "Energy": -3.4707451510357714,
        "Forces": [
          [
            0.2624005441178343,
            0.2968406959659868,
            -0.5645735887878198
          ]
        ],
        "Lattice": [
          [
            2.259016322949268,
            0.027122774610112754,
            0.0005245432035399894
          ],
          [
            0.43404337081426475,
            2.217094827243628,
            0.00052827125697284
          ],
          [
            -0.9970064653131053,
            -0.8308332339675848,
            3.4272009892864004
          ]
        ],
        "NumAtoms": 1,
        "Positions": [
          [
            0.0,
            0.0,
            0.0
          ]
        ],
        "Stress": [
          [
            17290.737264875763,
            66214.96220576722,
            632.5520694143762
          ],
          [
            66214.96220576722,
            -6983.08063606987,
            507.51270685572047
          ],
          [
            632.5520694143762,
            507.51270685572047,
            -114761.12695633425
          ]
        ]
      }
    ],
    "EnergyStyle": "electronvolt",
    "ForceStyle": "electronvoltperangstrom",
    "ForcesStyle": null,
    "Label": "ASE generated",
    "LatticeStyle": "angstrom",
    "PositionsStyle": "angstrom",
    "StressStyle": "bar"
  }
}