{
  "Dataset": {
    "AtomTypeStyle": "chemicalsymbol",
    "Data": [
      {
        "AtomTypes": [
          "Ni"
        ],
        "Energy": -4.677675041311886,
        "Forces": [
          [
            -0.310938102356669,
            -0.26341908083751603,
            -0.14117081592172176
          ]
        ],
        "Lattice": [
          [
            2.382173637041452,
            0.03520375456134914,
            -0.039449791517065076
          ],
          [
            0.4641976974031249,
            2.336777163198616,
            -0.03948123628513986
          ],
          [
            -1.180089269125048,
            -0.9834375621041587,
            1.9633347503517131
          ]
        ],
        "NumAtoms": 1,
        "Positions": [
          [
            0.0,
            0.0,
            0.0
          ]
        ],
        "Stress": [
          [
            -61829.758208268955,
            -17103.91374669989,
            -10803.400925067857
          ],
          [
            -17103.91374669989,
            -55560.13746444553,
            -8957.231513172412
          ],
          [
            -10803.400925067857,
            -8957.231513172412,
            -23981.078687425954
          ]
        ]
      }
    ],
    "EnergyStyle": "electronvolt",
    "ForceStyle": "electronvoltperangstrom",
    "ForcesStyle": null,
    "Label": "ASE generated",
    "LatticeStyle": "angstrom",
    "PositionsStyle": "angstrom",
    "StressStyle": "bar"
  }
}