{
  "Dataset": {
    "AtomTypeStyle": "chemicalsymbol",
    "Data": [
      {
        "AtomTypes": [
          "Cr",
          "Cr"
        ],
        "Energy": -81.55793538809758,
        "Forces": [
          [
            -8.84267878248014,
            -2.6428528230802066,
            -2.414395625039388
          ],
          [
            8.84267878248014,
            2.6428528230802066,
            2.414395625039388
          ]
        ],
        "Lattice": [
          [
            5.383919827534849,
            0.0,
            0.0
          ],
          [
            0.28359259299557066,
            3.9818448099680515,
            0.0
          ],
          [
            -0.5082904869977376,
            -2.2899641559247077,
            1.3805877935351063
          ]
        ],
        "NumAtoms": 2,
        "Positions": [
          [
            0.0,
            0.0,
            0.0
          ],
          [
            1.2898052141871792,
            0.4229704327068273,
            0.3451464099917938
          ]
        ],
        "Stress": [
          [
            2144747.2281209505,
            607013.1473746018,
            491020.7504598959
          ],
          [
            607013.1473746018,
            967603.1321725775,
            636853.423486394
          ],
          [
            491020.7504598959,
            636853.423486394,
            636703.3762513236
          ]
        ]
      }
    ],
    "EnergyStyle": "electronvolt",
    "ForcesStyle": "electronvoltperangstrom",
    "Label": "ASE generated",
    "LatticeStyle": "angstrom",
    "PositionsStyle": "angstrom",
    "StressStyle": "bar"
  }
}