{
  "Dataset": {
    "AtomTypeStyle": "chemicalsymbol",
    "Data": [
      {
        "AtomTypes": [
          "Cr"
        ],
        "Energy": -41.91146411126783,
        "Forces": [
          [
            -0.17419676921126295,
            -0.4380880359990832,
            -0.06671994786283175
          ]
        ],
        "Lattice": [
          [
            4.3424197049138265,
            0.0,
            0.0
          ],
          [
            -0.19555652899108925,
            3.4571045451548152,
            0.0
          ],
          [
            -0.9872056957151093,
            -2.2890631232482748,
            7.367796540586404
          ]
        ],
        "NumAtoms": 1,
        "Positions": [
          [
            0.0,
            0.0,
            0.0
          ]
        ],
        "Stress": [
          [
            -19459.066916775275,
            863.5071273168345,
            4.413153972658439
          ],
          [
            863.5071273168345,
            -28060.304009486572,
            -5.8842052968779175
          ],
          [
            4.413153972658439,
            -5.8842052968779175,
            -3189.239270907832
          ]
        ]
      }
    ],
    "EnergyStyle": "electronvolt",
    "ForcesStyle": "electronvoltperangstrom",
    "Label": "ASE generated",
    "LatticeStyle": "angstrom",
    "PositionsStyle": "angstrom",
    "StressStyle": "bar"
  }
}