{
  "Dataset": {
    "AtomTypeStyle": "chemicalsymbol",
    "Data": [
      {
        "AtomTypes": [
          "Ni"
        ],
        "Energy": -2.6055041484241883,
        "Forces": [
          [
            -1.4470608194910786,
            -0.8409411412824557,
            -1.8314909862981363
          ]
        ],
        "Lattice": [
          [
            4.2143995671373125,
            0.0,
            0.0
          ],
          [
            0.14760513043941723,
            3.1576009460815273,
            0.0
          ],
          [
            1.3749984315733539,
            -3.5627522484682728,
            1.993815577614394
          ]
        ],
        "NumAtoms": 1,
        "Positions": [
          [
            0.0,
            0.0,
            0.0
          ]
        ],
        "Stress": [
          [
            -145928.29136257237,
            -7443.519700550566,
            -20850.681469486903
          ],
          [
            -7443.519700550566,
            -169219.4469789394,
            7471.469675710736
          ],
          [
            -20850.681469486903,
            7471.469675710736,
            -157162.71032563652
          ]
        ]
      }
    ],
    "EnergyStyle": "electronvolt",
    "ForcesStyle": "electronvoltperangstrom",
    "Label": "ASE generated",
    "LatticeStyle": "angstrom",
    "PositionsStyle": "angstrom",
    "StressStyle": "bar"
  }
}