{
  "Dataset": {
    "AtomTypeStyle": "chemicalsymbol",
    "Data": [
      {
        "AtomTypes": [
          "Cr"
        ],
        "Energy": 2237.4820763722487,
        "Forces": [
          [
            -0.24790338189602037,
            -0.6256436316625362,
            -0.2089466319549831
          ]
        ],
        "Lattice": [
          [
            4.189769543151705,
            0.0,
            0.0
          ],
          [
            -0.4405081799974271,
            3.333309422449263,
            0.0
          ],
          [
            1.2204547293028327,
            -4.077148537831787,
            2.591590330455573
          ]
        ],
        "NumAtoms": 1,
        "Positions": [
          [
            0.0,
            0.0,
            0.0
          ]
        ],
        "Stress": [
          [
            -40578.95077859434,
            -4289.585661424002,
            16428.701188883148
          ],
          [
            -4289.585661424002,
            -75216.32525866621,
            -31808.54278359781
          ],
          [
            16428.701188883148,
            -31808.54278359781,
            -1159.18844348495
          ]
        ]
      }
    ],
    "EnergyStyle": "electronvolt",
    "ForcesStyle": "electronvoltperangstrom",
    "Label": "ASE generated",
    "LatticeStyle": "angstrom",
    "PositionsStyle": "angstrom",
    "StressStyle": "bar"
  }
}