{
  "Dataset": {
    "AtomTypeStyle": "chemicalsymbol",
    "Data": [
      {
        "AtomTypes": [
          "Cr"
        ],
        "Energy": 2236.936041647823,
        "Forces": [
          [
            0.639054990218936,
            -0.33424724766542,
            0.014498998784361006
          ]
        ],
        "Lattice": [
          [
            5.026269590319815,
            0.0,
            0.0
          ],
          [
            1.1029394675518287,
            2.979648007185441,
            0.0
          ],
          [
            1.0938067357062176,
            -2.4538499453420854,
            1.6922896820951885
          ]
        ],
        "NumAtoms": 1,
        "Positions": [
          [
            0.0,
            0.0,
            0.0
          ]
        ],
        "Stress": [
          [
            -20477.034433135155,
            20968.365575424465,
            67874.30809948679
          ],
          [
            20968.365575424465,
            -94782.77892210952,
            7133.1278711402565
          ],
          [
            67874.30809948679,
            7133.1278711402565,
            -73456.9478748997
          ]
        ]
      }
    ],
    "EnergyStyle": "electronvolt",
    "ForcesStyle": "electronvoltperangstrom",
    "Label": "ASE generated",
    "LatticeStyle": "angstrom",
    "PositionsStyle": "angstrom",
    "StressStyle": "bar"
  }
}