{
  "Dataset": {
    "AtomTypeStyle": "chemicalsymbol",
    "Data": [
      {
        "AtomTypes": [
          "Cr"
        ],
        "Energy": 2238.681324346003,
        "Forces": [
          [
            -0.08245023414869672,
            -0.07273956409435163,
            -0.06196590866924499
          ]
        ],
        "Lattice": [
          [
            4.531199440576286,
            0.0,
            0.0
          ],
          [
            -1.4804606684217276,
            5.369294620304716,
            0.0
          ],
          [
            0.3506196815123524,
            1.4637586672837632,
            6.6068875299109955
          ]
        ],
        "NumAtoms": 1,
        "Positions": [
          [
            0.0,
            0.0,
            0.0
          ]
        ],
        "Stress": [
          [
            -5476.7240800691225,
            55.89995032034023,
            -8.826307945316877
          ],
          [
            55.89995032034023,
            -3198.0655788531485,
            -5.8842052968779175
          ],
          [
            -8.826307945316877,
            -5.8842052968779175,
            -3223.07345136488
          ]
        ]
      }
    ],
    "EnergyStyle": "electronvolt",
    "ForcesStyle": "electronvoltperangstrom",
    "Label": "ASE generated",
    "LatticeStyle": "angstrom",
    "PositionsStyle": "angstrom",
    "StressStyle": "bar"
  }
}