{
  "Dataset": {
    "AtomTypeStyle": "chemicalsymbol",
    "Data": [
      {
        "AtomTypes": [
          "Cr"
        ],
        "Energy": -4.2129353505433755,
        "Forces": [
          [
            -0.16893125118037305,
            -0.16896782636928692,
            -0.1689194152845137
          ]
        ],
        "Lattice": [
          [
            2.4826476007608544,
            -6.067545870981705e-06,
            -6.950213454515412e-06
          ],
          [
            -0.8275459073602429,
            2.3406663743752074,
            -5.45581701812501e-07
          ],
          [
            -0.8275430016481918,
            -1.1703135123789972,
            2.02706807490614
          ]
        ],
        "NumAtoms": 1,
        "Positions": [
          [
            0.0,
            0.0,
            0.0
          ]
        ],
        "Stress": [
          [
            -46577.898078761384,
            -1.4710513242194794,
            2.9421026484389587
          ],
          [
            -1.4710513242194794,
            -46579.36913008561,
            -5.8842052968779175
          ],
          [
            2.9421026484389587,
            -5.8842052968779175,
            -46570.54282214029
          ]
        ]
      }
    ],
    "EnergyStyle": "electronvolt",
    "ForcesStyle": "electronvoltperangstrom",
    "Label": "ASE generated",
    "LatticeStyle": "angstrom",
    "PositionsStyle": "angstrom",
    "StressStyle": "bar"
  }
}