{
  "Dataset": {
    "AtomTypeStyle": "chemicalsymbol",
    "Data": [
      {
        "AtomTypes": [
          "Cr"
        ],
        "Energy": -4.216187521964912,
        "Forces": [
          [
            -0.0017175580547777506,
            -0.0017228223956080552,
            -0.0017175531488170263
          ]
        ],
        "Lattice": [
          [
            2.4670405831758324,
            -6.095063085816089e-06,
            -5.41083695541496e-06
          ],
          [
            -0.8223436503640954,
            2.325950542010065,
            -5.254200501742311e-06
          ],
          [
            -0.8223394492262384,
            -1.1629593356271688,
            2.0143320706934587
          ]
        ],
        "NumAtoms": 1,
        "Positions": [
          [
            0.0,
            0.0,
            0.0
          ]
        ],
        "Stress": [
          [
            -478.0916803713309,
            0.0,
            -1.4710513242194794
          ],
          [
            0.0,
            -478.0916803713309,
            -2.9421026484389587
          ],
          [
            -1.4710513242194794,
            -2.9421026484389587,
            -475.14957772289193
          ]
        ]
      }
    ],
    "EnergyStyle": "electronvolt",
    "ForcesStyle": "electronvoltperangstrom",
    "Label": "ASE generated",
    "LatticeStyle": "angstrom",
    "PositionsStyle": "angstrom",
    "StressStyle": "bar"
  }
}