{
  "Dataset": {
    "AtomTypeStyle": "chemicalsymbol",
    "Data": [
      {
        "AtomTypes": [
          "Cr"
        ],
        "Energy": -4.216187521964912,
        "Forces": [
          [
            -0.0008166303634679491,
            -0.0008218969226754026,
            -0.000816628030879261
          ]
        ],
        "Lattice": [
          [
            2.4670405831758324,
            -6.095063085816089e-06,
            -5.41083695541496e-06
          ],
          [
            -0.8223436503640954,
            2.325950542010065,
            -5.254200501742311e-06
          ],
          [
            -0.8223394492262384,
            -1.1629593356271688,
            2.0143320706934587
          ]
        ],
        "NumAtoms": 1,
        "Positions": [
          [
            0.0,
            0.0,
            0.0
          ]
        ],
        "Stress": [
          [
            -226.5419039297999,
            0.0,
            -1.4710513242194794
          ],
          [
            0.0,
            -228.01295525401932,
            -1.4710513242194794
          ],
          [
            -1.4710513242194794,
            -1.4710513242194794,
            -225.07085260558037
          ]
        ]
      }
    ],
    "EnergyStyle": "electronvolt",
    "ForcesStyle": "electronvoltperangstrom",
    "Label": "ASE generated",
    "LatticeStyle": "angstrom",
    "PositionsStyle": "angstrom",
    "StressStyle": "bar"
  }
}