{
  "Dataset": {
    "AtomTypeStyle": "chemicalsymbol",
    "Data": [
      {
        "AtomTypes": [
          "Cr"
        ],
        "Energy": -4.216141806799442,
        "Forces": [
          [
            0.020505405570151923,
            0.020494825360747915,
            0.02050007335260145
          ]
        ],
        "Lattice": [
          [
            2.4651458604770826,
            -6.04743713706427e-06,
            -5.021362530066754e-06
          ],
          [
            -0.8217120387359893,
            2.32416442340814,
            -4.265697476537897e-06
          ],
          [
            -0.8217075862389581,
            -1.1620653462972623,
            2.0127839632995976
          ]
        ],
        "NumAtoms": 1,
        "Positions": [
          [
            0.0,
            0.0,
            0.0
          ]
        ],
        "Stress": [
          [
            5735.629113131751,
            0.0,
            -1.4710513242194794
          ],
          [
            0.0,
            5734.158061807531,
            -2.9421026484389587
          ],
          [
            -1.4710513242194794,
            -2.9421026484389587,
            5737.10016445597
          ]
        ]
      }
    ],
    "EnergyStyle": "electronvolt",
    "ForcesStyle": "electronvoltperangstrom",
    "Label": "ASE generated",
    "LatticeStyle": "angstrom",
    "PositionsStyle": "angstrom",
    "StressStyle": "bar"
  }
}