{
  "Dataset": {
    "AtomTypeStyle": "chemicalsymbol",
    "Data": [
      {
        "AtomTypes": [
          "Cr"
        ],
        "Energy": 2236.278666005477,
        "Forces": [
          [
            3.5663458012282936,
            -0.7452033330787697,
            1.7775881635992221
          ]
        ],
        "Lattice": [
          [
            4.8617595089640755,
            0.0,
            0.0
          ],
          [
            0.8740033686859807,
            2.892844143023804,
            0.0
          ],
          [
            0.8638228442742101,
            -2.7053552493201134,
            1.0232545238516688
          ]
        ],
        "NumAtoms": 1,
        "Positions": [
          [
            0.0,
            0.0,
            0.0
          ]
        ],
        "Stress": [
          [
            217078.63076109593,
            28844.374365295556,
            160347.5364425717
          ],
          [
            28844.374365295556,
            -288236.32541624067,
            52225.26411243997
          ],
          [
            160347.5364425717,
            52225.26411243997,
            -10042.867390446387
          ]
        ]
      }
    ],
    "EnergyStyle": "electronvolt",
    "ForcesStyle": "electronvoltperangstrom",
    "Label": "ASE generated",
    "LatticeStyle": "angstrom",
    "PositionsStyle": "angstrom",
    "StressStyle": "bar"
  }
}