{
  "Dataset": {
    "AtomTypeStyle": "chemicalsymbol",
    "Data": [
      {
        "AtomTypes": [
          "Cr"
        ],
        "Energy": -41.6600577771369,
        "Forces": [
          [
            -0.34464124089784065,
            -0.4896758464272516,
            -0.06393266010919268
          ]
        ],
        "Lattice": [
          [
            4.065149898116071,
            0.0,
            0.0
          ],
          [
            -2.4348134011768248,
            4.129537807352332,
            0.0
          ],
          [
            -1.0604146766730678,
            -0.8874384833583308,
            6.057162781490704
          ]
        ],
        "NumAtoms": 1,
        "Positions": [
          [
            0.0,
            0.0,
            0.0
          ]
        ],
        "Stress": [
          [
            -31709.9823448751,
            -1198.9068292388758,
            16.181564566414277
          ],
          [
            -1198.9068292388758,
            -25169.6881573953,
            10.297359269536358
          ],
          [
            16.181564566414277,
            10.297359269536358,
            -4142.480529002055
          ]
        ]
      }
    ],
    "EnergyStyle": "electronvolt",
    "ForcesStyle": "electronvoltperangstrom",
    "Label": "ASE generated",
    "LatticeStyle": "angstrom",
    "PositionsStyle": "angstrom",
    "StressStyle": "bar"
  }
}