{
  "Dataset": {
    "AtomTypeStyle": "chemicalsymbol",
    "Data": [
      {
        "AtomTypes": [
          "Cr"
        ],
        "Energy": -41.591619589508355,
        "Forces": [
          [
            -0.3091515629596956,
            -0.39501875745642423,
            -0.06975827534564503
          ]
        ],
        "Lattice": [
          [
            4.113039906294858,
            0.0,
            0.0
          ],
          [
            -2.6085968476097627,
            4.3040823838624425,
            0.0
          ],
          [
            -1.043334267830285,
            -0.652069007624268,
            6.057372582958188
          ]
        ],
        "NumAtoms": 1,
        "Positions": [
          [
            0.0,
            0.0,
            0.0
          ]
        ],
        "Stress": [
          [
            -26615.731609103044,
            -1332.7724997428484,
            -30.892077808609073
          ],
          [
            -1332.7724997428484,
            -19010.396262888335,
            -1.4710513242194794
          ],
          [
            -30.892077808609073,
            -1.4710513242194794,
            -4427.864485900634
          ]
        ]
      }
    ],
    "EnergyStyle": "electronvolt",
    "ForcesStyle": "electronvoltperangstrom",
    "Label": "ASE generated",
    "LatticeStyle": "angstrom",
    "PositionsStyle": "angstrom",
    "StressStyle": "bar"
  }
}