{
  "Dataset": {
    "AtomTypeStyle": "chemicalsymbol",
    "Data": [
      {
        "AtomTypes": [
          "Cr"
        ],
        "Energy": -3.3835875555914754,
        "Forces": [
          [
            0.049364427226151315,
            0.05295129001341174,
            -0.10607619581302147
          ]
        ],
        "Lattice": [
          [
            2.448073244808526,
            -6.876128645345915e-06,
            -2.1167088334141654e-09
          ],
          [
            -1.2240425772353887,
            2.1200940678594193,
            2.2754619959202277e-08
          ],
          [
            3.2173974267895317e-07,
            -2.772888571772556e-07,
            2.2736961776143687
          ]
        ],
        "NumAtoms": 1,
        "Positions": [
          [
            0.0,
            0.0,
            0.0
          ]
        ],
        "Stress": [
          [
            15237.149616265368,
            2.9421026484389587,
            -1.4710513242194794
          ],
          [
            2.9421026484389587,
            15238.62066758959,
            0.0
          ],
          [
            -1.4710513242194794,
            0.0,
            -30531.670234175304
          ]
        ]
      }
    ],
    "EnergyStyle": "electronvolt",
    "ForcesStyle": "electronvoltperangstrom",
    "Label": "ASE generated",
    "LatticeStyle": "angstrom",
    "PositionsStyle": "angstrom",
    "StressStyle": "bar"
  }
}