{
  "Dataset": {
    "AtomTypeStyle": "chemicalsymbol",
    "Data": [
      {
        "AtomTypes": [
          "Cr"
        ],
        "Energy": -0.6114642827337775,
        "Forces": [
          [
            4.583946931562052,
            7.9395417670015,
            -1.2844716798706524
          ]
        ],
        "Lattice": [
          [
            1.9999998584662084,
            0.0,
            0.0
          ],
          [
            -0.9999999292331042,
            1.7320498774281983,
            0.0
          ],
          [
            0.0,
            0.0,
            2.9999997876993127
          ]
        ],
        "NumAtoms": 1,
        "Positions": [
          [
            0.0,
            0.0,
            0.0
          ]
        ],
        "Stress": [
          [
            2120157.134185298,
            -41.18943707814543,
            -0.0
          ],
          [
            -41.18943707814543,
            2120132.126312786,
            1.4710513242194794
          ],
          [
            -0.0,
            1.4710513242194794,
            -342993.26885766233
          ]
        ]
      }
    ],
    "EnergyStyle": "electronvolt",
    "ForcesStyle": "electronvoltperangstrom",
    "Label": "ASE generated",
    "LatticeStyle": "angstrom",
    "PositionsStyle": "angstrom",
    "StressStyle": "bar"
  }
}