{
  "Dataset": {
    "AtomTypeStyle": "chemicalsymbol",
    "Data": [
      {
        "AtomTypes": [
          "Cr"
        ],
        "Energy": -3.354500329231996,
        "Forces": [
          [
            0.13615946827395448,
            0.1518274161592685,
            -0.6304972087555415
          ]
        ],
        "Lattice": [
          [
            2.435605617579656,
            -8.187958944854345e-06,
            -1.7092423829819387e-07
          ],
          [
            -1.2178098994998314,
            2.109296733983465,
            1.7727436479843636e-07
          ],
          [
            -9.419354308693036e-08,
            -8.890177100339494e-08,
            2.3518434468742306
          ]
        ],
        "NumAtoms": 1,
        "Positions": [
          [
            0.0,
            0.0,
            0.0
          ]
        ],
        "Stress": [
          [
            42458.95437094684,
            4.413153972658439,
            0.0
          ],
          [
            4.413153972658439,
            42461.896473595276,
            -0.0
          ],
          [
            0.0,
            -0.0,
            -176351.10379875544
          ]
        ]
      }
    ],
    "EnergyStyle": "electronvolt",
    "ForcesStyle": "electronvoltperangstrom",
    "Label": "ASE generated",
    "LatticeStyle": "angstrom",
    "PositionsStyle": "angstrom",
    "StressStyle": "bar"
  }
}