{
  "Dataset": {
    "AtomTypeStyle": "chemicalsymbol",
    "Data": [
      {
        "AtomTypes": [
          "Cr"
        ],
        "Energy": -3.3845683907911734,
        "Forces": [
          [
            1.4352919437249427e-05,
            2.0346358241370272e-05,
            -0.0006612559799348525
          ]
        ],
        "Lattice": [
          [
            2.4529329664560606,
            -4.964211391564571e-06,
            -5.080101200193997e-08
          ],
          [
            -1.2264707825282597,
            2.1243026200184043,
            7.196810033608162e-08
          ],
          [
            2.0796664288294174e-07,
            -2.0637911125788112e-07,
            2.2585158620713033
          ]
        ],
        "NumAtoms": 1,
        "Positions": [
          [
            0.0,
            0.0,
            0.0
          ]
        ],
        "Stress": [
          [
            2.9421026484389587,
            1.4710513242194794,
            -0.0
          ],
          [
            1.4710513242194794,
            4.413153972658439,
            0.0
          ],
          [
            -0.0,
            0.0,
            -191.23667214853236
          ]
        ]
      }
    ],
    "EnergyStyle": "electronvolt",
    "ForcesStyle": "electronvoltperangstrom",
    "Label": "ASE generated",
    "LatticeStyle": "angstrom",
    "PositionsStyle": "angstrom",
    "StressStyle": "bar"
  }
}