{
  "Dataset": {
    "AtomTypeStyle": "chemicalsymbol",
    "Data": [
      {
        "AtomTypes": [
          "Cr"
        ],
        "Energy": 2238.680073301522,
        "Forces": [
          [
            -0.08439811185907964,
            -0.07319244772246328,
            -0.061871387199921246
          ]
        ],
        "Lattice": [
          [
            4.479089773338087,
            0.0,
            0.0
          ],
          [
            -1.5362964386265505,
            5.312522965642652,
            0.0
          ],
          [
            0.3165865442693093,
            1.288387777851834,
            6.741433226953421
          ]
        ],
        "NumAtoms": 1,
        "Positions": [
          [
            0.0,
            0.0,
            0.0
          ]
        ],
        "Stress": [
          [
            -5725.331753862215,
            48.54469369924283,
            -5.8842052968779175
          ],
          [
            48.54469369924283,
            -3174.528757665637,
            -4.413153972658439
          ],
          [
            -5.8842052968779175,
            -4.413153972658439,
            -3214.2471434195627
          ]
        ]
      }
    ],
    "EnergyStyle": "electronvolt",
    "ForcesStyle": "electronvoltperangstrom",
    "Label": "ASE generated",
    "LatticeStyle": "angstrom",
    "PositionsStyle": "angstrom",
    "StressStyle": "bar"
  }
}