{
  "Dataset": {
    "AtomTypeStyle": "chemicalsymbol",
    "Data": [
      {
        "AtomTypes": [
          "Cr"
        ],
        "Energy": -41.83830937029916,
        "Forces": [
          [
            -0.1629083272430069,
            -0.4563625930186731,
            -0.06278481103794885
          ]
        ],
        "Lattice": [
          [
            4.457659683931393,
            0.0,
            0.0
          ],
          [
            -0.010225871314938616,
            3.5472138971061935,
            0.0
          ],
          [
            -0.5045000923886194,
            -1.6627115197660935,
            7.7808494359619305
          ]
        ],
        "NumAtoms": 1,
        "Positions": [
          [
            0.0,
            0.0,
            0.0
          ]
        ],
        "Stress": [
          [
            -16549.327397469144,
            44.13153972658439,
            -1.4710513242194794
          ],
          [
            44.13153972658439,
            -26474.510681977976,
            -4.413153972658439
          ],
          [
            -1.4710513242194794,
            -4.413153972658439,
            -2830.3027477982787
          ]
        ]
      }
    ],
    "EnergyStyle": "electronvolt",
    "ForcesStyle": "electronvoltperangstrom",
    "Label": "ASE generated",
    "LatticeStyle": "angstrom",
    "PositionsStyle": "angstrom",
    "StressStyle": "bar"
  }
}