{
  "Dataset": {
    "AtomTypeStyle": "chemicalsymbol",
    "Data": [
      {
        "AtomTypes": [
          "Ni"
        ],
        "Energy": -4.630944890434876,
        "Forces": [
          [
            0.03169560226793161,
            0.03169016908432448,
            0.03170038275450223
          ]
        ],
        "Lattice": [
          [
            2.4079150162454233,
            1.0888350239082467e-05,
            2.678165851477273e-06
          ],
          [
            -0.8026193308795427,
            2.2702117600141305,
            -2.02473783460232e-05
          ],
          [
            -0.8026325423177265,
            -1.1351095413841699,
            1.9660446043927808
          ]
        ],
        "NumAtoms": 1,
        "Positions": [
          [
            0.0,
            0.0,
            0.0
          ]
        ],
        "Stress": [
          [
            9277.92070185226,
            7.355256621097396,
            4.413153972658439
          ],
          [
            7.355256621097396,
            9280.862804500695,
            0.0
          ],
          [
            4.413153972658439,
            0.0,
            9286.747009797575
          ]
        ]
      }
    ],
    "EnergyStyle": "electronvolt",
    "ForceStyle": "electronvoltperangstrom",
    "ForcesStyle": null,
    "Label": "ASE generated",
    "LatticeStyle": "angstrom",
    "PositionsStyle": "angstrom",
    "StressStyle": "bar"
  }
}