{
  "Dataset": {
    "AtomTypeStyle": "chemicalsymbol",
    "Data": [
      {
        "AtomTypes": [
          "Ni"
        ],
        "Energy": -4.6212717791358955,
        "Forces": [
          [
            -0.4299096849209418,
            -0.4296082049332686,
            -0.4298938025376698
          ]
        ],
        "Lattice": [
          [
            2.472100013126737,
            0.0,
            0.0
          ],
          [
            -0.8240250973755353,
            2.330720613376019,
            0.0
          ],
          [
            -0.8240250973755353,
            -1.1653405298879045,
            2.018474604918007
          ]
        ],
        "NumAtoms": 1,
        "Positions": [
          [
            0.0,
            0.0,
            0.0
          ]
        ],
        "Stress": [
          [
            -119486.14380972723,
            -26.47892383595063,
            -32.363129132828554
          ],
          [
            -26.47892383595063,
            -119456.72278324285,
            22.065769863292196
          ],
          [
            -32.363129132828554,
            22.065769863292196,
            -119530.27534945382
          ]
        ]
      }
    ],
    "EnergyStyle": "electronvolt",
    "ForceStyle": "electronvoltperangstrom",
    "ForcesStyle": null,
    "Label": "ASE generated",
    "LatticeStyle": "angstrom",
    "PositionsStyle": "angstrom",
    "StressStyle": "bar"
  }
}