{
  "Dataset": {
    "AtomTypeStyle": "chemicalsymbol",
    "Data": [
      {
        "AtomTypes": [
          "Ni"
        ],
        "Energy": -4.630991013771563,
        "Forces": [
          [
            -0.025978636381882504,
            -0.02592251418639121,
            -0.02582170522986375
          ]
        ],
        "Lattice": [
          [
            2.41445139724769,
            -3.80002153318678e-06,
            1.0318955562894055e-06
          ],
          [
            -0.8048119491251408,
            2.2763663232560765,
            -1.4198882854542221e-05
          ],
          [
            -0.8048057323512972,
            -1.1381746654233695,
            1.971343131423381
          ]
        ],
        "NumAtoms": 1,
        "Positions": [
          [
            0.0,
            0.0,
            0.0
          ]
        ],
        "Stress": [
          [
            -7592.095884296734,
            19.123667214853235,
            0.0
          ],
          [
            19.123667214853235,
            -7571.5011657576615,
            -4.413153972658439
          ],
          [
            0.0,
            -4.413153972658439,
            -7522.956472058419
          ]
        ]
      }
    ],
    "EnergyStyle": "electronvolt",
    "ForceStyle": "electronvoltperangstrom",
    "ForcesStyle": null,
    "Label": "ASE generated",
    "LatticeStyle": "angstrom",
    "PositionsStyle": "angstrom",
    "StressStyle": "bar"
  }
}