{
  "Dataset": {
    "AtomTypeStyle": "chemicalsymbol",
    "Data": [
      {
        "AtomTypes": [
          "Ni",
          "Ni"
        ],
        "Energy": 762.2673066456555,
        "Forces": [
          [
            0.002792381679703934,
            -0.032329104169521936,
            -0.5701573385118255
          ],
          [
            -0.002792381679703934,
            0.032329104169521936,
            0.5701573385118255
          ]
        ],
        "Lattice": [
          [
            2.8244836009462007,
            -1.4404732788591748e-05,
            -1.9327668357904743e-05
          ],
          [
            1.4122293253850022,
            2.4458848901436956,
            -0.0001087930130881962
          ],
          [
            1.4122218613404782,
            0.8151967020529444,
            2.3060982605972287
          ]
        ],
        "NumAtoms": 2,
        "Positions": [
          [
            -1.6111907177536483e-05,
            -1.897650943527543e-05,
            2.3518904898950172e-05
          ],
          [
            1.412249808825098,
            0.8152857733753982,
            0.5764690160740468
          ]
        ],
        "Stress": [
          [
            -282913236.4654216,
            1017876.3111777783,
            -2351020.986905654
          ],
          [
            1017876.3111777783,
            -295952954.6214405,
            -5237537.0189563325
          ],
          [
            -2351020.986905654,
            -5237537.0189563325,
            -284194891.40269923
          ]
        ]
      }
    ],
    "EnergyStyle": "electronvolt",
    "ForcesStyle": "electronvoltperangstrom",
    "Label": "ASE generated",
    "LatticeStyle": "angstrom",
    "PositionsStyle": "angstrom",
    "StressStyle": "bar"
  }
}