{
  "Dataset": {
    "AtomTypeStyle": "chemicalsymbol",
    "Data": [
      {
        "AtomTypes": [
          "Ni",
          "Ni"
        ],
        "Energy": 763.2442672129291,
        "Forces": [
          [
            -0.7121227747701212,
            -0.30405396258432993,
            -0.9963247928468861
          ],
          [
            0.7121227747701212,
            0.30405396258432993,
            0.9963247928468861
          ]
        ],
        "Lattice": [
          [
            2.8234353262969587,
            -9.564348863781906e-06,
            -2.8633249566801766e-05
          ],
          [
            1.4117093796730482,
            2.4449387625709815,
            -0.0001289790068780504
          ],
          [
            1.4116915231173295,
            0.8148682952066174,
            2.3052295357747807
          ]
        ],
        "NumAtoms": 2,
        "Positions": [
          [
            -1.5395369345998285e-05,
            -1.828436524490385e-05,
            2.2350723275815543e-05
          ],
          [
            1.41172445264118,
            0.8149676577224287,
            0.5762456301563081
          ]
        ],
        "Stress": [
          [
            -288869939.5847111,
            2027563.2796336266,
            -1250895.2540881163
          ],
          [
            2027563.2796336266,
            -290025846.1126917,
            -232910.085112346
          ],
          [
            -1250895.2540881163,
            -232910.085112346,
            -284353613.42742854
          ]
        ]
      }
    ],
    "EnergyStyle": "electronvolt",
    "ForcesStyle": "electronvoltperangstrom",
    "Label": "ASE generated",
    "LatticeStyle": "angstrom",
    "PositionsStyle": "angstrom",
    "StressStyle": "bar"
  }
}