{
  "Dataset": {
    "AtomTypeStyle": "chemicalsymbol",
    "Data": [
      {
        "AtomTypes": [
          "Ni",
          "Ni"
        ],
        "Energy": 763.2724650344207,
        "Forces": [
          [
            -0.25136683792677056,
            0.059120675857881826,
            -0.7102018603926846
          ],
          [
            0.25136683792677056,
            -0.059120675857881826,
            0.7102018603926846
          ]
        ],
        "Lattice": [
          [
            2.8212909827713695,
            1.7742253441677534e-05,
            -4.686763781224809e-05
          ],
          [
            1.4106608557813407,
            2.443140721606552,
            -0.000123696230807057
          ],
          [
            1.4106123450482966,
            0.8142916275188774,
            2.303520978676284
          ]
        ],
        "NumAtoms": 2,
        "Positions": [
          [
            -1.6238132945900266e-05,
            -1.813456940191021e-05,
            2.171891537092156e-05
          ],
          [
            1.4106572840331977,
            0.8143806574141197,
            0.5758158847865452
          ]
        ],
        "Stress": [
          [
            -290247726.2549751,
            -250143.4513755772,
            344125.97837731126
          ],
          [
            -250143.4513755772,
            -290122688.3634677,
            1053193.3113696396
          ],
          [
            344125.97837731126,
            1053193.3113696396,
            -285428426.7801102
          ]
        ]
      }
    ],
    "EnergyStyle": "electronvolt",
    "ForcesStyle": "electronvoltperangstrom",
    "Label": "ASE generated",
    "LatticeStyle": "angstrom",
    "PositionsStyle": "angstrom",
    "StressStyle": "bar"
  }
}