{
  "Dataset": {
    "AtomTypeStyle": "chemicalsymbol",
    "Data": [
      {
        "AtomTypes": [
          "Ni",
          "Ni"
        ],
        "Energy": 790.0418497877818,
        "Forces": [
          [
            0.20320602976719862,
            0.140636347824732,
            -1.3188391169894897
          ],
          [
            -0.20320602976719862,
            -0.140636347824732,
            1.3188391169894897
          ]
        ],
        "Lattice": [
          [
            2.6725596930975457,
            0.0005276642907148585,
            -0.001291466502176568
          ],
          [
            1.3367367778387558,
            2.308541016675798,
            -0.003195463031503277
          ],
          [
            1.3353776629097949,
            0.767285722052213,
            2.180025864842325
          ]
        ],
        "NumAtoms": 2,
        "Positions": [
          [
            -4.5425246123119665e-06,
            -2.347571270863671e-05,
            -7.982194006249626e-06
          ],
          [
            1.3361730759861365,
            0.7691120764673901,
            0.5438927160211675
          ]
        ],
        "Stress": [
          [
            -306467252.7718621,
            -799376.6448374863,
            5801135.028599244
          ],
          [
            -799376.6448374863,
            -305759559.4008066,
            2040309.9393579888
          ],
          [
            5801135.028599244,
            2040309.9393579888,
            -274592952.5230204
          ]
        ]
      }
    ],
    "EnergyStyle": "electronvolt",
    "ForcesStyle": "electronvoltperangstrom",
    "Label": "ASE generated",
    "LatticeStyle": "angstrom",
    "PositionsStyle": "angstrom",
    "StressStyle": "bar"
  }
}