{
  "Dataset": {
    "AtomTypeStyle": "chemicalsymbol",
    "Data": [
      {
        "AtomTypes": [
          "Ni",
          "Ni"
        ],
        "Energy": 763.5984827361863,
        "Forces": [
          [
            0.37609422759627303,
            -0.3040029877950037,
            -0.14662365362357943
          ],
          [
            -0.37609422759627303,
            0.3040029877950037,
            0.14662365362357943
          ]
        ],
        "Lattice": [
          [
            2.8191774669932306,
            -1.884029614901113e-05,
            -5.25467676122983e-05
          ],
          [
            1.409572418169516,
            2.441055163318685,
            -0.00024021840620046502
          ],
          [
            1.409540391306512,
            0.8134770639837043,
            2.3016700707920306
          ]
        ],
        "NumAtoms": 2,
        "Positions": [
          [
            -2.9108141631674328e-05,
            -3.454302813938304e-05,
            4.2280136320281643e-05
          ],
          [
            1.4096016772589464,
            0.8136628897796996,
            0.5753020462682342
          ]
        ],
        "Stress": [
          [
            -283761582.93779105,
            941368.4028564474,
            -2498829.2818605793
          ],
          [
            941368.4028564474,
            -297278894.0877823,
            -4687272.618516145
          ],
          [
            -2498829.2818605793,
            -4687272.618516145,
            -284564187.0692339
          ]
        ]
      }
    ],
    "EnergyStyle": "electronvolt",
    "ForcesStyle": "electronvoltperangstrom",
    "Label": "ASE generated",
    "LatticeStyle": "angstrom",
    "PositionsStyle": "angstrom",
    "StressStyle": "bar"
  }
}