{
  "Dataset": {
    "AtomTypeStyle": "chemicalsymbol",
    "Data": [
      {
        "AtomTypes": [
          "Ni",
          "Ni"
        ],
        "Energy": 772.079035713954,
        "Forces": [
          [
            -0.1637825740916529,
            0.07563650759959606,
            -0.8180855381077726
          ],
          [
            0.1637825740916529,
            -0.07563650759959606,
            0.8180855381077726
          ]
        ],
        "Lattice": [
          [
            2.7915225337903724,
            0.00010406851897201579,
            -0.00029574391231858543
          ],
          [
            1.3958513844508258,
            2.4160882921102775,
            -0.000777593098688611
          ],
          [
            1.395549828585228,
            0.8048037622245504,
            2.278746804702412
          ]
        ],
        "NumAtoms": 2,
        "Positions": [
          [
            -1.3007389280396866e-05,
            -1.9449224598973862e-05,
            1.5658652447178368e-05
          ],
          [
            1.395743944095887,
            0.805268479938049,
            0.5694027082704041
          ]
        ],
        "Stress": [
          [
            -298536681.2173244,
            2849698.5595081123,
            -49553.83490765739
          ],
          [
            2849698.5595081123,
            -298821423.7958456,
            -195660.1234804603
          ],
          [
            -49553.83490765739,
            -195660.1234804603,
            -282220931.76226884
          ]
        ]
      }
    ],
    "EnergyStyle": "electronvolt",
    "ForcesStyle": "electronvoltperangstrom",
    "Label": "ASE generated",
    "LatticeStyle": "angstrom",
    "PositionsStyle": "angstrom",
    "StressStyle": "bar"
  }
}