{
  "Dataset": {
    "AtomTypeStyle": "chemicalsymbol",
    "Data": [
      {
        "AtomTypes": [
          "Ni",
          "Ni"
        ],
        "Energy": 762.459471159591,
        "Forces": [
          [
            -0.3006783947555542,
            0.22974495945591739,
            -0.30316413571811035
          ],
          [
            0.3006783947555542,
            -0.22974495945591739,
            0.30316413571811035
          ]
        ],
        "Lattice": [
          [
            2.824308632206499,
            -1.1073562262006204e-05,
            -2.1347008584981854e-05
          ],
          [
            1.4121447258247026,
            2.4457397013805715,
            -0.00010725363658909575
          ],
          [
            1.4121336898340222,
            0.8151518193588407,
            2.3059600162266096
          ]
        ],
        "NumAtoms": 2,
        "Positions": [
          [
            -1.554339885185088e-05,
            -1.8233206877194516e-05,
            2.2521492216982918e-05
          ],
          [
            1.4121623053651577,
            0.8152383450011647,
            0.5764353324031419
          ]
        ],
        "Stress": [
          [
            -288751165.4297423,
            -182529.51936047722,
            7083.112126116794
          ],
          [
            -182529.51936047722,
            -289293059.5481476,
            905392.3716713357
          ],
          [
            7083.112126116794,
            905392.3716713357,
            -284616931.61446375
          ]
        ]
      }
    ],
    "EnergyStyle": "electronvolt",
    "ForcesStyle": "electronvoltperangstrom",
    "Label": "ASE generated",
    "LatticeStyle": "angstrom",
    "PositionsStyle": "angstrom",
    "StressStyle": "bar"
  }
}