{
  "Dataset": {
    "AtomTypeStyle": "chemicalsymbol",
    "Data": [
      {
        "AtomTypes": [
          "Ni",
          "Ni"
        ],
        "Energy": 766.3251183310549,
        "Forces": [
          [
            -0.24369434015197552,
            -1.1364524727527054,
            -0.660110778077975
          ],
          [
            0.24369434015197552,
            1.1364524727527054,
            0.660110778077975
          ]
        ],
        "Lattice": [
          [
            2.8095136767359867,
            3.999733011619407e-05,
            -0.00014515965837787664
          ],
          [
            1.4047914735454572,
            2.4323529690131322,
            -0.0004119612816399818
          ],
          [
            1.4046498599035524,
            0.8104776896834653,
            2.293676673373017
          ]
        ],
        "NumAtoms": 2,
        "Positions": [
          [
            -1.4347490214796793e-05,
            -1.879689993242856e-05,
            1.941333884257812e-05
          ],
          [
            1.404753100036464,
            0.8107364609066109,
            0.5732604747694072
          ]
        ],
        "Stress": [
          [
            -294178201.8092332,
            3650238.8059430565,
            -1275298.5245055933
          ],
          [
            3650238.8059430565,
            -295519091.57018316,
            -1193774.3311686742
          ],
          [
            -1275298.5245055933,
            -1193774.3311686742,
            -286449484.9753023
          ]
        ]
      }
    ],
    "EnergyStyle": "electronvolt",
    "ForcesStyle": "electronvoltperangstrom",
    "Label": "ASE generated",
    "LatticeStyle": "angstrom",
    "PositionsStyle": "angstrom",
    "StressStyle": "bar"
  }
}