{
  "Dataset": {
    "AtomTypeStyle": "chemicalsymbol",
    "Data": [
      {
        "AtomTypes": [
          "Ni",
          "Ni"
        ],
        "Energy": 789.932809458347,
        "Forces": [
          [
            -0.7184825997214745,
            -0.7327175256357079,
            -0.43850544130243013
          ],
          [
            0.7184825997214745,
            0.7327175256357079,
            0.43850544130243013
          ]
        ],
        "Lattice": [
          [
            2.677595686319069,
            -0.0005795384740953395,
            -0.0007247388791182594
          ],
          [
            1.3382959482113348,
            2.3115766935908844,
            -0.004187171283058689
          ],
          [
            1.3380387982511757,
            0.7667263272377307,
            2.183046841214563
          ]
        ],
        "NumAtoms": 2,
        "Positions": [
          [
            -0.0005997277946870754,
            -0.0007049830934145962,
            0.0008763870652930317
          ],
          [
            1.3390823359900819,
            0.7701358536820446,
            0.5436573456978034
          ]
        ],
        "Stress": [
          [
            -303205483.3154137,
            495142.63627035887,
            7528931.882537399
          ],
          [
            495142.63627035887,
            -297518716.6430672,
            12993481.54184728
          ],
          [
            7528931.882537399,
            12993481.54184728,
            -280221578.8338797
          ]
        ]
      }
    ],
    "EnergyStyle": "electronvolt",
    "ForcesStyle": "electronvoltperangstrom",
    "Label": "ASE generated",
    "LatticeStyle": "angstrom",
    "PositionsStyle": "angstrom",
    "StressStyle": "bar"
  }
}