{
  "Dataset": {
    "AtomTypeStyle": "chemicalsymbol",
    "Data": [
      {
        "AtomTypes": [
          "Cr"
        ],
        "Energy": 2236.09459498061,
        "Forces": [
          [
            -3.899351477967468,
            -3.364607914081051,
            -2.26431874596469
          ]
        ],
        "Lattice": [
          [
            3.5920099102411283,
            0.0,
            0.0
          ],
          [
            -2.428468100066271,
            3.310920766725119,
            0.0
          ],
          [
            -3.14558055055672,
            -5.1221845799443875,
            1.355883164838539
          ]
        ],
        "NumAtoms": 1,
        "Positions": [
          [
            0.0,
            0.0,
            0.0
          ]
        ],
        "Stress": [
          [
            -351806.3373410612,
            -98992.92781202565,
            -74511.69167436508
          ],
          [
            -98992.92781202565,
            -207382.93148316533,
            77200.77349503827
          ],
          [
            -74511.69167436508,
            77200.77349503827,
            -193300.55715641228
          ]
        ]
      }
    ],
    "EnergyStyle": "electronvolt",
    "ForcesStyle": "electronvoltperangstrom",
    "Label": "ASE generated",
    "LatticeStyle": "angstrom",
    "PositionsStyle": "angstrom",
    "StressStyle": "bar"
  }
}