{
  "Dataset": {
    "AtomTypeStyle": "chemicalsymbol",
    "Data": [
      {
        "AtomTypes": [
          "Cr"
        ],
        "Energy": -3.707317730349587,
        "Forces": [
          [
            -0.21161835804652807,
            0.45835058209612844,
            0.2667564493121056
          ]
        ],
        "Lattice": [
          [
            2.3964812912128166,
            -0.2013081828154167,
            -0.0582213613053185
          ],
          [
            -0.6370499547591959,
            2.2213192203223455,
            -0.0709265689920053
          ],
          [
            -0.47037520841471137,
            0.14824358990423847,
            2.171046004376245
          ]
        ],
        "NumAtoms": 1,
        "Positions": [
          [
            0.0,
            0.0,
            0.0
          ]
        ],
        "Stress": [
          [
            222169.93939421957,
            -109891.94707316777,
            -177464.68965118958
          ],
          [
            -109891.94707316777,
            206172.2562433327,
            47001.5608601366
          ],
          [
            -177464.68965118958,
            47001.5608601366,
            212658.12153181643
          ]
        ]
      }
    ],
    "EnergyStyle": "electronvolt",
    "ForcesStyle": "electronvoltperangstrom",
    "Label": "ASE generated",
    "LatticeStyle": "angstrom",
    "PositionsStyle": "angstrom",
    "StressStyle": "bar"
  }
}