{
  "Dataset": {
    "AtomTypeStyle": "chemicalsymbol",
    "Data": [
      {
        "AtomTypes": [
          "Cr"
        ],
        "Energy": -2.541546183058017,
        "Forces": [
          [
            3.2210836444416824,
            4.048600549346995,
            0.9252643922271987
          ]
        ],
        "Lattice": [
          [
            2.0863223440837473,
            -0.21122645068791754,
            -1.5076258665992394e-06
          ],
          [
            -0.5839910907204753,
            2.0140269714572736,
            1.0551793534569614e-06
          ],
          [
            -2.6517069910595956e-06,
            1.4451829560135213e-06,
            2.4088130431974295
          ]
        ],
        "NumAtoms": 1,
        "Positions": [
          [
            0.0,
            0.0,
            0.0
          ]
        ],
        "Stress": [
          [
            1214045.4184164186,
            51294.088624209035,
            -2.9421026484389587
          ],
          [
            51294.088624209035,
            1232857.2227505373,
            1.4710513242194794
          ],
          [
            -2.9421026484389587,
            1.4710513242194794,
            293480.62338708306
          ]
        ]
      }
    ],
    "EnergyStyle": "electronvolt",
    "ForcesStyle": "electronvoltperangstrom",
    "Label": "ASE generated",
    "LatticeStyle": "angstrom",
    "PositionsStyle": "angstrom",
    "StressStyle": "bar"
  }
}