{
  "Dataset": {
    "AtomTypeStyle": "chemicalsymbol",
    "Data": [
      {
        "AtomTypes": [
          "Cr"
        ],
        "Energy": -3.264570299488696,
        "Forces": [
          [
            1.1200229762439904,
            1.3155097210781888,
            -0.1670384509884305
          ]
        ],
        "Lattice": [
          [
            2.228940581821735,
            -0.19039320914180477,
            -1.852596488724913e-05
          ],
          [
            -0.5892180899261766,
            2.1580732679768118,
            1.0452837396607501e-05
          ],
          [
            -3.7469979769097555e-05,
            1.680031801080823e-05,
            2.4587934272933887
          ]
        ],
        "NumAtoms": 1,
        "Positions": [
          [
            0.0,
            0.0,
            0.0
          ]
        ],
        "Stress": [
          [
            378807.4843971097,
            3196.5945275289287,
            -41.18943707814543
          ],
          [
            3196.5945275289287,
            379971.0859945674,
            13.239461917975316
          ],
          [
            -41.18943707814543,
            13.239461917975316,
            -48627.072573399106
          ]
        ]
      }
    ],
    "EnergyStyle": "electronvolt",
    "ForcesStyle": "electronvoltperangstrom",
    "Label": "ASE generated",
    "LatticeStyle": "angstrom",
    "PositionsStyle": "angstrom",
    "StressStyle": "bar"
  }
}