{
  "Dataset": {
    "AtomTypeStyle": "chemicalsymbol",
    "Data": [
      {
        "AtomTypes": [
          "Cr"
        ],
        "Energy": -3.6058814928105676,
        "Forces": [
          [
            0.1849060287820099,
            1.0376280874229575,
            1.106237008042806
          ]
        ],
        "Lattice": [
          [
            2.35168468894913,
            -0.23396161650540911,
            -0.10533340066959909
          ],
          [
            -0.648650701348189,
            2.2285018425858203,
            0.04459342255783075
          ],
          [
            -0.3569455493895162,
            0.14577718013363314,
            2.1276851651850857
          ]
        ],
        "NumAtoms": 1,
        "Positions": [
          [
            0.0,
            0.0,
            0.0
          ]
        ],
        "Stress": [
          [
            355651.6655025709,
            -86118.28662245677,
            -211376.83582842123
          ],
          [
            -86118.28662245677,
            307761.58964260574,
            112369.1975031534
          ],
          [
            -211376.83582842123,
            112369.1975031534,
            453757.54936609225
          ]
        ]
      }
    ],
    "EnergyStyle": "electronvolt",
    "ForcesStyle": "electronvoltperangstrom",
    "Label": "ASE generated",
    "LatticeStyle": "angstrom",
    "PositionsStyle": "angstrom",
    "StressStyle": "bar"
  }
}