{
  "Dataset": {
    "AtomTypeStyle": "chemicalsymbol",
    "Data": [
      {
        "AtomTypes": [
          "Cr"
        ],
        "Energy": -3.5693162994311933,
        "Forces": [
          [
            -0.034553388136358484,
            -0.007032940370378342,
            -0.04724997326018153
          ]
        ],
        "Lattice": [
          [
            2.427886994367726,
            -0.28179813227691264,
            -0.00408685145543065
          ],
          [
            -0.7149984052625755,
            2.337269271014347,
            -0.00012940711123960843
          ],
          [
            -0.011702349671351383,
            -0.0012281313988175661,
            2.2676256524757044
          ]
        ],
        "NumAtoms": 1,
        "Positions": [
          [
            0.0,
            0.0,
            0.0
          ]
        ],
        "Stress": [
          [
            -3595.249436392408,
            3224.544502689099,
            -9744.243971629832
          ],
          [
            3224.544502689099,
            -2444.8873008527753,
            -2812.650131907645
          ],
          [
            -9744.243971629832,
            -2812.650131907645,
            -1101.8174418403903
          ]
        ]
      }
    ],
    "EnergyStyle": "electronvolt",
    "ForcesStyle": "electronvoltperangstrom",
    "Label": "ASE generated",
    "LatticeStyle": "angstrom",
    "PositionsStyle": "angstrom",
    "StressStyle": "bar"
  }
}