{
  "Dataset": {
    "AtomTypeStyle": "chemicalsymbol",
    "Data": [
      {
        "AtomTypes": [
          "Cr"
        ],
        "Energy": -2.5277758500633354,
        "Forces": [
          [
            0.6428932332667403,
            0.973752206768839,
            -1.0574804077748192
          ]
        ],
        "Lattice": [
          [
            2.160668147685821,
            -0.10306982081871524,
            -1.8732873175715365e-07
          ],
          [
            -0.4910141847742198,
            2.1066574589525615,
            1.804494280485576e-07
          ],
          [
            -3.212105654705996e-07,
            2.4924246513451796e-07,
            3.34657334050681
          ]
        ],
        "NumAtoms": 1,
        "Positions": [
          [
            0.0,
            0.0,
            0.0
          ]
        ],
        "Stress": [
          [
            265162.8853958581,
            -36329.083502924266,
            1.4710513242194794
          ],
          [
            -36329.083502924266,
            251843.9867063749,
            -0.0
          ],
          [
            1.4710513242194794,
            -0.0,
            -234047.20778596762
          ]
        ]
      }
    ],
    "EnergyStyle": "electronvolt",
    "ForcesStyle": "electronvoltperangstrom",
    "Label": "ASE generated",
    "LatticeStyle": "angstrom",
    "PositionsStyle": "angstrom",
    "StressStyle": "bar"
  }
}