{
  "Dataset": {
    "AtomTypeStyle": "chemicalsymbol",
    "Data": [
      {
        "AtomTypes": [
          "Cr"
        ],
        "Energy": -2.362523690708258,
        "Forces": [
          [
            0.32580103057064314,
            0.5101629245065513,
            -0.9593624554790947
          ]
        ],
        "Lattice": [
          [
            2.182944029491461,
            -0.0636006598282928,
            -4.233417666828331e-09
          ],
          [
            -0.4562090297699998,
            2.135685819740335,
            4.974265758523288e-08
          ],
          [
            -1.8521202292373948e-08,
            8.625588496162723e-08,
            3.687577084646199
          ]
        ],
        "NumAtoms": 1,
        "Positions": [
          [
            0.0,
            0.0,
            0.0
          ]
        ],
        "Stress": [
          [
            143131.82279523116,
            -30465.47292458542,
            0.0
          ],
          [
            -30465.47292458542,
            131962.13009043265,
            -0.0
          ],
          [
            0.0,
            -0.0,
            -190864.49616350484
          ]
        ]
      }
    ],
    "EnergyStyle": "electronvolt",
    "ForcesStyle": "electronvoltperangstrom",
    "Label": "ASE generated",
    "LatticeStyle": "angstrom",
    "PositionsStyle": "angstrom",
    "StressStyle": "bar"
  }
}