{
  "Dataset": {
    "AtomTypeStyle": "chemicalsymbol",
    "Data": [
      {
        "AtomTypes": [
          "Cr"
        ],
        "Energy": -3.096918502122662,
        "Forces": [
          [
            1.560292560033947,
            1.9442293298454285,
            -0.1813856026792727
          ]
        ],
        "Lattice": [
          [
            2.1764495349819444,
            -0.19005014779104684,
            -7.985813251263292e-06
          ],
          [
            -0.5794148090859877,
            2.1065015771055875,
            4.846204874101731e-06
          ],
          [
            -1.54133445477136e-05,
            7.4910325614527304e-06,
            2.523082361986904
          ]
        ],
        "NumAtoms": 1,
        "Positions": [
          [
            0.0,
            0.0,
            0.0
          ]
        ],
        "Stress": [
          [
            541249.79792537,
            17449.610807891466,
            -17.652615890633754
          ],
          [
            17449.610807891466,
            547645.9290830763,
            7.355256621097396
          ],
          [
            -17.652615890633754,
            7.355256621097396,
            -52710.71104943239
          ]
        ]
      }
    ],
    "EnergyStyle": "electronvolt",
    "ForcesStyle": "electronvoltperangstrom",
    "Label": "ASE generated",
    "LatticeStyle": "angstrom",
    "PositionsStyle": "angstrom",
    "StressStyle": "bar"
  }
}