{
  "Dataset": {
    "AtomTypeStyle": "chemicalsymbol",
    "Data": [
      {
        "AtomTypes": [
          "Cr"
        ],
        "Energy": -3.430267909592203,
        "Forces": [
          [
            0.8493444431407082,
            0.8739869624487985,
            -0.4184197964291645
          ]
        ],
        "Lattice": [
          [
            2.2906407297526177,
            -0.19530229720192957,
            -4.11382361774043e-05
          ],
          [
            -0.6051730372922731,
            2.2178777147602866,
            2.1164442448099886e-05
          ],
          [
            -8.800058221756887e-05,
            3.505269828133858e-05,
            2.3623600268406477
          ]
        ],
        "NumAtoms": 1,
        "Positions": [
          [
            0.0,
            0.0,
            0.0
          ]
        ],
        "Stress": [
          [
            319475.5713373655,
            -45127.44147308097,
            -113.27095196489995
          ],
          [
            -45127.44147308097,
            302915.94658062677,
            44.13153972658439
          ],
          [
            -113.27095196489995,
            44.13153972658439,
            -123368.24825434243
          ]
        ]
      }
    ],
    "EnergyStyle": "electronvolt",
    "ForcesStyle": "electronvoltperangstrom",
    "Label": "ASE generated",
    "LatticeStyle": "angstrom",
    "PositionsStyle": "angstrom",
    "StressStyle": "bar"
  }
}