{
  "Dataset": {
    "AtomTypeStyle": "chemicalsymbol",
    "Data": [
      {
        "AtomTypes": [
          "Cr"
        ],
        "Energy": -3.9682340433887475,
        "Forces": [
          [
            -0.1785422171966063,
            -0.5187927166559038,
            -0.709107264606571
          ]
        ],
        "Lattice": [
          [
            2.558391590032713,
            -0.22440718759757503,
            0.05753929157204141
          ],
          [
            -0.7214126500484455,
            2.179084227867401,
            -0.556195337641525
          ],
          [
            -1.0650297659943895,
            0.0720259611012202,
            2.2817056625496934
          ]
        ],
        "NumAtoms": 1,
        "Positions": [
          [
            0.0,
            0.0,
            0.0
          ]
        ],
        "Stress": [
          [
            -115704.07085515893,
            20015.124317330235,
            44484.59204439706
          ],
          [
            20015.124317330235,
            -63711.232851945664,
            -96245.00393838368
          ],
          [
            44484.59204439706,
            -96245.00393838368,
            -140099.98601601477
          ]
        ]
      }
    ],
    "EnergyStyle": "electronvolt",
    "ForcesStyle": "electronvoltperangstrom",
    "Label": "ASE generated",
    "LatticeStyle": "angstrom",
    "PositionsStyle": "angstrom",
    "StressStyle": "bar"
  }
}