{
  "Dataset": {
    "AtomTypeStyle": "chemicalsymbol",
    "Data": [
      {
        "AtomTypes": [
          "Cr"
        ],
        "Energy": -3.9206467331614476,
        "Forces": [
          [
            -0.20716921196102933,
            -0.5193549336739842,
            -0.6461106219498083
          ]
        ],
        "Lattice": [
          [
            2.5018106875984802,
            -0.18249632094534204,
            0.030511255028362983
          ],
          [
            -0.6712322195048807,
            2.191310834457423,
            -0.38672977473062603
          ],
          [
            -0.9059525184322607,
            0.14128532501849797,
            2.2173598211975465
          ]
        ],
        "NumAtoms": 1,
        "Positions": [
          [
            0.0,
            0.0,
            0.0
          ]
        ],
        "Stress": [
          [
            38643.047235921505,
            -83492.460008725,
            -16134.490924039254
          ],
          [
            -83492.460008725,
            19025.10677613053,
            -84747.26678828422
          ],
          [
            -16134.490924039254,
            -84747.26678828422,
            -84197.09359302612
          ]
        ]
      }
    ],
    "EnergyStyle": "electronvolt",
    "ForcesStyle": "electronvoltperangstrom",
    "Label": "ASE generated",
    "LatticeStyle": "angstrom",
    "PositionsStyle": "angstrom",
    "StressStyle": "bar"
  }
}