{
  "Dataset": {
    "AtomTypeStyle": "chemicalsymbol",
    "Data": [
      {
        "AtomTypes": [
          "Cr"
        ],
        "Energy": -2.957782355492782,
        "Forces": [
          [
            1.867832610136468,
            2.39671857120442,
            -0.24175191127935408
          ]
        ],
        "Lattice": [
          [
            2.143282413100487,
            -0.18841390328724844,
            -4.05243906157142e-06
          ],
          [
            -0.5718242711006306,
            2.0741709626797795,
            2.6056685739328375e-06
          ],
          [
            -7.578875978039419e-06,
            3.907973683690903e-06,
            2.5659416523117575
          ]
        ],
        "NumAtoms": 1,
        "Positions": [
          [
            0.0,
            0.0,
            0.0
          ]
        ],
        "Stress": [
          [
            674488.8005652252,
            15409.262621199048,
            -8.826307945316877
          ],
          [
            15409.262621199048,
            680137.637650228,
            4.413153972658439
          ],
          [
            -8.826307945316877,
            4.413153972658439,
            -70154.43765202697
          ]
        ]
      }
    ],
    "EnergyStyle": "electronvolt",
    "ForcesStyle": "electronvoltperangstrom",
    "Label": "ASE generated",
    "LatticeStyle": "angstrom",
    "PositionsStyle": "angstrom",
    "StressStyle": "bar"
  }
}