{
  "Dataset": {
    "AtomTypeStyle": "chemicalsymbol",
    "Data": [
      {
        "AtomTypes": [
          "Cr"
        ],
        "Energy": -3.953790636218855,
        "Forces": [
          [
            -0.29885090223892075,
            -0.6445897780843517,
            -0.7405940306812323
          ]
        ],
        "Lattice": [
          [
            2.579569858293736,
            -0.20978965413230202,
            0.07984861367300905
          ],
          [
            -0.7228238645902775,
            2.184483151456324,
            -0.5897751595360052
          ],
          [
            -1.1130366080339458,
            0.08624232267895435,
            2.274298373339817
          ]
        ],
        "NumAtoms": 1,
        "Positions": [
          [
            0.0,
            0.0,
            0.0
          ]
        ],
        "Stress": [
          [
            -151678.63098894633,
            20051.90060043573,
            47263.407995847665
          ],
          [
            20051.90060043573,
            -104096.00485574304,
            -87854.12718503577
          ],
          [
            47263.407995847665,
            -87854.12718503577,
            -157989.44116984788
          ]
        ]
      }
    ],
    "EnergyStyle": "electronvolt",
    "ForcesStyle": "electronvoltperangstrom",
    "Label": "ASE generated",
    "LatticeStyle": "angstrom",
    "PositionsStyle": "angstrom",
    "StressStyle": "bar"
  }
}