{
  "Dataset": {
    "AtomTypeStyle": "chemicalsymbol",
    "Data": [
      {
        "AtomTypes": [
          "Cr"
        ],
        "Energy": -3.568518597007369,
        "Forces": [
          [
            -0.0722976440225264,
            -0.07781401266546191,
            -0.04278390377759422
          ]
        ],
        "Lattice": [
          [
            2.4275994161889094,
            -0.2679130075852158,
            -0.0007748112141042965
          ],
          [
            -0.7012899649030898,
            2.339490046779202,
            0.00012625850684990484
          ],
          [
            -0.002201197266499892,
            0.00015496266616262598,
            2.2718592368333534
          ]
        ],
        "NumAtoms": 1,
        "Positions": [
          [
            0.0,
            0.0,
            0.0
          ]
        ],
        "Stress": [
          [
            -11332.97940178687,
            -7989.279741835993,
            -1771.1457943602534
          ],
          [
            -7989.279741835993,
            -14264.784690956296,
            -214.773493336044
          ],
          [
            -1771.1457943602534,
            -214.773493336044,
            -10367.969733098893
          ]
        ]
      }
    ],
    "EnergyStyle": "electronvolt",
    "ForcesStyle": "electronvoltperangstrom",
    "Label": "ASE generated",
    "LatticeStyle": "angstrom",
    "PositionsStyle": "angstrom",
    "StressStyle": "bar"
  }
}