{
  "Dataset": {
    "AtomTypeStyle": "chemicalsymbol",
    "Data": [
      {
        "AtomTypes": [
          "Cr"
        ],
        "Energy": -3.5723744535139303,
        "Forces": [
          [
            0.1982700603403395,
            0.5432625320077131,
            -0.15166776529359755
          ]
        ],
        "Lattice": [
          [
            2.400619951233654,
            -0.3383128050084567,
            -0.046811718598286964
          ],
          [
            -0.7655631121237708,
            2.300000577025877,
            -0.0020113761100913926
          ],
          [
            -0.1354652060056489,
            -0.0132284147177757,
            2.237859626067967
          ]
        ],
        "NumAtoms": 1,
        "Positions": [
          [
            0.0,
            0.0,
            0.0
          ]
        ],
        "Stress": [
          [
            121391.15527459145,
            52909.302978202024,
            -113950.57767668931
          ],
          [
            52909.302978202024,
            129757.02415542764,
            -22498.258952612723
          ],
          [
            -113950.57767668931,
            -22498.258952612723,
            91612.66331841653
          ]
        ]
      }
    ],
    "EnergyStyle": "electronvolt",
    "ForcesStyle": "electronvoltperangstrom",
    "Label": "ASE generated",
    "LatticeStyle": "angstrom",
    "PositionsStyle": "angstrom",
    "StressStyle": "bar"
  }
}