{
  "Dataset": {
    "AtomTypeStyle": "chemicalsymbol",
    "Data": [
      {
        "AtomTypes": [
          "Cr"
        ],
        "Energy": -3.6192669204392587,
        "Forces": [
          [
            -0.08069985999907792,
            0.8365900885897826,
            0.7642670984549805
          ]
        ],
        "Lattice": [
          [
            2.3689951634227144,
            -0.22723740987398663,
            -0.08628339000538582
          ],
          [
            -0.6460003453465423,
            2.240921227903668,
            0.031020498131277847
          ],
          [
            -0.3141003505245436,
            0.1321553396242945,
            2.1528447976584713
          ]
        ],
        "NumAtoms": 1,
        "Positions": [
          [
            0.0,
            0.0,
            0.0
          ]
        ],
        "Stress": [
          [
            260683.53411360976,
            -79783.93962036769,
            -205931.00382616074
          ],
          [
            -79783.93962036769,
            245880.34463798915,
            99207.7013053617
          ],
          [
            -205931.00382616074,
            99207.7013053617,
            346765.04445296107
          ]
        ]
      }
    ],
    "EnergyStyle": "electronvolt",
    "ForcesStyle": "electronvoltperangstrom",
    "Label": "ASE generated",
    "LatticeStyle": "angstrom",
    "PositionsStyle": "angstrom",
    "StressStyle": "bar"
  }
}