{
  "Dataset": {
    "AtomTypeStyle": "chemicalsymbol",
    "Data": [
      {
        "AtomTypes": [
          "Cr"
        ],
        "Energy": -3.571915533118954,
        "Forces": [
          [
            0.09386395703440709,
            0.3296386547084167,
            -0.13097357950513727
          ]
        ],
        "Lattice": [
          [
            2.4103188026560147,
            -0.3216721979709017,
            -0.032263464483954396
          ],
          [
            -0.7510197179729198,
            2.312830199036843,
            -0.0018787664183868287
          ],
          [
            -0.0930136641826793,
            -0.011014365853593737,
            2.248333102963232
          ]
        ],
        "NumAtoms": 1,
        "Positions": [
          [
            0.0,
            0.0,
            0.0
          ]
        ],
        "Stress": [
          [
            71468.08648455498,
            35724.481408670064,
            -78996.92716191028
          ],
          [
            35724.481408670064,
            80419.43379243051,
            -19625.295716412078
          ],
          [
            -78996.92716191028,
            -19625.295716412078,
            60221.89911089706
          ]
        ]
      }
    ],
    "EnergyStyle": "electronvolt",
    "ForcesStyle": "electronvoltperangstrom",
    "Label": "ASE generated",
    "LatticeStyle": "angstrom",
    "PositionsStyle": "angstrom",
    "StressStyle": "bar"
  }
}