{
  "Dataset": {
    "AtomTypeStyle": "chemicalsymbol",
    "Data": [
      {
        "AtomTypes": [
          "Cr"
        ],
        "Energy": -1.8163953590387791,
        "Forces": [
          [
            -0.8810018967984794,
            -1.552957626686473,
            -0.6502730539679963
          ]
        ],
        "Lattice": [
          [
            2.4560199052964977,
            0.0,
            0.0
          ],
          [
            -0.4428940695221174,
            2.415755914969067,
            0.0
          ],
          [
            0.0,
            0.0,
            4.0880009240077255
          ]
        ],
        "NumAtoms": 1,
        "Positions": [
          [
            0.0,
            0.0,
            0.0
          ]
        ],
        "Stress": [
          [
            -210891.38889142883,
            -27012.915466642306,
            -0.0
          ],
          [
            -27012.915466642306,
            -220801.86166269548,
            0.0
          ],
          [
            -0.0,
            0.0,
            -103767.96041044209
          ]
        ]
      }
    ],
    "EnergyStyle": "electronvolt",
    "ForcesStyle": "electronvoltperangstrom",
    "Label": "ASE generated",
    "LatticeStyle": "angstrom",
    "PositionsStyle": "angstrom",
    "StressStyle": "bar"
  }
}