{
  "Dataset": {
    "AtomTypeStyle": "chemicalsymbol",
    "Data": [
      {
        "AtomTypes": [
          "Cr"
        ],
        "Energy": -4.00177128734822,
        "Forces": [
          [
            0.19374577062838777,
            -0.12738494853046023,
            -0.8038491804840301
          ]
        ],
        "Lattice": [
          [
            2.524211288005294,
            -0.310605154113748,
            -0.011842750439094538
          ],
          [
            -0.7415044174862258,
            2.180424327342557,
            -0.5276326337467232
          ],
          [
            -0.923817959565448,
            -0.024051289860868585,
            2.343106051700778
          ]
        ],
        "NumAtoms": 1,
        "Positions": [
          [
            0.0,
            0.0,
            0.0
          ]
        ],
        "Stress": [
          [
            -48827.13555349297,
            79395.58207077376,
            26445.089655493586
          ],
          [
            79395.58207077376,
            -2743.51071966933,
            -111124.68808286371
          ],
          [
            26445.089655493586,
            -111124.68808286371,
            -131469.32789681913
          ]
        ]
      }
    ],
    "EnergyStyle": "electronvolt",
    "ForcesStyle": "electronvoltperangstrom",
    "Label": "ASE generated",
    "LatticeStyle": "angstrom",
    "PositionsStyle": "angstrom",
    "StressStyle": "bar"
  }
}