{
  "Dataset": {
    "AtomTypeStyle": "chemicalsymbol",
    "Data": [
      {
        "AtomTypes": [
          "Cr"
        ],
        "Energy": -3.5711186470371103,
        "Forces": [
          [
            0.04687246604972936,
            0.21123923878981557,
            -0.10564545902337028
          ]
        ],
        "Lattice": [
          [
            2.4159196152875833,
            -0.3085629354392449,
            -0.02276241632701295
          ],
          [
            -0.7391529132546423,
            2.320693286039122,
            -0.0015865373010861277
          ],
          [
            -0.06543229190355437,
            -0.008709565214887973,
            2.25438406124544
          ]
        ],
        "NumAtoms": 1,
        "Positions": [
          [
            0.0,
            0.0,
            0.0
          ]
        ],
        "Stress": [
          [
            45492.2622014874,
            24403.270417476946,
            -55933.78450079728
          ],
          [
            24403.270417476946,
            52918.12928614734,
            -15707.886040015603
          ],
          [
            -55933.78450079728,
            -15707.886040015603,
            40806.96373384837
          ]
        ]
      }
    ],
    "EnergyStyle": "electronvolt",
    "ForcesStyle": "electronvoltperangstrom",
    "Label": "ASE generated",
    "LatticeStyle": "angstrom",
    "PositionsStyle": "angstrom",
    "StressStyle": "bar"
  }
}