{
  "Dataset": {
    "AtomTypeStyle": "chemicalsymbol",
    "Data": [
      {
        "AtomTypes": [
          "Cr"
        ],
        "Energy": -3.5705223090317304,
        "Forces": [
          [
            0.02307029495605778,
            0.13979860625367385,
            -0.08778968884179464
          ]
        ],
        "Lattice": [
          [
            2.4197786840012094,
            -0.2998457273179367,
            -0.016426507760004497
          ],
          [
            -0.7312834496670024,
            2.3260491356616395,
            -0.0013361068331188561
          ],
          [
            -0.04707692739815192,
            -0.006971772133983735,
            2.258495684015171
          ]
        ],
        "NumAtoms": 1,
        "Positions": [
          [
            0.0,
            0.0,
            0.0
          ]
        ],
        "Stress": [
          [
            29040.02419141675,
            18004.19715712221,
            -40211.18794753948
          ],
          [
            18004.19715712221,
            34977.18733596657,
            -12317.112737689704
          ],
          [
            -40211.18794753948,
            -12317.112737689704,
            26983.494440157912
          ]
        ]
      }
    ],
    "EnergyStyle": "electronvolt",
    "ForcesStyle": "electronvoltperangstrom",
    "Label": "ASE generated",
    "LatticeStyle": "angstrom",
    "PositionsStyle": "angstrom",
    "StressStyle": "bar"
  }
}