{
  "Dataset": {
    "AtomTypeStyle": "chemicalsymbol",
    "Data": [
      {
        "AtomTypes": [
          "Cr"
        ],
        "Energy": -3.570041483453224,
        "Forces": [
          [
            -0.0019178070196605446,
            0.07229522554673522,
            -0.07027154082809164
          ]
        ],
        "Lattice": [
          [
            2.42377049152578,
            -0.29189351734858104,
            -0.010698104153375661
          ],
          [
            -0.7241847628464305,
            2.3314017700034393,
            -0.0009502636217743716
          ],
          [
            -0.030574369464826102,
            -0.004848924315775461,
            2.2625417814170783
          ]
        ],
        "NumAtoms": 1,
        "Positions": [
          [
            0.0,
            0.0,
            0.0
          ]
        ],
        "Stress": [
          [
            13657.240494053647,
            11752.22902918942,
            -25974.353231743353
          ],
          [
            11752.22902918942,
            17721.75530287207,
            -8505.61875663703
          ],
          [
            -25974.353231743353,
            -8505.61875663703,
            14095.613788671053
          ]
        ]
      }
    ],
    "EnergyStyle": "electronvolt",
    "ForcesStyle": "electronvoltperangstrom",
    "Label": "ASE generated",
    "LatticeStyle": "angstrom",
    "PositionsStyle": "angstrom",
    "StressStyle": "bar"
  }
}