{
  "Dataset": {
    "AtomTypeStyle": "chemicalsymbol",
    "Data": [
      {
        "AtomTypes": [
          "Cr"
        ],
        "Energy": -3.6260496359859644,
        "Forces": [
          [
            -0.11190945273034758,
            0.7987890420100758,
            0.7233213206101807
          ]
        ],
        "Lattice": [
          [
            2.3705194546671366,
            -0.22164362789080855,
            -0.08399708146422598
          ],
          [
            -0.64148330510053,
            2.238498431331043,
            0.02418832770745265
          ],
          [
            -0.32480154877705647,
            0.13612308387366892,
            2.1552958263643385
          ]
        ],
        "NumAtoms": 1,
        "Positions": [
          [
            0.0,
            0.0,
            0.0
          ]
        ],
        "Stress": [
          [
            256215.95124195522,
            -86591.96514885545,
            -204321.67367746463
          ],
          [
            -86591.96514885545,
            242841.1526021517,
            96968.76118989964
          ],
          [
            -204321.67367746463,
            96968.76118989964,
            334168.43196366966
          ]
        ]
      }
    ],
    "EnergyStyle": "electronvolt",
    "ForcesStyle": "electronvoltperangstrom",
    "Label": "ASE generated",
    "LatticeStyle": "angstrom",
    "PositionsStyle": "angstrom",
    "StressStyle": "bar"
  }
}