{
  "Dataset": {
    "AtomTypeStyle": "chemicalsymbol",
    "Data": [
      {
        "AtomTypes": [
          "Cr"
        ],
        "Energy": -3.5732503887361418,
        "Forces": [
          [
            0.18291358894343362,
            0.5240970379258303,
            -0.12342969154713346
          ]
        ],
        "Lattice": [
          [
            2.3998371954821205,
            -0.33346022831158917,
            -0.04652883157542253
          ],
          [
            -0.7605768689683136,
            2.299538332267545,
            -0.001517138885273811
          ],
          [
            -0.13499929140337683,
            -0.011224085131390745,
            2.2357266667316615
          ]
        ],
        "NumAtoms": 1,
        "Positions": [
          [
            0.0,
            0.0,
            0.0
          ]
        ],
        "Stress": [
          [
            121119.01077961085,
            47426.69469283602,
            -112895.83387722397
          ],
          [
            47426.69469283602,
            128287.44388253237,
            -20916.878779076775
          ],
          [
            -112895.83387722397,
            -20916.878779076775,
            97267.3846087162
          ]
        ]
      }
    ],
    "EnergyStyle": "electronvolt",
    "ForcesStyle": "electronvoltperangstrom",
    "Label": "ASE generated",
    "LatticeStyle": "angstrom",
    "PositionsStyle": "angstrom",
    "StressStyle": "bar"
  }
}