{
  "Dataset": {
    "AtomTypeStyle": "chemicalsymbol",
    "Data": [
      {
        "AtomTypes": [
          "Cr"
        ],
        "Energy": -3.5268714010785516,
        "Forces": [
          [
            0.15889408267443864,
            0.057152311317858785,
            0.5344141104848029
          ]
        ],
        "Lattice": [
          [
            2.3701820110616225,
            -0.2050899916566236,
            -7.430865112862933e-05
          ],
          [
            -0.6291438715795608,
            2.294351337271263,
            3.714400660875177e-05
          ],
          [
            -0.0001636020132662059,
            6.299431323682226e-05,
            2.2177099258969477
          ]
        ],
        "NumAtoms": 1,
        "Positions": [
          [
            0.0,
            0.0,
            0.0
          ]
        ],
        "Stress": [
          [
            132023.91424604986,
            -83913.18068745176,
            -158.8735430157038
          ],
          [
            -83913.18068745176,
            101242.16528675723,
            26.47892383595063
          ],
          [
            -158.8735430157038,
            26.47892383595063,
            162418.77670707274
          ]
        ]
      }
    ],
    "EnergyStyle": "electronvolt",
    "ForcesStyle": "electronvoltperangstrom",
    "Label": "ASE generated",
    "LatticeStyle": "angstrom",
    "PositionsStyle": "angstrom",
    "StressStyle": "bar"
  }
}