{
  "Dataset": {
    "AtomTypeStyle": "chemicalsymbol",
    "Data": [
      {
        "AtomTypes": [
          "Cr"
        ],
        "Energy": -3.568993844246961,
        "Forces": [
          [
            -0.05159417737462689,
            -0.04082752637907449,
            -0.042279448700739145
          ]
        ],
        "Lattice": [
          [
            2.4291638645749645,
            -0.2769629369346307,
            -0.0019386010145125722
          ],
          [
            -0.7104733876701472,
            2.339396063848644,
            0.00010459610864874427
          ],
          [
            -0.00555961459836635,
            -0.00014476542135765324,
            2.26974889506011
          ]
        ],
        "NumAtoms": 1,
        "Positions": [
          [
            0.0,
            0.0,
            0.0
          ]
        ],
        "Stress": [
          [
            -9758.954484872029,
            -767.8887912425685,
            -4541.135437865533
          ],
          [
            -767.8887912425685,
            -10047.280544419047,
            -972.3649253090759
          ],
          [
            -4541.135437865533,
            -972.3649253090759,
            -6693.2835251986335
          ]
        ]
      }
    ],
    "EnergyStyle": "electronvolt",
    "ForcesStyle": "electronvoltperangstrom",
    "Label": "ASE generated",
    "LatticeStyle": "angstrom",
    "PositionsStyle": "angstrom",
    "StressStyle": "bar"
  }
}