{
  "Dataset": {
    "AtomTypeStyle": "chemicalsymbol",
    "Data": [
      {
        "AtomTypes": [
          "Cr"
        ],
        "Energy": -2.0562723556772653,
        "Forces": [
          [
            -0.6828147063308714,
            -1.2566394183577607,
            -0.6923001140664241
          ]
        ],
        "Lattice": [
          [
            2.367995207944367,
            -0.011274870268076435,
            -1.15360631421072e-07
          ],
          [
            -0.4381113406977241,
            2.327138971359649,
            9.895613796211222e-08
          ],
          [
            -1.920913266323355e-07,
            1.322943020883853e-07,
            4.015908072891204
          ]
        ],
        "NumAtoms": 1,
        "Positions": [
          [
            0.0,
            0.0,
            0.0
          ]
        ],
        "Stress": [
          [
            -163205.7891655302,
            -35494.99740209182,
            0.0
          ],
          [
            -35494.99740209182,
            -176220.1802308999,
            -0.0
          ],
          [
            0.0,
            -0.0,
            -116636.7173947141
          ]
        ]
      }
    ],
    "EnergyStyle": "electronvolt",
    "ForcesStyle": "electronvoltperangstrom",
    "Label": "ASE generated",
    "LatticeStyle": "angstrom",
    "PositionsStyle": "angstrom",
    "StressStyle": "bar"
  }
}