{
  "Dataset": {
    "AtomTypeStyle": "chemicalsymbol",
    "Data": [
      {
        "AtomTypes": [
          "Cr"
        ],
        "Energy": -3.9847551776133514,
        "Forces": [
          [
            -0.0007483289787833247,
            -0.33550285835217736,
            -0.7235999106034626
          ]
        ],
        "Lattice": [
          [
            2.5394898627599383,
            -0.25753014911181815,
            0.030023734120673825
          ],
          [
            -0.729848908464649,
            2.1767222877320918,
            -0.5381018237774232
          ],
          [
            -1.0060574265580766,
            0.033723757565975246,
            2.306924344320228
          ]
        ],
        "NumAtoms": 1,
        "Positions": [
          [
            0.0,
            0.0,
            0.0
          ]
        ],
        "Stress": [
          [
            -83340.94172233039,
            43822.61894849829,
            39300.60717784762
          ],
          [
            43822.61894849829,
            -30906.78832185127,
            -103726.77097336396
          ],
          [
            39300.60717784762,
            -103726.77097336396,
            -131369.29640677216
          ]
        ]
      }
    ],
    "EnergyStyle": "electronvolt",
    "ForcesStyle": "electronvoltperangstrom",
    "Label": "ASE generated",
    "LatticeStyle": "angstrom",
    "PositionsStyle": "angstrom",
    "StressStyle": "bar"
  }
}