{
  "Dataset": {
    "AtomTypeStyle": "chemicalsymbol",
    "Data": [
      {
        "AtomTypes": [
          "Cr"
        ],
        "Energy": -3.5745936798894036,
        "Forces": [
          [
            0.1767044196958782,
            0.5403810524230349,
            -0.0958620906464146
          ]
        ],
        "Lattice": [
          [
            2.3979394347770175,
            -0.33103518114829766,
            -0.048708008190751204
          ],
          [
            -0.757709921264465,
            2.2970860668745416,
            -0.0003840149040896229
          ],
          [
            -0.14247190118949793,
            -0.0074267846274093195,
            2.2320075579811633
          ]
        ],
        "NumAtoms": 1,
        "Positions": [
          [
            0.0,
            0.0,
            0.0
          ]
        ],
        "Stress": [
          [
            128172.70187924325,
            43831.44525644361,
            -118168.08182322657
          ],
          [
            43831.44525644361,
            133767.11006524993,
            -17537.873887344635
          ],
          [
            -118168.08182322657,
            -17537.873887344635,
            107245.52574089696
          ]
        ]
      }
    ],
    "EnergyStyle": "electronvolt",
    "ForcesStyle": "electronvoltperangstrom",
    "Label": "ASE generated",
    "LatticeStyle": "angstrom",
    "PositionsStyle": "angstrom",
    "StressStyle": "bar"
  }
}