{
  "Dataset": {
    "AtomTypeStyle": "chemicalsymbol",
    "Data": [
      {
        "AtomTypes": [
          "Cr"
        ],
        "Energy": -3.558952290484285,
        "Forces": [
          [
            0.053228959441947006,
            -0.0003486599686814581,
            0.1627241964314054
          ]
        ],
        "Lattice": [
          [
            2.39386619481774,
            -0.23089060536976644,
            -0.00012538113103845468
          ],
          [
            -0.6587920285267322,
            2.3129908355410334,
            5.5702251305710463e-05
          ],
          [
            -0.00030951416163436127,
            9.91021908716178e-05,
            2.2556668767586148
          ]
        ],
        "NumAtoms": 1,
        "Positions": [
          [
            0.0,
            0.0,
            0.0
          ]
        ],
        "Stress": [
          [
            60405.78052642449,
            -44296.29747489697,
            -272.1444949806037
          ],
          [
            -44296.29747489697,
            44158.01865042034,
            35.30523178126751
          ],
          [
            -272.1444949806037,
            35.30523178126751,
            48296.08602544974
          ]
        ]
      }
    ],
    "EnergyStyle": "electronvolt",
    "ForcesStyle": "electronvoltperangstrom",
    "Label": "ASE generated",
    "LatticeStyle": "angstrom",
    "PositionsStyle": "angstrom",
    "StressStyle": "bar"
  }
}