{
  "Dataset": {
    "AtomTypeStyle": "chemicalsymbol",
    "Data": [
      {
        "AtomTypes": [
          "Cr"
        ],
        "Energy": -2.6801556528866968,
        "Forces": [
          [
            1.3495752017595382,
            1.9275426196976655,
            -1.1890624432657118
          ]
        ],
        "Lattice": [
          [
            2.1275932164117166,
            -0.14786954469875424,
            -4.540340447673384e-07
          ],
          [
            -0.5291151274001661,
            2.0660459869354404,
            3.561362612219333e-07
          ],
          [
            -7.858281544050088e-07,
            4.815512596017226e-07,
            2.971469221265551
          ]
        ],
        "NumAtoms": 1,
        "Positions": [
          [
            0.0,
            0.0,
            0.0
          ]
        ],
        "Stress": [
          [
            537644.251129708,
            -36827.769901834676,
            0.0
          ],
          [
            -36827.769901834676,
            524141.4710246975,
            -0.0
          ],
          [
            0.0,
            -0.0,
            -300613.7512582233
          ]
        ]
      }
    ],
    "EnergyStyle": "electronvolt",
    "ForcesStyle": "electronvoltperangstrom",
    "Label": "ASE generated",
    "LatticeStyle": "angstrom",
    "PositionsStyle": "angstrom",
    "StressStyle": "bar"
  }
}