{
  "Dataset": {
    "AtomTypeStyle": "chemicalsymbol",
    "Data": [
      {
        "AtomTypes": [
          "Cr"
        ],
        "Energy": -3.6739508298041983,
        "Forces": [
          [
            -0.17462635930667608,
            0.6097948520156253,
            0.4565618482406749
          ]
        ],
        "Lattice": [
          [
            2.384537824592365,
            -0.20694682050466093,
            -0.06916874443705605
          ],
          [
            -0.6357874670593031,
            2.2270067492230465,
            -0.030889348968668337
          ],
          [
            -0.40946463415451395,
            0.1452233205127504,
            2.1661773777346482
          ]
        ],
        "NumAtoms": 1,
        "Positions": [
          [
            0.0,
            0.0,
            0.0
          ]
        ],
        "Stress": [
          [
            237952.84905177035,
            -104104.83116368834,
            -187832.6593842885
          ],
          [
            -104104.83116368834,
            225929.94657892454,
            70080.885085816
          ],
          [
            -187832.6593842885,
            70080.885085816,
            259450.79310391383
          ]
        ]
      }
    ],
    "EnergyStyle": "electronvolt",
    "ForcesStyle": "electronvoltperangstrom",
    "Label": "ASE generated",
    "LatticeStyle": "angstrom",
    "PositionsStyle": "angstrom",
    "StressStyle": "bar"
  }
}