{
  "Dataset": {
    "AtomTypeStyle": "chemicalsymbol",
    "Data": [
      {
        "AtomTypes": [
          "Cr"
        ],
        "Energy": -3.5899942483342784,
        "Forces": [
          [
            0.17393138333342872,
            0.8514488955089158,
            0.2507663364131598
          ]
        ],
        "Lattice": [
          [
            2.3763357942963634,
            -0.3099095623152658,
            -0.07581872391064
          ],
          [
            -0.7314892038199773,
            2.268258190163925,
            0.013567776590670036
          ],
          [
            -0.2356123646981341,
            0.038630994035048015,
            2.1901559697598105
          ]
        ],
        "NumAtoms": 1,
        "Positions": [
          [
            0.0,
            0.0,
            0.0
          ]
        ],
        "Stress": [
          [
            222528.87591732907,
            15885.883250246161,
            -184474.24921109536
          ],
          [
            15885.883250246161,
            217818.56957717834,
            26495.105400517044
          ],
          [
            -184474.24921109536,
            26495.105400517044,
            234791.5597560227
          ]
        ]
      }
    ],
    "EnergyStyle": "electronvolt",
    "ForcesStyle": "electronvoltperangstrom",
    "Label": "ASE generated",
    "LatticeStyle": "angstrom",
    "PositionsStyle": "angstrom",
    "StressStyle": "bar"
  }
}