{
  "Dataset": {
    "AtomTypeStyle": "chemicalsymbol",
    "Data": [
      {
        "AtomTypes": [
          "Cr"
        ],
        "Energy": -2.2950289225937013,
        "Forces": [
          [
            -0.12361745208540958,
            -0.2774115455921125,
            -0.8518308240337935
          ]
        ],
        "Lattice": [
          [
            2.2415334314284805,
            -0.038588967310337785,
            1.1430227700436493e-07
          ],
          [
            -0.44217279111797664,
            2.197825093206494,
            -9.631025192034451e-08
          ],
          [
            1.820369596736182e-07,
            -1.2435664396308221e-07,
            3.8714081259803743
          ]
        ],
        "NumAtoms": 1,
        "Positions": [
          [
            0.0,
            0.0,
            0.0
          ]
        ],
        "Stress": [
          [
            -10697.485229724054,
            -29644.62628567095,
            -0.0
          ],
          [
            -29644.62628567095,
            -21565.612413057574,
            0.0
          ],
          [
            -0.0,
            0.0,
            -157248.03130244126
          ]
        ]
      }
    ],
    "EnergyStyle": "electronvolt",
    "ForcesStyle": "electronvoltperangstrom",
    "Label": "ASE generated",
    "LatticeStyle": "angstrom",
    "PositionsStyle": "angstrom",
    "StressStyle": "bar"
  }
}