{
  "Dataset": {
    "AtomTypeStyle": "chemicalsymbol",
    "Data": [
      {
        "AtomTypes": [
          "Cr"
        ],
        "Energy": -3.5999923999011116,
        "Forces": [
          [
            0.24944696583899528,
            1.0373652804780207,
            0.5426786011860593
          ]
        ],
        "Lattice": [
          [
            2.362777811717466,
            -0.2887387538653495,
            -0.09095348840878795
          ],
          [
            -0.7071448545627682,
            2.2505082192018406,
            0.024261419251002066
          ],
          [
            -0.29166439314255366,
            0.07470639818127572,
            2.1644746071889243
          ]
        ],
        "NumAtoms": 1,
        "Positions": [
          [
            0.0,
            0.0,
            0.0
          ]
        ],
        "Stress": [
          [
            289757.39248548355,
            -3277.5023503610005,
            -208377.36217833773
          ],
          [
            -3277.5023503610005,
            267297.38086730056,
            59479.01819216622
          ],
          [
            -208377.36217833773,
            59479.01819216622,
            318520.859027947
          ]
        ]
      }
    ],
    "EnergyStyle": "electronvolt",
    "ForcesStyle": "electronvoltperangstrom",
    "Label": "ASE generated",
    "LatticeStyle": "angstrom",
    "PositionsStyle": "angstrom",
    "StressStyle": "bar"
  }
}