{
  "Dataset": {
    "AtomTypeStyle": "chemicalsymbol",
    "Data": [
      {
        "AtomTypes": [
          "Cr"
        ],
        "Energy": -3.583291398270376,
        "Forces": [
          [
            0.1656879361346557,
            0.7135429689721954,
            0.09721218402491766
          ]
        ],
        "Lattice": [
          [
            2.385409826080087,
            -0.3199831569278486,
            -0.06483603513391552
          ],
          [
            -0.7436787817640217,
            2.280185643882052,
            0.007425224612999093
          ],
          [
            -0.1971724745450476,
            0.018226304534411517,
            2.207416384598662
          ]
        ],
        "NumAtoms": 1,
        "Positions": [
          [
            0.0,
            0.0,
            0.0
          ]
        ],
        "Stress": [
          [
            182739.8796998406,
            26449.502809466245,
            -158171.8515340511
          ],
          [
            26449.502809466245,
            181693.9622083206,
            7087.525280089453
          ],
          [
            -158171.8515340511,
            7087.525280089453,
            180471.51855789422
          ]
        ]
      }
    ],
    "EnergyStyle": "electronvolt",
    "ForcesStyle": "electronvoltperangstrom",
    "Label": "ASE generated",
    "LatticeStyle": "angstrom",
    "PositionsStyle": "angstrom",
    "StressStyle": "bar"
  }
}