{
  "Dataset": {
    "AtomTypeStyle": "chemicalsymbol",
    "Data": [
      {
        "AtomTypes": [
          "Cr"
        ],
        "Energy": -3.5674928629841816,
        "Forces": [
          [
            -0.059587931148218,
            -0.08301448292492376,
            -0.01378078304777171
          ]
        ],
        "Lattice": [
          [
            2.4189104470801475,
            -0.25391320066727896,
            -0.0002392388991878026
          ],
          [
            -0.6859530393652118,
            2.3334699093651388,
            8.424501156988377e-05
          ],
          [
            -0.0006413654224105338,
            0.00014990796546843294,
            2.2712631054787127
          ]
        ],
        "NumAtoms": 1,
        "Positions": [
          [
            0.0,
            0.0,
            0.0
          ]
        ],
        "Stress": [
          [
            2608.1739978411374,
            -19542.916842255785,
            -517.8100661252569
          ],
          [
            -19542.916842255785,
            -4560.259105080387,
            26.47892383595063
          ],
          [
            -517.8100661252569,
            26.47892383595063,
            -3505.51530561502
          ]
        ]
      }
    ],
    "EnergyStyle": "electronvolt",
    "ForcesStyle": "electronvoltperangstrom",
    "Label": "ASE generated",
    "LatticeStyle": "angstrom",
    "PositionsStyle": "angstrom",
    "StressStyle": "bar"
  }
}