{
  "Dataset": {
    "AtomTypeStyle": "chemicalsymbol",
    "Data": [
      {
        "AtomTypes": [
          "Cr"
        ],
        "Energy": -41.615926723890425,
        "Forces": [
          [
            -0.3389745723074719,
            -0.12581618821005608,
            -0.2850654619436983
          ]
        ],
        "Lattice": [
          [
            4.273249893655518,
            0.0,
            0.0
          ],
          [
            -1.5781154589768764,
            5.619588551650413,
            0.0
          ],
          [
            -0.7688986731151184,
            0.6060365731681193,
            4.089842008219824
          ]
        ],
        "NumAtoms": 1,
        "Positions": [
          [
            0.0,
            0.0,
            0.0
          ]
        ],
        "Stress": [
          [
            -24132.596973820564,
            230.9550579024583,
            1285.698857367825
          ],
          [
            230.9550579024583,
            -5775.347498885677,
            -2817.0632858803037
          ],
          [
            1285.698857367825,
            -2817.0632858803037,
            -24319.420491996432
          ]
        ]
      }
    ],
    "EnergyStyle": "electronvolt",
    "ForcesStyle": "electronvoltperangstrom",
    "Label": "ASE generated",
    "LatticeStyle": "angstrom",
    "PositionsStyle": "angstrom",
    "StressStyle": "bar"
  }
}