{
  "Dataset": {
    "AtomTypeStyle": "chemicalsymbol",
    "Data": [
      {
        "AtomTypes": [
          "Cr"
        ],
        "Energy": -42.32621141151685,
        "Forces": [
          [
            -0.44763669214894813,
            -0.4396974192868093,
            -0.8363977178712213
          ]
        ],
        "Lattice": [
          [
            4.283699555988876,
            0.0,
            0.0
          ],
          [
            -0.2897922749626475,
            3.4600769260584503,
            0.0
          ],
          [
            1.5148832272803499,
            -3.423412741558742,
            3.3983659502548744
          ]
        ],
        "NumAtoms": 1,
        "Positions": [
          [
            0.0,
            0.0,
            0.0
          ]
        ],
        "Stress": [
          [
            -43409.253526392626,
            2013.8692628564675,
            -6991.906944015186
          ],
          [
            2013.8692628564675,
            -58405.150725486,
            220.65769863292198
          ],
          [
            -6991.906944015186,
            220.65769863292198,
            -58080.0483828335
          ]
        ]
      }
    ],
    "EnergyStyle": "electronvolt",
    "ForcesStyle": "electronvoltperangstrom",
    "Label": "ASE generated",
    "LatticeStyle": "angstrom",
    "PositionsStyle": "angstrom",
    "StressStyle": "bar"
  }
}