{
  "Dataset": {
    "AtomTypeStyle": "chemicalsymbol",
    "Data": [
      {
        "AtomTypes": [
          "Cr"
        ],
        "Energy": 2238.1771452568905,
        "Forces": [
          [
            -0.5495575236377688,
            -0.3048194335215439,
            -0.3479359392611617
          ]
        ],
        "Lattice": [
          [
            4.083289563641222,
            0.0,
            0.0
          ],
          [
            -3.163740920488346,
            4.436551276950079,
            0.0
          ],
          [
            -1.611543725503154,
            -1.1652156764597865,
            3.268371132267089
          ]
        ],
        "NumAtoms": 1,
        "Positions": [
          [
            0.0,
            0.0,
            0.0
          ]
        ],
        "Stress": [
          [
            -50079.000230403755,
            -1453.398708328846,
            2928.8631865209836
          ],
          [
            -1453.398708328846,
            -30428.69664147994,
            8455.603011613568
          ],
          [
            2928.8631865209836,
            8455.603011613568,
            -50729.20491570875
          ]
        ]
      }
    ],
    "EnergyStyle": "electronvolt",
    "ForcesStyle": "electronvoltperangstrom",
    "Label": "ASE generated",
    "LatticeStyle": "angstrom",
    "PositionsStyle": "angstrom",
    "StressStyle": "bar"
  }
}