{
  "Dataset": {
    "AtomTypeStyle": "chemicalsymbol",
    "Data": [
      {
        "AtomTypes": [
          "Cr"
        ],
        "Energy": -3.3253497002915537,
        "Forces": [
          [
            0.8177424664385459,
            0.8634016642763003,
            0.6862589039325857
          ]
        ],
        "Lattice": [
          [
            2.399943808285111,
            -8.437201409988862e-06,
            -3.0427689480328627e-07
          ],
          [
            -1.1999792110214482,
            2.078412632335995,
            3.640739193472364e-07
          ],
          [
            -4.1117069089070164e-07,
            2.3230879446720465e-07,
            2.1944664292780485
          ]
        ],
        "NumAtoms": 1,
        "Positions": [
          [
            0.0,
            0.0,
            0.0
          ]
        ],
        "Stress": [
          [
            262659.15604203654,
            -0.0,
            1.4710513242194794
          ],
          [
            -0.0,
            262659.15604203654,
            -0.0
          ],
          [
            1.4710513242194794,
            -0.0,
            208768.66183058007
          ]
        ]
      }
    ],
    "EnergyStyle": "electronvolt",
    "ForcesStyle": "electronvoltperangstrom",
    "Label": "ASE generated",
    "LatticeStyle": "angstrom",
    "PositionsStyle": "angstrom",
    "StressStyle": "bar"
  }
}