{
  "Dataset": {
    "AtomTypeStyle": "chemicalsymbol",
    "Data": [
      {
        "AtomTypes": [
          "Cr"
        ],
        "Energy": -3.3845683907911734,
        "Forces": [
          [
            -0.00032533284057765366,
            -0.00034080150054295204,
            -0.0010885290746619877
          ]
        ],
        "Lattice": [
          [
            2.4529329664560606,
            -4.964211391564571e-06,
            -5.080101200193997e-08
          ],
          [
            -1.2264707825282597,
            2.1243026200184043,
            7.196810033608162e-08
          ],
          [
            2.0796664288294174e-07,
            -2.0637911125788112e-07,
            2.2585158620713033
          ]
        ],
        "NumAtoms": 1,
        "Positions": [
          [
            0.0,
            0.0,
            0.0
          ]
        ],
        "Stress": [
          [
            -101.50254137114408,
            1.4710513242194794,
            -0.0
          ],
          [
            1.4710513242194794,
            -100.0314900469246,
            0.0
          ],
          [
            -0.0,
            0.0,
            -314.8049833829686
          ]
        ]
      }
    ],
    "EnergyStyle": "electronvolt",
    "ForcesStyle": "electronvoltperangstrom",
    "Label": "ASE generated",
    "LatticeStyle": "angstrom",
    "PositionsStyle": "angstrom",
    "StressStyle": "bar"
  }
}