{
  "Dataset": {
    "AtomTypeStyle": "chemicalsymbol",
    "Data": [
      {
        "AtomTypes": [
          "Cr"
        ],
        "Energy": -2.4052136277891805,
        "Forces": [
          [
            -2.254872932894816,
            -2.8623861356290203,
            -1.7956013468964112
          ]
        ],
        "Lattice": [
          [
            2.597056824479028,
            -1.1440811244603563e-05,
            -1.8891626338221424e-07
          ],
          [
            -1.2985383200243859,
            2.2491167487908297,
            4.60384171267581e-07
          ],
          [
            -2.831098064691446e-07,
            6.339542956075425e-07,
            2.8551143489508046
          ]
        ],
        "NumAtoms": 1,
        "Positions": [
          [
            0.0,
            0.0,
            0.0
          ]
        ],
        "Stress": [
          [
            -618510.8845247012,
            11.768410593755835,
            -1.4710513242194794
          ],
          [
            11.768410593755835,
            -618500.5871654318,
            -1.4710513242194794
          ],
          [
            -1.4710513242194794,
            -1.4710513242194794,
            -387982.43150626664
          ]
        ]
      }
    ],
    "EnergyStyle": "electronvolt",
    "ForcesStyle": "electronvoltperangstrom",
    "Label": "ASE generated",
    "LatticeStyle": "angstrom",
    "PositionsStyle": "angstrom",
    "StressStyle": "bar"
  }
}