{
  "Dataset": {
    "AtomTypeStyle": "chemicalsymbol",
    "Data": [
      {
        "AtomTypes": [
          "Cr"
        ],
        "Energy": -3.4653268154843317,
        "Forces": [
          [
            0.40358495734953753,
            0.4290792623626974,
            -0.030931520107567983
          ]
        ],
        "Lattice": [
          [
            2.4529329664560606,
            -4.964211391564571e-06,
            -5.080101200193997e-08
          ],
          [
            -1.2264707825282597,
            2.1243026200184043,
            7.196810033608162e-08
          ],
          [
            2.0796664288294174e-07,
            -2.0637911125788112e-07,
            2.2585158620713033
          ]
        ],
        "NumAtoms": 1,
        "Positions": [
          [
            0.0,
            0.0,
            0.0
          ]
        ],
        "Stress": [
          [
            124093.47655718263,
            -1.4710513242194794,
            -0.0
          ],
          [
            -1.4710513242194794,
            124092.00550585843,
            0.0
          ],
          [
            -0.0,
            0.0,
            -8945.463102578655
          ]
        ]
      }
    ],
    "EnergyStyle": "electronvolt",
    "ForcesStyle": "electronvoltperangstrom",
    "Label": "ASE generated",
    "LatticeStyle": "angstrom",
    "PositionsStyle": "angstrom",
    "StressStyle": "bar"
  }
}