{
  "Dataset": {
    "AtomTypeStyle": "chemicalsymbol",
    "Data": [
      {
        "AtomTypes": [
          "Cr"
        ],
        "Energy": -3.3845498870336996,
        "Forces": [
          [
            0.00599376262546283,
            0.0063669830666416615,
            0.017185245849374125
          ]
        ],
        "Lattice": [
          [
            2.4527339561374295,
            -5.490213536667991e-06,
            -3.1433126176200355e-07
          ],
          [
            -1.2263717327259318,
            2.1241302844644916,
            3.709532230558325e-07
          ],
          [
            -4.355128424749645e-07,
            2.667053130101848e-07,
            2.256390525532684
          ]
        ],
        "NumAtoms": 1,
        "Positions": [
          [
            0.0,
            0.0,
            0.0
          ]
        ],
        "Stress": [
          [
            1840.285206598569,
            1.4710513242194794,
            1.4710513242194794
          ],
          [
            1.4710513242194794,
            1841.7562579227883,
            -0.0
          ],
          [
            1.4710513242194794,
            -0.0,
            4973.624527186061
          ]
        ]
      }
    ],
    "EnergyStyle": "electronvolt",
    "ForcesStyle": "electronvoltperangstrom",
    "Label": "ASE generated",
    "LatticeStyle": "angstrom",
    "PositionsStyle": "angstrom",
    "StressStyle": "bar"
  }
}