{
  "Dataset": {
    "AtomTypeStyle": "chemicalsymbol",
    "Data": [
      {
        "AtomTypes": [
          "Cr"
        ],
        "Energy": -3.143048777511467,
        "Forces": [
          [
            -0.5443203483906149,
            -0.6620860613969073,
            -1.157434631923315
          ]
        ],
        "Lattice": [
          [
            2.459309041689892,
            -9.749560886705644e-06,
            -4.561507536007526e-07
          ],
          [
            -1.2296629646610713,
            2.1298245132778275,
            4.032330327653985e-07
          ],
          [
            -8.244580906148173e-07,
            1.6986588388148675e-07,
            2.590632034778927
          ]
        ],
        "NumAtoms": 1,
        "Positions": [
          [
            0.0,
            0.0,
            0.0
          ]
        ],
        "Stress": [
          [
            -166502.41518310603,
            4.413153972658439,
            0.0
          ],
          [
            4.413153972658439,
            -166500.94413178178,
            0.0
          ],
          [
            0.0,
            0.0,
            -291063.68606139044
          ]
        ]
      }
    ],
    "EnergyStyle": "electronvolt",
    "ForcesStyle": "electronvoltperangstrom",
    "Label": "ASE generated",
    "LatticeStyle": "angstrom",
    "PositionsStyle": "angstrom",
    "StressStyle": "bar"
  }
}