{
  "Dataset": {
    "AtomTypeStyle": "chemicalsymbol",
    "Data": [
      {
        "AtomTypes": [
          "Ni"
        ],
        "Energy": -4.266082223529338,
        "Forces": [
          [
            -0.010332658257330554,
            -0.016450625464105348,
            0.019882244942097466
          ]
        ],
        "Lattice": [
          [
            2.277586461962339,
            -0.27549731186305854,
            0.010694574012218731
          ],
          [
            -0.6819962369129744,
            2.190394206926543,
            0.007890033764082927
          ],
          [
            0.01532353100438021,
            0.014842810552995602,
            2.3608967375572734
          ]
        ],
        "NumAtoms": 1,
        "Positions": [
          [
            0.0,
            0.0,
            0.0
          ]
        ],
        "Stress": [
          [
            -4732.372110014066,
            -5411.997821803466,
            6696.22562784707
          ],
          [
            -5411.997821803466,
            -6671.2177553353395,
            7216.977796620767
          ],
          [
            6696.22562784707,
            7216.977796620767,
            -8031.940230238359
          ]
        ]
      }
    ],
    "EnergyStyle": "electronvolt",
    "ForcesStyle": "electronvoltperangstrom",
    "Label": "ASE generated",
    "LatticeStyle": "angstrom",
    "PositionsStyle": "angstrom",
    "StressStyle": "bar"
  }
}