{
  "Dataset": {
    "AtomTypeStyle": "chemicalsymbol",
    "Data": [
      {
        "AtomTypes": [
          "Ni"
        ],
        "Energy": -4.267017071450027,
        "Forces": [
          [
            -0.03793021284737507,
            -0.052991996920713255,
            0.0386841723191518
          ]
        ],
        "Lattice": [
          [
            2.2812825261037677,
            -0.2650078781582529,
            0.02394141309285768
          ],
          [
            -0.6723551065529693,
            2.19579202083086,
            0.017957153364344322
          ],
          [
            0.03377732458724525,
            0.03345100957842287,
            2.367466250344555
          ]
        ],
        "NumAtoms": 1,
        "Positions": [
          [
            0.0,
            0.0,
            0.0
          ]
        ],
        "Stress": [
          [
            -12881.996446189984,
            -13841.121909581083,
            14145.629533694517
          ],
          [
            -13841.121909581083,
            -17436.371345973494,
            15662.2834489648
          ],
          [
            14145.629533694517,
            15662.2834489648,
            -18408.73627128257
          ]
        ]
      }
    ],
    "EnergyStyle": "electronvolt",
    "ForcesStyle": "electronvoltperangstrom",
    "Label": "ASE generated",
    "LatticeStyle": "angstrom",
    "PositionsStyle": "angstrom",
    "StressStyle": "bar"
  }
}