{
  "Dataset": {
    "AtomTypeStyle": "chemicalsymbol",
    "Data": [
      {
        "AtomTypes": [
          "Cr"
        ],
        "Energy": 2237.843576117302,
        "Forces": [
          [
            -1.3669015838086067,
            -1.2786503523851211,
            -0.7915126981724401
          ]
        ],
        "Lattice": [
          [
            3.849669468051718,
            0.0,
            0.0
          ],
          [
            -1.726245684846943,
            3.440934661950795,
            0.0
          ],
          [
            -1.726245684846943,
            -2.7973238222651,
            2.0037452587819833
          ]
        ],
        "NumAtoms": 1,
        "Positions": [
          [
            0.0,
            0.0,
            0.0
          ]
        ],
        "Stress": [
          [
            -180289.10819369098,
            3636.4388734705535,
            11324.153093841554
          ],
          [
            3636.4388734705535,
            -176639.42985830246,
            18348.42316698957
          ],
          [
            11324.153093841554,
            18348.42316698957,
            -125407.12538971062
          ]
        ]
      }
    ],
    "EnergyStyle": "electronvolt",
    "ForcesStyle": "electronvoltperangstrom",
    "Label": "ASE generated",
    "LatticeStyle": "angstrom",
    "PositionsStyle": "angstrom",
    "StressStyle": "bar"
  }
}