{
  "Dataset": {
    "AtomTypeStyle": "chemicalsymbol",
    "Data": [
      {
        "AtomTypes": [
          "Cr"
        ],
        "Energy": -41.723985809953774,
        "Forces": [
          [
            -0.29692925369125506,
            -0.2650538637596657,
            -0.2433870671641294
          ]
        ],
        "Lattice": [
          [
            4.229679559028521,
            0.0,
            0.0
          ],
          [
            -0.6508419421455137,
            4.273118368099744,
            0.0
          ],
          [
            -0.6711740117857637,
            -0.9018353568578251,
            4.188685504742416
          ]
        ],
        "NumAtoms": 1,
        "Positions": [
          [
            0.0,
            0.0,
            0.0
          ]
        ],
        "Stress": [
          [
            -28837.019108674463,
            1132.7095196489993,
            1382.7882447663108
          ],
          [
            1132.7095196489993,
            -26108.21890224732,
            1935.903542672835
          ],
          [
            1382.7882447663108,
            1935.903542672835,
            -24835.759506797473
          ]
        ]
      }
    ],
    "EnergyStyle": "electronvolt",
    "ForcesStyle": "electronvoltperangstrom",
    "Label": "ASE generated",
    "LatticeStyle": "angstrom",
    "PositionsStyle": "angstrom",
    "StressStyle": "bar"
  }
}