{
  "Dataset": {
    "AtomTypeStyle": "chemicalsymbol",
    "Data": [
      {
        "AtomTypes": [
          "Cr"
        ],
        "Energy": -41.70484870702603,
        "Forces": [
          [
            -1.9037777506513844,
            0.2900244057409198,
            1.68716158996412
          ]
        ],
        "Lattice": [
          [
            3.9840894749860594,
            0.0,
            0.0
          ],
          [
            -0.7643714703129254,
            3.215721962929723,
            0.0
          ],
          [
            0.8228618878951958,
            -4.413661970358007,
            1.2088245398739452
          ]
        ],
        "NumAtoms": 1,
        "Positions": [
          [
            0.0,
            0.0,
            0.0
          ]
        ],
        "Stress": [
          [
            -93598.58260611282,
            -130223.34742520523,
            -14255.958383010977
          ],
          [
            -130223.34742520523,
            1046154.3307832493,
            -801515.5534629014
          ],
          [
            -14255.958383010977,
            -801515.5534629014,
            964034.3616600211
          ]
        ]
      }
    ],
    "EnergyStyle": "electronvolt",
    "ForcesStyle": "electronvoltperangstrom",
    "Label": "ASE generated",
    "LatticeStyle": "angstrom",
    "PositionsStyle": "angstrom",
    "StressStyle": "bar"
  }
}