{
  "Dataset": {
    "AtomTypeStyle": "chemicalsymbol",
    "Data": [
      {
        "AtomTypes": [
          "Cr"
        ],
        "Energy": -4.232312594146606,
        "Forces": [
          [
            -0.057179206001923895,
            0.022082025164582825,
            0.059401385771742386
          ]
        ],
        "Lattice": [
          [
            2.4488980299306555,
            -0.18243525389549806,
            -0.17169788373490813
          ],
          [
            -0.6241246405752893,
            2.3750421385880762,
            0.17170995955880278
          ],
          [
            -0.7651374843115478,
            -1.2188659472330872,
            1.9971924918826027
          ]
        ],
        "NumAtoms": 1,
        "Positions": [
          [
            0.0,
            0.0,
            0.0
          ]
        ],
        "Stress": [
          [
            5723.860702537995,
            -7993.692895808651,
            -13736.6772655615
          ],
          [
            -7993.692895808651,
            2772.931746153719,
            11434.481943158014
          ],
          [
            -13736.6772655615,
            11434.481943158014,
            18933.90159402892
          ]
        ]
      }
    ],
    "EnergyStyle": "electronvolt",
    "ForcesStyle": "electronvoltperangstrom",
    "Label": "ASE generated",
    "LatticeStyle": "angstrom",
    "PositionsStyle": "angstrom",
    "StressStyle": "bar"
  }
}