{
  "Dataset": {
    "AtomTypeStyle": "chemicalsymbol",
    "Data": [
      {
        "AtomTypes": [
          "Cr"
        ],
        "Energy": -4.2122815964671645,
        "Forces": [
          [
            -0.0024382785925434183,
            -0.007862894183521036,
            0.013927624457353207
          ]
        ],
        "Lattice": [
          [
            2.4484237151693784,
            -0.18073451539025434,
            -0.1719545913029209
          ],
          [
            -0.6223654666184587,
            2.3748797880789074,
            0.17196301792078675
          ],
          [
            -0.7661748266888428,
            -1.2193082716445882,
            1.9958062523882962
          ]
        ],
        "NumAtoms": 1,
        "Positions": [
          [
            0.0,
            0.0,
            0.0
          ]
        ],
        "Stress": [
          [
            1728.4853059578886,
            -2706.7344365638423,
            295.68131616811536
          ],
          [
            -2706.7344365638423,
            735.5256621097399,
            -242.72346849621414
          ],
          [
            295.68131616811536,
            -242.72346849621414,
            3849.7413154823776
          ]
        ]
      }
    ],
    "EnergyStyle": "electronvolt",
    "ForcesStyle": "electronvoltperangstrom",
    "Label": "ASE generated",
    "LatticeStyle": "angstrom",
    "PositionsStyle": "angstrom",
    "StressStyle": "bar"
  }
}