{
  "Dataset": {
    "AtomTypeStyle": "chemicalsymbol",
    "Data": [
      {
        "AtomTypes": [
          "Cr"
        ],
        "Energy": -4.21230622279154,
        "Forces": [
          [
            0.0010194619947039092,
            0.0006796077820539221,
            0.0008511431536372073
          ]
        ],
        "Lattice": [
          [
            2.4488980299306555,
            -0.18243525389549806,
            -0.17169788373490813
          ],
          [
            -0.6241246405752893,
            2.3750421385880762,
            0.17170995955880278
          ],
          [
            -0.7651374843115478,
            -1.2188659472330872,
            1.9971924918826027
          ]
        ],
        "NumAtoms": 1,
        "Positions": [
          [
            0.0,
            0.0,
            0.0
          ]
        ],
        "Stress": [
          [
            241.25241717199467,
            -7.355256621097396,
            51.48679634768178
          ],
          [
            -7.355256621097396,
            239.78136584777516,
            -41.18943707814543
          ],
          [
            51.48679634768178,
            -41.18943707814543,
            228.01295525401932
          ]
        ]
      }
    ],
    "EnergyStyle": "electronvolt",
    "ForcesStyle": "electronvoltperangstrom",
    "Label": "ASE generated",
    "LatticeStyle": "angstrom",
    "PositionsStyle": "angstrom",
    "StressStyle": "bar"
  }
}