{
  "Dataset": {
    "AtomTypeStyle": "chemicalsymbol",
    "Data": [
      {
        "AtomTypes": [
          "Cr"
        ],
        "Energy": -4.21230608673477,
        "Forces": [
          [
            0.0006621248006839823,
            0.00033980389102696105,
            0.0005043811280813081
          ]
        ],
        "Lattice": [
          [
            2.4488980299306555,
            -0.18243525389549806,
            -0.17169788373490813
          ],
          [
            -0.6241246405752893,
            2.3750421385880762,
            0.17170995955880278
          ],
          [
            -0.7651374843115478,
            -1.2188659472330872,
            1.9971924918826027
          ]
        ],
        "NumAtoms": 1,
        "Positions": [
          [
            0.0,
            0.0,
            0.0
          ]
        ],
        "Stress": [
          [
            142.6919784492895,
            -7.355256621097396,
            50.0157450234623
          ],
          [
            -7.355256621097396,
            142.6919784492895,
            -39.71838575392595
          ],
          [
            50.0157450234623,
            -39.71838575392595,
            130.92356785553366
          ]
        ]
      }
    ],
    "EnergyStyle": "electronvolt",
    "ForcesStyle": "electronvoltperangstrom",
    "Label": "ASE generated",
    "LatticeStyle": "angstrom",
    "PositionsStyle": "angstrom",
    "StressStyle": "bar"
  }
}