{
  "Dataset": {
    "AtomTypeStyle": "chemicalsymbol",
    "Data": [
      {
        "AtomTypes": [
          "Ni"
        ],
        "Energy": -4.445376829959059,
        "Forces": [
          [
            -0.2006783747454478,
            0.39965568263318013,
            -0.46851525885433265
          ]
        ],
        "Lattice": [
          [
            2.356446640344826,
            -3.5892502510995646e-05,
            -0.07033957070680381
          ],
          [
            -2.7656917617389484e-05,
            2.2684965490414153,
            0.00014263336638519681
          ],
          [
            -0.947919502739908,
            0.00016825877269971705,
            2.175794813655972
          ]
        ],
        "NumAtoms": 1,
        "Positions": [
          [
            0.0,
            0.0,
            0.0
          ]
        ],
        "Stress": [
          [
            27757.267436697366,
            -5.8842052968779175,
            -87871.77980092641
          ],
          [
            -5.8842052968779175,
            118897.72328003944,
            41.18943707814543
          ],
          [
            -87871.77980092641,
            41.18943707814543,
            -60504.340965147196
          ]
        ]
      }
    ],
    "EnergyStyle": "electronvolt",
    "ForceStyle": "electronvoltperangstrom",
    "ForcesStyle": null,
    "Label": "ASE generated",
    "LatticeStyle": "angstrom",
    "PositionsStyle": "angstrom",
    "StressStyle": "bar"
  }
}