{
  "Dataset": {
    "AtomTypeStyle": "chemicalsymbol",
    "Data": [
      {
        "AtomTypes": [
          "Ni"
        ],
        "Energy": -3.260511037707147,
        "Forces": [
          [
            -0.9501484621203121,
            -0.6718382258207636,
            -1.1186170823608341
          ]
        ],
        "Lattice": [
          [
            2.8614329894071506,
            -2.079666428829417e-06,
            0.003471164357055472
          ],
          [
            -1.7330553573578478e-06,
            2.40186614397977,
            1.3898839377405763e-05
          ],
          [
            -1.056688075249559,
            1.774913274538613e-05,
            2.922436587728804
          ]
        ],
        "NumAtoms": 1,
        "Positions": [
          [
            0.0,
            0.0,
            0.0
          ]
        ],
        "Stress": [
          [
            -227017.05350752277,
            -8.826307945316877,
            5528.210876416805
          ],
          [
            -8.826307945316877,
            -144207.16131323556,
            4.413153972658439
          ],
          [
            5528.210876416805,
            4.413153972658439,
            -219758.88627382382
          ]
        ]
      }
    ],
    "EnergyStyle": "electronvolt",
    "ForceStyle": "electronvoltperangstrom",
    "ForcesStyle": null,
    "Label": "ASE generated",
    "LatticeStyle": "angstrom",
    "PositionsStyle": "angstrom",
    "StressStyle": "bar"
  }
}