{
  "Dataset": {
    "AtomTypeStyle": "chemicalsymbol",
    "Data": [
      {
        "AtomTypes": [
          "Ni"
        ],
        "Energy": -4.364752965678235,
        "Forces": [
          [
            -0.24334573635326268,
            0.6160259505067749,
            -0.7783541525047761
          ]
        ],
        "Lattice": [
          [
            2.3541293426571683,
            -2.8509422100047038e-05,
            -0.02756670031184612
          ],
          [
            -2.271493166857576e-05,
            2.2271569662280046,
            0.00011263907303850975
          ],
          [
            -0.9018264417162608,
            0.00013487933275119237,
            2.2554517693984826
          ]
        ],
        "NumAtoms": 1,
        "Positions": [
          [
            0.0,
            0.0,
            0.0
          ]
        ],
        "Stress": [
          [
            3777.6598005956243,
            -1.4710513242194794,
            -78133.42003459345
          ],
          [
            -1.4710513242194794,
            182404.4799979186,
            36.77628310548699
          ],
          [
            -78133.42003459345,
            36.77628310548699,
            -157876.17021788296
          ]
        ]
      }
    ],
    "EnergyStyle": "electronvolt",
    "ForceStyle": "electronvoltperangstrom",
    "ForcesStyle": null,
    "Label": "ASE generated",
    "LatticeStyle": "angstrom",
    "PositionsStyle": "angstrom",
    "StressStyle": "bar"
  }
}