{
  "Dataset": {
    "AtomTypeStyle": "chemicalsymbol",
    "Data": [
      {
        "AtomTypes": [
          "Ni"
        ],
        "Energy": -4.492915159652512,
        "Forces": [
          [
            0.0008740402090794172,
            0.0006097292189007039,
            0.000532444996675728
          ]
        ],
        "Lattice": [
          [
            2.3807180446405725,
            -4.8312291591053265e-05,
            -0.1521309510773096
          ],
          [
            -4.911346588450052e-05,
            2.3335924435227966,
            0.0003706727591354051
          ],
          [
            -1.0491207348054847,
            0.0005360480452268037,
            2.1489574788195767
          ]
        ],
        "NumAtoms": 1,
        "Positions": [
          [
            0.0,
            0.0,
            0.0
          ]
        ],
        "Stress": [
          [
            291.26816219545697,
            -7.355256621097396,
            -32.363129132828554
          ],
          [
            -7.355256621097396,
            48.54469369924283,
            133.86567050397264
          ],
          [
            -32.363129132828554,
            133.86567050397264,
            70.61046356253502
          ]
        ]
      }
    ],
    "EnergyStyle": "electronvolt",
    "ForceStyle": "electronvoltperangstrom",
    "ForcesStyle": null,
    "Label": "ASE generated",
    "LatticeStyle": "angstrom",
    "PositionsStyle": "angstrom",
    "StressStyle": "bar"
  }
}