{
  "Dataset": {
    "AtomTypeStyle": "chemicalsymbol",
    "Data": [
      {
        "AtomTypes": [
          "Ni"
        ],
        "Energy": -4.079435774956437,
        "Forces": [
          [
            -0.5113304805223862,
            0.6927123217670221,
            -1.2375872922145765
          ]
        ],
        "Lattice": [
          [
            2.4594025102602033,
            -9.646900508285058e-06,
            0.014090515829106748
          ],
          [
            -8.155149957936424e-06,
            2.1752087895860113,
            5.2218148565910754e-05
          ],
          [
            -0.8969597232876773,
            6.640591869907754e-05,
            2.526729381984662
          ]
        ],
        "NumAtoms": 1,
        "Positions": [
          [
            0.0,
            0.0,
            0.0
          ]
        ],
        "Stress": [
          [
            -132793.27408861666,
            -2.9421026484389587,
            -20338.755608658525
          ],
          [
            -2.9421026484389587,
            190287.84404441077,
            11.768410593755835
          ],
          [
            -20338.755608658525,
            11.768410593755835,
            -298104.13769910485
          ]
        ]
      }
    ],
    "EnergyStyle": "electronvolt",
    "ForceStyle": "electronvoltperangstrom",
    "ForcesStyle": null,
    "Label": "ASE generated",
    "LatticeStyle": "angstrom",
    "PositionsStyle": "angstrom",
    "StressStyle": "bar"
  }
}