{
  "Dataset": {
    "AtomTypeStyle": "chemicalsymbol",
    "Data": [
      {
        "AtomTypes": [
          "Ni"
        ],
        "Energy": -4.492610527940997,
        "Forces": [
          [
            -0.046716742122846745,
            -0.007593019616614915,
            -0.02472051573390545
          ]
        ],
        "Lattice": [
          [
            2.3824001830961206,
            -4.6014604152382185e-05,
            -0.14500508518613936
          ],
          [
            -3.492516657412537e-05,
            2.334891324856017,
            0.00020354907154760635
          ],
          [
            -1.0408125362153482,
            0.00025551956518000767,
            2.1442221725546755
          ]
        ],
        "NumAtoms": 1,
        "Positions": [
          [
            0.0,
            0.0,
            0.0
          ]
        ],
        "Stress": [
          [
            -2665.5449994856967,
            -8.826307945316877,
            -10756.327282692837
          ],
          [
            -8.826307945316877,
            -2243.3532694347064,
            66.19730958987658
          ],
          [
            -10756.327282692837,
            66.19730958987658,
            2700.8502312669643
          ]
        ]
      }
    ],
    "EnergyStyle": "electronvolt",
    "ForceStyle": "electronvoltperangstrom",
    "ForcesStyle": null,
    "Label": "ASE generated",
    "LatticeStyle": "angstrom",
    "PositionsStyle": "angstrom",
    "StressStyle": "bar"
  }
}