{
  "Dataset": {
    "AtomTypeStyle": "chemicalsymbol",
    "Data": [
      {
        "AtomTypes": [
          "Ni"
        ],
        "Energy": -4.490809268791054,
        "Forces": [
          [
            -0.10648161929229827,
            0.03775103648769214,
            -0.10741515041801256
          ]
        ],
        "Lattice": [
          [
            2.380995943109894,
            -4.409898265814237e-05,
            -0.13294438940954395
          ],
          [
            -3.312278900247321e-05,
            2.3268926097352365,
            0.00018647781480612112
          ],
          [
            -1.026368138419927,
            0.00022839394147980513,
            2.1460185354981776
          ]
        ],
        "NumAtoms": 1,
        "Positions": [
          [
            0.0,
            0.0,
            0.0
          ]
        ],
        "Stress": [
          [
            -3558.473153286921,
            -7.355256621097396,
            -27179.144266279105
          ],
          [
            -7.355256621097396,
            10876.953491278833,
            57.371001644559705
          ],
          [
            -27179.144266279105,
            57.371001644559705,
            -7483.238086304493
          ]
        ]
      }
    ],
    "EnergyStyle": "electronvolt",
    "ForceStyle": "electronvoltperangstrom",
    "ForcesStyle": null,
    "Label": "ASE generated",
    "LatticeStyle": "angstrom",
    "PositionsStyle": "angstrom",
    "StressStyle": "bar"
  }
}