{
  "Dataset": {
    "AtomTypeStyle": "chemicalsymbol",
    "Data": [
      {
        "AtomTypes": [
          "Ni"
        ],
        "Energy": -4.492859512322866,
        "Forces": [
          [
            -0.010471618529562032,
            -0.019805765657594454,
            0.004284216531620437
          ]
        ],
        "Lattice": [
          [
            2.3816401655600528,
            -4.774818868694839e-05,
            -0.1508053134860808
          ],
          [
            -3.745410445284695e-05,
            2.3369963013015442,
            0.00022648943270694075
          ],
          [
            -1.0475692036350854,
            0.00029423681562919447,
            2.1461576461318863
          ]
        ],
        "NumAtoms": 1,
        "Positions": [
          [
            0.0,
            0.0,
            0.0
          ]
        ],
        "Stress": [
          [
            -798.7808690511774,
            -8.826307945316877,
            -2200.692781032342
          ],
          [
            -8.826307945316877,
            -5751.810677698166,
            75.02361753519345
          ],
          [
            -2200.692781032342,
            75.02361753519345,
            3511.399510911898
          ]
        ]
      }
    ],
    "EnergyStyle": "electronvolt",
    "ForceStyle": "electronvoltperangstrom",
    "ForcesStyle": null,
    "Label": "ASE generated",
    "LatticeStyle": "angstrom",
    "PositionsStyle": "angstrom",
    "StressStyle": "bar"
  }
}