{
  "Dataset": {
    "AtomTypeStyle": "chemicalsymbol",
    "Data": [
      {
        "AtomTypes": [
          "Ni"
        ],
        "Energy": -4.087114153996481,
        "Forces": [
          [
            1.0595593145046198,
            2.318765073501307,
            -0.25478294522545464
          ]
        ],
        "Lattice": [
          [
            2.205072701606218,
            -1.9781173225463727e-05,
            0.010724600056197922
          ],
          [
            -1.664473991155229e-05,
            2.09757714477702,
            9.233136849073424e-05
          ],
          [
            -0.8065545079759836,
            0.00011341802188920616,
            2.212447252209745
          ]
        ],
        "NumAtoms": 1,
        "Positions": [
          [
            0.0,
            0.0,
            0.0
          ]
        ],
        "Stress": [
          [
            478459.44320238574,
            -20.594718539072716,
            -111418.89834770761
          ],
          [
            -20.594718539072716,
            752060.2789939666,
            69.13941223831554
          ],
          [
            -111418.89834770761,
            69.13941223831554,
            27824.93579761146
          ]
        ]
      }
    ],
    "EnergyStyle": "electronvolt",
    "ForceStyle": "electronvoltperangstrom",
    "ForcesStyle": null,
    "Label": "ASE generated",
    "LatticeStyle": "angstrom",
    "PositionsStyle": "angstrom",
    "StressStyle": "bar"
  }
}