{
  "Dataset": {
    "AtomTypeStyle": "chemicalsymbol",
    "Data": [
      {
        "AtomTypes": [
          "Cr"
        ],
        "Energy": -42.75501258763097,
        "Forces": [
          [
            -0.9364823480453183,
            -0.889521948232358,
            -1.1497195511068616
          ]
        ],
        "Lattice": [
          [
            4.018739469411841,
            0.0,
            0.0
          ],
          [
            -0.7202183940106431,
            3.2297524056006224,
            0.0
          ],
          [
            0.9189932856466916,
            -4.294927339447169,
            1.6971217154115594
          ]
        ],
        "NumAtoms": 1,
        "Positions": [
          [
            0.0,
            0.0,
            0.0
          ]
        ],
        "Stress": [
          [
            -135352.90339275854,
            -1878.5325410282753,
            21633.280773971663
          ],
          [
            -1878.5325410282753,
            -136962.23354145465,
            -114869.9847543265
          ],
          [
            21633.280773971663,
            -114869.9847543265,
            -6018.07096738189
          ]
        ]
      }
    ],
    "EnergyStyle": "electronvolt",
    "ForcesStyle": "electronvoltperangstrom",
    "Label": "ASE generated",
    "LatticeStyle": "angstrom",
    "PositionsStyle": "angstrom",
    "StressStyle": "bar"
  }
}