{
  "Dataset": {
    "AtomTypeStyle": "chemicalsymbol",
    "Data": [
      {
        "AtomTypes": [
          "Cr"
        ],
        "Energy": 2237.1595115260366,
        "Forces": [
          [
            -0.7909365800896827,
            -0.49483191372521745,
            -0.8889381867645507
          ]
        ],
        "Lattice": [
          [
            5.1384895550093095,
            0.0,
            0.0
          ],
          [
            1.263909137356085,
            3.042766866977873,
            0.0
          ],
          [
            1.2553689677156594,
            -2.277147338750151,
            2.021265974379352
          ]
        ],
        "NumAtoms": 1,
        "Positions": [
          [
            0.0,
            0.0,
            0.0
          ]
        ],
        "Stress": [
          [
            -79654.48710383638,
            -416.3075247541127,
            -978.2491306059541
          ],
          [
            -416.3075247541127,
            -80568.00997617668,
            -2952.4000077084957
          ],
          [
            -978.2491306059541,
            -2952.4000077084957,
            -87099.47785571116
          ]
        ]
      }
    ],
    "EnergyStyle": "electronvolt",
    "ForcesStyle": "electronvoltperangstrom",
    "Label": "ASE generated",
    "LatticeStyle": "angstrom",
    "PositionsStyle": "angstrom",
    "StressStyle": "bar"
  }
}