{
  "Dataset": {
    "AtomTypeStyle": "chemicalsymbol",
    "Data": [
      {
        "AtomTypes": [
          "Cr"
        ],
        "Energy": 2238.679772071236,
        "Forces": [
          [
            -0.08396100789239659,
            -0.07345690009616446,
            -0.06180522673888772
          ]
        ],
        "Lattice": [
          [
            4.488309627839231,
            0.0,
            0.0
          ],
          [
            -1.5473133260301803,
            5.3377132482885505,
            0.0
          ],
          [
            0.28394393198599327,
            1.3271662270942937,
            6.744030815669789
          ]
        ],
        "NumAtoms": 1,
        "Positions": [
          [
            0.0,
            0.0,
            0.0
          ]
        ],
        "Stress": [
          [
            -5657.663392948119,
            45.60259105080386,
            -2.9421026484389587
          ],
          [
            45.60259105080386,
            -3167.1735010445395,
            -4.413153972658439
          ],
          [
            -2.9421026484389587,
            -4.413153972658439,
            -3202.478732825807
          ]
        ]
      }
    ],
    "EnergyStyle": "electronvolt",
    "ForcesStyle": "electronvoltperangstrom",
    "Label": "ASE generated",
    "LatticeStyle": "angstrom",
    "PositionsStyle": "angstrom",
    "StressStyle": "bar"
  }
}