{
  "Dataset": {
    "AtomTypeStyle": "chemicalsymbol",
    "Data": [
      {
        "AtomTypes": [
          "Cr"
        ],
        "Energy": -42.06313777805508,
        "Forces": [
          [
            -0.40779537004704314,
            -0.4437858869165336,
            -0.6620170728907782
          ]
        ],
        "Lattice": [
          [
            4.3992496328505375,
            0.0,
            0.0
          ],
          [
            -0.09236664529132989,
            3.5657018086661822,
            0.0
          ],
          [
            1.7448479863797115,
            -3.1142552105926926,
            3.7670422666128527
          ]
        ],
        "NumAtoms": 1,
        "Positions": [
          [
            0.0,
            0.0,
            0.0
          ]
        ],
        "Stress": [
          [
            -37452.96671462795,
            553.1152979065243,
            -4751.495777228919
          ],
          [
            553.1152979065243,
            -47888.604808640936,
            -1070.925364031781
          ],
          [
            -4751.495777228919,
            -1070.925364031781,
            -43506.34291379111
          ]
        ]
      }
    ],
    "EnergyStyle": "electronvolt",
    "ForcesStyle": "electronvoltperangstrom",
    "Label": "ASE generated",
    "LatticeStyle": "angstrom",
    "PositionsStyle": "angstrom",
    "StressStyle": "bar"
  }
}