{
  "Dataset": {
    "AtomTypeStyle": "chemicalsymbol",
    "Data": [
      {
        "AtomTypes": [
          "Cr"
        ],
        "Energy": -41.716572470028495,
        "Forces": [
          [
            NaN,
            NaN,
            NaN
          ]
        ],
        "Lattice": [
          [
            4.157019824081122,
            0.0,
            0.0
          ],
          [
            -1.972239857257751,
            5.315115662832233,
            0.0
          ],
          [
            -1.0317681633171103,
            0.20801311497719524,
            3.9433905753215925
          ]
        ],
        "NumAtoms": 1,
        "Positions": [
          [
            0.0,
            0.0,
            0.0
          ]
        ],
        "Stress": [
          [
            NaN,
            NaN,
            NaN
          ],
          [
            NaN,
            NaN,
            NaN
          ],
          [
            NaN,
            NaN,
            NaN
          ]
        ]
      }
    ],
    "EnergyStyle": "electronvolt",
    "ForcesStyle": "electronvoltperangstrom",
    "Label": "ASE generated",
    "LatticeStyle": "angstrom",
    "PositionsStyle": "angstrom",
    "StressStyle": "bar"
  }
}