{
  "Dataset": {
    "AtomTypeStyle": "chemicalsymbol",
    "Data": [
      {
        "AtomTypes": [
          "Cr"
        ],
        "Energy": -42.28167939817422,
        "Forces": [
          [
            -0.46509182638584745,
            -0.5671464272000402,
            -0.5695040767936392
          ]
        ],
        "Lattice": [
          [
            4.357349910670313,
            0.0,
            0.0
          ],
          [
            -0.16502155581690608,
            3.4537008994459497,
            0.0
          ],
          [
            -2.897637690595758,
            -0.1937234196784914,
            3.406197070719822
          ]
        ],
        "NumAtoms": 1,
        "Positions": [
          [
            0.0,
            0.0,
            0.0
          ]
        ],
        "Stress": [
          [
            -44093.292392154675,
            357.46547178533353,
            -5779.760652858336
          ],
          [
            357.46547178533353,
            -58002.08266264987,
            -1070.925364031781
          ],
          [
            -5779.760652858336,
            -1070.925364031781,
            -54527.45943484345
          ]
        ]
      }
    ],
    "EnergyStyle": "electronvolt",
    "ForcesStyle": "electronvoltperangstrom",
    "Label": "ASE generated",
    "LatticeStyle": "angstrom",
    "PositionsStyle": "angstrom",
    "StressStyle": "bar"
  }
}