{
  "Dataset": {
    "AtomTypeStyle": "chemicalsymbol",
    "Data": [
      {
        "AtomTypes": [
          "Cr"
        ],
        "Energy": 2237.844092589825,
        "Forces": [
          [
            -1.3804944600943578,
            -1.2346548188191666,
            -0.42165749605550795
          ]
        ],
        "Lattice": [
          [
            3.8486799066720967,
            0.0,
            0.0
          ],
          [
            -1.746161468376757,
            3.4610177743926434,
            0.0
          ],
          [
            -1.7702426585528044,
            -2.884293090377829,
            1.9581275142367227
          ]
        ],
        "NumAtoms": 1,
        "Positions": [
          [
            0.0,
            0.0,
            0.0
          ]
        ],
        "Stress": [
          [
            -188803.55325827334,
            6109.276149483499,
            16647.88783619185
          ],
          [
            6109.276149483499,
            -180515.6500976208,
            27873.480491310704
          ],
          [
            16647.88783619185,
            27873.480491310704,
            -94872.51305288689
          ]
        ]
      }
    ],
    "EnergyStyle": "electronvolt",
    "ForcesStyle": "electronvoltperangstrom",
    "Label": "ASE generated",
    "LatticeStyle": "angstrom",
    "PositionsStyle": "angstrom",
    "StressStyle": "bar"
  }
}