{
  "Dataset": {
    "AtomTypeStyle": "chemicalsymbol",
    "Data": [
      {
        "AtomTypes": [
          "Cr"
        ],
        "Energy": 2238.260154881363,
        "Forces": [
          [
            -0.44676203885778804,
            -0.43631042887704174,
            -0.40959736794631496
          ]
        ],
        "Lattice": [
          [
            4.112049815738029,
            0.0,
            0.0
          ],
          [
            -1.1295348518352635,
            3.9757929330437336,
            0.0
          ],
          [
            -1.1580848137059325,
            -1.5516861100185608,
            3.6802146802386684
          ]
        ],
        "NumAtoms": 1,
        "Positions": [
          [
            0.0,
            0.0,
            0.0
          ]
        ],
        "Stress": [
          [
            -46004.188062315785,
            887.0439485043461,
            1334.243551067068
          ],
          [
            887.0439485043461,
            -45164.21775618646,
            1874.1193870556172
          ],
          [
            1334.243551067068,
            1874.1193870556172,
            -43166.53005789641
          ]
        ]
      }
    ],
    "EnergyStyle": "electronvolt",
    "ForcesStyle": "electronvoltperangstrom",
    "Label": "ASE generated",
    "LatticeStyle": "angstrom",
    "PositionsStyle": "angstrom",
    "StressStyle": "bar"
  }
}