{
  "Dataset": {
    "AtomTypeStyle": "chemicalsymbol",
    "Data": [
      {
        "AtomTypes": [
          "Cr"
        ],
        "Energy": 2238.5668028226646,
        "Forces": [
          [
            -0.32974950887596494,
            -0.5114268982459893,
            -0.07634671434511629
          ]
        ],
        "Lattice": [
          [
            4.098289620789212,
            0.0,
            0.0
          ],
          [
            -2.7898655781664274,
            4.118445009144254,
            0.0
          ],
          [
            -1.2605970027481745,
            -1.2210403113283173,
            5.850205976436081
          ]
        ],
        "NumAtoms": 1,
        "Positions": [
          [
            0.0,
            0.0,
            0.0
          ]
        ],
        "Stress": [
          [
            -28772.2928504088,
            -2481.6635839582623,
            -47.07364237502334
          ],
          [
            -2481.6635839582623,
            -24442.988803230874,
            -77.96572018363241
          ],
          [
            -47.07364237502334,
            -77.96572018363241,
            -4869.179883166477
          ]
        ]
      }
    ],
    "EnergyStyle": "electronvolt",
    "ForcesStyle": "electronvoltperangstrom",
    "Label": "ASE generated",
    "LatticeStyle": "angstrom",
    "PositionsStyle": "angstrom",
    "StressStyle": "bar"
  }
}