{
  "Dataset": {
    "AtomTypeStyle": "chemicalsymbol",
    "Data": [
      {
        "AtomTypes": [
          "Cr"
        ],
        "Energy": 2237.292829057304,
        "Forces": [
          [
            -0.7937587676582395,
            -0.8970395639206317,
            -1.652179654459701
          ]
        ],
        "Lattice": [
          [
            4.0890999293889445,
            0.0,
            0.0
          ],
          [
            -0.5784154523118543,
            3.2809629321439484,
            0.0
          ],
          [
            0.9583255485515225,
            -4.405579907523931,
            1.7162443095636926
          ]
        ],
        "NumAtoms": 1,
        "Positions": [
          [
            0.0,
            0.0,
            0.0
          ]
        ],
        "Stress": [
          [
            -109006.37417598766,
            -826.7308442113475,
            15041.49979014418
          ],
          [
            -826.7308442113475,
            -176717.3955784861,
            -72461.04612840312
          ],
          [
            15041.49979014418,
            -72461.04612840312,
            -79497.08461214488
          ]
        ]
      }
    ],
    "EnergyStyle": "electronvolt",
    "ForcesStyle": "electronvoltperangstrom",
    "Label": "ASE generated",
    "LatticeStyle": "angstrom",
    "PositionsStyle": "angstrom",
    "StressStyle": "bar"
  }
}