{
  "Dataset": {
    "AtomTypeStyle": "chemicalsymbol",
    "Data": [
      {
        "AtomTypes": [
          "Ni"
        ],
        "Energy": -2.106277943729765,
        "Forces": [
          [
            -0.031546791568001664,
            0.518559291486579,
            4.276811600845665
          ]
        ],
        "Lattice": [
          [
            3.765439802620876,
            0.0,
            0.0
          ],
          [
            -1.6955285924027463,
            3.362112249042746,
            0.0
          ],
          [
            -1.7554969866992864,
            -2.8514018831734744,
            1.8980904265847367
          ]
        ],
        "NumAtoms": 1,
        "Positions": [
          [
            0.0,
            0.0,
            0.0
          ]
        ],
        "Stress": [
          [
            -100005.01112308867,
            22026.05147753827,
            73986.52635161871
          ],
          [
            22026.05147753827,
            -77787.72297340186,
            120176.06688078618
          ],
          [
            73986.52635161871,
            120176.06688078618,
            337095.8240988664
          ]
        ]
      }
    ],
    "EnergyStyle": "electronvolt",
    "ForcesStyle": "electronvoltperangstrom",
    "Label": "ASE generated",
    "LatticeStyle": "angstrom",
    "PositionsStyle": "angstrom",
    "StressStyle": "bar"
  }
}