{
  "Dataset": {
    "AtomTypeStyle": "chemicalsymbol",
    "Data": [
      {
        "AtomTypes": [
          "Cr"
        ],
        "Energy": 2237.4950815204515,
        "Forces": [
          [
            -0.549357281127809,
            -0.691971321648818,
            -0.9795100185382474
          ]
        ],
        "Lattice": [
          [
            3.642049965417456,
            0.0,
            0.0
          ],
          [
            -0.7957223605443366,
            3.0288088763403955,
            0.0
          ],
          [
            -3.1822083788338134,
            -5.233261595308343,
            3.4317725686141136
          ]
        ],
        "NumAtoms": 1,
        "Positions": [
          [
            0.0,
            0.0,
            0.0
          ]
        ],
        "Stress": [
          [
            -76509.37937265514,
            -7692.127374343658,
            4411.682921334219
          ],
          [
            -7692.127374343658,
            -59717.32850668977,
            4032.1516796855935
          ],
          [
            4411.682921334219,
            4032.1516796855935,
            -77297.86288243676
          ]
        ]
      }
    ],
    "EnergyStyle": "electronvolt",
    "ForcesStyle": "electronvoltperangstrom",
    "Label": "ASE generated",
    "LatticeStyle": "angstrom",
    "PositionsStyle": "angstrom",
    "StressStyle": "bar"
  }
}