{
  "Dataset": {
    "AtomTypeStyle": "chemicalsymbol",
    "Data": [
      {
        "AtomTypes": [
          "Cr"
        ],
        "Energy": 2238.6037416286754,
        "Forces": [
          [
            -0.30268524405069785,
            -0.11062861501935761,
            -0.26094399785642264
          ]
        ],
        "Lattice": [
          [
            4.3488296284386125,
            0.0,
            0.0
          ],
          [
            -2.0838373907181866,
            5.551898554509127,
            0.0
          ],
          [
            -0.9517935501393316,
            0.3609833009678039,
            4.030417020703594
          ]
        ],
        "NumAtoms": 1,
        "Positions": [
          [
            0.0,
            0.0,
            0.0
          ]
        ],
        "Stress": [
          [
            -21968.680475893703,
            120.62620858599733,
            1762.3194864149366
          ],
          [
            120.62620858599733,
            -5820.950089936481,
            -1585.793327508599
          ],
          [
            1762.3194864149366,
            -1585.793327508599,
            -23934.005045050933
          ]
        ]
      }
    ],
    "EnergyStyle": "electronvolt",
    "ForcesStyle": "electronvoltperangstrom",
    "Label": "ASE generated",
    "LatticeStyle": "angstrom",
    "PositionsStyle": "angstrom",
    "StressStyle": "bar"
  }
}