{
  "Dataset": {
    "AtomTypeStyle": "chemicalsymbol",
    "Data": [
      {
        "AtomTypes": [
          "Ni"
        ],
        "Energy": -1.9580994462367016,
        "Forces": [
          [
            -0.4993678850547696,
            0.019254598738722373,
            -0.57689107673719
          ]
        ],
        "Lattice": [
          [
            4.152759418376667,
            0.0,
            0.0
          ],
          [
            -1.2483277866828628,
            4.58733323323153,
            0.0
          ],
          [
            -0.8769589701756927,
            -1.0137674764546936,
            1.4430216064946162
          ]
        ],
        "NumAtoms": 1,
        "Positions": [
          [
            0.0,
            0.0,
            0.0
          ]
        ],
        "Stress": [
          [
            2703.7923339154036,
            91219.89261484992,
            -135922.2002552315
          ],
          [
            91219.89261484992,
            53071.11862386617,
            -140729.59598278074
          ],
          [
            -135922.2002552315,
            -140729.59598278074,
            150444.4189279262
          ]
        ]
      }
    ],
    "EnergyStyle": "electronvolt",
    "ForcesStyle": "electronvoltperangstrom",
    "Label": "ASE generated",
    "LatticeStyle": "angstrom",
    "PositionsStyle": "angstrom",
    "StressStyle": "bar"
  }
}