{
  "Dataset": {
    "AtomTypeStyle": "chemicalsymbol",
    "Data": [
      {
        "AtomTypes": [
          "Cr"
        ],
        "Energy": -44.22295008522042,
        "Forces": [
          [
            0.7754200650149492,
            0.9076437296186987,
            0.6637160949615198
          ]
        ],
        "Lattice": [
          [
            2.3350236207456367,
            0.17474611114584518,
            -0.05364280156294899
          ],
          [
            0.17465753005623005,
            2.3326476838731662,
            -0.023405028490926363
          ],
          [
            -0.05572994156149198,
            -0.02417659108614858,
            2.1617309588329765
          ]
        ],
        "NumAtoms": 1,
        "Positions": [
          [
            0.0,
            0.0,
            0.0
          ]
        ],
        "Stress": [
          [
            112660.46566534885,
            214602.8513824346,
            -97952.8945258025
          ],
          [
            214602.8513824346,
            118840.35227839489,
            -45912.98288021418
          ],
          [
            -97952.8945258025,
            -45912.98288021418,
            354065.8721750623
          ]
        ]
      }
    ],
    "EnergyStyle": "electronvolt",
    "ForcesStyle": "electronvoltperangstrom",
    "Label": "ASE generated",
    "LatticeStyle": "angstrom",
    "PositionsStyle": "angstrom",
    "StressStyle": "bar"
  }
}