{
  "Dataset": {
    "AtomTypeStyle": "chemicalsymbol",
    "Data": [
      {
        "AtomTypes": [
          "Cr"
        ],
        "Energy": -44.19675964929411,
        "Forces": [
          [
            0.016381040233322403,
            0.022382487664512896,
            -0.04964497487872167
          ]
        ],
        "Lattice": [
          [
            2.3488018669873854,
            0.008827474363744476,
            -0.0021661816106231377
          ],
          [
            0.008827076951661001,
            2.3487865769411274,
            -0.0009718307680780285
          ],
          [
            -0.003739703269092602,
            -0.001677626690668856,
            2.3375499587767337
          ]
        ],
        "NumAtoms": 1,
        "Positions": [
          [
            0.0,
            0.0,
            0.0
          ]
        ],
        "Stress": [
          [
            -1360.7224749030186,
            9286.747009797575,
            -3168.6445523687594
          ],
          [
            9286.747009797575,
            -1348.9540643092628,
            -1406.3250659538226
          ],
          [
            -3168.6445523687594,
            -1406.3250659538226,
            -9911.943822590853
          ]
        ]
      }
    ],
    "EnergyStyle": "electronvolt",
    "ForcesStyle": "electronvoltperangstrom",
    "Label": "ASE generated",
    "LatticeStyle": "angstrom",
    "PositionsStyle": "angstrom",
    "StressStyle": "bar"
  }
}