{
  "Dataset": {
    "AtomTypeStyle": "chemicalsymbol",
    "Data": [
      {
        "AtomTypes": [
          "Cr"
        ],
        "Energy": -44.22295035733441,
        "Forces": [
          [
            0.7756351962069914,
            0.9080028714680717,
            0.663821750216792
          ]
        ],
        "Lattice": [
          [
            2.3350128916777373,
            0.17492629228104908,
            -0.05367209575484902
          ],
          [
            0.17483749317042413,
            2.332628880090245,
            -0.02341687359355815
          ],
          [
            -0.055751423510265095,
            -0.024184173666367076,
            2.161529307390898
          ]
        ],
        "NumAtoms": 1,
        "Positions": [
          [
            0.0,
            0.0,
            0.0
          ]
        ],
        "Stress": [
          [
            112695.77089713012,
            214732.30389896585,
            -98048.51286187675
          ],
          [
            214732.30389896585,
            118918.3179985785,
            -45979.18018980405
          ],
          [
            -98048.51286187675,
            -45979.18018980405,
            354280.6456683984
          ]
        ]
      }
    ],
    "EnergyStyle": "electronvolt",
    "ForcesStyle": "electronvoltperangstrom",
    "Label": "ASE generated",
    "LatticeStyle": "angstrom",
    "PositionsStyle": "angstrom",
    "StressStyle": "bar"
  }
}