{
  "Dataset": {
    "AtomTypeStyle": "chemicalsymbol",
    "Data": [
      {
        "AtomTypes": [
          "Cr"
        ],
        "Energy": -44.222933486261354,
        "Forces": [
          [
            0.7683290232248938,
            0.8984847173872488,
            0.6563248180162247
          ]
        ],
        "Lattice": [
          [
            2.335149595613503,
            0.17263049082994858,
            -0.05329883373163314
          ],
          [
            0.17254446513707258,
            2.3328684693047443,
            -0.023265946961963636
          ],
          [
            -0.05547770130747214,
            -0.024087560195906344,
            2.164098681287642
          ]
        ],
        "NumAtoms": 1,
        "Positions": [
          [
            0.0,
            0.0,
            0.0
          ]
        ],
        "Stress": [
          [
            110946.69087263316,
            212974.39756652358,
            -96771.64031245426
          ],
          [
            212974.39756652358,
            116479.31490302262,
            -45143.62303764738
          ],
          [
            -96771.64031245426,
            -45143.62303764738,
            349548.2735583843
          ]
        ]
      }
    ],
    "EnergyStyle": "electronvolt",
    "ForcesStyle": "electronvoltperangstrom",
    "Label": "ASE generated",
    "LatticeStyle": "angstrom",
    "PositionsStyle": "angstrom",
    "StressStyle": "bar"
  }
}