{
  "Dataset": {
    "AtomTypeStyle": "chemicalsymbol",
    "Data": [
      {
        "AtomTypes": [
          "Cr"
        ],
        "Energy": -44.1980954573105,
        "Forces": [
          [
            0.057815830329614584,
            0.07203523769036942,
            -0.06383881372991883
          ]
        ],
        "Lattice": [
          [
            2.3468467392394783,
            0.01989315241452342,
            -0.005630890534913905
          ],
          [
            0.01989203161719613,
            2.3468003113479265,
            -0.002525727360598493
          ],
          [
            -0.008366949431339471,
            -0.0037555119090149558,
            2.3366046990546416
          ]
        ],
        "NumAtoms": 1,
        "Positions": [
          [
            0.0,
            0.0,
            0.0
          ]
        ],
        "Stress": [
          [
            3504.0442542908004,
            20802.136775787658,
            -7486.1801889529315
          ],
          [
            20802.136775787658,
            3526.1100241540926,
            -3281.915504333659
          ],
          [
            -7486.1801889529315,
            -3281.915504333659,
            -7883.364046492191
          ]
        ]
      }
    ],
    "EnergyStyle": "electronvolt",
    "ForcesStyle": "electronvoltperangstrom",
    "Label": "ASE generated",
    "LatticeStyle": "angstrom",
    "PositionsStyle": "angstrom",
    "StressStyle": "bar"
  }
}