{
  "Dataset": {
    "AtomTypeStyle": "chemicalsymbol",
    "Data": [
      {
        "AtomTypes": [
          "Cr"
        ],
        "Energy": -44.665229071693375,
        "Forces": [
          [
            -0.3722053995841408,
            -0.23759038486081008,
            -1.1657471543158593
          ]
        ],
        "Lattice": [
          [
            2.3638895722855713,
            0.4838049226717219,
            -0.25603797098628517
          ],
          [
            0.48265488565778153,
            2.3635060600998297,
            -0.11401700286311361
          ],
          [
            -0.23205342624670622,
            -0.10170987719824609,
            2.3397285305425135
          ]
        ],
        "NumAtoms": 1,
        "Positions": [
          [
            0.0,
            0.0,
            0.0
          ]
        ],
        "Stress": [
          [
            20997.786601908854,
            15241.562770238028,
            -147006.5719832253
          ],
          [
            15241.562770238028,
            -20443.20025267811,
            -62176.92632078473
          ],
          [
            -147006.5719832253,
            -62176.92632078473,
            -125321.80441290591
          ]
        ]
      }
    ],
    "EnergyStyle": "electronvolt",
    "ForcesStyle": "electronvoltperangstrom",
    "Label": "ASE generated",
    "LatticeStyle": "angstrom",
    "PositionsStyle": "angstrom",
    "StressStyle": "bar"
  }
}