{
  "Dataset": {
    "AtomTypeStyle": "chemicalsymbol",
    "Data": [
      {
        "AtomTypes": [
          "Cr"
        ],
        "Energy": -44.21080168819708,
        "Forces": [
          [
            0.34793989258893004,
            0.3958212524693876,
            0.2986223470199091
          ]
        ],
        "Lattice": [
          [
            2.344631699226385,
            0.08338937171226672,
            -0.028635595938543607
          ],
          [
            0.0833817240432516,
            2.34470162417352,
            -0.012884312475448937
          ],
          [
            -0.03173001628635223,
            -0.014299170931537758,
            2.257172271614104
          ]
        ],
        "NumAtoms": 1,
        "Positions": [
          [
            0.0,
            0.0,
            0.0
          ]
        ],
        "Stress": [
          [
            40521.57977694978,
            94694.51584265633,
            -33692.959529922955
          ],
          [
            94694.51584265633,
            38365.01853564403,
            -13314.48553551051
          ],
          [
            -33692.959529922955,
            -13314.48553551051,
            137369.71475826344
          ]
        ]
      }
    ],
    "EnergyStyle": "electronvolt",
    "ForcesStyle": "electronvoltperangstrom",
    "Label": "ASE generated",
    "LatticeStyle": "angstrom",
    "PositionsStyle": "angstrom",
    "StressStyle": "bar"
  }
}