{
  "Dataset": {
    "AtomTypeStyle": "chemicalsymbol",
    "Data": [
      {
        "AtomTypes": [
          "Cr"
        ],
        "Energy": -44.22295049339118,
        "Forces": [
          [
            0.7781647335845753,
            0.9106017809763114,
            0.6663748963760885
          ]
        ],
        "Lattice": [
          [
            2.3350029870679285,
            0.17509263066965972,
            -0.053699139885259144
          ],
          [
            0.17500363047169554,
            2.3326115214902794,
            -0.02342780851139157
          ],
          [
            -0.055771256013679764,
            -0.024191173622479176,
            2.1613431481407717
          ]
        ],
        "NumAtoms": 1,
        "Positions": [
          [
            0.0,
            0.0,
            0.0
          ]
        ],
        "Stress": [
          [
            113420.9991999703,
            214851.45905622767,
            -98139.71804397837
          ],
          [
            214851.45905622767,
            119705.33045703593,
            -46036.55119144861
          ],
          [
            -98139.71804397837,
            -46036.55119144861,
            355255.95269635593
          ]
        ]
      }
    ],
    "EnergyStyle": "electronvolt",
    "ForcesStyle": "electronvoltperangstrom",
    "Label": "ASE generated",
    "LatticeStyle": "angstrom",
    "PositionsStyle": "angstrom",
    "StressStyle": "bar"
  }
}