{
  "Dataset": {
    "AtomTypeStyle": "chemicalsymbol",
    "Data": [
      {
        "AtomTypes": [
          "Cr"
        ],
        "Energy": -44.22294994916365,
        "Forces": [
          [
            0.7765704051526232,
            0.9086477980723854,
            0.6647399432074006
          ]
        ],
        "Lattice": [
          [
            2.3350271969252105,
            0.17468605112022867,
            -0.05363303665592324
          ],
          [
            0.1745975425278911,
            2.3326539519771994,
            -0.02340107977059763
          ],
          [
            -0.05572278073550854,
            -0.02417406373580148,
            2.1617981765095133
          ]
        ],
        "NumAtoms": 1,
        "Positions": [
          [
            0.0,
            0.0,
            0.0
          ]
        ],
        "Stress": [
          [
            113013.51798316151,
            214552.8356374111,
            -97917.5892940212
          ],
          [
            214552.8356374111,
            119177.22303164114,
            -45890.91711035089
          ],
          [
            -97917.5892940212,
            -45890.91711035089,
            354326.2482594492
          ]
        ]
      }
    ],
    "EnergyStyle": "electronvolt",
    "ForcesStyle": "electronvoltperangstrom",
    "Label": "ASE generated",
    "LatticeStyle": "angstrom",
    "PositionsStyle": "angstrom",
    "StressStyle": "bar"
  }
}