{
  "Dataset": {
    "AtomTypeStyle": "chemicalsymbol",
    "Data": [
      {
        "AtomTypes": [
          "Cr"
        ],
        "Energy": -44.21793039679551,
        "Forces": [
          [
            0.9694819919751767,
            1.1235369034883127,
            0.8703405093275287
          ]
        ],
        "Lattice": [
          [
            2.33268437384573,
            0.21403093113902882,
            -0.060029958825877645
          ],
          [
            0.21389489184983693,
            2.3285479072644217,
            -0.025987637638827988
          ],
          [
            -0.060413822385285684,
            -0.025829813182322588,
            2.117764890672611
          ]
        ],
        "NumAtoms": 1,
        "Positions": [
          [
            0.0,
            0.0,
            0.0
          ]
        ],
        "Stress": [
          [
            159767.94222082922,
            236821.61058344558,
            -108297.32743771386
          ],
          [
            236821.61058344558,
            178640.05965924097,
            -52032.55638896721
          ],
          [
            -108297.32743771386,
            -52032.55638896721,
            441619.90488995734
          ]
        ]
      }
    ],
    "EnergyStyle": "electronvolt",
    "ForcesStyle": "electronvoltperangstrom",
    "Label": "ASE generated",
    "LatticeStyle": "angstrom",
    "PositionsStyle": "angstrom",
    "StressStyle": "bar"
  }
}