{
  "Dataset": {
    "AtomTypeStyle": "chemicalsymbol",
    "Data": [
      {
        "AtomTypes": [
          "Cr"
        ],
        "Energy": -44.196600054386636,
        "Forces": [
          [
            0.03666293126325111,
            0.05447353119314663,
            -0.2002848130597996
          ]
        ],
        "Lattice": [
          [
            2.3457532389893014,
            0.023815492730243915,
            -0.006126112558516233
          ],
          [
            0.02381466139284959,
            2.3455974306979597,
            -0.002746996989322234
          ],
          [
            -0.01084697493151572,
            -0.00486519704410954,
            2.360239404741778
          ]
        ],
        "NumAtoms": 1,
        "Positions": [
          [
            0.0,
            0.0,
            0.0
          ]
        ],
        "Stress": [
          [
            -3384.8890970290227,
            22773.345550241764,
            -8711.565942027757
          ],
          [
            22773.345550241764,
            -3230.4287079859773,
            -3779.130851919843
          ],
          [
            -8711.565942027757,
            -3779.130851919843,
            -45465.783277651455
          ]
        ]
      }
    ],
    "EnergyStyle": "electronvolt",
    "ForcesStyle": "electronvoltperangstrom",
    "Label": "ASE generated",
    "LatticeStyle": "angstrom",
    "PositionsStyle": "angstrom",
    "StressStyle": "bar"
  }
}