{
  "Dataset": {
    "AtomTypeStyle": "chemicalsymbol",
    "Data": [
      {
        "AtomTypes": [
          "Cr"
        ],
        "Energy": -43.60824900551006,
        "Forces": [
          [
            -0.1376015425042415,
            -0.19049784664245034,
            -1.099428258573917
          ]
        ],
        "Lattice": [
          [
            2.2549716045831665,
            0.00018199356714253324,
            -6.355365354605196e-05
          ],
          [
            0.00018199885891461676,
            2.2548918305898304,
            -2.9838715247431135e-05
          ],
          [
            -8.026718649469021e-05,
            -3.742870394684597e-05,
            3.12946463270153
          ]
        ],
        "NumAtoms": 1,
        "Positions": [
          [
            0.0,
            0.0,
            0.0
          ]
        ],
        "Stress": [
          [
            -43441.61665552546,
            101.50254137114408,
            -17.652615890633754
          ],
          [
            101.50254137114408,
            -43344.52726812697,
            -8.826307945316877
          ],
          [
            -17.652615890633754,
            -8.826307945316877,
            -249585.92292369803
          ]
        ]
      }
    ],
    "EnergyStyle": "electronvolt",
    "ForcesStyle": "electronvoltperangstrom",
    "Label": "ASE generated",
    "LatticeStyle": "angstrom",
    "PositionsStyle": "angstrom",
    "StressStyle": "bar"
  }
}