{
  "Dataset": {
    "AtomTypeStyle": "chemicalsymbol",
    "Data": [
      {
        "AtomTypes": [
          "Cr"
        ],
        "Energy": -44.22294940493521,
        "Forces": [
          [
            0.774504253585392,
            0.9064983725033446,
            0.6627559736618203
          ]
        ],
        "Lattice": [
          [
            2.335037646587544,
            0.17451055955344516,
            -0.05360450447920324
          ],
          [
            0.17442226316116813,
            2.332672265742026,
            -0.023389543178278314
          ],
          [
            -0.05570185706869024,
            -0.0241666785386817,
            2.161994579572039
          ]
        ],
        "NumAtoms": 1,
        "Positions": [
          [
            0.0,
            0.0,
            0.0
          ]
        ],
        "Stress": [
          [
            112428.03955612218,
            214427.79627485247,
            -97823.44200927115
          ],
          [
            214427.79627485247,
            118532.902551633,
            -45829.132954733665
          ],
          [
            -97823.44200927115,
            -45829.132954733665,
            353523.05423642526
          ]
        ]
      }
    ],
    "EnergyStyle": "electronvolt",
    "ForcesStyle": "electronvoltperangstrom",
    "Label": "ASE generated",
    "LatticeStyle": "angstrom",
    "PositionsStyle": "angstrom",
    "StressStyle": "bar"
  }
}