{
  "Dataset": {
    "AtomTypeStyle": "chemicalsymbol",
    "Data": [
      {
        "AtomTypes": [
          "Cr"
        ],
        "Energy": -44.19668944386149,
        "Forces": [
          [
            0.011503319859872817,
            0.015555274611799182,
            -0.026237452385808907
          ]
        ],
        "Lattice": [
          [
            2.3493121578611724,
            0.006328937186465603,
            -0.0015056589149157892
          ],
          [
            0.006328612271659675,
            2.349320251097397,
            -0.0006757386571563465
          ],
          [
            -0.0025530403130304526,
            -0.0011454299971644494,
            2.3337684928423577
          ]
        ],
        "NumAtoms": 1,
        "Positions": [
          [
            0.0,
            0.0,
            0.0
          ]
        ],
        "Stress": [
          [
            -1243.0383689654602,
            6778.604502003362,
            -2196.2796270596828
          ],
          [
            6778.604502003362,
            -1254.8067795592162,
            -978.2491306059541
          ],
          [
            -2196.2796270596828,
            -978.2491306059541,
            -4492.59074416629
          ]
        ]
      }
    ],
    "EnergyStyle": "electronvolt",
    "ForcesStyle": "electronvoltperangstrom",
    "Label": "ASE generated",
    "LatticeStyle": "angstrom",
    "PositionsStyle": "angstrom",
    "StressStyle": "bar"
  }
}