{
  "Dataset": {
    "AtomTypeStyle": "chemicalsymbol",
    "Data": [
      {
        "AtomTypes": [
          "Cr"
        ],
        "Energy": -43.9799127556621,
        "Forces": [
          [
            0.8205115656927697,
            0.970632370638191,
            -0.4067964068592097
          ]
        ],
        "Lattice": [
          [
            2.179859803742571,
            0.0004294193669207735,
            -0.00012551025027729293
          ],
          [
            0.00042944476742677444,
            2.1799287195487693,
            -5.782901450608335e-05
          ],
          [
            -0.00014592961121603104,
            -6.686471533872006e-05,
            2.578892526813182
          ]
        ],
        "NumAtoms": 1,
        "Positions": [
          [
            0.0,
            0.0,
            0.0
          ]
        ],
        "Stress": [
          [
            276086.91252951196,
            647.2625826565711,
            -88.26307945316879
          ],
          [
            647.2625826565711,
            276017.77311727364,
            -41.18943707814543
          ],
          [
            -88.26307945316879,
            -41.18943707814543,
            -115808.51549917851
          ]
        ]
      }
    ],
    "EnergyStyle": "electronvolt",
    "ForcesStyle": "electronvoltperangstrom",
    "Label": "ASE generated",
    "LatticeStyle": "angstrom",
    "PositionsStyle": "angstrom",
    "StressStyle": "bar"
  }
}