{
  "Dataset": {
    "AtomTypeStyle": "chemicalsymbol",
    "Data": [
      {
        "AtomTypes": [
          "Cr"
        ],
        "Energy": -44.19987521944768,
        "Forces": [
          [
            0.09721816337295996,
            0.11741122129216171,
            -0.03184306480399948
          ]
        ],
        "Lattice": [
          [
            2.3466428462027453,
            0.028569461487752416,
            -0.008747795622305472
          ],
          [
            0.02856756438746047,
            2.3466154575779727,
            -0.003919036662408742
          ],
          [
            -0.011536394936216839,
            -0.00517581083598286,
            2.326929287536725
          ]
        ],
        "NumAtoms": 1,
        "Positions": [
          [
            0.0,
            0.0,
            0.0
          ]
        ],
        "Stress": [
          [
            8532.097680472982,
            30686.13062321835,
            -10928.440287626512
          ],
          [
            30686.13062321835,
            8504.147705312811,
            -4742.669469283603
          ],
          [
            -10928.440287626512,
            -4742.669469283603,
            6328.4627967922015
          ]
        ]
      }
    ],
    "EnergyStyle": "electronvolt",
    "ForcesStyle": "electronvoltperangstrom",
    "Label": "ASE generated",
    "LatticeStyle": "angstrom",
    "PositionsStyle": "angstrom",
    "StressStyle": "bar"
  }
}