{
  "Dataset": {
    "AtomTypeStyle": "chemicalsymbol",
    "Data": [
      {
        "AtomTypes": [
          "Cr"
        ],
        "Energy": -44.22285729431951,
        "Forces": [
          [
            0.7987991117730237,
            0.9367697901811458,
            0.6893169335170094
          ]
        ],
        "Lattice": [
          [
            2.334660001389511,
            0.1808527314618917,
            -0.05463564278290749
          ],
          [
            0.1807567736419921,
            2.332010400523741,
            -0.02380647872567682
          ],
          [
            -0.056458015844554496,
            -0.024433572238778057,
            2.1548966605875965
          ]
        ],
        "NumAtoms": 1,
        "Positions": [
          [
            0.0,
            0.0,
            0.0
          ]
        ],
        "Stress": [
          [
            118750.6181476175,
            218752.68716805772,
            -101084.76279506578
          ],
          [
            218752.68716805772,
            126948.78717749265,
            -47982.752093390984
          ],
          [
            -101084.76279506578,
            -47982.752093390984,
            368062.9255250106
          ]
        ]
      }
    ],
    "EnergyStyle": "electronvolt",
    "ForcesStyle": "electronvoltperangstrom",
    "Label": "ASE generated",
    "LatticeStyle": "angstrom",
    "PositionsStyle": "angstrom",
    "StressStyle": "bar"
  }
}