{
  "Dataset": {
    "AtomTypeStyle": "chemicalsymbol",
    "Data": [
      {
        "AtomTypes": [
          "Cr"
        ],
        "Energy": -44.41967468689927,
        "Forces": [
          [
            -0.037607377087447824,
            0.14781493486425032,
            -0.527715903803615
          ]
        ],
        "Lattice": [
          [
            2.387236337307504,
            0.2642770256948465,
            -0.09722159402926729
          ],
          [
            0.263886163766858,
            2.386577383622219,
            -0.045980588641429225
          ],
          [
            -0.0937786115336199,
            -0.04362433716110966,
            2.2929773217704694
          ]
        ],
        "NumAtoms": 1,
        "Positions": [
          [
            0.0,
            0.0,
            0.0
          ]
        ],
        "Stress": [
          [
            -67443.29006149048,
            141112.0693270778,
            -84366.26449531138
          ],
          [
            141112.0693270778,
            -65402.94187479807,
            -32707.355142695913
          ],
          [
            -84366.26449531138,
            -32707.355142695913,
            -36698.31738530336
          ]
        ]
      }
    ],
    "EnergyStyle": "electronvolt",
    "ForcesStyle": "electronvoltperangstrom",
    "Label": "ASE generated",
    "LatticeStyle": "angstrom",
    "PositionsStyle": "angstrom",
    "StressStyle": "bar"
  }
}