{
  "Dataset": {
    "AtomTypeStyle": "chemicalsymbol",
    "Data": [
      {
        "AtomTypes": [
          "Cr"
        ],
        "Energy": -43.73054659684203,
        "Forces": [
          [
            0.09576292578400841,
            0.12818525119699123,
            -1.1983420317258409
          ]
        ],
        "Lattice": [
          [
            2.2330286736685414,
            0.00023972150880182105,
            -7.854894809916625e-05
          ],
          [
            0.00023973262152319645,
            2.2329874370054035,
            -3.66391715519825e-05
          ],
          [
            -9.573027369998903e-05,
            -4.438420917344492e-05,
            2.9826454036885104
          ]
        ],
        "NumAtoms": 1,
        "Positions": [
          [
            0.0,
            0.0,
            0.0
          ]
        ],
        "Stress": [
          [
            30594.925441116735,
            214.773493336044,
            -39.71838575392595
          ],
          [
            214.773493336044,
            30640.528032167542,
            -19.123667214853235
          ],
          [
            -39.71838575392595,
            -19.123667214853235,
            -288208.3754410804
          ]
        ]
      }
    ],
    "EnergyStyle": "electronvolt",
    "ForcesStyle": "electronvoltperangstrom",
    "Label": "ASE generated",
    "LatticeStyle": "angstrom",
    "PositionsStyle": "angstrom",
    "StressStyle": "bar"
  }
}