{
  "Dataset": {
    "AtomTypeStyle": "chemicalsymbol",
    "Data": [
      {
        "AtomTypes": [
          "Cr"
        ],
        "Energy": -43.21137946422914,
        "Forces": [
          [
            -0.7337467959726435,
            -1.039044953752886,
            -1.066165321298121
          ]
        ],
        "Lattice": [
          [
            2.3923070789504135,
            9.891592049427736e-05,
            -3.8499229439345193e-05
          ],
          [
            9.891380378544394e-05,
            2.3921907001820437,
            -1.8650850708420564e-05
          ],
          [
            -5.196043926544257e-05,
            -2.4891966703742232e-05,
            3.38850154459192
          ]
        ],
        "NumAtoms": 1,
        "Positions": [
          [
            0.0,
            0.0,
            0.0
          ]
        ],
        "Stress": [
          [
            -205439.67268387144,
            27.949975160170116,
            -8.826307945316877
          ],
          [
            27.949975160170116,
            -205395.54114414484,
            -4.413153972658439
          ],
          [
            -8.826307945316877,
            -4.413153972658439,
            -210708.9785272256
          ]
        ]
      }
    ],
    "EnergyStyle": "electronvolt",
    "ForcesStyle": "electronvoltperangstrom",
    "Label": "ASE generated",
    "LatticeStyle": "angstrom",
    "PositionsStyle": "angstrom",
    "StressStyle": "bar"
  }
}