{
  "Dataset": {
    "AtomTypeStyle": "chemicalsymbol",
    "Data": [
      {
        "AtomTypes": [
          "Cr"
        ],
        "Energy": -44.194132659970364,
        "Forces": [
          [
            0.0736786007910604,
            0.07341074176295187,
            0.15615831176934103
          ]
        ],
        "Lattice": [
          [
            2.3463265188845535,
            0.0023784875066145787,
            -0.00046202673732231034
          ],
          [
            0.0023782784816172788,
            2.346375751944487,
            -0.00020860006800134092
          ],
          [
            -0.0006727599186505245,
            -0.00030327251646183125,
            2.30365522193803
          ]
        ],
        "NumAtoms": 1,
        "Positions": [
          [
            0.0,
            0.0,
            0.0
          ]
        ],
        "Stress": [
          [
            19208.988191657965,
            2896.5000573881553,
            -663.4441472229854
          ],
          [
            2896.5000573881553,
            19161.91454928294,
            -298.62341881655436
          ],
          [
            -663.4441472229854,
            -298.62341881655436,
            47250.16853392969
          ]
        ]
      }
    ],
    "EnergyStyle": "electronvolt",
    "ForcesStyle": "electronvoltperangstrom",
    "Label": "ASE generated",
    "LatticeStyle": "angstrom",
    "PositionsStyle": "angstrom",
    "StressStyle": "bar"
  }
}