{
  "Dataset": {
    "AtomTypeStyle": "chemicalsymbol",
    "Data": [
      {
        "AtomTypes": [
          "Cr"
        ],
        "Energy": -44.19682427638827,
        "Forces": [
          [
            0.023510350602168727,
            0.03369954445981817,
            -0.10357336846908385
          ]
        ],
        "Lattice": [
          [
            2.347712514428167,
            0.014182865718799776,
            -0.003581116268229962
          ],
          [
            0.014182313257794255,
            2.34764701604838,
            -0.001606120562035667
          ],
          [
            -0.006279233158816581,
            -0.002816591200701642,
            2.345657138820733
          ]
        ],
        "NumAtoms": 1,
        "Positions": [
          [
            0.0,
            0.0,
            0.0
          ]
        ],
        "Stress": [
          [
            -2338.9716055089725,
            14372.171437624314,
            -5198.69537979164
          ],
          [
            14372.171437624314,
            -2277.1874498917546,
            -2290.4269118097295
          ],
          [
            -5198.69537979164,
            -2290.4269118097295,
            -22643.893033710447
          ]
        ]
      }
    ],
    "EnergyStyle": "electronvolt",
    "ForcesStyle": "electronvoltperangstrom",
    "Label": "ASE generated",
    "LatticeStyle": "angstrom",
    "PositionsStyle": "angstrom",
    "StressStyle": "bar"
  }
}