{
  "Dataset": {
    "AtomTypeStyle": "chemicalsymbol",
    "Data": [
      {
        "AtomTypes": [
          "Cr"
        ],
        "Energy": -44.17509759982204,
        "Forces": [
          [
            0.4096713657987633,
            0.41941169059470995,
            0.031347913682933846
          ]
        ],
        "Lattice": [
          [
            2.294155448568984,
            0.0014660367714403176,
            -0.00025933440367502836
          ],
          [
            0.0014659542197958146,
            2.2942623460693117,
            -0.00011757788392407336
          ],
          [
            -0.0003350691873801705,
            -0.00015141188709457372,
            2.348838269616725
          ]
        ],
        "NumAtoms": 1,
        "Positions": [
          [
            0.0,
            0.0,
            0.0
          ]
        ],
        "Stress": [
          [
            123556.54282384254,
            1525.4802232156003,
            -378.0601903244063
          ],
          [
            1525.4802232156003,
            123341.76933050649,
            -170.64195360945965
          ],
          [
            -378.0601903244063,
            -170.64195360945965,
            9869.283334188487
          ]
        ]
      }
    ],
    "EnergyStyle": "electronvolt",
    "ForcesStyle": "electronvoltperangstrom",
    "Label": "ASE generated",
    "LatticeStyle": "angstrom",
    "PositionsStyle": "angstrom",
    "StressStyle": "bar"
  }
}