{
  "Dataset": {
    "AtomTypeStyle": "chemicalsymbol",
    "Data": [
      {
        "AtomTypes": [
          "Cr"
        ],
        "Energy": -44.19676944540106,
        "Forces": [
          [
            0.0302695155762564,
            0.04424421782291831,
            -0.1519628184829948
          ]
        ],
        "Lattice": [
          [
            2.3467311097860355,
            0.019007974943490494,
            -0.004855934855431727
          ],
          [
            0.019007282779701967,
            2.3466203736342384,
            -0.0021775991380705738
          ],
          [
            -0.008567268405207287,
            -0.0038427615887738705,
            2.352961602019722
          ]
        ],
        "NumAtoms": 1,
        "Positions": [
          [
            0.0,
            0.0,
            0.0
          ]
        ],
        "Stress": [
          [
            -2884.7316467943997,
            18666.170253020977,
            -6974.2543281245535
          ],
          [
            18666.170253020977,
            -2778.8159514505965,
            -3049.489395106981
          ],
          [
            -6974.2543281245535,
            -3049.489395106981,
            -34068.07761759893
          ]
        ]
      }
    ],
    "EnergyStyle": "electronvolt",
    "ForcesStyle": "electronvoltperangstrom",
    "Label": "ASE generated",
    "LatticeStyle": "angstrom",
    "PositionsStyle": "angstrom",
    "StressStyle": "bar"
  }
}