{
  "Dataset": {
    "AtomTypeStyle": "chemicalsymbol",
    "Data": [
      {
        "AtomTypes": [
          "Cr"
        ],
        "Energy": -44.221041204952144,
        "Forces": [
          [
            0.5387873813526238,
            0.6397374662413967,
            0.5046209380829187
          ]
        ],
        "Lattice": [
          [
            2.3375364192486807,
            0.1324648432023847,
            -0.046781030553620116
          ],
          [
            0.1324273599931854,
            2.3370571042919615,
            -0.020630961441510803
          ],
          [
            -0.05070491342090296,
            -0.022404625857837705,
            2.2090526084645496
          ]
        ],
        "NumAtoms": 1,
        "Positions": [
          [
            0.0,
            0.0,
            0.0
          ]
        ],
        "Stress": [
          [
            73632.00298248182,
            156911.16054919502,
            -72053.56491159434
          ],
          [
            156911.16054919502,
            71687.27313186368,
            -30411.0440255893
          ],
          [
            -72053.56491159434,
            -30411.0440255893,
            258852.0752149565
          ]
        ]
      }
    ],
    "EnergyStyle": "electronvolt",
    "ForcesStyle": "electronvoltperangstrom",
    "Label": "ASE generated",
    "LatticeStyle": "angstrom",
    "PositionsStyle": "angstrom",
    "StressStyle": "bar"
  }
}