{
  "Dataset": {
    "AtomTypeStyle": "chemicalsymbol",
    "Data": [
      {
        "AtomTypes": [
          "Cr"
        ],
        "Energy": -44.222710216658925,
        "Forces": [
          [
            0.7358136033132707,
            0.859242849005963,
            0.6272009685820183
          ]
        ],
        "Lattice": [
          [
            2.335598516748083,
            0.16509139680690155,
            -0.052073083630253175
          ],
          [
            0.16501447878295852,
            2.3336552510364785,
            -0.02277032223450575
          ],
          [
            -0.054578825026046565,
            -0.023770293058992396,
            2.172536147286235
          ]
        ],
        "NumAtoms": 1,
        "Positions": [
          [
            0.0,
            0.0,
            0.0
          ]
        ],
        "Stress": [
          [
            103570.83953299666,
            206038.39057282874,
            -92287.87587623329
          ],
          [
            206038.39057282874,
            107054.28906874843,
            -42282.4282120405
          ],
          [
            -92287.87587623329,
            -42282.4282120405,
            332222.2310617273
          ]
        ]
      }
    ],
    "EnergyStyle": "electronvolt",
    "ForcesStyle": "electronvoltperangstrom",
    "Label": "ASE generated",
    "LatticeStyle": "angstrom",
    "PositionsStyle": "angstrom",
    "StressStyle": "bar"
  }
}