{
  "Dataset": {
    "AtomTypeStyle": "chemicalsymbol",
    "Data": [
      {
        "AtomTypes": [
          "Cr"
        ],
        "Energy": -42.40150537732143,
        "Forces": [
          [
            -1.2993114962510908,
            -1.7739047028792714,
            -1.0822200655684608
          ]
        ],
        "Lattice": [
          [
            2.6063076855895178,
            7.137065926785048e-05,
            -2.4212503168216282e-05
          ],
          [
            7.137065926785048e-05,
            2.606276165149102,
            -7.96147109967903e-06
          ],
          [
            -3.228298477281614e-05,
            -1.0615823976780392e-05,
            3.5565767811729323
          ]
        ],
        "NumAtoms": 1,
        "Positions": [
          [
            0.0,
            0.0,
            0.0
          ]
        ],
        "Stress": [
          [
            -306440.5855534566,
            -16.181564566414277,
            -5.8842052968779175
          ],
          [
            -16.181564566414277,
            -306580.3354292575,
            -14.710513242194793
          ],
          [
            -5.8842052968779175,
            -14.710513242194793,
            -187033.8785152373
          ]
        ]
      }
    ],
    "EnergyStyle": "electronvolt",
    "ForcesStyle": "electronvoltperangstrom",
    "Label": "ASE generated",
    "LatticeStyle": "angstrom",
    "PositionsStyle": "angstrom",
    "StressStyle": "bar"
  }
}