{
  "Dataset": {
    "AtomTypeStyle": "chemicalsymbol",
    "Data": [
      {
        "AtomTypes": [
          "Cr"
        ],
        "Energy": -44.547261903823255,
        "Forces": [
          [
            -0.3036921739866643,
            -0.08970404966542062,
            -0.9307771883545611
          ]
        ],
        "Lattice": [
          [
            2.375157029310136,
            0.3744357377348299,
            -0.160468806874911
          ],
          [
            0.3736984578850509,
            2.3761168324094455,
            -0.07424574571716351
          ],
          [
            -0.14925121368951233,
            -0.0676274099822847,
            2.3285756197456458
          ]
        ],
        "NumAtoms": 1,
        "Positions": [
          [
            0.0,
            0.0,
            0.0
          ]
        ],
        "Stress": [
          [
            -45271.60450285448,
            70441.29266024978,
            -113375.39660891952
          ],
          [
            70441.29266024978,
            -52682.761074272225,
            -43404.84037241996
          ],
          [
            -113375.39660891952,
            -43404.84037241996,
            -110727.50422532445
          ]
        ]
      }
    ],
    "EnergyStyle": "electronvolt",
    "ForcesStyle": "electronvoltperangstrom",
    "Label": "ASE generated",
    "LatticeStyle": "angstrom",
    "PositionsStyle": "angstrom",
    "StressStyle": "bar"
  }
}