{
  "Dataset": {
    "AtomTypeStyle": "chemicalsymbol",
    "Data": [
      {
        "AtomTypes": [
          "Cr"
        ],
        "Energy": -41.78394764400491,
        "Forces": [
          [
            -1.4401524275014828,
            -1.9204140975555006,
            -1.0984129924693111
          ]
        ],
        "Lattice": [
          [
            2.7489999250558523,
            0.0,
            0.0
          ],
          [
            0.0,
            2.7489999250558523,
            0.0
          ],
          [
            0.0,
            0.0,
            3.6653295680745694
          ]
        ],
        "NumAtoms": 1,
        "Positions": [
          [
            0.0,
            0.0,
            0.0
          ]
        ],
        "Stress": [
          [
            -305431.4443450421,
            152.98933771882588,
            -51.48679634768178
          ],
          [
            152.98933771882588,
            -305499.1127059562,
            -17.652615890633754
          ],
          [
            -51.48679634768178,
            -17.652615890633754,
            -174588.7843123405
          ]
        ]
      }
    ],
    "EnergyStyle": "electronvolt",
    "ForcesStyle": "electronvoltperangstrom",
    "Label": "ASE generated",
    "LatticeStyle": "angstrom",
    "PositionsStyle": "angstrom",
    "StressStyle": "bar"
  }
}