{
  "Dataset": {
    "AtomTypeStyle": "chemicalsymbol",
    "Data": [
      {
        "AtomTypes": [
          "Cr"
        ],
        "Energy": -44.01846206885193,
        "Forces": [
          [
            0.8238461499336779,
            0.9380734115063164,
            -0.051890592392307984
          ]
        ],
        "Lattice": [
          [
            2.191139942498934,
            0.0005511671672466728,
            -0.00014065477280316292
          ],
          [
            0.0005511883343350068,
            2.191245911293261,
            -6.452945631825589e-05
          ],
          [
            -0.00016325011042265077,
            -7.447587112646905e-05,
            2.4961727415438473
          ]
        ],
        "NumAtoms": 1,
        "Positions": [
          [
            0.0,
            0.0,
            0.0
          ]
        ],
        "Stress": [
          [
            274158.36424346024,
            869.3913326137123,
            -114.74200328911941
          ],
          [
            869.3913326137123,
            273961.2433660148,
            -52.95784767190126
          ],
          [
            -114.74200328911941,
            -52.95784767190126,
            -15032.673482198861
          ]
        ]
      }
    ],
    "EnergyStyle": "electronvolt",
    "ForcesStyle": "electronvoltperangstrom",
    "Label": "ASE generated",
    "LatticeStyle": "angstrom",
    "PositionsStyle": "angstrom",
    "StressStyle": "bar"
  }
}