{
  "Dataset": {
    "AtomTypeStyle": "chemicalsymbol",
    "Data": [
      {
        "AtomTypes": [
          "Cr"
        ],
        "Energy": -44.1184244004794,
        "Forces": [
          [
            0.6036904726753091,
            0.6505368153254791,
            -0.19229615627981156
          ]
        ],
        "Lattice": [
          [
            2.250687987049645,
            0.0009757969512546383,
            -0.0001855554589319609
          ],
          [
            0.0009757710215714291,
            2.250800978025527,
            -8.44931956806016e-05
          ],
          [
            -0.00022497545671384126,
            -0.00010195551437906011,
            2.4260134535742712
          ]
        ],
        "NumAtoms": 1,
        "Positions": [
          [
            0.0,
            0.0,
            0.0
          ]
        ],
        "Stress": [
          [
            189808.2813127152,
            1384.2592960905304,
            -263.3181870352869
          ],
          [
            1384.2592960905304,
            189612.63148659404,
            -120.62620858599733
          ],
          [
            -263.3181870352869,
            -120.62620858599733,
            -56041.1712474653
          ]
        ]
      }
    ],
    "EnergyStyle": "electronvolt",
    "ForcesStyle": "electronvoltperangstrom",
    "Label": "ASE generated",
    "LatticeStyle": "angstrom",
    "PositionsStyle": "angstrom",
    "StressStyle": "bar"
  }
}