{
  "Dataset": {
    "AtomTypeStyle": "chemicalsymbol",
    "Data": [
      {
        "AtomTypes": [
          "Cr"
        ],
        "Energy": -44.84437061395329,
        "Forces": [
          [
            0.0018881894042865888,
            -0.16150699787478218,
            -1.0830769479892668
          ]
        ],
        "Lattice": [
          [
            2.370043906393786,
            0.6409506977655118,
            -0.4331660532123075
          ],
          [
            0.6384236389950572,
            2.352299324043215,
            -0.18674914618628674
          ],
          [
            -0.3829990478945187,
            -0.16644355728899024,
            2.3438164742197016
          ]
        ],
        "NumAtoms": 1,
        "Positions": [
          [
            0.0,
            0.0,
            0.0
          ]
        ],
        "Stress": [
          [
            156531.6293075464,
            16892.082356012284,
            -172847.05954446463
          ],
          [
            16892.082356012284,
            -31848.261169351732,
            -30283.062560382208
          ],
          [
            -172847.05954446463,
            -30283.062560382208,
            -107986.93560830355
          ]
        ]
      }
    ],
    "EnergyStyle": "electronvolt",
    "ForcesStyle": "electronvoltperangstrom",
    "Label": "ASE generated",
    "LatticeStyle": "angstrom",
    "PositionsStyle": "angstrom",
    "StressStyle": "bar"
  }
}