{
  "Dataset": {
    "AtomTypeStyle": "chemicalsymbol",
    "Data": [
      {
        "AtomTypes": [
          "Cr"
        ],
        "Energy": -44.2216878840627,
        "Forces": [
          [
            0.8604471318361759,
            1.0098278923839972,
            0.7580056653155972
          ]
        ],
        "Lattice": [
          [
            2.333802844910015,
            0.1952477702532036,
            -0.056976057576912646
          ],
          [
            0.1951344226118831,
            2.33050813945568,
            -0.024752812677501956
          ],
          [
            -0.058174300517825205,
            -0.02503935208145844,
            2.138786279058445
          ]
        ],
        "NumAtoms": 1,
        "Positions": [
          [
            0.0,
            0.0,
            0.0
          ]
        ],
        "Stress": [
          [
            134536.46990781673,
            227011.1693022259,
            -106374.663356959
          ],
          [
            227011.1693022259,
            147905.38434232338,
            -51517.68842549039
          ],
          [
            -106374.663356959,
            -51517.68842549039,
            400505.49142934714
          ]
        ]
      }
    ],
    "EnergyStyle": "electronvolt",
    "ForcesStyle": "electronvoltperangstrom",
    "Label": "ASE generated",
    "LatticeStyle": "angstrom",
    "PositionsStyle": "angstrom",
    "StressStyle": "bar"
  }
}