{
  "Dataset": {
    "AtomTypeStyle": "chemicalsymbol",
    "Data": [
      {
        "AtomTypes": [
          "Cr"
        ],
        "Energy": -44.22295049339118,
        "Forces": [
          [
            0.7789055773572306,
            0.9115248809258509,
            0.6671581345568685
          ]
        ],
        "Lattice": [
          [
            2.3349914340711155,
            0.17528665402227975,
            -0.05373068519700351
          ],
          [
            0.17519741992798948,
            2.3325912730535787,
            -0.023440563798821718
          ],
          [
            -0.05579438846616573,
            -0.02419933829762686,
            2.1611260039775644
          ]
        ],
        "NumAtoms": 1,
        "Positions": [
          [
            0.0,
            0.0,
            0.0
          ]
        ],
        "Stress": [
          [
            113607.82271814618,
            214994.1510346769,
            -98244.16268799796
          ],
          [
            214994.1510346769,
            119953.93813082903,
            -46105.69060368694
          ],
          [
            -98244.16268799796,
            -46105.69060368694,
            355698.7391449459
          ]
        ]
      }
    ],
    "EnergyStyle": "electronvolt",
    "ForcesStyle": "electronvoltperangstrom",
    "Label": "ASE generated",
    "LatticeStyle": "angstrom",
    "PositionsStyle": "angstrom",
    "StressStyle": "bar"
  }
}