{
  "Dataset": {
    "AtomTypeStyle": "chemicalsymbol",
    "Data": [
      {
        "AtomTypes": [
          "Cr"
        ],
        "Energy": -44.196818153820914,
        "Forces": [
          [
            0.021573490726296,
            0.03049687596011063,
            -0.0871325025820367
          ]
        ],
        "Lattice": [
          [
            2.3480396570701436,
            0.012574492449388148,
            -0.0031561747988462768
          ],
          [
            0.01257398708515417,
            2.3479892375949087,
            -0.001415626821395351
          ],
          [
            -0.005516551215504955,
            -0.002474532640753538,
            2.34322231828358
          ]
        ],
        "NumAtoms": 1,
        "Positions": [
          [
            0.0,
            0.0,
            0.0
          ]
        ],
        "Stress": [
          [
            -2018.2824168291263,
            12883.4674975142,
            -4595.564336861655
          ],
          [
            12883.4674975142,
            -1972.6798257783223,
            -2030.0508274228819
          ],
          [
            -4595.564336861655,
            -2030.0508274228819,
            -18747.07807585305
          ]
        ]
      }
    ],
    "EnergyStyle": "electronvolt",
    "ForcesStyle": "electronvoltperangstrom",
    "Label": "ASE generated",
    "LatticeStyle": "angstrom",
    "PositionsStyle": "angstrom",
    "StressStyle": "bar"
  }
}