{
  "Dataset": {
    "AtomTypeStyle": "chemicalsymbol",
    "Data": [
      {
        "AtomTypes": [
          "Cr"
        ],
        "Energy": -44.220941475142354,
        "Forces": [
          [
            0.8861271863520489,
            1.0380952935091639,
            0.7855601110878744
          ]
        ],
        "Lattice": [
          [
            2.3335139406131145,
            0.20018735003325094,
            -0.05776567569848389
          ],
          [
            0.20006801316428632,
            2.329995922906032,
            -0.025071603844775966
          ],
          [
            -0.058745940492908655,
            -0.02523932338590037,
            2.1332558713377394
          ]
        ],
        "NumAtoms": 1,
        "Positions": [
          [
            0.0,
            0.0,
            0.0
          ]
        ],
        "Stress": [
          [
            140729.59598278074,
            229659.06168582095,
            -107416.16769450641
          ],
          [
            229659.06168582095,
            155804.92995338197,
            -52138.47208431101
          ],
          [
            -107416.16769450641,
            -52138.47208431101,
            411629.58154309477
          ]
        ]
      }
    ],
    "EnergyStyle": "electronvolt",
    "ForcesStyle": "electronvoltperangstrom",
    "Label": "ASE generated",
    "LatticeStyle": "angstrom",
    "PositionsStyle": "angstrom",
    "StressStyle": "bar"
  }
}