{
  "Dataset": {
    "AtomTypeStyle": "chemicalsymbol",
    "Data": [
      {
        "AtomTypes": [
          "Cr"
        ],
        "Energy": -44.20266098733691,
        "Forces": [
          [
            0.15766223412194252,
            0.185816854899587,
            0.015120260753948345
          ]
        ],
        "Lattice": [
          [
            2.3462950730581245,
            0.04089723194304943,
            -0.013187021418183871
          ],
          [
            0.04089425108783478,
            2.3462972331594885,
            -0.005910411461555996
          ],
          [
            -0.01604772959356874,
            -0.007204513795407373,
            2.3123292751288202
          ]
        ],
        "NumAtoms": 1,
        "Positions": [
          [
            0.0,
            0.0,
            0.0
          ]
        ],
        "Stress": [
          [
            16433.114342855806,
            45323.09129920217,
            -15857.933275085988
          ],
          [
            45323.09129920217,
            16302.190775000274,
            -6760.951886112729
          ],
          [
            -15857.933275085988,
            -6760.951886112729,
            27083.525930204836
          ]
        ]
      }
    ],
    "EnergyStyle": "electronvolt",
    "ForcesStyle": "electronvoltperangstrom",
    "Label": "ASE generated",
    "LatticeStyle": "angstrom",
    "PositionsStyle": "angstrom",
    "StressStyle": "bar"
  }
}