{
  "Dataset": {
    "AtomTypeStyle": "chemicalsymbol",
    "Data": [
      {
        "AtomTypes": [
          "Cr"
        ],
        "Energy": -44.20597111905681,
        "Forces": [
          [
            0.2455016231001887,
            0.2821597657598499,
            0.10338345369094395
          ]
        ],
        "Lattice": [
          [
            2.3455223208725378,
            0.05688926722297059,
            -0.019056971990389155
          ],
          [
            0.05688542010466586,
            2.345577761710303,
            -0.008601374405462882
          ],
          [
            -0.021973007230439014,
            -0.009928836599706075,
            2.2901702351216073
          ]
        ],
        "NumAtoms": 1,
        "Positions": [
          [
            0.0,
            0.0,
            0.0
          ]
        ],
        "Stress": [
          [
            28937.050598721384,
            64976.33699077442,
            -22379.10379535094
          ],
          [
            64976.33699077442,
            28401.58791670549,
            -9248.499675367868
          ],
          [
            -22379.10379535094,
            -9248.499675367868,
            62456.42607238644
          ]
        ]
      }
    ],
    "EnergyStyle": "electronvolt",
    "ForcesStyle": "electronvoltperangstrom",
    "Label": "ASE generated",
    "LatticeStyle": "angstrom",
    "PositionsStyle": "angstrom",
    "StressStyle": "bar"
  }
}