{
  "Dataset": {
    "AtomTypeStyle": "chemicalsymbol",
    "Data": [
      {
        "AtomTypes": [
          "Cr"
        ],
        "Energy": -43.35163481606833,
        "Forces": [
          [
            1.4641352627275979,
            2.155034620833921,
            -0.836444094884654
          ]
        ],
        "Lattice": [
          [
            2.0711882950331852,
            0.00018310854352053416,
            -6.787703133830039e-05
          ],
          [
            0.00018310907269774248,
            2.0710625143733545,
            -3.1279135608569475e-05
          ],
          [
            -9.050994053958135e-05,
            -4.138959535137223e-05,
            3.04690591151157
          ]
        ],
        "NumAtoms": 1,
        "Positions": [
          [
            0.0,
            0.0,
            0.0
          ]
        ],
        "Stress": [
          [
            546614.7221047984,
            298.62341881655436,
            -50.0157450234623
          ],
          [
            298.62341881655436,
            546882.4534458064,
            -23.53682118751167
          ],
          [
            -50.0157450234623,
            -23.53682118751167,
            -212284.47449546467
          ]
        ]
      }
    ],
    "EnergyStyle": "electronvolt",
    "ForcesStyle": "electronvoltperangstrom",
    "Label": "ASE generated",
    "LatticeStyle": "angstrom",
    "PositionsStyle": "angstrom",
    "StressStyle": "bar"
  }
}