{
  "Dataset": {
    "AtomTypeStyle": "chemicalsymbol",
    "Data": [
      {
        "AtomTypes": [
          "Cr"
        ],
        "Energy": -44.19660903415115,
        "Forces": [
          [
            0.009205549794881227,
            0.011427055230427445,
            -0.0073078022735910304
          ]
        ],
        "Lattice": [
          [
            2.349668148069485,
            0.004100680972593761,
            -0.0008866305916470666
          ],
          [
            0.004100410033863085,
            2.349693460202892,
            -0.0003991017462997824
          ],
          [
            -0.0014423555621892884,
            -0.000648720985606648,
            2.331291780520683
          ]
        ],
        "NumAtoms": 1,
        "Positions": [
          [
            0.0,
            0.0,
            0.0
          ]
        ],
        "Stress": [
          [
            -504.5706042072816,
            4444.046050467048,
            -1268.0462414771916
          ],
          [
            4444.046050467048,
            -533.991630691671,
            -567.8258111487191
          ],
          [
            -1268.0462414771916,
            -567.8258111487191,
            -301.56552146499325
          ]
        ]
      }
    ],
    "EnergyStyle": "electronvolt",
    "ForcesStyle": "electronvoltperangstrom",
    "Label": "ASE generated",
    "LatticeStyle": "angstrom",
    "PositionsStyle": "angstrom",
    "StressStyle": "bar"
  }
}