{
  "Dataset": {
    "AtomTypeStyle": "chemicalsymbol",
    "Data": [
      {
        "AtomTypes": [
          "Cr"
        ],
        "Energy": -44.19654549551342,
        "Forces": [
          [
            0.011296765933933604,
            0.012725357146909304,
            0.015190845045015515
          ]
        ],
        "Lattice": [
          [
            2.3499453162742587,
            0.0031227223324429994,
            -0.000633723045167492
          ],
          [
            0.0031224815568131983,
            2.349981808334547,
            -0.0002857779179536632
          ],
          [
            -0.0009871472731966134,
            -0.00044463903261022966,
            2.327453546572104
          ]
        ],
        "NumAtoms": 1,
        "Positions": [
          [
            0.0,
            0.0,
            0.0
          ]
        ],
        "Stress": [
          [
            725.2283028402036,
            3442.2600986735824,
            -889.9860511527851
          ],
          [
            3442.2600986735824,
            685.5099170862775,
            -400.1259601876984
          ],
          [
            -889.9860511527851,
            -400.1259601876984,
            5740.042267104411
          ]
        ]
      }
    ],
    "EnergyStyle": "electronvolt",
    "ForcesStyle": "electronvoltperangstrom",
    "Label": "ASE generated",
    "LatticeStyle": "angstrom",
    "PositionsStyle": "angstrom",
    "StressStyle": "bar"
  }
}