{
  "Dataset": {
    "AtomTypeStyle": "chemicalsymbol",
    "Data": [
      {
        "AtomTypes": [
          "Cr"
        ],
        "Energy": -43.8587678395711,
        "Forces": [
          [
            0.3843811468653888,
            0.4915498909887986,
            -1.0911560905343882
          ]
        ],
        "Lattice": [
          [
            2.2066626589796017,
            0.0003011806789572097,
            -9.459783447411247e-05
          ],
          [
            0.00030119867098229373,
            2.2066655768627284,
            -4.389736614175967e-05
          ],
          [
            -0.0001122374275373694,
            -5.178263572343579e-05,
            2.82114425198586
          ]
        ],
        "NumAtoms": 1,
        "Positions": [
          [
            0.0,
            0.0,
            0.0
          ]
        ],
        "Stress": [
          [
            126155.89051373834,
            389.8286009181621,
            -72.08151488675449
          ],
          [
            389.8286009181621,
            126151.47735976569,
            -33.834180457048035
          ],
          [
            -72.08151488675449,
            -33.834180457048035,
            -280719.25314947905
          ]
        ]
      }
    ],
    "EnergyStyle": "electronvolt",
    "ForcesStyle": "electronvoltperangstrom",
    "Label": "ASE generated",
    "LatticeStyle": "angstrom",
    "PositionsStyle": "angstrom",
    "StressStyle": "bar"
  }
}