{
  "Dataset": {
    "AtomTypeStyle": "chemicalsymbol",
    "Data": [
      {
        "AtomTypes": [
          "Ni"
        ],
        "Energy": -4.093699995005409,
        "Forces": [
          [
            -3.3978720654166676,
            -3.397890044832987,
            -3.3980591733073346
          ]
        ],
        "Lattice": [
          [
            2.5717393395027446,
            2.5421673089304127e-06,
            -1.4712184746645156e-05
          ],
          [
            1.2858718713931476,
            2.22719256979976,
            -1.2543616546812343e-05
          ],
          [
            1.285858391132942,
            0.7423934796471452,
            2.099827206796116
          ]
        ],
        "NumAtoms": 1,
        "Positions": [
          [
            0.0,
            0.0,
            0.0
          ]
        ],
        "Stress": [
          [
            -950480.094758663,
            -23.53682118751167,
            45.60259105080386
          ],
          [
            -23.53682118751167,
            -950458.0289887995,
            25.00787251173115
          ],
          [
            45.60259105080386,
            25.00787251173115,
            -950574.2420434129
          ]
        ]
      }
    ],
    "EnergyStyle": "electronvolt",
    "ForcesStyle": "electronvoltperangstrom",
    "Label": "ASE generated",
    "LatticeStyle": "angstrom",
    "PositionsStyle": "angstrom",
    "StressStyle": "bar"
  }
}