{
  "Dataset": {
    "AtomTypeStyle": "chemicalsymbol",
    "Data": [
      {
        "AtomTypes": [
          "Ni"
        ],
        "Energy": -4.637091267205506,
        "Forces": [
          [
            0.0005637015091976041,
            0.0005496088676719243,
            0.0005777939375236115
          ]
        ],
        "Lattice": [
          [
            2.4305802915122987,
            6.360710044409567e-07,
            -1.4711126392228447e-07
          ],
          [
            1.2152906963650347,
            2.104944308066718,
            9.73686063370516e-08
          ],
          [
            1.2152902089928257,
            0.7016484761116228,
            1.9845596724629555
          ]
        ],
        "NumAtoms": 1,
        "Positions": [
          [
            0.0,
            0.0,
            0.0
          ]
        ],
        "Stress": [
          [
            179.46826155477652,
            -4.413153972658439,
            1.4710513242194794
          ],
          [
            -4.413153972658439,
            179.46826155477652,
            -2.9421026484389587
          ],
          [
            1.4710513242194794,
            -2.9421026484389587,
            182.41036420321544
          ]
        ]
      }
    ],
    "EnergyStyle": "electronvolt",
    "ForcesStyle": "electronvoltperangstrom",
    "Label": "ASE generated",
    "LatticeStyle": "angstrom",
    "PositionsStyle": "angstrom",
    "StressStyle": "bar"
  }
}