{
  "Dataset": {
    "AtomTypeStyle": "chemicalsymbol",
    "Data": [
      {
        "AtomTypes": [
          "Ni"
        ],
        "Energy": -4.420128997204301,
        "Forces": [
          [
            1.7752293860742085,
            1.7752909409673723,
            1.775352053856021
          ]
        ],
        "Lattice": [
          [
            2.3324300391083197,
            0.0,
            0.0
          ],
          [
            1.1662150195541598,
            2.0199427246187827,
            0.0
          ],
          [
            1.1662150195541598,
            0.6733142415395942,
            1.9044221296418258
          ]
        ],
        "NumAtoms": 1,
        "Positions": [
          [
            0.0,
            0.0,
            0.0
          ]
        ],
        "Stress": [
          [
            603725.3476649713,
            5.8842052968779175,
            -36.77628310548699
          ],
          [
            5.8842052968779175,
            603723.8766136471,
            -14.710513242194793
          ],
          [
            -36.77628310548699,
            -14.710513242194793,
            603787.1318205885
          ]
        ]
      }
    ],
    "EnergyStyle": "electronvolt",
    "ForcesStyle": "electronvoltperangstrom",
    "Label": "ASE generated",
    "LatticeStyle": "angstrom",
    "PositionsStyle": "angstrom",
    "StressStyle": "bar"
  }
}