{
  "Dataset": {
    "AtomTypeStyle": "chemicalsymbol",
    "Data": [
      {
        "AtomTypes": [
          "Cr"
        ],
        "Energy": 2245.644860242341,
        "Forces": [
          [
            33.06589173024554,
            7.768822226961476,
            38.01047298198607
          ]
        ],
        "Lattice": [
          [
            4.641449807696287,
            0.0,
            0.0
          ],
          [
            0.6668046037230718,
            3.2148770020517947,
            0.0
          ],
          [
            -0.09073570229065472,
            -1.7861227149976853,
            0.741285948787174
          ]
        ],
        "NumAtoms": 1,
        "Positions": [
          [
            0.0,
            0.0,
            0.0
          ]
        ],
        "Stress": [
          [
            871003.604865057,
            744116.6018431815,
            1935241.5695769365
          ],
          [
            744116.6018431815,
            4640894.783417477,
            -587898.306467694
          ],
          [
            1935241.5695769365,
            -587898.306467694,
            5437492.612303514
          ]
        ]
      }
    ],
    "EnergyStyle": "electronvolt",
    "ForcesStyle": "electronvoltperangstrom",
    "Label": "ASE generated",
    "LatticeStyle": "angstrom",
    "PositionsStyle": "angstrom",
    "StressStyle": "bar"
  }
}