{
  "Dataset": {
    "AtomTypeStyle": "chemicalsymbol",
    "Data": [
      {
        "AtomTypes": [
          "Cr"
        ],
        "Energy": -41.825674161187635,
        "Forces": [
          [
            -0.3686596916388339,
            -0.6424681939229995,
            -0.10267584508243217
          ]
        ],
        "Lattice": [
          [
            4.015229436988832,
            0.0,
            0.0
          ],
          [
            -2.8334430177176575,
            3.8287581667056343,
            0.0
          ],
          [
            -1.3440699474259528,
            -1.983238260582457,
            5.445116883171548
          ]
        ],
        "NumAtoms": 1,
        "Positions": [
          [
            0.0,
            0.0,
            0.0
          ]
        ],
        "Stress": [
          [
            -36133.43367680307,
            -2356.6242213996065,
            69.13941223831554
          ],
          [
            -2356.6242213996065,
            -34234.30641723573,
            -64.72625826565711
          ],
          [
            69.13941223831554,
            -64.72625826565711,
            -7074.285818171478
          ]
        ]
      }
    ],
    "EnergyStyle": "electronvolt",
    "ForcesStyle": "electronvoltperangstrom",
    "Label": "ASE generated",
    "LatticeStyle": "angstrom",
    "PositionsStyle": "angstrom",
    "StressStyle": "bar"
  }
}