{
  "Dataset": {
    "AtomTypeStyle": "chemicalsymbol",
    "Data": [
      {
        "AtomTypes": [
          "Cr",
          "Cr"
        ],
        "Energy": -67.24605074871761,
        "Forces": [
          [
            -8.341149422023578,
            1.7923012400553153,
            1.8667739672952084
          ],
          [
            8.341149422023578,
            -1.7923012400553153,
            -1.8667739672952084
          ]
        ],
        "Lattice": [
          [
            5.811979738207362,
            0.0,
            0.0
          ],
          [
            0.7612821660090913,
            4.044609007636147,
            0.0
          ],
          [
            -0.1852975380135271,
            -2.3132841754012943,
            0.7415039989599717
          ]
        ],
        "NumAtoms": 2,
        "Positions": [
          [
            0.0,
            0.0,
            0.0
          ],
          [
            1.5969913821497186,
            0.4328303362617525,
            0.18537658093796675
          ]
        ],
        "Stress": [
          [
            4290013.737359351,
            -8892.505254906753,
            1175537.7079023253
          ],
          [
            -8892.505254906753,
            5356405.321209888,
            -528685.5485652114
          ],
          [
            1175537.7079023253,
            -528685.5485652114,
            6335666.535126904
          ]
        ]
      }
    ],
    "EnergyStyle": "electronvolt",
    "ForcesStyle": "electronvoltperangstrom",
    "Label": "ASE generated",
    "LatticeStyle": "angstrom",
    "PositionsStyle": "angstrom",
    "StressStyle": "bar"
  }
}