{
  "Dataset": {
    "AtomTypeStyle": "chemicalsymbol",
    "Data": [
      {
        "AtomTypes": [
          "Cr"
        ],
        "Energy": 2241.6817945977214,
        "Forces": [
          [
            3.489424744404346,
            6.978683748733453,
            36.06730138445661
          ]
        ],
        "Lattice": [
          [
            3.8165895424031215,
            0.0,
            0.0
          ],
          [
            -1.8076398551997632,
            3.361365824732989,
            0.0
          ],
          [
            -1.8076398551997632,
            -3.0245365312577444,
            1.4666161298174172
          ]
        ],
        "NumAtoms": 1,
        "Positions": [
          [
            0.0,
            0.0,
            0.0
          ]
        ],
        "Stress": [
          [
            -146518.1829435844,
            108756.29545087036,
            473547.6028308168
          ],
          [
            108756.29545087036,
            -29544.59479562403,
            792339.1353024202
          ],
          [
            473547.6028308168,
            792339.1353024202,
            3238469.4745241604
          ]
        ]
      }
    ],
    "EnergyStyle": "electronvolt",
    "ForcesStyle": "electronvoltperangstrom",
    "Label": "ASE generated",
    "LatticeStyle": "angstrom",
    "PositionsStyle": "angstrom",
    "StressStyle": "bar"
  }
}