{
  "Dataset": {
    "AtomTypeStyle": "chemicalsymbol",
    "Data": [
      {
        "AtomTypes": [
          "Ni"
        ],
        "Energy": 8.068976486830252,
        "Forces": [
          [
            48.6427543812909,
            11.950253680300579,
            54.46513134495986
          ]
        ],
        "Lattice": [
          [
            4.425599482763294,
            0.0,
            0.0
          ],
          [
            0.6499391144391345,
            3.0618996837440955,
            0.0
          ],
          [
            -0.07259310831576632,
            -1.6879015147285066,
            0.7403541118719887
          ]
        ],
        "NumAtoms": 1,
        "Positions": [
          [
            0.0,
            0.0,
            0.0
          ]
        ],
        "Stress": [
          [
            1402813.6664429107,
            1339545.2200395549,
            3008933.9811495743
          ],
          [
            1339545.2200395549,
            6538192.055137496,
            -148061.31578269062
          ],
          [
            3008933.9811495743,
            -148061.31578269062,
            7837073.003421653
          ]
        ]
      }
    ],
    "EnergyStyle": "electronvolt",
    "ForcesStyle": "electronvoltperangstrom",
    "Label": "ASE generated",
    "LatticeStyle": "angstrom",
    "PositionsStyle": "angstrom",
    "StressStyle": "bar"
  }
}