{
  "Dataset": {
    "AtomTypeStyle": "chemicalsymbol",
    "Data": [
      {
        "AtomTypes": [
          "Cr"
        ],
        "Energy": 2238.696551713836,
        "Forces": [
          [
            -0.048442445733906526,
            -0.07511622890044677,
            -0.060028920276395205
          ]
        ],
        "Lattice": [
          [
            4.659749813915569,
            0.0,
            0.0
          ],
          [
            -1.113624288528054,
            5.624737402879345,
            0.0
          ],
          [
            0.7590126679392654,
            1.8616399469064786,
            6.677533317336545
          ]
        ],
        "NumAtoms": 1,
        "Positions": [
          [
            0.0,
            0.0,
            0.0
          ]
        ],
        "Stress": [
          [
            -3028.8946765679084,
            76.49466885941294,
            -8.826307945316877
          ],
          [
            76.49466885941294,
            -3177.4708603140757,
            -0.0
          ],
          [
            -8.826307945316877,
            -0.0,
            -2968.58157227491
          ]
        ]
      }
    ],
    "EnergyStyle": "electronvolt",
    "ForcesStyle": "electronvoltperangstrom",
    "Label": "ASE generated",
    "LatticeStyle": "angstrom",
    "PositionsStyle": "angstrom",
    "StressStyle": "bar"
  }
}