{
  "Dataset": {
    "AtomTypeStyle": "chemicalsymbol",
    "Data": [
      {
        "AtomTypes": [
          "Cr"
        ],
        "Energy": -41.76542987272205,
        "Forces": [
          [
            -0.3544922601218077,
            -0.5647963303367798,
            -0.08334894679807565
          ]
        ],
        "Lattice": [
          [
            4.020139672305144,
            0.0,
            0.0
          ],
          [
            -2.5968695234205925,
            3.939258482238037,
            0.0
          ],
          [
            -1.3142117998542577,
            -1.433308437646298,
            5.76528632419248
          ]
        ],
        "NumAtoms": 1,
        "Positions": [
          [
            0.0,
            0.0,
            0.0
          ]
        ],
        "Stress": [
          [
            -34204.88539075134,
            -1660.8169450437927,
            1.4710513242194794
          ],
          [
            -1660.8169450437927,
            -29969.728628323457,
            13.239461917975316
          ],
          [
            1.4710513242194794,
            13.239461917975316,
            -5606.176596600437
          ]
        ]
      }
    ],
    "EnergyStyle": "electronvolt",
    "ForcesStyle": "electronvoltperangstrom",
    "Label": "ASE generated",
    "LatticeStyle": "angstrom",
    "PositionsStyle": "angstrom",
    "StressStyle": "bar"
  }
}