{
  "Dataset": {
    "AtomTypeStyle": "chemicalsymbol",
    "Data": [
      {
        "AtomTypes": [
          "Cr"
        ],
        "Energy": 2238.7042032896384,
        "Forces": [
          [
            -0.21510482643820583,
            -0.21329310067241242,
            -0.06338038697967784
          ]
        ],
        "Lattice": [
          [
            4.199049723854602,
            0.0,
            0.0
          ],
          [
            -2.4157636947302388,
            4.544534937984187,
            0.0
          ],
          [
            -0.7523353409235812,
            -0.19110715103207063,
            6.315102045494994
          ]
        ],
        "NumAtoms": 1,
        "Positions": [
          [
            0.0,
            0.0,
            0.0
          ]
        ],
        "Stress": [
          [
            -17790.894715110386,
            -304.50762411343226,
            35.30523178126751
          ],
          [
            -304.50762411343226,
            -10150.254137114407,
            14.710513242194793
          ],
          [
            35.30523178126751,
            14.710513242194793,
            -3877.6912906425478
          ]
        ]
      }
    ],
    "EnergyStyle": "electronvolt",
    "ForcesStyle": "electronvoltperangstrom",
    "Label": "ASE generated",
    "LatticeStyle": "angstrom",
    "PositionsStyle": "angstrom",
    "StressStyle": "bar"
  }
}