{
  "Dataset": {
    "AtomTypeStyle": "chemicalsymbol",
    "Data": [
      {
        "AtomTypes": [
          "Cr"
        ],
        "Energy": -44.89146553375349,
        "Forces": [
          [
            -0.7140876639174831,
            -0.7147098479331921,
            0.2969207167948553
          ]
        ],
        "Lattice": [
          [
            2.4547653171539716,
            -0.12658493086923214,
            -5.196520186031777e-07
          ],
          [
            -0.2707642704766087,
            2.443069377935322,
            -8.302790399067063e-07
          ],
          [
            -1.0919838193309224,
            -1.1582247326387771,
            1.8729651047444331
          ]
        ],
        "NumAtoms": 1,
        "Positions": [
          [
            0.0,
            0.0,
            0.0
          ]
        ],
        "Stress": [
          [
            -48440.24905522324,
            -143423.0909574266,
            -5.8842052968779175
          ],
          [
            -143423.0909574266,
            -65344.09982182929,
            -5.8842052968779175
          ],
          [
            -5.8842052968779175,
            -5.8842052968779175,
            86744.95448657428
          ]
        ]
      }
    ],
    "EnergyStyle": "electronvolt",
    "ForcesStyle": "electronvoltperangstrom",
    "Label": "ASE generated",
    "LatticeStyle": "angstrom",
    "PositionsStyle": "angstrom",
    "StressStyle": "bar"
  }
}