{
  "Dataset": {
    "AtomTypeStyle": "chemicalsymbol",
    "Data": [
      {
        "AtomTypes": [
          "Cr"
        ],
        "Energy": -44.98559659671355,
        "Forces": [
          [
            -0.009903278975432533,
            -0.008216055480456832,
            -0.03209006379733661
          ]
        ],
        "Lattice": [
          [
            2.402996703039025,
            -0.2597833824899243,
            -8.552562041409934e-06
          ],
          [
            -0.4006869156777849,
            2.3835542757241854,
            -8.546211914909692e-06
          ],
          [
            -1.0011454640073558,
            -1.0618754401407091,
            1.9266559413101159
          ]
        ],
        "NumAtoms": 1,
        "Positions": [
          [
            0.0,
            0.0,
            0.0
          ]
        ],
        "Stress": [
          [
            -6231.373409393716,
            3411.3680208649726,
            -1.4710513242194794
          ],
          [
            3411.3680208649726,
            -5829.776397881798,
            -1.4710513242194794
          ],
          [
            -1.4710513242194794,
            -1.4710513242194794,
            -9448.562655461717
          ]
        ]
      }
    ],
    "EnergyStyle": "electronvolt",
    "ForcesStyle": "electronvoltperangstrom",
    "Label": "ASE generated",
    "LatticeStyle": "angstrom",
    "PositionsStyle": "angstrom",
    "StressStyle": "bar"
  }
}