{
  "Dataset": {
    "AtomTypeStyle": "chemicalsymbol",
    "Data": [
      {
        "AtomTypes": [
          "Cr"
        ],
        "Energy": -44.969241179963774,
        "Forces": [
          [
            -0.4310426521361806,
            -0.43802957023261546,
            0.07282914348995231
          ]
        ],
        "Lattice": [
          [
            2.4252606661864013,
            -0.21074746117518148,
            -4.024392669528682e-06
          ],
          [
            -0.3530455361185706,
            2.4086646412702963,
            -3.903211088815721e-06
          ],
          [
            -1.0360943684126935,
            -1.0989445046732138,
            1.9092207487645347
          ]
        ],
        "NumAtoms": 1,
        "Positions": [
          [
            0.0,
            0.0,
            0.0
          ]
        ],
        "Stress": [
          [
            -47111.889709453055,
            -72628.74597936415,
            -5.8842052968779175
          ],
          [
            -72628.74597936415,
            -55671.93736508621,
            -7.355256621097396
          ],
          [
            -5.8842052968779175,
            -7.355256621097396,
            21346.425765748863
          ]
        ]
      }
    ],
    "EnergyStyle": "electronvolt",
    "ForcesStyle": "electronvoltperangstrom",
    "Label": "ASE generated",
    "LatticeStyle": "angstrom",
    "PositionsStyle": "angstrom",
    "StressStyle": "bar"
  }
}