{
  "Dataset": {
    "AtomTypeStyle": "chemicalsymbol",
    "Data": [
      {
        "AtomTypes": [
          "Cr"
        ],
        "Energy": -44.7702441536062,
        "Forces": [
          [
            -0.6209930004223273,
            -0.5984207981762576,
            0.20660741460120322
          ]
        ],
        "Lattice": [
          [
            2.4951369284886846,
            -0.021702002352610956,
            -6.13845561690108e-08
          ],
          [
            -0.16843776265702498,
            2.4895407630913597,
            -6.085537896065725e-07
          ],
          [
            -1.1633313763093878,
            -1.233900468105125,
            1.8303929708441606
          ]
        ],
        "NumAtoms": 1,
        "Positions": [
          [
            0.0,
            0.0,
            0.0
          ]
        ],
        "Stress": [
          [
            -46933.89249922249,
            -113332.73612051713,
            1.4710513242194794
          ],
          [
            -113332.73612051713,
            -60291.03852313538,
            1.4710513242194794
          ],
          [
            1.4710513242194794,
            1.4710513242194794,
            59940.92830797114
          ]
        ]
      }
    ],
    "EnergyStyle": "electronvolt",
    "ForcesStyle": "electronvoltperangstrom",
    "Label": "ASE generated",
    "LatticeStyle": "angstrom",
    "PositionsStyle": "angstrom",
    "StressStyle": "bar"
  }
}