{
  "Dataset": {
    "AtomTypeStyle": "chemicalsymbol",
    "Data": [
      {
        "AtomTypes": [
          "Cr"
        ],
        "Energy": -44.98564163159381,
        "Forces": [
          [
            0.00024771973363927415,
            0.00020957076513682723,
            0.0007734159124398529
          ]
        ],
        "Lattice": [
          [
            2.402210002800581,
            -0.2585112441852828,
            -9.279122348479347e-06
          ],
          [
            -0.3993706995575737,
            2.3828437076815296,
            -9.27806399406264e-06
          ],
          [
            -1.0014106945034864,
            -1.062156730635936,
            1.9252113176944117
          ]
        ],
        "NumAtoms": 1,
        "Positions": [
          [
            0.0,
            0.0,
            0.0
          ]
        ],
        "Stress": [
          [
            151.5182863946064,
            -80.90782283207139,
            -0.0
          ],
          [
            -80.90782283207139,
            142.6919784492895,
            -0.0
          ],
          [
            -0.0,
            -0.0,
            228.01295525401932
          ]
        ]
      }
    ],
    "EnergyStyle": "electronvolt",
    "ForcesStyle": "electronvoltperangstrom",
    "Label": "ASE generated",
    "LatticeStyle": "angstrom",
    "PositionsStyle": "angstrom",
    "StressStyle": "bar"
  }
}