{
  "Dataset": {
    "AtomTypeStyle": "chemicalsymbol",
    "Data": [
      {
        "AtomTypes": [
          "Cr"
        ],
        "Energy": -44.985641087365366,
        "Forces": [
          [
            0.0029153051569285114,
            0.0029037651120228897,
            0.0014568718209017778
          ]
        ],
        "Lattice": [
          [
            2.4020187089440013,
            -0.2587275924659689,
            -8.971141213217585e-06
          ],
          [
            -0.3995754223441694,
            2.382640044307705,
            -8.973257922051e-06
          ],
          [
            -1.0012124874758572,
            -1.0619465165774493,
            1.925220362920434
          ]
        ],
        "NumAtoms": 1,
        "Positions": [
          [
            0.0,
            0.0,
            0.0
          ]
        ],
        "Stress": [
          [
            626.6678641174982,
            205.94718539072713,
            -1.4710513242194794
          ],
          [
            205.94718539072713,
            651.6757366292295,
            -1.4710513242194794
          ],
          [
            -1.4710513242194794,
            -1.4710513242194794,
            432.489089320527
          ]
        ]
      }
    ],
    "EnergyStyle": "electronvolt",
    "ForcesStyle": "electronvoltperangstrom",
    "Label": "ASE generated",
    "LatticeStyle": "angstrom",
    "PositionsStyle": "angstrom",
    "StressStyle": "bar"
  }
}