{
  "Dataset": {
    "AtomTypeStyle": "chemicalsymbol",
    "Data": [
      {
        "AtomTypes": [
          "Cr"
        ],
        "Energy": -44.98564163159381,
        "Forces": [
          [
            -0.0007173550619970644,
            -0.0007235181177342845,
            -0.00013971384224719925
          ]
        ],
        "Lattice": [
          [
            2.402210002800581,
            -0.2585112441852828,
            -9.279122348479347e-06
          ],
          [
            -0.3993706995575737,
            2.3828437076815296,
            -9.27806399406264e-06
          ],
          [
            -1.0014106945034864,
            -1.062156730635936,
            1.9252113176944117
          ]
        ],
        "NumAtoms": 1,
        "Positions": [
          [
            0.0,
            0.0,
            0.0
          ]
        ],
        "Stress": [
          [
            -120.62620858599733,
            -83.84992548051035,
            -0.0
          ],
          [
            -83.84992548051035,
            -129.45251653131422,
            -0.0
          ],
          [
            -0.0,
            -0.0,
            -41.18943707814543
          ]
        ]
      }
    ],
    "EnergyStyle": "electronvolt",
    "ForcesStyle": "electronvoltperangstrom",
    "Label": "ASE generated",
    "LatticeStyle": "angstrom",
    "PositionsStyle": "angstrom",
    "StressStyle": "bar"
  }
}