{
  "Dataset": {
    "AtomTypeStyle": "chemicalsymbol",
    "Data": [
      {
        "AtomTypes": [
          "Cr"
        ],
        "Energy": -44.985501084671796,
        "Forces": [
          [
            -0.009221905649724783,
            -0.012173214809618431,
            0.04493421376269785
          ]
        ],
        "Lattice": [
          [
            2.402185589210074,
            -0.2547853799585431,
            -7.414831043449822e-06
          ],
          [
            -0.39564985616418674,
            2.3830386639735677,
            -7.3439212975304465e-06
          ],
          [
            -1.0032576399088033,
            -1.0641157430737291,
            1.9226376929171534
          ]
        ],
        "NumAtoms": 1,
        "Positions": [
          [
            0.0,
            0.0,
            0.0
          ]
        ],
        "Stress": [
          [
            5557.631902901193,
            -8181.987465308745,
            -2.9421026484389587
          ],
          [
            -8181.987465308745,
            4592.622234213215,
            -2.9421026484389587
          ],
          [
            -2.9421026484389587,
            -2.9421026484389587,
            13265.940841811267
          ]
        ]
      }
    ],
    "EnergyStyle": "electronvolt",
    "ForcesStyle": "electronvoltperangstrom",
    "Label": "ASE generated",
    "LatticeStyle": "angstrom",
    "PositionsStyle": "angstrom",
    "StressStyle": "bar"
  }
}