{
  "Dataset": {
    "AtomTypeStyle": "chemicalsymbol",
    "Data": [
      {
        "AtomTypes": [
          "Cr"
        ],
        "Energy": -44.165545579288846,
        "Forces": [
          [
            -3.460436094399446,
            -3.1206076982257103,
            -2.755191580016737
          ]
        ],
        "Lattice": [
          [
            2.659340625765978,
            -0.047970799250718094,
            -1.354693653385066e-07
          ],
          [
            -0.20432015100403736,
            2.6519161621098046,
            -1.345168463634702e-06
          ],
          [
            -1.2274910779909647,
            -1.3019532418402058,
            1.9678921123134703
          ]
        ],
        "NumAtoms": 1,
        "Positions": [
          [
            0.0,
            0.0,
            0.0
          ]
        ],
        "Stress": [
          [
            -742165.9877872666,
            -45068.599420112194,
            -13.239461917975316
          ],
          [
            -45068.599420112194,
            -747480.8962216715,
            -13.239461917975316
          ],
          [
            -13.239461917975316,
            -13.239461917975316,
            -699729.0991861831
          ]
        ]
      }
    ],
    "EnergyStyle": "electronvolt",
    "ForcesStyle": "electronvoltperangstrom",
    "Label": "ASE generated",
    "LatticeStyle": "angstrom",
    "PositionsStyle": "angstrom",
    "StressStyle": "bar"
  }
}