{
  "Dataset": {
    "AtomTypeStyle": "chemicalsymbol",
    "Data": [
      {
        "AtomTypes": [
          "Cr"
        ],
        "Energy": -44.36433185329133,
        "Forces": [
          [
            2.178976355615455,
            1.8827491583256046,
            2.638574522057008
          ]
        ],
        "Lattice": [
          [
            2.3594799904677277,
            0.0,
            0.0
          ],
          [
            -0.1387940509592736,
            2.355393371124238,
            0.0
          ],
          [
            -1.1103264533942938,
            -1.1776778097221952,
            1.7167977522241566
          ]
        ],
        "NumAtoms": 1,
        "Positions": [
          [
            0.0,
            0.0,
            0.0
          ]
        ],
        "Stress": [
          [
            747810.4117182967,
            -119631.77789082496,
            -0.0
          ],
          [
            -119631.77789082496,
            733716.2689809499,
            -2.9421026484389587
          ],
          [
            -0.0,
            -2.9421026484389587,
            860606.2141054737
          ]
        ]
      }
    ],
    "EnergyStyle": "electronvolt",
    "ForcesStyle": "electronvoltperangstrom",
    "Label": "ASE generated",
    "LatticeStyle": "angstrom",
    "PositionsStyle": "angstrom",
    "StressStyle": "bar"
  }
}