{
  "Dataset": {
    "AtomTypeStyle": "chemicalsymbol",
    "Data": [
      {
        "AtomTypes": [
          "Cr"
        ],
        "Energy": -45.141595516794496,
        "Forces": [
          [
            0.11655729550506252,
            0.06531622180097779,
            0.8936995510545308
          ]
        ],
        "Lattice": [
          [
            2.402210002800581,
            -0.2585112441852828,
            -9.279122348479347e-06
          ],
          [
            -0.3993706995575737,
            2.3828437076815296,
            -9.27806399406264e-06
          ],
          [
            -1.0014106945034864,
            -1.062156730635936,
            1.9252113176944117
          ]
        ],
        "NumAtoms": 1,
        "Positions": [
          [
            0.0,
            0.0,
            0.0
          ]
        ],
        "Stress": [
          [
            151736.00199059088,
            -118513.77888441818,
            1.4710513242194794
          ],
          [
            -118513.77888441818,
            137768.36966712694,
            1.4710513242194794
          ],
          [
            1.4710513242194794,
            1.4710513242194794,
            263471.17637300567
          ]
        ]
      }
    ],
    "EnergyStyle": "electronvolt",
    "ForcesStyle": "electronvoltperangstrom",
    "Label": "ASE generated",
    "LatticeStyle": "angstrom",
    "PositionsStyle": "angstrom",
    "StressStyle": "bar"
  }
}