{
  "Dataset": {
    "AtomTypeStyle": "chemicalsymbol",
    "Data": [
      {
        "AtomTypes": [
          "Cr"
        ],
        "Energy": -44.827424709650586,
        "Forces": [
          [
            -0.8977419527441335,
            -0.8744045866000981,
            0.22473720203176378
          ]
        ],
        "Lattice": [
          [
            2.480982991300334,
            -0.0742413101538031,
            4.0376220997375207e-07
          ],
          [
            -0.22005348265951583,
            2.4723208509468586,
            -2.857556925109123e-07
          ],
          [
            -1.130446740334471,
            -1.1990211663780022,
            1.8561440540997787
          ]
        ],
        "NumAtoms": 1,
        "Positions": [
          [
            0.0,
            0.0,
            0.0
          ]
        ],
        "Stress": [
          [
            -80559.18366823136,
            -154558.94948176807,
            -2.9421026484389587
          ],
          [
            -154558.94948176807,
            -98775.2122160412,
            -1.4710513242194794
          ],
          [
            -2.9421026484389587,
            -1.4710513242194794,
            65116.086866575264
          ]
        ]
      }
    ],
    "EnergyStyle": "electronvolt",
    "ForcesStyle": "electronvoltperangstrom",
    "Label": "ASE generated",
    "LatticeStyle": "angstrom",
    "PositionsStyle": "angstrom",
    "StressStyle": "bar"
  }
}