{
  "Dataset": {
    "AtomTypeStyle": "chemicalsymbol",
    "Data": [
      {
        "AtomTypes": [
          "Cr"
        ],
        "Energy": -44.95574064807943,
        "Forces": [
          [
            0.6986869145564113,
            0.7340145725425666,
            0.014607845930336311
          ]
        ],
        "Lattice": [
          [
            2.3701476362393454,
            -0.31592861015345636,
            -1.2122391488962925e-05
          ],
          [
            -0.45480264608690274,
            2.3474589845692906,
            -1.2120803957337863e-05
          ],
          [
            -0.9576663918108886,
            -1.0157587121955958,
            1.9412660779363706
          ]
        ],
        "NumAtoms": 1,
        "Positions": [
          [
            0.0,
            0.0,
            0.0
          ]
        ],
        "Stress": [
          [
            102452.84052658988,
            104073.93908587976,
            2.9421026484389587
          ],
          [
            104073.93908587976,
            114718.4664679319,
            2.9421026484389587
          ],
          [
            2.9421026484389587,
            2.9421026484389587,
            4348.427714392782
          ]
        ]
      }
    ],
    "EnergyStyle": "electronvolt",
    "ForcesStyle": "electronvoltperangstrom",
    "Label": "ASE generated",
    "LatticeStyle": "angstrom",
    "PositionsStyle": "angstrom",
    "StressStyle": "bar"
  }
}