{
  "Dataset": {
    "AtomTypeStyle": "chemicalsymbol",
    "Data": [
      {
        "AtomTypes": [
          "Ni"
        ],
        "Energy": 183.64650527007416,
        "Forces": [
          [
            -595.6581945457785,
            -596.118835415357,
            -611.3995229665294
          ]
        ],
        "Lattice": [
          [
            2.787884744759837,
            -0.021708813921636882,
            -0.08426875628039981
          ],
          [
            -0.5276291930365145,
            2.7375680320347415,
            0.08429246765275171
          ],
          [
            -0.8949179073170298,
            -1.5536908156128697,
            2.1365760206906064
          ]
        ],
        "NumAtoms": 1,
        "Positions": [
          [
            0.0,
            0.0,
            0.0
          ]
        ],
        "Stress": [
          [
            -129903833.60653341,
            2095908.3241568636,
            2670068.4823076716
          ],
          [
            2095908.3241568636,
            -139191942.80985722,
            -1398916.8514850533
          ],
          [
            2670068.4823076716,
            -1398916.8514850533,
            -135133160.68804926
          ]
        ]
      }
    ],
    "EnergyStyle": "electronvolt",
    "ForceStyle": "electronvoltperangstrom",
    "ForcesStyle": null,
    "Label": "ASE generated",
    "LatticeStyle": "angstrom",
    "PositionsStyle": "angstrom",
    "StressStyle": "bar"
  }
}