{
  "Dataset": {
    "AtomTypeStyle": "chemicalsymbol",
    "Data": [
      {
        "AtomTypes": [
          "Ni"
        ],
        "Energy": -3.684785323995129,
        "Forces": [
          [
            -0.0215667639663741,
            -0.005709263542602892,
            0.0005644880473510282
          ]
        ],
        "Lattice": [
          [
            2.2609482335763356,
            -0.00023098638062352914,
            -0.028725715346303422
          ],
          [
            -0.4107751880785958,
            2.222954712865331,
            0.028439925786451176
          ],
          [
            -0.7061014991448546,
            -1.2935681622685309,
            1.7150353954214668
          ]
        ],
        "NumAtoms": 1,
        "Positions": [
          [
            0.0,
            0.0,
            0.0
          ]
        ],
        "Stress": [
          [
            -2316.9058356456803,
            -3052.43149775542,
            -1504.8855046765275
          ],
          [
            -3052.43149775542,
            -1012.0833110630019,
            2003.571903586931
          ],
          [
            -1504.8855046765275,
            2003.571903586931,
            -311.86288073452965
          ]
        ]
      }
    ],
    "EnergyStyle": "electronvolt",
    "ForceStyle": "electronvoltperangstrom",
    "ForcesStyle": null,
    "Label": "ASE generated",
    "LatticeStyle": "angstrom",
    "PositionsStyle": "angstrom",
    "StressStyle": "bar"
  }
}