{
  "Dataset": {
    "AtomTypeStyle": "chemicalsymbol",
    "Data": [
      {
        "AtomTypes": [
          "Ni"
        ],
        "Energy": -2.2383487843417242,
        "Forces": [
          [
            6.2496115415623406,
            6.770358087596076,
            7.513077094471978
          ]
        ],
        "Lattice": [
          [
            2.1001255399725154,
            0.0007718330047756828,
            -0.004469095203403914
          ],
          [
            -0.3806220547843405,
            2.0654292234906233,
            0.004401236164090698
          ],
          [
            -0.6394757157825415,
            -1.2165023042055214,
            1.588128243258296
          ]
        ],
        "NumAtoms": 1,
        "Positions": [
          [
            0.0,
            0.0,
            0.0
          ]
        ],
        "Stress": [
          [
            2703976.215330931,
            -76538.80039913952,
            -319219.6084069513
          ],
          [
            -76538.80039913952,
            2674903.8280103817,
            266260.2896837258
          ],
          [
            -319219.6084069513,
            266260.2896837258,
            2919830.9313902766
          ]
        ]
      }
    ],
    "EnergyStyle": "electronvolt",
    "ForceStyle": "electronvoltperangstrom",
    "ForcesStyle": null,
    "Label": "ASE generated",
    "LatticeStyle": "angstrom",
    "PositionsStyle": "angstrom",
    "StressStyle": "bar"
  }
}