{
  "Dataset": {
    "AtomTypeStyle": "chemicalsymbol",
    "Data": [
      {
        "AtomTypes": [
          "Ni"
        ],
        "Energy": -1.8612140445638943,
        "Forces": [
          [
            7.022179363923049,
            7.603438423446807,
            8.500756889752726
          ]
        ],
        "Lattice": [
          [
            2.0804797741986567,
            0.0,
            0.0
          ],
          [
            -0.3778172074742503,
            2.0458855565132814,
            0.0
          ],
          [
            -0.6296967327769333,
            -1.2074189198348355,
            1.572900962727862
          ]
        ],
        "NumAtoms": 1,
        "Positions": [
          [
            0.0,
            0.0,
            0.0
          ]
        ],
        "Stress": [
          [
            3107820.9932662565,
            -95127.00493197686,
            -369448.6558724254
          ],
          [
            -95127.00493197686,
            3072604.0245644418,
            307574.7661244299
          ],
          [
            -369448.6558724254,
            307574.7661244299,
            3363322.0135646407
          ]
        ]
      }
    ],
    "EnergyStyle": "electronvolt",
    "ForceStyle": "electronvoltperangstrom",
    "ForcesStyle": null,
    "Label": "ASE generated",
    "LatticeStyle": "angstrom",
    "PositionsStyle": "angstrom",
    "StressStyle": "bar"
  }
}