{
  "Dataset": {
    "AtomTypeStyle": "chemicalsymbol",
    "Data": [
      {
        "AtomTypes": [
          "Ni"
        ],
        "Energy": -3.6847921268463324,
        "Forces": [
          [
            0.003515872232420776,
            0.004646023274178251,
            0.0013198350889338506
          ]
        ],
        "Lattice": [
          [
            2.2606558287722014,
            -0.0008697577763587138,
            -0.028993295918416224
          ],
          [
            -0.41135088843039896,
            2.2227842527154444,
            0.028717053773757092
          ],
          [
            -0.7058428219792724,
            -1.2930328714758894,
            1.7151694296582163
          ]
        ],
        "NumAtoms": 1,
        "Positions": [
          [
            0.0,
            0.0,
            0.0
          ]
        ],
        "Stress": [
          [
            498.6863989104037,
            47.07364237502334,
            575.1810677698165
          ],
          [
            47.07364237502334,
            1338.6567050397264,
            291.26816219545697
          ],
          [
            575.1810677698165,
            291.26816219545697,
            -429.546986672088
          ]
        ]
      }
    ],
    "EnergyStyle": "electronvolt",
    "ForceStyle": "electronvoltperangstrom",
    "ForcesStyle": null,
    "Label": "ASE generated",
    "LatticeStyle": "angstrom",
    "PositionsStyle": "angstrom",
    "StressStyle": "bar"
  }
}