{
  "Dataset": {
    "AtomTypeStyle": "chemicalsymbol",
    "Data": [
      {
        "AtomTypes": [
          "Ni"
        ],
        "Energy": -2.7101535090141624,
        "Forces": [
          [
            5.126846929740138,
            5.570678316014334,
            6.139381478512289
          ]
        ],
        "Lattice": [
          [
            2.129091959509697,
            0.0040997840172256024,
            -0.010853453118900383
          ],
          [
            -0.38259553968960497,
            2.0954705516951204,
            0.010322056012157799
          ],
          [
            -0.6550274454620116,
            -1.2319115000039216,
            1.6095240229315086
          ]
        ],
        "NumAtoms": 1,
        "Positions": [
          [
            0.0,
            0.0,
            0.0
          ]
        ],
        "Stress": [
          [
            2154273.7564965957,
            -56686.96277879765,
            -257141.24252488924
          ],
          [
            -56686.96277879765,
            2125338.176949199,
            218206.9271267723
          ],
          [
            -257141.24252488924,
            218206.9271267723,
            2322158.9599244683
          ]
        ]
      }
    ],
    "EnergyStyle": "electronvolt",
    "ForceStyle": "electronvoltperangstrom",
    "ForcesStyle": null,
    "Label": "ASE generated",
    "LatticeStyle": "angstrom",
    "PositionsStyle": "angstrom",
    "StressStyle": "bar"
  }
}