{
  "Dataset": {
    "AtomTypeStyle": "chemicalsymbol",
    "Data": [
      {
        "AtomTypes": [
          "Ni"
        ],
        "Energy": -3.6824752115162482,
        "Forces": [
          [
            0.36794517528881343,
            0.17698687763276266,
            0.39683644777098614
          ]
        ],
        "Lattice": [
          [
            2.2509224485369956,
            0.0007639218055107973,
            -0.031517464322958905
          ],
          [
            -0.40792533015269106,
            2.224183140074208,
            0.02573447132469353
          ],
          [
            -0.7057975635693507,
            -1.2972192728061098,
            1.7127687918520142
          ]
        ],
        "NumAtoms": 1,
        "Positions": [
          [
            0.0,
            0.0,
            0.0
          ]
        ],
        "Stress": [
          [
            112592.79730443475,
            -4010.085909822301,
            9144.055031348285
          ],
          [
            -4010.085909822301,
            34388.76680627878,
            33612.05170709089
          ],
          [
            9144.055031348285,
            33612.05170709089,
            89197.19704404812
          ]
        ]
      }
    ],
    "EnergyStyle": "electronvolt",
    "ForceStyle": "electronvoltperangstrom",
    "ForcesStyle": null,
    "Label": "ASE generated",
    "LatticeStyle": "angstrom",
    "PositionsStyle": "angstrom",
    "StressStyle": "bar"
  }
}