{
  "Dataset": {
    "AtomTypeStyle": "chemicalsymbol",
    "Data": [
      {
        "AtomTypes": [
          "Ni"
        ],
        "Energy": -1.8956106247869684,
        "Forces": [
          [
            6.9629312734494375,
            7.538748729338563,
            8.425277256405629
          ]
        ],
        "Lattice": [
          [
            2.0822093311654903,
            -5.307435728902678e-05,
            -0.00020602350417386753
          ],
          [
            -0.37818250869471726,
            2.0475774727009934,
            0.00020608171366678641
          ],
          [
            -0.6303458595075768,
            -1.2082652974127563,
            1.5742790899165144
          ]
        ],
        "NumAtoms": 1,
        "Positions": [
          [
            0.0,
            0.0,
            0.0
          ]
        ],
        "Stress": [
          [
            3075647.629754252,
            -93760.39825177698,
            -365272.3411629663
          ],
          [
            -93760.39825177698,
            3040954.3553238595,
            304110.44025589305
          ],
          [
            -365272.3411629663,
            304110.44025589305,
            3327993.244962186
          ]
        ]
      }
    ],
    "EnergyStyle": "electronvolt",
    "ForceStyle": "electronvoltperangstrom",
    "ForcesStyle": null,
    "Label": "ASE generated",
    "LatticeStyle": "angstrom",
    "PositionsStyle": "angstrom",
    "StressStyle": "bar"
  }
}