{
  "Dataset": {
    "AtomTypeStyle": "chemicalsymbol",
    "Data": [
      {
        "AtomTypes": [
          "Ni"
        ],
        "Energy": -3.68479076627591,
        "Forces": [
          [
            0.009833180237605023,
            -0.0007417185667415414,
            0.004709452713520553
          ]
        ],
        "Lattice": [
          [
            2.2604845383432757,
            -0.0009685906160312798,
            -0.028969551207900193
          ],
          [
            -0.41142070277949705,
            2.2231346669835124,
            0.028938830883423642
          ],
          [
            -0.7057103646906038,
            -1.2930331868655056,
            1.7147300998605375
          ]
        ],
        "NumAtoms": 1,
        "Positions": [
          [
            0.0,
            0.0,
            0.0
          ]
        ],
        "Stress": [
          [
            2030.0508274228819,
            917.9360263129553,
            186.8235181758739
          ],
          [
            917.9360263129553,
            -338.3418045704803,
            -847.3255627504202
          ],
          [
            186.8235181758739,
            -847.3255627504202,
            2219.8164482471943
          ]
        ]
      }
    ],
    "EnergyStyle": "electronvolt",
    "ForceStyle": "electronvoltperangstrom",
    "ForcesStyle": null,
    "Label": "ASE generated",
    "LatticeStyle": "angstrom",
    "PositionsStyle": "angstrom",
    "StressStyle": "bar"
  }
}