{
  "Dataset": {
    "AtomTypeStyle": "chemicalsymbol",
    "Data": [
      {
        "AtomTypes": [
          "Ni"
        ],
        "Energy": -3.6492291296217445,
        "Forces": [
          [
            0.014159761394936077,
            0.889786551784472,
            0.49012766737056723
          ]
        ],
        "Lattice": [
          [
            2.261395140133284,
            0.008964981061335142,
            -0.018706897454088912
          ],
          [
            -0.402195909996645,
            2.1838043483339544,
            0.04015458888226374
          ],
          [
            -0.7035893001995877,
            -1.2637166218822782,
            1.6860243281448624
          ]
        ],
        "NumAtoms": 1,
        "Positions": [
          [
            0.0,
            0.0,
            0.0
          ]
        ],
        "Stress": [
          [
            164126.66729449155,
            -48587.3541876452,
            -110949.6329752816
          ],
          [
            -48587.3541876452,
            443783.82138788415,
            -64077.524631676315
          ],
          [
            -110949.6329752816,
            -64077.524631676315,
            340327.7238581766
          ]
        ]
      }
    ],
    "EnergyStyle": "electronvolt",
    "ForceStyle": "electronvoltperangstrom",
    "ForcesStyle": null,
    "Label": "ASE generated",
    "LatticeStyle": "angstrom",
    "PositionsStyle": "angstrom",
    "StressStyle": "bar"
  }
}