{
  "Dataset": {
    "AtomTypeStyle": "chemicalsymbol",
    "Data": [
      {
        "AtomTypes": [
          "Ni"
        ],
        "Energy": -3.634225439562215,
        "Forces": [
          [
            0.7539182088705733,
            -0.7815423688332386,
            0.26311258652799885
          ]
        ],
        "Lattice": [
          [
            2.2382698791655784,
            -0.009144177926931528,
            -0.04699453556516569
          ],
          [
            -0.41484732258668494,
            2.2729667290580964,
            0.008312823598937447
          ],
          [
            -0.70846547396653,
            -1.3376954606699152,
            1.7450800844304142
          ]
        ],
        "NumAtoms": 1,
        "Positions": [
          [
            0.0,
            0.0,
            0.0
          ]
        ],
        "Stress": [
          [
            38628.33672267931,
            51380.88065233798,
            147542.03466524114
          ],
          [
            51380.88065233798,
            -492819.84622941626,
            168358.881954271
          ],
          [
            147542.03466524114,
            168358.881954271,
            -229865.00887121164
          ]
        ]
      }
    ],
    "EnergyStyle": "electronvolt",
    "ForceStyle": "electronvoltperangstrom",
    "ForcesStyle": null,
    "Label": "ASE generated",
    "LatticeStyle": "angstrom",
    "PositionsStyle": "angstrom",
    "StressStyle": "bar"
  }
}