{
  "Dataset": {
    "AtomTypeStyle": "chemicalsymbol",
    "Data": [
      {
        "AtomTypes": [
          "Ni"
        ],
        "Energy": -2.0123636196340158,
        "Forces": [
          [
            6.723831815851247,
            7.282030312162528,
            8.120795298142989
          ]
        ],
        "Lattice": [
          [
            2.0880854921614125,
            -6.003145004725079e-05,
            -0.0014658938935940623
          ],
          [
            -0.37925574516205485,
            2.053356579951018,
            0.0014501228252535017
          ],
          [
            -0.6330740220216994,
            -1.2108910704871891,
            1.578968215944797
          ]
        ],
        "NumAtoms": 1,
        "Positions": [
          [
            0.0,
            0.0,
            0.0
          ]
        ],
        "Stress": [
          [
            2950333.180597967,
            -88043.89280586007,
            -349727.74181993905
          ],
          [
            -88043.89280586007,
            2917709.6753807515,
            291250.5095795663
          ],
          [
            -349727.74181993905,
            291250.5095795663,
            3190469.0698148794
          ]
        ]
      }
    ],
    "EnergyStyle": "electronvolt",
    "ForceStyle": "electronvoltperangstrom",
    "ForcesStyle": null,
    "Label": "ASE generated",
    "LatticeStyle": "angstrom",
    "PositionsStyle": "angstrom",
    "StressStyle": "bar"
  }
}