{
  "Dataset": {
    "AtomTypeStyle": "chemicalsymbol",
    "Data": [
      {
        "AtomTypes": [
          "Ni"
        ],
        "Energy": -3.684710492621889,
        "Forces": [
          [
            -0.02360199387147162,
            -0.011407464611602691,
            -0.06761074472615093
          ]
        ],
        "Lattice": [
          [
            2.261797288352772,
            -0.0023275155703743407,
            -0.02870732167571826
          ],
          [
            -0.4129974084972292,
            2.222486642924289,
            0.029482168344695518
          ],
          [
            -0.7051201876379117,
            -1.2916340216887077,
            1.7157091792980155
          ]
        ],
        "NumAtoms": 1,
        "Positions": [
          [
            0.0,
            0.0,
            0.0
          ]
        ],
        "Stress": [
          [
            -14656.084343198674,
            6154.878740534303,
            978.2491306059541
          ],
          [
            6154.878740534303,
            -2793.5264646927917,
            -7477.353881007615
          ],
          [
            978.2491306059541,
            -7477.353881007615,
            -15871.172737003966
          ]
        ]
      }
    ],
    "EnergyStyle": "electronvolt",
    "ForceStyle": "electronvoltperangstrom",
    "ForcesStyle": null,
    "Label": "ASE generated",
    "LatticeStyle": "angstrom",
    "PositionsStyle": "angstrom",
    "StressStyle": "bar"
  }
}