{
  "Dataset": {
    "AtomTypeStyle": "chemicalsymbol",
    "Data": [
      {
        "AtomTypes": [
          "Cr"
        ],
        "Energy": -3.2059690358350963,
        "Forces": [
          [
            0.01474263062561089,
            -0.007181312674189304,
            -0.014460539624854751
          ]
        ],
        "Lattice": [
          [
            2.3159616713144255,
            3.2539106541659255e-06,
            3.3883216650877255e-06
          ],
          [
            4.5032980430886364e-06,
            2.3359432360110346,
            4.238709438911866e-06
          ],
          [
            5.256317210575726e-06,
            4.916585442812752e-06,
            2.359618109423349
          ]
        ],
        "NumAtoms": 1,
        "Positions": [
          [
            0.0,
            0.0,
            0.0
          ]
        ],
        "Stress": [
          [
            4357.254022338098,
            4.413153972658439,
            4.413153972658439
          ],
          [
            4.413153972658439,
            -2096.2481370127584,
            4.413153972658439
          ],
          [
            4.413153972658439,
            4.413153972658439,
            -4248.396224345857
          ]
        ]
      }
    ],
    "EnergyStyle": "electronvolt",
    "ForcesStyle": "electronvoltperangstrom",
    "Label": "ASE generated",
    "LatticeStyle": "angstrom",
    "PositionsStyle": "angstrom",
    "StressStyle": "bar"
  }
}