{
  "Dataset": {
    "AtomTypeStyle": "chemicalsymbol",
    "Data": [
      {
        "AtomTypes": [
          "Cr"
        ],
        "Energy": -3.198121946066749,
        "Forces": [
          [
            -0.03442246260552986,
            -0.004875256283807385,
            0.22144374699300465
          ]
        ],
        "Lattice": [
          [
            2.324446722515125,
            7.598984711956853e-07,
            1.1038636566254873e-06
          ],
          [
            9.535773294530815e-07,
            2.3449993884844202,
            7.815947367381806e-07
          ],
          [
            1.4298368169712687e-06,
            8.636172040329795e-07,
            2.3223767024576274
          ]
        ],
        "NumAtoms": 1,
        "Positions": [
          [
            0.0,
            0.0,
            0.0
          ]
        ],
        "Stress": [
          [
            -10120.83311063002,
            1.4710513242194794,
            1.4710513242194794
          ],
          [
            1.4710513242194794,
            -1437.2171437624315,
            1.4710513242194794
          ],
          [
            1.4710513242194794,
            1.4710513242194794,
            65720.68896082947
          ]
        ]
      }
    ],
    "EnergyStyle": "electronvolt",
    "ForcesStyle": "electronvoltperangstrom",
    "Label": "ASE generated",
    "LatticeStyle": "angstrom",
    "PositionsStyle": "angstrom",
    "StressStyle": "bar"
  }
}