{
  "Dataset": {
    "AtomTypeStyle": "chemicalsymbol",
    "Data": [
      {
        "AtomTypes": [
          "Cr"
        ],
        "Energy": -2.8251349051461148,
        "Forces": [
          [
            1.6979060609918373,
            0.2974999056742852,
            -0.5480080494886065
          ]
        ],
        "Lattice": [
          [
            1.9999998584662084,
            0.0,
            0.0
          ],
          [
            0.0,
            2.39999983015945,
            0.0
          ],
          [
            0.0,
            0.0,
            2.599999816006071
          ]
        ],
        "NumAtoms": 1,
        "Positions": [
          [
            0.0,
            0.0,
            0.0
          ]
        ],
        "Stress": [
          [
            566737.2331687968,
            0.0,
            1.4710513242194794
          ],
          [
            0.0,
            76384.34001009646,
            1.4710513242194794
          ],
          [
            1.4710513242194794,
            1.4710513242194794,
            -168850.2130965603
          ]
        ]
      }
    ],
    "EnergyStyle": "electronvolt",
    "ForcesStyle": "electronvoltperangstrom",
    "Label": "ASE generated",
    "LatticeStyle": "angstrom",
    "PositionsStyle": "angstrom",
    "StressStyle": "bar"
  }
}