{
  "Dataset": {
    "AtomTypeStyle": "chemicalsymbol",
    "Data": [
      {
        "AtomTypes": [
          "Cr"
        ],
        "Energy": -3.193812203275229,
        "Forces": [
          [
            0.11555786552135903,
            -0.23125522941690857,
            -0.14322142527151177
          ]
        ],
        "Lattice": [
          [
            2.284100719123879,
            4.6726347497617696e-07,
            7.990575846138474e-07
          ],
          [
            5.70982207813471e-07,
            2.386191403883155,
            4.884305633103186e-07
          ],
          [
            9.837404303292334e-07,
            5.207103730198847e-07,
            2.3747430550383952
          ]
        ],
        "NumAtoms": 1,
        "Positions": [
          [
            0.0,
            0.0,
            0.0
          ]
        ],
        "Stress": [
          [
            33969.51717887622,
            0.0,
            0.0
          ],
          [
            0.0,
            -65385.28925890744,
            0.0
          ],
          [
            0.0,
            0.0,
            -42304.4939819038
          ]
        ]
      }
    ],
    "EnergyStyle": "electronvolt",
    "ForcesStyle": "electronvoltperangstrom",
    "Label": "ASE generated",
    "LatticeStyle": "angstrom",
    "PositionsStyle": "angstrom",
    "StressStyle": "bar"
  }
}