{
  "Dataset": {
    "AtomTypeStyle": "chemicalsymbol",
    "Data": [
      {
        "AtomTypes": [
          "Ni"
        ],
        "Energy": -4.002879335880607,
        "Forces": [
          [
            -0.001637971446590052,
            -0.0016807780639886037,
            -0.0011721852397999061
          ]
        ],
        "Lattice": [
          [
            2.267408139475983,
            -2.228894401585116e-06,
            -1.5359368472461537e-05
          ],
          [
            -2.228894401585116e-06,
            2.267408213560792,
            -1.827672242211461e-05
          ],
          [
            -2.1105174600764286e-05,
            -2.4495083797477073e-05,
            2.3266644062975517
          ]
        ],
        "NumAtoms": 1,
        "Positions": [
          [
            0.0,
            0.0,
            0.0
          ]
        ],
        "Stress": [
          [
            -510.4548095041594,
            1.4710513242194794,
            -1.4710513242194794
          ],
          [
            1.4710513242194794,
            -510.4548095041594,
            -1.4710513242194794
          ],
          [
            -1.4710513242194794,
            -1.4710513242194794,
            -353.05231781267514
          ]
        ]
      }
    ],
    "EnergyStyle": "electronvolt",
    "ForcesStyle": "electronvoltperangstrom",
    "Label": "ASE generated",
    "LatticeStyle": "angstrom",
    "PositionsStyle": "angstrom",
    "StressStyle": "bar"
  }
}