{
  "Dataset": {
    "AtomTypeStyle": "chemicalsymbol",
    "Data": [
      {
        "AtomTypes": [
          "Ni"
        ],
        "Energy": -4.016811712808703,
        "Forces": [
          [
            0.3607114017121184,
            0.37012506338028195,
            0.025518685093314095
          ]
        ],
        "Lattice": [
          [
            2.2673158139284415,
            -1.935730228157254e-06,
            -1.5671053848181772e-05
          ],
          [
            -1.935730228157254e-06,
            2.267315821866099,
            -1.8665138493046107e-05
          ],
          [
            -2.1645464530493255e-05,
            -2.5167668029294423e-05,
            2.3264870626105387
          ]
        ],
        "NumAtoms": 1,
        "Positions": [
          [
            0.0,
            0.0,
            0.0
          ]
        ],
        "Stress": [
          [
            112426.56850479795,
            -0.0,
            -5.8842052968779175
          ],
          [
            -0.0,
            112426.56850479795,
            -5.8842052968779175
          ],
          [
            -5.8842052968779175,
            -5.8842052968779175,
            7762.737837906193
          ]
        ]
      }
    ],
    "EnergyStyle": "electronvolt",
    "ForcesStyle": "electronvoltperangstrom",
    "Label": "ASE generated",
    "LatticeStyle": "angstrom",
    "PositionsStyle": "angstrom",
    "StressStyle": "bar"
  }
}