{
  "Dataset": {
    "AtomTypeStyle": "chemicalsymbol",
    "Data": [
      {
        "AtomTypes": [
          "Ni"
        ],
        "Energy": -4.002874845998122,
        "Forces": [
          [
            0.007468044997587172,
            0.0076671286406495625,
            -0.0017969075615926467
          ]
        ],
        "Lattice": [
          [
            2.2667534414338077,
            -2.638477560850757e-06,
            -1.5014344932615028e-05
          ],
          [
            -2.638477560850757e-06,
            2.266753485884693,
            -1.785496818705684e-05
          ],
          [
            -2.0522021317158685e-05,
            -2.378069456619979e-05,
            2.3271807065077175
          ]
        ],
        "NumAtoms": 1,
        "Positions": [
          [
            0.0,
            0.0,
            0.0
          ]
        ],
        "Stress": [
          [
            2328.674246239436,
            1.4710513242194794,
            -1.4710513242194794
          ],
          [
            1.4710513242194794,
            2328.674246239436,
            -1.4710513242194794
          ],
          [
            -1.4710513242194794,
            -1.4710513242194794,
            -542.817938636988
          ]
        ]
      }
    ],
    "EnergyStyle": "electronvolt",
    "ForcesStyle": "electronvoltperangstrom",
    "Label": "ASE generated",
    "LatticeStyle": "angstrom",
    "PositionsStyle": "angstrom",
    "StressStyle": "bar"
  }
}