{
  "Dataset": {
    "AtomTypeStyle": "chemicalsymbol",
    "Data": [
      {
        "AtomTypes": [
          "Ni"
        ],
        "Energy": -3.762069804291059,
        "Forces": [
          [
            -0.35148816811743694,
            -0.4196227977769249,
            -1.0915770157575813
          ]
        ],
        "Lattice": [
          [
            2.278322277578783,
            -1.6245740296453718e-06,
            -5.082747086235764e-06
          ],
          [
            -1.6245740296453718e-06,
            2.278327193105871,
            -7.705349330835915e-06
          ],
          [
            -6.777172507383804e-06,
            -1.0273446322975651e-05,
            2.7210362561110335
          ]
        ],
        "NumAtoms": 1,
        "Positions": [
          [
            0.0,
            0.0,
            0.0
          ]
        ],
        "Stress": [
          [
            -108467.96939132332,
            -5.8842052968779175,
            -16.181564566414277
          ],
          [
            -5.8842052968779175,
            -108428.25100556939,
            -13.239461917975316
          ],
          [
            -16.181564566414277,
            -13.239461917975316,
            -282078.5045730579
          ]
        ]
      }
    ],
    "EnergyStyle": "electronvolt",
    "ForcesStyle": "electronvoltperangstrom",
    "Label": "ASE generated",
    "LatticeStyle": "angstrom",
    "PositionsStyle": "angstrom",
    "StressStyle": "bar"
  }
}