{
  "Dataset": {
    "AtomTypeStyle": "chemicalsymbol",
    "Data": [
      {
        "AtomTypes": [
          "Ni"
        ],
        "Energy": -2.657108542750393,
        "Forces": [
          [
            -0.07363818492906882,
            -0.16847947110390638,
            -1.9259333279342483
          ]
        ],
        "Lattice": [
          [
            4.035839830899786,
            0.0,
            0.0
          ],
          [
            -1.5541333096023822,
            4.355131263281591,
            0.0
          ],
          [
            -1.002970771415891,
            -1.2976637600283627,
            1.1552672232747254
          ]
        ],
        "NumAtoms": 1,
        "Positions": [
          [
            0.0,
            0.0,
            0.0
          ]
        ],
        "Stress": [
          [
            10690.129973102958,
            153062.89028503688,
            -170465.42745055328
          ],
          [
            153062.89028503688,
            63468.50938344945,
            -248956.31295693206
          ],
          [
            -170465.42745055328,
            -248956.31295693206,
            -20643.263232771955
          ]
        ]
      }
    ],
    "EnergyStyle": "electronvolt",
    "ForcesStyle": "electronvoltperangstrom",
    "Label": "ASE generated",
    "LatticeStyle": "angstrom",
    "PositionsStyle": "angstrom",
    "StressStyle": "bar"
  }
}