{
  "Dataset": {
    "AtomTypeStyle": "chemicalsymbol",
    "Data": [
      {
        "AtomTypes": [
          "Cr"
        ],
        "Energy": -4.258520717487954,
        "Forces": [
          [
            0.001401301558523408,
            -0.012939788805136118,
            -0.0004295047156793781
          ]
        ],
        "Lattice": [
          [
            2.431878541537109,
            0.32979020286387495,
            0.06172008944480269
          ],
          [
            0.49496262358067916,
            2.348711885165699,
            -0.49916143094137233
          ],
          [
            0.8572069682936401,
            -0.5573834521306696,
            2.246053826657994
          ]
        ],
        "NumAtoms": 1,
        "Positions": [
          [
            0.0,
            0.0,
            0.0
          ]
        ],
        "Stress": [
          [
            5.8842052968779175,
            144.16302977350898,
            244.1945198204336
          ],
          [
            144.16302977350898,
            -3620.257308904139,
            -155.93144036726483
          ],
          [
            244.1945198204336,
            -155.93144036726483,
            -208.88928803916608
          ]
        ]
      }
    ],
    "EnergyStyle": "electronvolt",
    "ForcesStyle": "electronvoltperangstrom",
    "Label": "ASE generated",
    "LatticeStyle": "angstrom",
    "PositionsStyle": "angstrom",
    "StressStyle": "bar"
  }
}