{
  "Dataset": {
    "AtomTypeStyle": "chemicalsymbol",
    "Data": [
      {
        "AtomTypes": [
          "Cr"
        ],
        "Energy": -3.9816292671248448,
        "Forces": [
          [
            -0.3407383681149779,
            -0.3457528983358456,
            -0.19734544288534187
          ]
        ],
        "Lattice": [
          [
            2.5778821375478174,
            0.41605531826354747,
            0.15901859144364602
          ],
          [
            0.6123141048571077,
            2.273098454494686,
            -0.18472871267909716
          ],
          [
            0.9686132933913665,
            -0.18482180765029954,
            2.169475364087675
          ]
        ],
        "NumAtoms": 1,
        "Positions": [
          [
            0.0,
            0.0,
            0.0
          ]
        ],
        "Stress": [
          [
            3584.9520771228717,
            -47887.13375731672,
            -52298.81667865094
          ],
          [
            -47887.13375731672,
            3342.228608626657,
            -53977.286239585366
          ],
          [
            -52298.81667865094,
            -53977.286239585366,
            49689.17162948557
          ]
        ]
      }
    ],
    "EnergyStyle": "electronvolt",
    "ForcesStyle": "electronvoltperangstrom",
    "Label": "ASE generated",
    "LatticeStyle": "angstrom",
    "PositionsStyle": "angstrom",
    "StressStyle": "bar"
  }
}