{
  "Dataset": {
    "AtomTypeStyle": "chemicalsymbol",
    "Data": [
      {
        "AtomTypes": [
          "Cr"
        ],
        "Energy": -3.498734533141487,
        "Forces": [
          [
            1.1303722773982825,
            0.3203459248624716,
            -0.42142656605598955
          ]
        ],
        "Lattice": [
          [
            2.2786860477504125,
            0.044034446851697606,
            0.05579672425436341
          ],
          [
            0.19736347047485867,
            2.2509080305747773,
            -0.005925798347243291
          ],
          [
            0.777002809979528,
            -0.028194988177906614,
            2.4405465859206985
          ]
        ],
        "NumAtoms": 1,
        "Positions": [
          [
            0.0,
            0.0,
            0.0
          ]
        ],
        "Stress": [
          [
            175218.39427910643,
            108273.79061652637,
            70089.71139376133
          ],
          [
            108273.79061652637,
            12718.70974920162,
            -32304.28707985977
          ],
          [
            70089.71139376133,
            -32304.28707985977,
            -160107.75507672393
          ]
        ]
      }
    ],
    "EnergyStyle": "electronvolt",
    "ForcesStyle": "electronvoltperangstrom",
    "Label": "ASE generated",
    "LatticeStyle": "angstrom",
    "PositionsStyle": "angstrom",
    "StressStyle": "bar"
  }
}