{
  "Dataset": {
    "AtomTypeStyle": "chemicalsymbol",
    "Data": [
      {
        "AtomTypes": [
          "Cr"
        ],
        "Energy": -4.257677844126647,
        "Forces": [
          [
            0.08110060632469952,
            0.0020625893820774843,
            0.03857672222513937
          ]
        ],
        "Lattice": [
          [
            2.4272915281888365,
            0.3256952534096248,
            0.060969730451142
          ],
          [
            0.4903685769381299,
            2.34537487516862,
            -0.49027095803097337
          ],
          [
            0.8538884197018282,
            -0.5488031956000604,
            2.2348659954571475
          ]
        ],
        "NumAtoms": 1,
        "Positions": [
          [
            0.0,
            0.0,
            0.0
          ]
        ],
        "Stress": [
          [
            16659.656246785606,
            6119.573508753036,
            120.62620858599733
          ],
          [
            6119.573508753036,
            6677.101960632218,
            -12214.139144994338
          ],
          [
            120.62620858599733,
            -12214.139144994338,
            23013.126916089543
          ]
        ]
      }
    ],
    "EnergyStyle": "electronvolt",
    "ForcesStyle": "electronvoltperangstrom",
    "Label": "ASE generated",
    "LatticeStyle": "angstrom",
    "PositionsStyle": "angstrom",
    "StressStyle": "bar"
  }
}