{
  "Dataset": {
    "AtomTypeStyle": "chemicalsymbol",
    "Data": [
      {
        "AtomTypes": [
          "Cr"
        ],
        "Energy": -3.826512268775332,
        "Forces": [
          [
            0.8426603659687499,
            0.4386126997421733,
            -0.20021518209399822
          ]
        ],
        "Lattice": [
          [
            2.442074056461788,
            0.23311688881100553,
            0.1282738655476663
          ],
          [
            0.4082971766268746,
            2.2382479701707982,
            -0.07809617455450922
          ],
          [
            0.9062494424097539,
            -0.0783301354402209,
            2.223483350842109
          ]
        ],
        "NumAtoms": 1,
        "Positions": [
          [
            0.0,
            0.0,
            0.0
          ]
        ],
        "Stress": [
          [
            100480.16070081157,
            147213.9902199402,
            3021.5394199468114
          ],
          [
            147213.9902199402,
            77430.25750161654,
            -96149.38560230941
          ],
          [
            3021.5394199468114,
            -96149.38560230941,
            33225.16520882116
          ]
        ]
      }
    ],
    "EnergyStyle": "electronvolt",
    "ForcesStyle": "electronvoltperangstrom",
    "Label": "ASE generated",
    "LatticeStyle": "angstrom",
    "PositionsStyle": "angstrom",
    "StressStyle": "bar"
  }
}