{
  "Dataset": {
    "AtomTypeStyle": "chemicalsymbol",
    "Data": [
      {
        "AtomTypes": [
          "Cr"
        ],
        "Energy": -4.2585345953057185,
        "Forces": [
          [
            0.000203830096486639,
            0.0002566578715149357,
            -0.00011006890310146665
          ]
        ],
        "Lattice": [
          [
            2.4333356780770825,
            0.3294181299018462,
            0.06219398033513629
          ],
          [
            0.495428842459846,
            2.346206854984074,
            -0.4987694508619425
          ],
          [
            0.8580039716123311,
            -0.5571121673180983,
            2.2465675899926225
          ]
        ],
        "NumAtoms": 1,
        "Positions": [
          [
            0.0,
            0.0,
            0.0
          ]
        ],
        "Stress": [
          [
            95.61833607426618,
            -38.24733442970647,
            -0.0
          ],
          [
            -38.24733442970647,
            160.34459433992328,
            -50.0157450234623
          ],
          [
            -0.0,
            -50.0157450234623,
            19.123667214853235
          ]
        ]
      }
    ],
    "EnergyStyle": "electronvolt",
    "ForcesStyle": "electronvoltperangstrom",
    "Label": "ASE generated",
    "LatticeStyle": "angstrom",
    "PositionsStyle": "angstrom",
    "StressStyle": "bar"
  }
}