{
  "Dataset": {
    "AtomTypeStyle": "chemicalsymbol",
    "Data": [
      {
        "AtomTypes": [
          "Cr"
        ],
        "Energy": -4.23926034688202,
        "Forces": [
          [
            0.4955357410739861,
            0.3159706743084807,
            0.3479572882889603
          ]
        ],
        "Lattice": [
          [
            2.41141103129336,
            0.3104906830292141,
            0.05145754893491399
          ],
          [
            0.47832693683280736,
            2.3080278798869838,
            -0.46715292403640263
          ],
          [
            0.8373567993562196,
            -0.5244568190649661,
            2.199049837342001
          ]
        ],
        "NumAtoms": 1,
        "Positions": [
          [
            0.0,
            0.0,
            0.0
          ]
        ],
        "Stress": [
          [
            102349.8669338945,
            23898.699813269664,
            16949.453357656846
          ],
          [
            23898.699813269664,
            106112.81622124794,
            -37866.332136733625
          ],
          [
            16949.453357656846,
            -37866.332136733625,
            121873.66010893547
          ]
        ]
      }
    ],
    "EnergyStyle": "electronvolt",
    "ForcesStyle": "electronvoltperangstrom",
    "Label": "ASE generated",
    "LatticeStyle": "angstrom",
    "PositionsStyle": "angstrom",
    "StressStyle": "bar"
  }
}