{
  "Dataset": {
    "AtomTypeStyle": "chemicalsymbol",
    "Data": [
      {
        "AtomTypes": [
          "Cr"
        ],
        "Energy": -4.258468743698359,
        "Forces": [
          [
            0.013025483824727806,
            -0.01819345495546309,
            0.006762222676145976
          ]
        ],
        "Lattice": [
          [
            2.430674359640387,
            0.3292081455062678,
            0.06158925567180936
          ],
          [
            0.4938737023008859,
            2.350070981573458,
            -0.49806825507682395
          ],
          [
            0.8566121704655646,
            -0.5564179450302315,
            2.243917559434959
          ]
        ],
        "NumAtoms": 1,
        "Positions": [
          [
            0.0,
            0.0,
            0.0
          ]
        ],
        "Stress": [
          [
            2278.6585012159735,
            1468.1092215710405,
            -82.37887415629086
          ],
          [
            1468.1092215710405,
            -4597.035388185874,
            -1980.0350823994195
          ],
          [
            -82.37887415629086,
            -1980.0350823994195,
            3964.483318771497
          ]
        ]
      }
    ],
    "EnergyStyle": "electronvolt",
    "ForcesStyle": "electronvoltperangstrom",
    "Label": "ASE generated",
    "LatticeStyle": "angstrom",
    "PositionsStyle": "angstrom",
    "StressStyle": "bar"
  }
}