{
  "Dataset": {
    "AtomTypeStyle": "chemicalsymbol",
    "Data": [
      {
        "AtomTypes": [
          "Cr"
        ],
        "Energy": -3.59427718788902,
        "Forces": [
          [
            1.5341896883205999,
            1.0462766994962451,
            0.43173917441359355
          ]
        ],
        "Lattice": [
          [
            2.3334567376152457,
            0.11624377473491602,
            0.1127675652023561
          ],
          [
            0.27605886360384185,
            2.1960588420336786,
            -0.025405351676666875
          ],
          [
            0.8608712574604157,
            -0.03414589016273699,
            2.2197950153338084
          ]
        ],
        "NumAtoms": 1,
        "Positions": [
          [
            0.0,
            0.0,
            0.0
          ]
        ],
        "Stress": [
          [
            306614.1696097146,
            181508.60974146894,
            -6085.739328295986
          ],
          [
            181508.60974146894,
            213802.59946205915,
            -77194.8892897414
          ],
          [
            -6085.739328295986,
            -77194.8892897414,
            219108.6815885188
          ]
        ]
      }
    ],
    "EnergyStyle": "electronvolt",
    "ForcesStyle": "electronvoltperangstrom",
    "Label": "ASE generated",
    "LatticeStyle": "angstrom",
    "PositionsStyle": "angstrom",
    "StressStyle": "bar"
  }
}