{
  "Dataset": {
    "AtomTypeStyle": "chemicalsymbol",
    "Data": [
      {
        "AtomTypes": [
          "Cr"
        ],
        "Energy": -4.065600950925273,
        "Forces": [
          [
            -0.27714058917273526,
            -0.4836580099821174,
            -0.5240486822023331
          ]
        ],
        "Lattice": [
          [
            2.52796067892154,
            0.3734436754637221,
            0.10233298177355077
          ],
          [
            0.5524096536356213,
            2.257918395602566,
            -0.24780334443260335
          ],
          [
            0.876107300126116,
            -0.28338983011413466,
            2.2019661043616683
          ]
        ],
        "NumAtoms": 1,
        "Positions": [
          [
            0.0,
            0.0,
            0.0
          ]
        ],
        "Stress": [
          [
            -19370.80383732211,
            -42567.812168939075,
            -18018.907670364406
          ],
          [
            -42567.812168939075,
            49586.19803679022,
            -147015.39829117054
          ],
          [
            -18018.907670364406,
            -147015.39829117054,
            16165.383001847862
          ]
        ]
      }
    ],
    "EnergyStyle": "electronvolt",
    "ForcesStyle": "electronvoltperangstrom",
    "Label": "ASE generated",
    "LatticeStyle": "angstrom",
    "PositionsStyle": "angstrom",
    "StressStyle": "bar"
  }
}