{
  "Dataset": {
    "AtomTypeStyle": "chemicalsymbol",
    "Data": [
      {
        "AtomTypes": [
          "Cr"
        ],
        "Energy": -4.007508540601066,
        "Forces": [
          [
            -0.5595208527649441,
            -0.5794703894949581,
            -0.4635548092189262
          ]
        ],
        "Lattice": [
          [
            2.582316500205151,
            0.4154675489671534,
            0.1454537475530647
          ],
          [
            0.6060721416490755,
            2.2756349590783094,
            -0.20973896318915944
          ],
          [
            0.940696667771193,
            -0.22557928548015446,
            2.1870842802189867
          ]
        ],
        "NumAtoms": 1,
        "Positions": [
          [
            0.0,
            0.0,
            0.0
          ]
        ],
        "Stress": [
          [
            -48544.693699242824,
            -61036.86154451464,
            -48378.46489960602
          ],
          [
            -61036.86154451464,
            -9285.275958473356,
            -94295.86093379286
          ],
          [
            -48378.46489960602,
            -94295.86093379286,
            11799.302671564446
          ]
        ]
      }
    ],
    "EnergyStyle": "electronvolt",
    "ForcesStyle": "electronvoltperangstrom",
    "Label": "ASE generated",
    "LatticeStyle": "angstrom",
    "PositionsStyle": "angstrom",
    "StressStyle": "bar"
  }
}