{
  "Dataset": {
    "AtomTypeStyle": "chemicalsymbol",
    "Data": [
      {
        "AtomTypes": [
          "Cr"
        ],
        "Energy": -3.7071714690318913,
        "Forces": [
          [
            1.0881832086838974,
            0.67040875500674,
            -0.039743692681040554
          ]
        ],
        "Lattice": [
          [
            2.3820782232157227,
            0.1597451358753992,
            0.11636057525752103
          ],
          [
            0.3258181018985441,
            2.220951734797536,
            -0.044205149364745504
          ],
          [
            0.8777994860693183,
            -0.049766341440369954,
            2.2418096846858613
          ]
        ],
        "NumAtoms": 1,
        "Positions": [
          [
            0.0,
            0.0,
            0.0
          ]
        ],
        "Stress": [
          [
            172368.9678640933,
            169285.64428852923,
            -9383.83639719606
          ],
          [
            169285.64428852923,
            116538.15695599139,
            -87131.84098484399
          ],
          [
            -9383.83639719606,
            -87131.84098484399,
            84403.04077841685
          ]
        ]
      }
    ],
    "EnergyStyle": "electronvolt",
    "ForcesStyle": "electronvoltperangstrom",
    "Label": "ASE generated",
    "LatticeStyle": "angstrom",
    "PositionsStyle": "angstrom",
    "StressStyle": "bar"
  }
}