{
  "Dataset": {
    "AtomTypeStyle": "chemicalsymbol",
    "Data": [
      {
        "AtomTypes": [
          "Cr"
        ],
        "Energy": -4.2585345953057185,
        "Forces": [
          [
            -0.0004599243202775445,
            -0.0003457024391833828,
            -0.0007128271819904508
          ]
        ],
        "Lattice": [
          [
            2.4333356780770825,
            0.3294181299018462,
            0.06219398033513629
          ],
          [
            0.495428842459846,
            2.346206854984074,
            -0.4987694508619425
          ],
          [
            0.8580039716123311,
            -0.5571121673180983,
            2.2465675899926225
          ]
        ],
        "NumAtoms": 1,
        "Positions": [
          [
            0.0,
            0.0,
            0.0
          ]
        ],
        "Stress": [
          [
            -89.73413077738826,
            -36.77628310548699,
            -2.9421026484389587
          ],
          [
            -36.77628310548699,
            -10.297359269536358,
            -50.0157450234623
          ],
          [
            -2.9421026484389587,
            -50.0157450234623,
            -147.10513242194796
          ]
        ]
      }
    ],
    "EnergyStyle": "electronvolt",
    "ForcesStyle": "electronvoltperangstrom",
    "Label": "ASE generated",
    "LatticeStyle": "angstrom",
    "PositionsStyle": "angstrom",
    "StressStyle": "bar"
  }
}