{
  "Dataset": {
    "AtomTypeStyle": "chemicalsymbol",
    "Data": [
      {
        "AtomTypes": [
          "Cr"
        ],
        "Energy": -4.1165582579710644,
        "Forces": [
          [
            0.02733225908970853,
            -0.2965797622182489,
            -0.30344828378261696
          ]
        ],
        "Lattice": [
          [
            2.4864987397540137,
            0.3487082907084001,
            0.08280636659827946
          ],
          [
            0.52610141821853,
            2.2522455894701556,
            -0.29870430266306225
          ],
          [
            0.856620898185262,
            -0.3397922140879521,
            2.184057805166376
          ]
        ],
        "NumAtoms": 1,
        "Positions": [
          [
            0.0,
            0.0,
            0.0
          ]
        ],
        "Stress": [
          [
            46321.93514834719,
            -29106.221501006625,
            -9226.433905504575
          ],
          [
            -29106.221501006625,
            108559.17457342494,
            -166752.49390822335
          ],
          [
            -9226.433905504575,
            -166752.49390822335,
            88173.34532239138
          ]
        ]
      }
    ],
    "EnergyStyle": "electronvolt",
    "ForcesStyle": "electronvoltperangstrom",
    "Label": "ASE generated",
    "LatticeStyle": "angstrom",
    "PositionsStyle": "angstrom",
    "StressStyle": "bar"
  }
}