{
  "Dataset": {
    "AtomTypeStyle": "chemicalsymbol",
    "Data": [
      {
        "AtomTypes": [
          "Cr"
        ],
        "Energy": -4.175610550711099,
        "Forces": [
          [
            0.5117115503674913,
            0.1700718916512044,
            0.15985785376498218
          ]
        ],
        "Lattice": [
          [
            2.435586002038897,
            0.3168165721549596,
            0.05589050503922782
          ],
          [
            0.492727824090626,
            2.251543975635043,
            -0.37955176212981295
          ],
          [
            0.8331530515971092,
            -0.4279543758034969,
            2.1688080673945236
          ]
        ],
        "NumAtoms": 1,
        "Positions": [
          [
            0.0,
            0.0,
            0.0
          ]
        ],
        "Stress": [
          [
            132138.656249339,
            3030.365727892128,
            16159.498796550983
          ],
          [
            3030.365727892128,
            190960.11449957907,
            -143000.8992273756
          ],
          [
            16159.498796550983,
            -143000.8992273756,
            173897.39018995737
          ]
        ]
      }
    ],
    "EnergyStyle": "electronvolt",
    "ForcesStyle": "electronvoltperangstrom",
    "Label": "ASE generated",
    "LatticeStyle": "angstrom",
    "PositionsStyle": "angstrom",
    "StressStyle": "bar"
  }
}