{
  "Dataset": {
    "AtomTypeStyle": "chemicalsymbol",
    "Data": [
      {
        "AtomTypes": [
          "Cr"
        ],
        "Energy": -42.178275095555364,
        "Forces": [
          [
            -0.8994505132097652,
            1.3628943917320933,
            1.322235911755369
          ]
        ],
        "Lattice": [
          [
            4.0564597500004895,
            0.0,
            0.0
          ],
          [
            -0.5827834593630703,
            3.2950500855461478,
            0.0
          ],
          [
            -3.767603307662705,
            -1.2615711516294021,
            1.211299445947646
          ]
        ],
        "NumAtoms": 1,
        "Positions": [
          [
            0.0,
            0.0,
            0.0
          ]
        ],
        "Stress": [
          [
            -48671.2041131257,
            -177925.1287156703,
            118781.51022542609
          ],
          [
            -177925.1287156703,
            786234.2723069094,
            -449619.4819910628
          ],
          [
            118781.51022542609,
            -449619.4819910628,
            629442.2669149763
          ]
        ]
      }
    ],
    "EnergyStyle": "electronvolt",
    "ForcesStyle": "electronvoltperangstrom",
    "Label": "ASE generated",
    "LatticeStyle": "angstrom",
    "PositionsStyle": "angstrom",
    "StressStyle": "bar"
  }
}