{
  "Dataset": {
    "AtomTypeStyle": "chemicalsymbol",
    "Data": [
      {
        "AtomTypes": [
          "Ni"
        ],
        "Energy": -4.620134070170025,
        "Forces": [
          [
            -0.04010150977937453,
            -0.04005544680179403,
            -0.03997006715639924
          ]
        ],
        "Lattice": [
          [
            2.411510837819096,
            2.80781426752389e-06,
            1.7722144707760098e-06
          ],
          [
            -0.8038255432292131,
            2.273597534220137,
            -1.6919912059896132e-05
          ],
          [
            -0.8038280668753197,
            -1.1367957402164366,
            1.9689594521591751
          ]
        ],
        "NumAtoms": 1,
        "Positions": [
          [
            0.0,
            0.0,
            0.0
          ]
        ],
        "Stress": [
          [
            -11728.69220800191,
            13.239461917975316,
            -2.9421026484389587
          ],
          [
            13.239461917975316,
            -11718.394848732374,
            -0.0
          ],
          [
            -2.9421026484389587,
            -0.0,
            -11677.205411654228
          ]
        ]
      }
    ],
    "EnergyStyle": "electronvolt",
    "ForcesStyle": "electronvoltperangstrom",
    "Label": "ASE generated",
    "LatticeStyle": "angstrom",
    "PositionsStyle": "angstrom",
    "StressStyle": "bar"
  }
}