{
  "Dataset": {
    "AtomTypeStyle": "chemicalsymbol",
    "Data": [
      {
        "AtomTypes": [
          "Ni"
        ],
        "Energy": -4.631087342155297,
        "Forces": [
          [
            -0.0006443626979362213,
            -0.000609112613172939,
            -0.0005638095115260346
          ]
        ],
        "Lattice": [
          [
            2.411510837819096,
            2.80781426752389e-06,
            1.7722144707760098e-06
          ],
          [
            -0.8038255432292131,
            2.273597534220137,
            -1.6919912059896132e-05
          ],
          [
            -0.8038280668753197,
            -1.1367957402164366,
            1.9689594521591751
          ]
        ],
        "NumAtoms": 1,
        "Positions": [
          [
            0.0,
            0.0,
            0.0
          ]
        ],
        "Stress": [
          [
            -204.47613406650768,
            16.181564566414277,
            0.0
          ],
          [
            16.181564566414277,
            -192.7077234727518,
            -1.4710513242194794
          ],
          [
            0.0,
            -1.4710513242194794,
            -163.28669698836222
          ]
        ]
      }
    ],
    "EnergyStyle": "electronvolt",
    "ForcesStyle": "electronvoltperangstrom",
    "Label": "ASE generated",
    "LatticeStyle": "angstrom",
    "PositionsStyle": "angstrom",
    "StressStyle": "bar"
  }
}