{
  "Dataset": {
    "AtomTypeStyle": "chemicalsymbol",
    "Data": [
      {
        "AtomTypes": [
          "Ni"
        ],
        "Energy": -2.734432071417359,
        "Forces": [
          [
            -0.9986422566008905,
            2.1077478766976085,
            3.262702707490815
          ]
        ],
        "Lattice": [
          [
            4.010109647498012,
            0.0,
            0.0
          ],
          [
            0.1982197198758267,
            3.0166731541943865,
            0.0
          ],
          [
            -0.3672538617371629,
            -1.614562376604592,
            1.3648167578680632
          ]
        ],
        "NumAtoms": 1,
        "Positions": [
          [
            0.0,
            0.0,
            0.0
          ]
        ],
        "Stress": [
          [
            -45309.851837284186,
            -3693.809875115113,
            -83258.56284817412
          ],
          [
            -3693.809875115113,
            569789.6646665521,
            237827.80968921172
          ],
          [
            -83258.56284817412,
            237827.80968921172,
            462026.3288595299
          ]
        ]
      }
    ],
    "EnergyStyle": "electronvolt",
    "ForcesStyle": "electronvoltperangstrom",
    "Label": "ASE generated",
    "LatticeStyle": "angstrom",
    "PositionsStyle": "angstrom",
    "StressStyle": "bar"
  }
}