{
  "Dataset": {
    "AtomTypeStyle": "chemicalsymbol",
    "Data": [
      {
        "AtomTypes": [
          "Ni"
        ],
        "Energy": -3.529479750588507,
        "Forces": [
          [
            -0.3999001997708699,
            -0.6844469060813517,
            -0.6106315202339004
          ]
        ],
        "Lattice": [
          [
            2.3051309310104853,
            -0.1302896512914349,
            9.81888310099996e-06
          ],
          [
            -0.5438387868253972,
            2.243847526535674,
            -1.846193444503835e-05
          ],
          [
            1.582769030185442e-05,
            -2.7806145590145182e-05,
            3.447598813771113
          ]
        ],
        "NumAtoms": 1,
        "Positions": [
          [
            0.0,
            0.0,
            0.0
          ]
        ],
        "Stress": [
          [
            -92376.13895568645,
            -33213.39679822741,
            -2.9421026484389587
          ],
          [
            -33213.39679822741,
            -104556.44392022373,
            2.9421026484389587
          ],
          [
            -2.9421026484389587,
            2.9421026484389587,
            -122909.28024118596
          ]
        ]
      }
    ],
    "EnergyStyle": "electronvolt",
    "ForcesStyle": "electronvoltperangstrom",
    "Label": "ASE generated",
    "LatticeStyle": "angstrom",
    "PositionsStyle": "angstrom",
    "StressStyle": "bar"
  }
}