{
  "Dataset": {
    "AtomTypeStyle": "chemicalsymbol",
    "Data": [
      {
        "AtomTypes": [
          "Ni"
        ],
        "Energy": -4.265828613207304,
        "Forces": [
          [
            0.00446709425572503,
            0.005212238181062428,
            0.01067734971343079
          ]
        ],
        "Lattice": [
          [
            2.274934307816538,
            -0.2829948241994275,
            0.0017143198382960907
          ],
          [
            -0.6888856330892882,
            2.186524526622357,
            0.001080613726799266
          ],
          [
            0.002817271193414376,
            0.0022499217871362522,
            2.356127007785791
          ]
        ],
        "NumAtoms": 1,
        "Positions": [
          [
            0.0,
            0.0,
            0.0
          ]
        ],
        "Stress": [
          [
            353.05231781267514,
            194.1787747969713,
            950.2991554457839
          ],
          [
            194.1787747969713,
            398.654908863479,
            953.2412580942226
          ],
          [
            950.2991554457839,
            953.2412580942226,
            1263.633087504533
          ]
        ]
      }
    ],
    "EnergyStyle": "electronvolt",
    "ForcesStyle": "electronvoltperangstrom",
    "Label": "ASE generated",
    "LatticeStyle": "angstrom",
    "PositionsStyle": "angstrom",
    "StressStyle": "bar"
  }
}