{
  "Dataset": {
    "AtomTypeStyle": "chemicalsymbol",
    "Data": [
      {
        "AtomTypes": [
          "Ni"
        ],
        "Energy": -4.266400597002757,
        "Forces": [
          [
            -0.016970380027309075,
            -0.026193007772031422,
            0.0323444401525402
          ]
        ],
        "Lattice": [
          [
            2.2790661112882873,
            -0.2713000629292439,
            0.015992881434277312
          ],
          [
            -0.6781386308451518,
            2.1925543913718637,
            0.011915822403087245
          ],
          [
            0.022704057606121306,
            0.022284134324204435,
            2.363518818562323
          ]
        ],
        "NumAtoms": 1,
        "Positions": [
          [
            0.0,
            0.0,
            0.0
          ]
        ],
        "Stress": [
          [
            -7472.940727034957,
            -8477.668781476861,
            10301.772423509015
          ],
          [
            -8477.668781476861,
            -10460.64596652472,
            11202.055833931336
          ],
          [
            10301.772423509015,
            11202.055833931336,
            -11950.820957959053
          ]
        ]
      }
    ],
    "EnergyStyle": "electronvolt",
    "ForcesStyle": "electronvoltperangstrom",
    "Label": "ASE generated",
    "LatticeStyle": "angstrom",
    "PositionsStyle": "angstrom",
    "StressStyle": "bar"
  }
}