{
  "Dataset": {
    "AtomTypeStyle": "chemicalsymbol",
    "Data": [
      {
        "AtomTypes": [
          "Ni"
        ],
        "Energy": -4.2659464386033505,
        "Forces": [
          [
            -0.005949685182524379,
            -0.009856357200781315,
            0.013497971849064993
          ]
        ],
        "Lattice": [
          [
            2.276598820966807,
            -0.27829435102426586,
            0.007161628745265194
          ],
          [
            -0.6845666591097677,
            2.1889529113063015,
            0.005206079243123474
          ],
          [
            0.010402365003651949,
            0.009881726069555192,
            2.359144759881299
          ]
        ],
        "NumAtoms": 1,
        "Positions": [
          [
            0.0,
            0.0,
            0.0
          ]
        ],
        "Stress": [
          [
            -2768.5185921810607,
            -3468.739022509533,
            4248.396224345857
          ],
          [
            -3468.739022509533,
            -3999.7885505527647,
            4549.96174581085
          ],
          [
            4248.396224345857,
            4549.96174581085,
            -4801.511522252381
          ]
        ]
      }
    ],
    "EnergyStyle": "electronvolt",
    "ForcesStyle": "electronvoltperangstrom",
    "Label": "ASE generated",
    "LatticeStyle": "angstrom",
    "PositionsStyle": "angstrom",
    "StressStyle": "bar"
  }
}