{
  "Dataset": {
    "AtomTypeStyle": "chemicalsymbol",
    "Data": [
      {
        "AtomTypes": [
          "Ni"
        ],
        "Energy": -4.475802993647449,
        "Forces": [
          [
            -0.12836199410210944,
            -0.8772659083825326,
            -0.5879857853983718
          ]
        ],
        "Lattice": [
          [
            2.2332294567308213,
            -0.050844505605871754,
            0.414136294159858
          ],
          [
            -0.4402040375861321,
            2.2712670838329654,
            0.29432288471460155
          ],
          [
            0.5416295799326717,
            0.5276266551026232,
            2.390467308129687
          ]
        ],
        "NumAtoms": 1,
        "Positions": [
          [
            0.0,
            0.0,
            0.0
          ]
        ],
        "Stress": [
          [
            56080.889633219216,
            -128455.1437334934,
            32882.41025027803
          ],
          [
            -128455.1437334934,
            -122848.96713689297,
            567.8258111487191
          ],
          [
            32882.41025027803,
            567.8258111487191,
            -212365.38231829676
          ]
        ]
      }
    ],
    "EnergyStyle": "electronvolt",
    "ForcesStyle": "electronvoltperangstrom",
    "Label": "ASE generated",
    "LatticeStyle": "angstrom",
    "PositionsStyle": "angstrom",
    "StressStyle": "bar"
  }
}