{
  "Dataset": {
    "AtomTypeStyle": "chemicalsymbol",
    "Data": [
      {
        "AtomTypes": [
          "Ni"
        ],
        "Energy": -3.465299604075881,
        "Forces": [
          [
            -0.26537520634336903,
            -0.5316649914573578,
            -0.47058828347791765
          ]
        ],
        "Lattice": [
          [
            2.280089565409749,
            -0.06990824206851529,
            5.8050739756383484e-06
          ],
          [
            -0.4799315772861913,
            2.230107644583177,
            -1.0916925808333557e-05
          ],
          [
            9.488147345778995e-06,
            -1.6550546368465355e-05,
            3.5784181169428573
          ]
        ],
        "NumAtoms": 1,
        "Positions": [
          [
            0.0,
            0.0,
            0.0
          ]
        ],
        "Stress": [
          [
            -29138.58463013945,
            -55032.03003905073,
            -1.4710513242194794
          ],
          [
            -55032.03003905073,
            -49321.40879843071,
            1.4710513242194794
          ],
          [
            -1.4710513242194794,
            1.4710513242194794,
            -92364.37054509268
          ]
        ]
      }
    ],
    "EnergyStyle": "electronvolt",
    "ForcesStyle": "electronvoltperangstrom",
    "Label": "ASE generated",
    "LatticeStyle": "angstrom",
    "PositionsStyle": "angstrom",
    "StressStyle": "bar"
  }
}