{
  "Dataset": {
    "AtomTypeStyle": "chemicalsymbol",
    "Data": [
      {
        "AtomTypes": [
          "Ni"
        ],
        "Energy": -4.401596259646794,
        "Forces": [
          [
            -0.17887660639032438,
            -0.6054530688942328,
            -0.4701287107253609
          ]
        ],
        "Lattice": [
          [
            2.271865498058083,
            -0.09020921124878287,
            0.3421723446897986
          ],
          [
            -0.4900878161492887,
            2.2711780428883563,
            0.2536156665484645
          ],
          [
            0.4636453940924119,
            0.4608776152557632,
            2.446460308444047
          ]
        ],
        "NumAtoms": 1,
        "Positions": [
          [
            0.0,
            0.0,
            0.0
          ]
        ],
        "Stress": [
          [
            -28779.648107029898,
            -85656.37650665185,
            59648.18909445146
          ],
          [
            -85656.37650665185,
            -119845.08033283678,
            36527.6754316939
          ],
          [
            59648.18909445146,
            36527.6754316939,
            -232604.10643690836
          ]
        ]
      }
    ],
    "EnergyStyle": "electronvolt",
    "ForcesStyle": "electronvoltperangstrom",
    "Label": "ASE generated",
    "LatticeStyle": "angstrom",
    "PositionsStyle": "angstrom",
    "StressStyle": "bar"
  }
}