{
  "Dataset": {
    "AtomTypeStyle": "chemicalsymbol",
    "Data": [
      {
        "AtomTypes": [
          "Ni"
        ],
        "Energy": -4.32376741513508,
        "Forces": [
          [
            -0.5862022930933658,
            -0.7537136762585221,
            -0.6608292631051054
          ]
        ],
        "Lattice": [
          [
            2.3189468742490247,
            -0.11821332309092752,
            0.2984985638562265
          ],
          [
            -0.5314164100687907,
            2.276501513215849,
            0.22862931103524547
          ],
          [
            0.41653166824036825,
            0.4235409717386773,
            2.490765340536046
          ]
        ],
        "NumAtoms": 1,
        "Positions": [
          [
            0.0,
            0.0,
            0.0
          ]
        ],
        "Stress": [
          [
            -154742.8308972955,
            -61101.58780278031,
            38929.90224414431
          ],
          [
            -61101.58780278031,
            -173117.73298812102,
            28485.437842186006
          ],
          [
            38929.90224414431,
            28485.437842186006,
            -251217.3188422574
          ]
        ]
      }
    ],
    "EnergyStyle": "electronvolt",
    "ForcesStyle": "electronvoltperangstrom",
    "Label": "ASE generated",
    "LatticeStyle": "angstrom",
    "PositionsStyle": "angstrom",
    "StressStyle": "bar"
  }
}