{
  "Dataset": {
    "AtomTypeStyle": "chemicalsymbol",
    "Data": [
      {
        "AtomTypes": [
          "Ni"
        ],
        "Energy": -4.26551663441569,
        "Forces": [
          [
            0.019748708505307796,
            0.030577417503983295,
            -0.040879829893307906
          ]
        ],
        "Lattice": [
          [
            2.2734793551909043,
            -0.2886578860627233,
            0.0008883742305485915
          ],
          [
            -0.6942025765450933,
            2.1840318024567122,
            0.0004977927664805095
          ],
          [
            0.0016767625442876148,
            0.0011516023201226854,
            2.3652296341891454
          ]
        ],
        "NumAtoms": 1,
        "Positions": [
          [
            0.0,
            0.0,
            0.0
          ]
        ],
        "Stress": [
          [
            -267.7313410079453,
            6438.791646108663,
            469.265372426014
          ],
          [
            6438.791646108663,
            2155.0901899815376,
            444.25749991428285
          ],
          [
            469.265372426014,
            444.25749991428285,
            -12996.738449479102
          ]
        ]
      }
    ],
    "EnergyStyle": "electronvolt",
    "ForcesStyle": "electronvoltperangstrom",
    "Label": "ASE generated",
    "LatticeStyle": "angstrom",
    "PositionsStyle": "angstrom",
    "StressStyle": "bar"
  }
}