{
  "Dataset": {
    "AtomTypeStyle": "chemicalsymbol",
    "Data": [
      {
        "AtomTypes": [
          "Ni"
        ],
        "Energy": -4.267652049654316,
        "Forces": [
          [
            -0.07919119713136097,
            -0.10626736868522219,
            0.03186985024270443
          ]
        ],
        "Lattice": [
          [
            2.2847661494090166,
            -0.2552050719900199,
            0.035646035051141736
          ],
          [
            -0.6633604836303082,
            2.2008082117120695,
            0.02678760964165787
          ],
          [
            0.050048402946789354,
            0.049775128427914664,
            2.3728762104533354
          ]
        ],
        "NumAtoms": 1,
        "Positions": [
          [
            0.0,
            0.0,
            0.0
          ]
        ],
        "Stress": [
          [
            -21219.915351865995,
            -22523.26682512445,
            17639.37642871578
          ],
          [
            -22523.26682512445,
            -28305.969580631227,
            19619.4115111152
          ],
          [
            17639.37642871578,
            19619.4115111152,
            -27898.488363822427
          ]
        ]
      }
    ],
    "EnergyStyle": "electronvolt",
    "ForcesStyle": "electronvoltperangstrom",
    "Label": "ASE generated",
    "LatticeStyle": "angstrom",
    "PositionsStyle": "angstrom",
    "StressStyle": "bar"
  }
}