{
  "Dataset": {
    "AtomTypeStyle": "chemicalsymbol",
    "Data": [
      {
        "AtomTypes": [
          "Ni"
        ],
        "Energy": -4.2937050679702224,
        "Forces": [
          [
            -0.44605482695067367,
            -0.5598600923437829,
            -0.41396373718415114
          ]
        ],
        "Lattice": [
          [
            2.3209780722789866,
            -0.15304518990227087,
            0.22908447169828938
          ],
          [
            -0.5681170979420671,
            2.260451047246936,
            0.17556169705138472
          ],
          [
            0.32129725845593526,
            0.32707084903356265,
            2.4705106325565103
          ]
        ],
        "NumAtoms": 1,
        "Positions": [
          [
            0.0,
            0.0,
            0.0
          ]
        ],
        "Stress": [
          [
            -125283.5570784762,
            -54178.82027100343,
            42448.6570116773
          ],
          [
            -54178.82027100343,
            -139289.43673636985,
            38518.007873362854
          ],
          [
            42448.6570116773,
            38518.007873362854,
            -196600.1252766366
          ]
        ]
      }
    ],
    "EnergyStyle": "electronvolt",
    "ForcesStyle": "electronvoltperangstrom",
    "Label": "ASE generated",
    "LatticeStyle": "angstrom",
    "PositionsStyle": "angstrom",
    "StressStyle": "bar"
  }
}