{
  "Dataset": {
    "AtomTypeStyle": "chemicalsymbol",
    "Data": [
      {
        "AtomTypes": [
          "Ni"
        ],
        "Energy": -4.265855144330089,
        "Forces": [
          [
            -0.0008565121986500515,
            -0.0020792084485666317,
            0.008867659330291834
          ]
        ],
        "Lattice": [
          [
            2.2755028018331185,
            -0.2814046128209838,
            0.0032363467334434633
          ],
          [
            -0.6874253236027739,
            2.1873523666845105,
            0.0022248980553076303
          ],
          [
            0.004934921433082202,
            0.004370937064671999,
            2.357186843369504
          ]
        ],
        "NumAtoms": 1,
        "Positions": [
          [
            0.0,
            0.0,
            0.0
          ]
        ],
        "Stress": [
          [
            -965.0096686879787,
            -1131.2384683247797,
            1809.39312878996
          ],
          [
            -1131.2384683247797,
            -1373.9619368209937,
            1888.8299002978122
          ],
          [
            1809.39312878996,
            1888.8299002978122,
            -1069.4543127075617
          ]
        ]
      }
    ],
    "EnergyStyle": "electronvolt",
    "ForcesStyle": "electronvoltperangstrom",
    "Label": "ASE generated",
    "LatticeStyle": "angstrom",
    "PositionsStyle": "angstrom",
    "StressStyle": "bar"
  }
}