{
  "Dataset": {
    "AtomTypeStyle": "chemicalsymbol",
    "Data": [
      {
        "AtomTypes": [
          "Cr"
        ],
        "Energy": 2237.8016830663028,
        "Forces": [
          [
            -0.490412432564352,
            -0.6017419100269484,
            -0.4813046406931245
          ]
        ],
        "Lattice": [
          [
            3.6953899696650763,
            0.0,
            0.0
          ],
          [
            -0.7074306742328035,
            3.0794165017915134,
            0.0
          ],
          [
            -2.9824975090571075,
            -4.860550122490444,
            4.185180651634456
          ]
        ],
        "NumAtoms": 1,
        "Positions": [
          [
            0.0,
            0.0,
            0.0
          ]
        ],
        "Stress": [
          [
            -64771.8608567079,
            -5036.879734127498,
            762.0045859456905
          ],
          [
            -5036.879734127498,
            -48182.81507348483,
            482.50483434398933
          ],
          [
            762.0045859456905,
            482.50483434398933,
            -33778.280506727686
          ]
        ]
      }
    ],
    "EnergyStyle": "electronvolt",
    "ForcesStyle": "electronvoltperangstrom",
    "Label": "ASE generated",
    "LatticeStyle": "angstrom",
    "PositionsStyle": "angstrom",
    "StressStyle": "bar"
  }
}