{
  "Dataset": {
    "AtomTypeStyle": "chemicalsymbol",
    "Data": [
      {
        "AtomTypes": [
          "Ni"
        ],
        "Energy": -2.9054271984205116,
        "Forces": [
          [
            -4.7632434856406585,
            -7.515236526823959,
            -2.039527087361529
          ]
        ],
        "Lattice": [
          [
            2.3335510491648503,
            0.03790003944044043,
            -0.0004839860039373573
          ],
          [
            -1.133953367502144,
            2.0386194894790615,
            0.0001859496959521843
          ],
          [
            -0.0005476708934310808,
            -7.334025683734235e-05,
            2.734950704099377
          ]
        ],
        "NumAtoms": 1,
        "Positions": [
          [
            0.0,
            0.0,
            0.0
          ]
        ],
        "Stress": [
          [
            -1324993.580340376,
            -265848.3953129443,
            1000.3149004692461
          ],
          [
            -265848.3953129443,
            -1621675.2114089606,
            264.7892383595063
          ],
          [
            1000.3149004692461,
            264.7892383595063,
            -513201.26232647715
          ]
        ]
      }
    ],
    "EnergyStyle": "electronvolt",
    "ForcesStyle": "electronvoltperangstrom",
    "Label": "ASE generated",
    "LatticeStyle": "angstrom",
    "PositionsStyle": "angstrom",
    "StressStyle": "bar"
  }
}