{
  "Dataset": {
    "AtomTypeStyle": "chemicalsymbol",
    "Data": [
      {
        "AtomTypes": [
          "Ni"
        ],
        "Energy": 277.06788613910794,
        "Forces": [
          [
            -481.3194060623326,
            -584.5709435984663,
            -526.1652800581521
          ]
        ],
        "Lattice": [
          [
            2.469640190024844,
            0.018415431410322657,
            -0.00023690946111663033
          ],
          [
            -1.2188719798532623,
            2.1473654597717893,
            9.119204996114906e-05
          ],
          [
            -0.00026883630962822453,
            -3.5787196246533294e-05,
            2.837142401379247
          ]
        ],
        "NumAtoms": 1,
        "Positions": [
          [
            0.0,
            0.0,
            0.0
          ]
        ],
        "Stress": [
          [
            -153594879.81487623,
            6173028.571772522,
            2621429.6413236787
          ],
          [
            6173028.571772522,
            -145145990.68150643,
            5278157.159172005
          ],
          [
            2621429.6413236787,
            5278157.159172005,
            -128210684.4244346
          ]
        ]
      }
    ],
    "EnergyStyle": "electronvolt",
    "ForcesStyle": "electronvoltperangstrom",
    "Label": "ASE generated",
    "LatticeStyle": "angstrom",
    "PositionsStyle": "angstrom",
    "StressStyle": "bar"
  }
}