{
  "Dataset": {
    "AtomTypeStyle": "chemicalsymbol",
    "Data": [
      {
        "AtomTypes": [
          "Ni"
        ],
        "Energy": 377.9451653036331,
        "Forces": [
          [
            -539.4556781348898,
            -783.9971304767544,
            -714.6437476015872
          ]
        ],
        "Lattice": [
          [
            1.9992944080963349,
            0.08644179232340275,
            -0.0010974362702528251
          ],
          [
            -0.9247869629397019,
            1.77184206443234,
            0.0004227316253616014
          ],
          [
            -0.0012399733263861016,
            -0.00016460639160766093,
            2.485504231625849
          ]
        ],
        "NumAtoms": 1,
        "Positions": [
          [
            0.0,
            0.0,
            0.0
          ]
        ],
        "Stress": [
          [
            -246253107.57249507,
            4115655.9081049124,
            3536163.188903808
          ],
          [
            4115655.9081049124,
            -255729395.13226432,
            -1240752.355207623
          ],
          [
            3536163.188903808,
            -1240752.355207623,
            -232494341.00024903
          ]
        ]
      }
    ],
    "EnergyStyle": "electronvolt",
    "ForcesStyle": "electronvoltperangstrom",
    "Label": "ASE generated",
    "LatticeStyle": "angstrom",
    "PositionsStyle": "angstrom",
    "StressStyle": "bar"
  }
}