{
  "Dataset": {
    "AtomTypeStyle": "chemicalsymbol",
    "Data": [
      {
        "AtomTypes": [
          "Ni"
        ],
        "Energy": 42.78769406430729,
        "Forces": [
          [
            -165.26938279609152,
            -171.20332298581067,
            -170.44704262256602
          ]
        ],
        "Lattice": [
          [
            2.4962591180812126,
            0.014588557838052393,
            -0.00018843100788215405
          ],
          [
            -1.2354955897188853,
            2.1686287445847516,
            7.256448304989605e-05
          ],
          [
            -0.00021412626558817697,
            -2.8464442037336985e-05,
            2.857095441836794
          ]
        ],
        "NumAtoms": 1,
        "Positions": [
          [
            0.0,
            0.0,
            0.0
          ]
        ],
        "Stress": [
          [
            -55988818.00188764,
            5510417.039599044,
            1727309.935949837
          ],
          [
            5510417.039599044,
            -43916598.533397384,
            -59614.354913994415
          ],
          [
            1727309.935949837,
            -59614.354913994415,
            -39957049.12076731
          ]
        ]
      }
    ],
    "EnergyStyle": "electronvolt",
    "ForcesStyle": "electronvoltperangstrom",
    "Label": "ASE generated",
    "LatticeStyle": "angstrom",
    "PositionsStyle": "angstrom",
    "StressStyle": "bar"
  }
}