{
  "Dataset": {
    "AtomTypeStyle": "chemicalsymbol",
    "Data": [
      {
        "AtomTypes": [
          "Ni"
        ],
        "Energy": -2.905680944800224,
        "Forces": [
          [
            -4.762318139994844,
            -7.513612695851172,
            -2.039127710936956
          ]
        ],
        "Lattice": [
          [
            2.3335395845406315,
            0.03789106247827793,
            -0.00048391826925468795
          ],
          [
            -1.133955409067814,
            2.0386053636226618,
            0.00018590365753505753
          ],
          [
            -0.0005476301467860377,
            -7.335613215359295e-05,
            2.7349081376139144
          ]
        ],
        "NumAtoms": 1,
        "Positions": [
          [
            0.0,
            0.0,
            0.0
          ]
        ],
        "Stress": [
          [
            -1324780.2778983642,
            -265774.8427467334,
            1000.3149004692461
          ],
          [
            -265774.8427467334,
            -1621379.5300927921,
            264.7892383595063
          ],
          [
            1000.3149004692461,
            264.7892383595063,
            -513111.5281956998
          ]
        ]
      }
    ],
    "EnergyStyle": "electronvolt",
    "ForcesStyle": "electronvoltperangstrom",
    "Label": "ASE generated",
    "LatticeStyle": "angstrom",
    "PositionsStyle": "angstrom",
    "StressStyle": "bar"
  }
}