{
  "Dataset": {
    "AtomTypeStyle": "chemicalsymbol",
    "Data": [
      {
        "AtomTypes": [
          "Ni"
        ],
        "Energy": -2.6795986353663466,
        "Forces": [
          [
            4.180781484958489,
            4.525624981787504,
            -0.36790068521906877
          ]
        ],
        "Lattice": [
          [
            1.9987719503801729,
            0.08601309157913092,
            -0.0010935330591640095
          ],
          [
            -0.9248969968733436,
            1.771189157125838,
            0.0004201233109016268
          ],
          [
            -0.0012355668677721415,
            -0.0001654610127991519,
            2.483969381708589
          ]
        ],
        "NumAtoms": 1,
        "Positions": [
          [
            0.0,
            0.0,
            0.0
          ]
        ],
        "Stress": [
          [
            2204543.9933991483,
            -352921.39424481953,
            -1125.3542630279019
          ],
          [
            -352921.39424481953,
            1813668.0039381415,
            144.16302977350898
          ],
          [
            -1125.3542630279019,
            144.16302977350898,
            -117631.14808988648
          ]
        ]
      }
    ],
    "EnergyStyle": "electronvolt",
    "ForcesStyle": "electronvoltperangstrom",
    "Label": "ASE generated",
    "LatticeStyle": "angstrom",
    "PositionsStyle": "angstrom",
    "StressStyle": "bar"
  }
}