{
  "Dataset": {
    "AtomTypeStyle": "chemicalsymbol",
    "Data": [
      {
        "AtomTypes": [
          "Ni"
        ],
        "Energy": -16.50786852690726,
        "Forces": [
          [
            -151.45748253385315,
            -283.8194263599448,
            -174.93947688114156
          ]
        ],
        "Lattice": [
          [
            2.5760182701137317,
            0.003030111558386254,
            -4.2287609073948195e-05
          ],
          [
            -1.2853850008442476,
            2.2322976582185547,
            1.6209227069077324e-05
          ],
          [
            -4.920078012387886e-05,
            -6.652286686212368e-06,
            2.916672077832072
          ]
        ],
        "NumAtoms": 1,
        "Positions": [
          [
            0.0,
            0.0,
            0.0
          ]
        ],
        "Stress": [
          [
            -41992650.224836476,
            -908122.642929087,
            730537.3270693116
          ],
          [
            -908122.642929087,
            -58222922.771646984,
            -1393622.5377691875
          ],
          [
            730537.3270693116,
            -1393622.5377691875,
            -36641427.41744182
          ]
        ]
      }
    ],
    "EnergyStyle": "electronvolt",
    "ForcesStyle": "electronvoltperangstrom",
    "Label": "ASE generated",
    "LatticeStyle": "angstrom",
    "PositionsStyle": "angstrom",
    "StressStyle": "bar"
  }
}