{
  "Dataset": {
    "AtomTypeStyle": "chemicalsymbol",
    "Data": [
      {
        "AtomTypes": [
          "Ni"
        ],
        "Energy": 278.207506979129,
        "Forces": [
          [
            -480.5253824197529,
            -696.6722775260477,
            -559.4328977026474
          ]
        ],
        "Lattice": [
          [
            2.4699755148048155,
            0.018275894788960745,
            -0.0002354177105662817
          ],
          [
            -1.2191604835630163,
            2.1475906156779314,
            9.041839288253618e-05
          ],
          [
            -0.0002671519385740352,
            -3.5822651119492975e-05,
            2.8371863453129826
          ]
        ],
        "NumAtoms": 1,
        "Positions": [
          [
            0.0,
            0.0,
            0.0
          ]
        ],
        "Stress": [
          [
            -146344245.83500865,
            -701279.5872819104,
            2514139.9840430557
          ],
          [
            -701279.5872819104,
            -158700576.80100206,
            93108.72251514773
          ],
          [
            2514139.9840430557,
            93108.72251514773,
            -130505909.90566394
          ]
        ]
      }
    ],
    "EnergyStyle": "electronvolt",
    "ForcesStyle": "electronvoltperangstrom",
    "Label": "ASE generated",
    "LatticeStyle": "angstrom",
    "PositionsStyle": "angstrom",
    "StressStyle": "bar"
  }
}