{
  "Dataset": {
    "AtomTypeStyle": "chemicalsymbol",
    "Data": [
      {
        "AtomTypes": [
          "Ni"
        ],
        "Energy": 377.68158063992905,
        "Forces": [
          [
            -543.8846943549432,
            -788.253601232447,
            -714.9014304185991
          ]
        ],
        "Lattice": [
          [
            1.9987795054431765,
            0.08601841086842929,
            -0.0010935822726443863
          ],
          [
            -0.9248961681818353,
            1.7711981870057214,
            0.00042015559071133636
          ],
          [
            -0.0012356224313790187,
            -0.00016545148760940153,
            2.483989721692946
          ]
        ],
        "NumAtoms": 1,
        "Positions": [
          [
            0.0,
            0.0,
            0.0
          ]
        ],
        "Stress": [
          [
            -246846157.50070015,
            2859479.5797628476,
            3254880.523097153
          ],
          [
            2859479.5797628476,
            -256027650.7882498,
            -1280351.5858042876
          ],
          [
            3254880.523097153,
            -1280351.5858042876,
            -232458217.8639315
          ]
        ]
      }
    ],
    "EnergyStyle": "electronvolt",
    "ForcesStyle": "electronvoltperangstrom",
    "Label": "ASE generated",
    "LatticeStyle": "angstrom",
    "PositionsStyle": "angstrom",
    "StressStyle": "bar"
  }
}