{
  "Dataset": {
    "AtomTypeStyle": "chemicalsymbol",
    "Data": [
      {
        "AtomTypes": [
          "Ni"
        ],
        "Energy": 250.2025370902329,
        "Forces": [
          [
            -518.8309042052307,
            -664.6600871020064,
            -524.4941229578949
          ]
        ],
        "Lattice": [
          [
            2.5941214917337208,
            0.0004274270147313224,
            -9.316164753064093e-06
          ],
          [
            -1.2966905856158513,
            2.246758535650599,
            3.5401955238851917e-06
          ],
          [
            -1.1988509655249479e-05,
            -1.6721999783971905e-06,
            2.9302423955316965
          ]
        ],
        "NumAtoms": 1,
        "Positions": [
          [
            0.0,
            0.0,
            0.0
          ]
        ],
        "Stress": [
          [
            -142031073.33665213,
            -587954.2064180142,
            9605.965147153202
          ],
          [
            -587954.2064180142,
            -140260988.17029664,
            754625.7925034057
          ],
          [
            9605.965147153202,
            754625.7925034057,
            -111313825.56477259
          ]
        ]
      }
    ],
    "EnergyStyle": "electronvolt",
    "ForcesStyle": "electronvoltperangstrom",
    "Label": "ASE generated",
    "LatticeStyle": "angstrom",
    "PositionsStyle": "angstrom",
    "StressStyle": "bar"
  }
}