{
  "Dataset": {
    "AtomTypeStyle": "chemicalsymbol",
    "Data": [
      {
        "AtomTypes": [
          "Ni"
        ],
        "Energy": 374.61088019331146,
        "Forces": [
          [
            -518.5763646727926,
            -706.1930802450058,
            -670.8841190183086
          ]
        ],
        "Lattice": [
          [
            1.9992232454037098,
            0.08638444486015627,
            -0.0010969139723481802
          ],
          [
            -0.9248010454035706,
            1.7717536219871535,
            0.00042238289758129646
          ],
          [
            -0.0012393832937987875,
            -0.0001647201647074569,
            2.4852974767987734
          ]
        ],
        "NumAtoms": 1,
        "Positions": [
          [
            0.0,
            0.0,
            0.0
          ]
        ],
        "Stress": [
          [
            -236474276.2421302,
            3569416.30408779,
            3516030.3804805405
          ],
          [
            3569416.30408779,
            -236298319.38008627,
            4940606.780213954
          ],
          [
            3516030.3804805405,
            4940606.780213954,
            -224585769.018265
          ]
        ]
      }
    ],
    "EnergyStyle": "electronvolt",
    "ForcesStyle": "electronvoltperangstrom",
    "Label": "ASE generated",
    "LatticeStyle": "angstrom",
    "PositionsStyle": "angstrom",
    "StressStyle": "bar"
  }
}