{
  "Dataset": {
    "AtomTypeStyle": "chemicalsymbol",
    "Data": [
      {
        "AtomTypes": [
          "Ni"
        ],
        "Energy": 267.47740364093625,
        "Forces": [
          [
            -526.1523759319618,
            -670.983852663248,
            -549.1644275082758
          ]
        ],
        "Lattice": [
          [
            2.5646300183369934,
            0.004666999012492804,
            -6.302394716049006e-05
          ],
          [
            -1.278273298910236,
            2.223200524674623,
            2.417598994083989e-05
          ],
          [
            -7.25994087456474e-05,
            -9.785544936873685e-06,
            2.908135663633175
          ]
        ],
        "NumAtoms": 1,
        "Positions": [
          [
            0.0,
            0.0,
            0.0
          ]
        ],
        "Stress": [
          [
            -146476050.5626074,
            -589556.1813100893,
            -628920.0436948783
          ],
          [
            -589556.1813100893,
            -144863054.55401134,
            1305156.4532332763
          ],
          [
            -628920.0436948783,
            1305156.4532332763,
            -118646536.85327499
          ]
        ]
      }
    ],
    "EnergyStyle": "electronvolt",
    "ForcesStyle": "electronvoltperangstrom",
    "Label": "ASE generated",
    "LatticeStyle": "angstrom",
    "PositionsStyle": "angstrom",
    "StressStyle": "bar"
  }
}