{
  "Dataset": {
    "AtomTypeStyle": "chemicalsymbol",
    "Data": [
      {
        "AtomTypes": [
          "Ni"
        ],
        "Energy": 294.14091003046815,
        "Forces": [
          [
            -548.1561698702307,
            -688.1009290872162,
            -528.1951639971635
          ]
        ],
        "Lattice": [
          [
            2.4704845896293786,
            0.01832280529012687,
            -0.00023564949018354056
          ],
          [
            -1.2193743955118352,
            2.1480534203057497,
            9.077082490329965e-05
          ],
          [
            -0.00026741388129217025,
            -3.551466998423122e-05,
            2.837840668168517
          ]
        ],
        "NumAtoms": 1,
        "Positions": [
          [
            0.0,
            0.0,
            0.0
          ]
        ],
        "Stress": [
          [
            -162567045.44109216,
            -1420526.5954378373,
            -814566.7208113766
          ],
          [
            -1420526.5954378373,
            -161424915.30876285,
            5565351.9802506985
          ],
          [
            -814566.7208113766,
            5565351.9802506985,
            -125455077.24972622
          ]
        ]
      }
    ],
    "EnergyStyle": "electronvolt",
    "ForcesStyle": "electronvoltperangstrom",
    "Label": "ASE generated",
    "LatticeStyle": "angstrom",
    "PositionsStyle": "angstrom",
    "StressStyle": "bar"
  }
}