{
  "Dataset": {
    "AtomTypeStyle": "chemicalsymbol",
    "Data": [
      {
        "AtomTypes": [
          "Ni"
        ],
        "Energy": 251.45677360506306,
        "Forces": [
          [
            -501.1593129111908,
            -653.0962348218179,
            -523.2335660662743
          ]
        ],
        "Lattice": [
          [
            2.5862477809698063,
            0.0015594238484617172,
            -2.3655808745028357e-05
          ],
          [
            -1.291773399556907,
            2.240469005232485,
            9.049988617262264e-06
          ],
          [
            -2.8171277863909126e-05,
            -3.838122292188235e-06,
            2.9243405842581307
          ]
        ],
        "NumAtoms": 1,
        "Positions": [
          [
            0.0,
            0.0,
            0.0
          ]
        ],
        "Stress": [
          [
            -139542745.89019516,
            496140.0090681796,
            522240.8727138059
          ],
          [
            496140.0090681796,
            -138824584.5179165,
            -27923.49623633416
          ],
          [
            522240.8727138059,
            -27923.49623633416,
            -111337203.51241706
          ]
        ]
      }
    ],
    "EnergyStyle": "electronvolt",
    "ForcesStyle": "electronvoltperangstrom",
    "Label": "ASE generated",
    "LatticeStyle": "angstrom",
    "PositionsStyle": "angstrom",
    "StressStyle": "bar"
  }
}