{
  "Dataset": {
    "AtomTypeStyle": "chemicalsymbol",
    "Data": [
      {
        "AtomTypes": [
          "Ni"
        ],
        "Energy": -2.680036194805325,
        "Forces": [
          [
            4.1793809043281405,
            4.523464860202677,
            -0.36823185803378405
          ]
        ],
        "Lattice": [
          [
            1.9988062161919453,
            0.08603951180961239,
            -0.001093774893148227
          ],
          [
            -0.9248912494796837,
            1.771231185967257,
            0.00042028365159575796
          ],
          [
            -0.0012358399232116522,
            -0.00016541021178714997,
            2.484066487313853
          ]
        ],
        "NumAtoms": 1,
        "Positions": [
          [
            0.0,
            0.0,
            0.0
          ]
        ],
        "Stress": [
          [
            2203902.615021788,
            -352986.1205030852,
            -1125.3542630279019
          ],
          [
            -352986.1205030852,
            1812951.601943247,
            145.63408109772848
          ],
          [
            -1125.3542630279019,
            145.63408109772848,
            -117732.65063125762
          ]
        ]
      }
    ],
    "EnergyStyle": "electronvolt",
    "ForcesStyle": "electronvoltperangstrom",
    "Label": "ASE generated",
    "LatticeStyle": "angstrom",
    "PositionsStyle": "angstrom",
    "StressStyle": "bar"
  }
}