{
  "Dataset": {
    "AtomTypeStyle": "chemicalsymbol",
    "Data": [
      {
        "AtomTypes": [
          "Ni"
        ],
        "Energy": 278.10939012518884,
        "Forces": [
          [
            -470.5060813181547,
            -678.7272585614278,
            -552.5567964156287
          ]
        ],
        "Lattice": [
          [
            2.470249907475132,
            0.018341682099503258,
            -0.0002359336583444264
          ],
          [
            -1.2192407068278028,
            2.1478590058911733,
            9.084702642130256e-05
          ],
          [
            -0.00026773456268043246,
            -3.559986751477614e-05,
            2.8376310039251496
          ]
        ],
        "NumAtoms": 1,
        "Positions": [
          [
            0.0,
            0.0,
            0.0
          ]
        ],
        "Stress": [
          [
            -145442573.7521363,
            1069673.4993548703,
            2890529.0600631484
          ],
          [
            1069673.4993548703,
            -157224163.49470583,
            990722.174784011
          ],
          [
            2890529.0600631484,
            990722.174784011,
            -130174034.84271471
          ]
        ]
      }
    ],
    "EnergyStyle": "electronvolt",
    "ForcesStyle": "electronvoltperangstrom",
    "Label": "ASE generated",
    "LatticeStyle": "angstrom",
    "PositionsStyle": "angstrom",
    "StressStyle": "bar"
  }
}