{
  "Dataset": {
    "AtomTypeStyle": "chemicalsymbol",
    "Data": [
      {
        "AtomTypes": [
          "Ni"
        ],
        "Energy": 251.4707048935361,
        "Forces": [
          [
            -505.994188519252,
            -658.8716637395958,
            -523.0119312741535
          ]
        ],
        "Lattice": [
          [
            2.586238785486442,
            0.0015607023405970995,
            -2.367221323848732e-05
          ],
          [
            -1.2917677950410933,
            2.240461812655869,
            9.056338743762506e-06
          ],
          [
            -2.81897990662015e-05,
            -3.840768178230003e-06,
            2.9243338256068254
          ]
        ],
        "NumAtoms": 1,
        "Positions": [
          [
            0.0,
            0.0,
            0.0
          ]
        ],
        "Stress": [
          [
            -139489936.61870697,
            -886439.3464100921,
            514717.9162417475
          ],
          [
            -886439.3464100921,
            -138728879.3898141,
            34634.43237742343
          ],
          [
            514717.9162417475,
            34634.43237742343,
            -111345928.31782103
          ]
        ]
      }
    ],
    "EnergyStyle": "electronvolt",
    "ForcesStyle": "electronvoltperangstrom",
    "Label": "ASE generated",
    "LatticeStyle": "angstrom",
    "PositionsStyle": "angstrom",
    "StressStyle": "bar"
  }
}