{
  "Dataset": {
    "AtomTypeStyle": "chemicalsymbol",
    "Data": [
      {
        "AtomTypes": [
          "Ni"
        ],
        "Energy": -15.552989064788562,
        "Forces": [
          [
            5.618512310355375,
            -6.579231876436493,
            32.87052558880861
          ]
        ],
        "Lattice": [
          [
            2.4961067123993206,
            0.014517707889157563,
            -0.00018781451643442218
          ],
          [
            -1.2354807441814821,
            2.168463630712201,
            7.212367843533756e-05
          ],
          [
            -0.00021343039755919205,
            -2.8637482984468596e-05,
            2.856770705892761
          ]
        ],
        "NumAtoms": 1,
        "Positions": [
          [
            0.0,
            0.0,
            0.0
          ]
        ],
        "Stress": [
          [
            1196435.4630141873,
            -1746997.0158218667,
            2208161.3086054036
          ],
          [
            -1746997.0158218667,
            -1751950.0456305135,
            2020474.2833022126
          ],
          [
            2208161.3086054036,
            2020474.2833022126,
            3156715.7971806633
          ]
        ]
      }
    ],
    "EnergyStyle": "electronvolt",
    "ForcesStyle": "electronvoltperangstrom",
    "Label": "ASE generated",
    "LatticeStyle": "angstrom",
    "PositionsStyle": "angstrom",
    "StressStyle": "bar"
  }
}