{
  "Dataset": {
    "AtomTypeStyle": "chemicalsymbol",
    "Data": [
      {
        "AtomTypes": [
          "Ni"
        ],
        "Energy": 268.6006536897612,
        "Forces": [
          [
            -512.3330285092875,
            -673.8641065971722,
            -518.644211737888
          ]
        ],
        "Lattice": [
          [
            2.575540325725982,
            0.003119402274637789,
            -4.335548868040564e-05
          ],
          [
            -1.2850687010432706,
            2.2319254968839326,
            1.666431946826137e-05
          ],
          [
            -5.040254156404975e-05,
            -6.754417887424602e-06,
            2.9163612978785554
          ]
        ],
        "NumAtoms": 1,
        "Positions": [
          [
            0.0,
            0.0,
            0.0
          ]
        ],
        "Stress": [
          [
            -142240987.9474643,
            -835424.7575374846,
            380363.856698134
          ],
          [
            -835424.7575374846,
            -144894055.48961797,
            1985425.0144513596
          ],
          [
            380363.856698134,
            1985425.0144513596,
            -112995028.33906741
          ]
        ]
      }
    ],
    "EnergyStyle": "electronvolt",
    "ForcesStyle": "electronvoltperangstrom",
    "Label": "ASE generated",
    "LatticeStyle": "angstrom",
    "PositionsStyle": "angstrom",
    "StressStyle": "bar"
  }
}