{
  "Dataset": {
    "AtomTypeStyle": "chemicalsymbol",
    "Data": [
      {
        "AtomTypes": [
          "Ni"
        ],
        "Energy": 250.73016819523218,
        "Forces": [
          [
            -510.59291725274255,
            -677.1595577984219,
            -523.2898776858214
          ]
        ],
        "Lattice": [
          [
            2.593751791602294,
            0.0013433898990374258,
            -2.095171321034176e-05
          ],
          [
            -1.2957124772185507,
            2.2468663936075597,
            8.030264136764989e-06
          ],
          [
            -3.9777721574727346e-05,
            -5.336222969037111e-06,
            2.9195811072950604
          ]
        ],
        "NumAtoms": 1,
        "Positions": [
          [
            0.0,
            0.0,
            0.0
          ]
        ],
        "Stress": [
          [
            -140341595.89865857,
            -689633.2739480648,
            701457.5844921409
          ],
          [
            -689633.2739480648,
            -142274342.56518963,
            -307958.7105200512
          ],
          [
            701457.5844921409,
            -307958.7105200512,
            -111107796.0005077
          ]
        ]
      }
    ],
    "EnergyStyle": "electronvolt",
    "ForcesStyle": "electronvoltperangstrom",
    "Label": "ASE generated",
    "LatticeStyle": "angstrom",
    "PositionsStyle": "angstrom",
    "StressStyle": "bar"
  }
}