{
  "Dataset": {
    "AtomTypeStyle": "chemicalsymbol",
    "Data": [
      {
        "AtomTypes": [
          "Ni"
        ],
        "Energy": 252.76827680004408,
        "Forces": [
          [
            -511.40641162374845,
            -679.440137221426,
            -517.2132600594473
          ]
        ],
        "Lattice": [
          [
            2.5862489562723865,
            0.001560767429393727,
            -2.3632524947860802e-05
          ],
          [
            -1.2917728238121042,
            2.2404706525611346,
            9.044167667970374e-06
          ],
          [
            -2.7932089765733325e-05,
            -3.8121926089789117e-06,
            2.924414686530148
          ]
        ],
        "NumAtoms": 1,
        "Positions": [
          [
            0.0,
            0.0,
            0.0
          ]
        ],
        "Stress": [
          [
            -140593276.59866795,
            -1908544.930145001,
            1145288.4795224
          ],
          [
            -1908544.930145001,
            -141967160.5697688,
            -57824.085452419306
          ],
          [
            1145288.4795224,
            -57824.085452419306,
            -110652170.21595983
          ]
        ]
      }
    ],
    "EnergyStyle": "electronvolt",
    "ForcesStyle": "electronvoltperangstrom",
    "Label": "ASE generated",
    "LatticeStyle": "angstrom",
    "PositionsStyle": "angstrom",
    "StressStyle": "bar"
  }
}