{
  "Dataset": {
    "AtomTypeStyle": "chemicalsymbol",
    "Data": [
      {
        "AtomTypes": [
          "Ni"
        ],
        "Energy": 278.1824553406259,
        "Forces": [
          [
            -470.97273895053286,
            -678.9784212270243,
            -552.9288953090172
          ]
        ],
        "Lattice": [
          [
            2.470037931785718,
            0.018266817812305856,
            -0.00023530287911206898
          ],
          [
            -1.2191995532454862,
            2.1476404260701996,
            9.037447117424285e-05
          ],
          [
            -0.00026702281933519697,
            -3.580518827161732e-05,
            2.83723289544447
          ]
        ],
        "NumAtoms": 1,
        "Positions": [
          [
            0.0,
            0.0,
            0.0
          ]
        ],
        "Stress": [
          [
            -145559514.97715512,
            1050132.053563939,
            2857781.986534699
          ],
          [
            1050132.053563939,
            -157282565.70332864,
            976241.1455483943
          ],
          [
            2857781.986534699,
            976241.1455483943,
            -130240461.63631116
          ]
        ]
      }
    ],
    "EnergyStyle": "electronvolt",
    "ForcesStyle": "electronvoltperangstrom",
    "Label": "ASE generated",
    "LatticeStyle": "angstrom",
    "PositionsStyle": "angstrom",
    "StressStyle": "bar"
  }
}