{
  "Dataset": {
    "AtomTypeStyle": "chemicalsymbol",
    "Data": [
      {
        "AtomTypes": [
          "Ni"
        ],
        "Energy": -39.87480236851388,
        "Forces": [
          [
            -80.71109206369032,
            -79.16103728570442,
            -70.30306727784024
          ]
        ],
        "Lattice": [
          [
            2.496116562503877,
            0.014521580937145503,
            -0.00018784785459854844
          ],
          [
            -1.2354823153086136,
            2.168473971893207,
            7.214802058692183e-05
          ],
          [
            -0.00021346796914098514,
            -2.862742861750988e-05,
            2.856790139925738
          ]
        ],
        "NumAtoms": 1,
        "Positions": [
          [
            0.0,
            0.0,
            0.0
          ]
        ],
        "Stress": [
          [
            -24707327.899885166,
            1601998.4288962006,
            -706206.1381667214
          ],
          [
            1601998.4288962006,
            -19560935.74992615,
            170206.52241749066
          ],
          [
            -706206.1381667214,
            170206.52241749066,
            -15259527.249009395
          ]
        ]
      }
    ],
    "EnergyStyle": "electronvolt",
    "ForcesStyle": "electronvoltperangstrom",
    "Label": "ASE generated",
    "LatticeStyle": "angstrom",
    "PositionsStyle": "angstrom",
    "StressStyle": "bar"
  }
}