{
  "Dataset": {
    "AtomTypeStyle": "chemicalsymbol",
    "Data": [
      {
        "AtomTypes": [
          "Ni"
        ],
        "Energy": 259.6641036384308,
        "Forces": [
          [
            -474.9091292105457,
            -661.5350085331097,
            -535.4525517433101
          ]
        ],
        "Lattice": [
          [
            2.5509540784541134,
            0.006635427629531432,
            -8.795295626881705e-05
          ],
          [
            -1.2697306324826223,
            2.2122772180475114,
            3.375938918412252e-05
          ],
          [
            -0.00010073311502776342,
            -1.3544819825017244e-05,
            2.8978897054202872
          ]
        ],
        "NumAtoms": 1,
        "Positions": [
          [
            0.0,
            0.0,
            0.0
          ]
        ],
        "Stress": [
          [
            -133241082.70642759,
            -373085.09474589594,
            -1012418.710764924
          ],
          [
            -373085.09474589594,
            -143437919.15477473,
            423453.89208717097
          ],
          [
            -1012418.710764924,
            423453.89208717097,
            -115461109.07634822
          ]
        ]
      }
    ],
    "EnergyStyle": "electronvolt",
    "ForcesStyle": "electronvoltperangstrom",
    "Label": "ASE generated",
    "LatticeStyle": "angstrom",
    "PositionsStyle": "angstrom",
    "StressStyle": "bar"
  }
}