{
  "Dataset": {
    "AtomTypeStyle": "chemicalsymbol",
    "Data": [
      {
        "AtomTypes": [
          "Cr"
        ],
        "Energy": -41.71468290986013,
        "Forces": [
          [
            -0.3460618154861561,
            -0.5495513785741434,
            -0.06907724175177958
          ]
        ],
        "Lattice": [
          [
            4.050149840968082,
            0.0,
            0.0
          ],
          [
            -2.689643757139289,
            4.0172869251584675,
            0.0
          ],
          [
            -1.1168288186469486,
            -1.4223073202521253,
            5.795169050398703
          ]
        ],
        "NumAtoms": 1,
        "Positions": [
          [
            0.0,
            0.0,
            0.0
          ]
        ],
        "Stress": [
          [
            -31885.03745245722,
            -2213.932242950317,
            22.065769863292196
          ],
          [
            -2213.932242950317,
            -27966.156724736527,
            51.48679634768178
          ],
          [
            22.065769863292196,
            51.48679634768178,
            -4652.935338506214
          ]
        ]
      }
    ],
    "EnergyStyle": "electronvolt",
    "ForcesStyle": "electronvoltperangstrom",
    "Label": "ASE generated",
    "LatticeStyle": "angstrom",
    "PositionsStyle": "angstrom",
    "StressStyle": "bar"
  }
}