{
  "Dataset": {
    "AtomTypeStyle": "chemicalsymbol",
    "Data": [
      {
        "AtomTypes": [
          "Cr"
        ],
        "Energy": -41.97551677233332,
        "Forces": [
          [
            -0.5592318746865895,
            -0.4102684972695165,
            -0.3881708310008449
          ]
        ],
        "Lattice": [
          [
            4.114389837353369,
            0.0,
            0.0
          ],
          [
            -2.6687002226431664,
            4.360557895712058,
            0.0
          ],
          [
            -1.67031472788051,
            -1.5424106910067057,
            3.392153959694196
          ]
        ],
        "NumAtoms": 1,
        "Positions": [
          [
            0.0,
            0.0,
            0.0
          ]
        ],
        "Stress": [
          [
            -50068.702871134206,
            -1890.3009516220316,
            2018.2824168291263
          ],
          [
            -1890.3009516220316,
            -36268.77039863126,
            6485.865288483686
          ],
          [
            2018.2824168291263,
            6485.865288483686,
            -49068.38797066496
          ]
        ]
      }
    ],
    "EnergyStyle": "electronvolt",
    "ForcesStyle": "electronvoltperangstrom",
    "Label": "ASE generated",
    "LatticeStyle": "angstrom",
    "PositionsStyle": "angstrom",
    "StressStyle": "bar"
  }
}