{
  "Dataset": {
    "AtomTypeStyle": "chemicalsymbol",
    "Data": [
      {
        "AtomTypes": [
          "Cr"
        ],
        "Energy": -41.62025252141257,
        "Forces": [
          [
            -0.3325872756112851,
            -0.4487477135081551,
            -0.06660823032498629
          ]
        ],
        "Lattice": [
          [
            4.0953299326628905,
            0.0,
            0.0
          ],
          [
            -2.520868054060844,
            4.217743439680117,
            0.0
          ],
          [
            -0.8701265601330189,
            -0.8871917999624253,
            6.071371673801994
          ]
        ],
        "NumAtoms": 1,
        "Positions": [
          [
            0.0,
            0.0,
            0.0
          ]
        ],
        "Stress": [
          [
            -29413.671227768496,
            -1418.0934765475781,
            -17.652615890633754
          ],
          [
            -1418.0934765475781,
            -22214.346047038365,
            -8.826307945316877
          ],
          [
            -17.652615890633754,
            -8.826307945316877,
            -4220.446249185687
          ]
        ]
      }
    ],
    "EnergyStyle": "electronvolt",
    "ForcesStyle": "electronvoltperangstrom",
    "Label": "ASE generated",
    "LatticeStyle": "angstrom",
    "PositionsStyle": "angstrom",
    "StressStyle": "bar"
  }
}