{
  "Dataset": {
    "AtomTypeStyle": "chemicalsymbol",
    "Data": [
      {
        "AtomTypes": [
          "Cr"
        ],
        "Energy": 2237.5908904388257,
        "Forces": [
          [
            -0.349942070798713,
            -0.06961369553918823,
            1.0638366094962914
          ]
        ],
        "Lattice": [
          [
            3.892579918699898,
            0.0,
            0.0
          ],
          [
            -1.6404460625577792,
            3.559055886105853,
            0.0
          ],
          [
            -1.6656544101112798,
            -2.6128125262490136,
            2.450464695579797
          ]
        ],
        "NumAtoms": 1,
        "Positions": [
          [
            0.0,
            0.0,
            0.0
          ]
        ],
        "Stress": [
          [
            -84030.86479338934,
            12496.580999244481,
            31064.19081354275
          ],
          [
            12496.580999244481,
            -70550.15045824202,
            50098.12389761859
          ],
          [
            31064.19081354275,
            50098.12389761859,
            41076.16612618053
          ]
        ]
      }
    ],
    "EnergyStyle": "electronvolt",
    "ForcesStyle": "electronvoltperangstrom",
    "Label": "ASE generated",
    "LatticeStyle": "angstrom",
    "PositionsStyle": "angstrom",
    "StressStyle": "bar"
  }
}