{
  "Dataset": {
    "AtomTypeStyle": "chemicalsymbol",
    "Data": [
      {
        "AtomTypes": [
          "Ni"
        ],
        "Energy": 18.37168806378395,
        "Forces": [
          [
            -18.44546099027744,
            28.963735381905014,
            63.368251455499134
          ]
        ],
        "Lattice": [
          [
            4.090139762603359,
            0.0,
            0.0
          ],
          [
            0.24843099904076543,
            2.978607470858033,
            0.0
          ],
          [
            -0.37417416576248047,
            -1.7911826358176013,
            0.7016225748769802
          ]
        ],
        "NumAtoms": 1,
        "Positions": [
          [
            0.0,
            0.0,
            0.0
          ]
        ],
        "Stress": [
          [
            1110442.215754289,
            45659.96205244843,
            -3581865.8114446593
          ],
          [
            45659.96205244843,
            16796593.472454548,
            4237519.270854578
          ],
          [
            -3581865.8114446593,
            4237519.270854578,
            12247840.930832205
          ]
        ]
      }
    ],
    "EnergyStyle": "electronvolt",
    "ForcesStyle": "electronvoltperangstrom",
    "Label": "ASE generated",
    "LatticeStyle": "angstrom",
    "PositionsStyle": "angstrom",
    "StressStyle": "bar"
  }
}