{
  "Dataset": {
    "AtomTypeStyle": "chemicalsymbol",
    "Data": [
      {
        "AtomTypes": [
          "Cr"
        ],
        "Energy": -41.57323365749744,
        "Forces": [
          [
            -1.8127405411209947,
            -2.0904116064774136,
            -2.678091998595024
          ]
        ],
        "Lattice": [
          [
            3.76119950565034,
            0.0,
            0.0
          ],
          [
            -1.6865519479296576,
            3.5215245895517833,
            0.0
          ],
          [
            -1.7033494649218919,
            -2.7557218030043398,
            2.2184344536221894
          ]
        ],
        "NumAtoms": 1,
        "Positions": [
          [
            0.0,
            0.0,
            0.0
          ]
        ],
        "Stress": [
          [
            -206056.0431887194,
            -3299.568120224293,
            -9919.29907921195
          ],
          [
            -3299.568120224293,
            -213349.51565419955,
            -27377.736195048732
          ],
          [
            -9919.29907921195,
            -27377.736195048732,
            -285170.6544565672
          ]
        ]
      }
    ],
    "EnergyStyle": "electronvolt",
    "ForcesStyle": "electronvoltperangstrom",
    "Label": "ASE generated",
    "LatticeStyle": "angstrom",
    "PositionsStyle": "angstrom",
    "StressStyle": "bar"
  }
}