{
  "Dataset": {
    "AtomTypeStyle": "chemicalsymbol",
    "Data": [
      {
        "AtomTypes": [
          "Ni"
        ],
        "Energy": 21.76884077835348,
        "Forces": [
          [
            19.8604450062905,
            33.51297953420608,
            165.462634044738
          ]
        ],
        "Lattice": [
          [
            3.552169745755815,
            0.0,
            0.0
          ],
          [
            -1.7030558150749138,
            3.1172811559526763,
            0.0
          ],
          [
            -1.7030451585656763,
            -2.8710554056861204,
            1.2142381841917103
          ]
        ],
        "NumAtoms": 1,
        "Positions": [
          [
            0.0,
            0.0,
            0.0
          ]
        ],
        "Stress": [
          [
            254711.0657372787,
            441531.64181050414,
            2177379.5596461114
          ],
          [
            441531.64181050414,
            737079.0923081156,
            3670451.0511378325
          ],
          [
            2177379.5596461114,
            3670451.0511378325,
            18093211.94380206
          ]
        ]
      }
    ],
    "EnergyStyle": "electronvolt",
    "ForcesStyle": "electronvoltperangstrom",
    "Label": "ASE generated",
    "LatticeStyle": "angstrom",
    "PositionsStyle": "angstrom",
    "StressStyle": "bar"
  }
}