{
  "Dataset": {
    "AtomTypeStyle": "chemicalsymbol",
    "Data": [
      {
        "AtomTypes": [
          "Ni"
        ],
        "Energy": -4619.030883907993,
        "Forces": [
          [
            0.0,
            0.0,
            0.0
          ]
        ],
        "Lattice": [
          [
            2.16065364664278,
            -2.9068233232068377e-05,
            1.9866899933217003e-05
          ],
          [
            -2.8105130712864933e-05,
            2.1603178440157897,
            2.214818287842912e-05
          ],
          [
            2.3637816719944337e-05,
            3.2692038754873434e-05,
            2.1603052268436107
          ]
        ],
        "NumAtoms": 1,
        "Positions": [
          [
            0.0,
            0.0,
            0.0
          ]
        ],
        "Stress": [
          [
            0.0,
            0.0,
            0.0
          ],
          [
            0.0,
            0.0,
            0.0
          ],
          [
            0.0,
            0.0,
            0.0
          ]
        ]
      }
    ],
    "EnergyStyle": "electronvolt",
    "ForceStyle": "electronvoltperangstrom",
    "ForcesStyle": null,
    "Label": "ASE generated",
    "LatticeStyle": "angstrom",
    "PositionsStyle": "angstrom",
    "StressStyle": "kB"
  }
}