{
  "Dataset": {
    "AtomTypeStyle": "chemicalsymbol",
    "Data": [
      {
        "AtomTypes": [
          "Ni"
        ],
        "Energy": -4619.031000917046,
        "Forces": [
          [
            0.0,
            0.0,
            0.0
          ]
        ],
        "Lattice": [
          [
            2.158781515048232,
            -3.577237928469939e-07,
            -1.939434468615729e-06
          ],
          [
            6.805218899426542e-07,
            2.1587806657188127,
            -5.319818475578151e-06
          ],
          [
            1.7711561163593028e-06,
            5.086451326694239e-06,
            2.1587831978317547
          ]
        ],
        "NumAtoms": 1,
        "Positions": [
          [
            0.0,
            0.0,
            0.0
          ]
        ],
        "Stress": [
          [
            0.0,
            0.0,
            0.0
          ],
          [
            0.0,
            0.0,
            0.0
          ],
          [
            0.0,
            0.0,
            0.0
          ]
        ]
      }
    ],
    "EnergyStyle": "electronvolt",
    "ForceStyle": "electronvoltperangstrom",
    "ForcesStyle": null,
    "Label": "ASE generated",
    "LatticeStyle": "angstrom",
    "PositionsStyle": "angstrom",
    "StressStyle": "kB"
  }
}