{
  "Dataset": {
    "AtomTypeStyle": "chemicalsymbol",
    "Data": [
      {
        "AtomTypes": [
          "Cr"
        ],
        "Energy": -4.006708389149935,
        "Forces": [
          [
            -0.14776490246419396,
            -0.5716736088336946,
            -0.0644715441222502
          ]
        ],
        "Lattice": [
          [
            2.4386343665067307,
            -0.23771443913585122,
            0.009511691498133062
          ],
          [
            -0.2817350146653863,
            2.241626750241642,
            -0.31449742922637586
          ],
          [
            -0.9358334244493367,
            -0.23335294788434832,
            2.133121788945864
          ]
        ],
        "NumAtoms": 1,
        "Positions": [
          [
            0.0,
            0.0,
            0.0
          ]
        ],
        "Stress": [
          [
            65988.42030183742,
            -129231.85883268129,
            19832.713953127022
          ],
          [
            -129231.85883268129,
            164741.5667480153,
            -209693.9531135142
          ],
          [
            19832.713953127022,
            -209693.9531135142,
            170352.1564985884
          ]
        ]
      }
    ],
    "EnergyStyle": "electronvolt",
    "ForcesStyle": "electronvoltperangstrom",
    "Label": "ASE generated",
    "LatticeStyle": "angstrom",
    "PositionsStyle": "angstrom",
    "StressStyle": "bar"
  }
}