{
  "Dataset": {
    "AtomTypeStyle": "chemicalsymbol",
    "Data": [
      {
        "AtomTypes": [
          "Cr"
        ],
        "Energy": -3.5847255755265905,
        "Forces": [
          [
            -0.006276419614741885,
            -0.002225040267442554,
            -0.0006685407701414185
          ]
        ],
        "Lattice": [
          [
            2.4119204834212726,
            -4.968709397835576e-05,
            -0.007316777152627951
          ],
          [
            -4.766563704244523e-05,
            2.2911833581164305,
            -0.0003830057631532927
          ],
          [
            -0.890012624041033,
            -0.0005819986189369752,
            2.2389156325254005
          ]
        ],
        "NumAtoms": 1,
        "Positions": [
          [
            0.0,
            0.0,
            0.0
          ]
        ],
        "Stress": [
          [
            -1360.7224749030186,
            -108.8577979922415,
            -350.11021516423614
          ],
          [
            -108.8577979922415,
            10.297359269536358,
            -547.2310926096465
          ],
          [
            -350.11021516423614,
            -547.2310926096465,
            698.7493790042528
          ]
        ]
      }
    ],
    "EnergyStyle": "electronvolt",
    "ForcesStyle": "electronvoltperangstrom",
    "Label": "ASE generated",
    "LatticeStyle": "angstrom",
    "PositionsStyle": "angstrom",
    "StressStyle": "bar"
  }
}