{
  "Dataset": {
    "AtomTypeStyle": "chemicalsymbol",
    "Data": [
      {
        "AtomTypes": [
          "Cr"
        ],
        "Energy": -1.7670467904317775,
        "Forces": [
          [
            -0.5399936589341676,
            0.36489923539623825,
            -0.7394083329423098
          ]
        ],
        "Lattice": [
          [
            3.260309994146545,
            0.0,
            0.0
          ],
          [
            0.0,
            2.7169206480421284,
            0.0
          ],
          [
            -1.2080165796511662,
            0.0,
            3.3189955740411827
          ]
        ],
        "NumAtoms": 1,
        "Positions": [
          [
            0.0,
            0.0,
            0.0
          ]
        ],
        "Stress": [
          [
            -95538.89930275832,
            0.0,
            -2131.553368794026
          ],
          [
            0.0,
            60925.061643873974,
            -1.4710513242194794
          ],
          [
            -2131.553368794026,
            -1.4710513242194794,
            -107345.55723094387
          ]
        ]
      }
    ],
    "EnergyStyle": "electronvolt",
    "ForcesStyle": "electronvoltperangstrom",
    "Label": "ASE generated",
    "LatticeStyle": "angstrom",
    "PositionsStyle": "angstrom",
    "StressStyle": "bar"
  }
}