{
  "Dataset": {
    "AtomTypeStyle": "chemicalsymbol",
    "Data": [
      {
        "AtomTypes": [
          "Cr"
        ],
        "Energy": -3.6145228835771377,
        "Forces": [
          [
            -0.03434615590319903,
            -0.30086347729288454,
            -0.36928634173737596
          ]
        ],
        "Lattice": [
          [
            2.3826346308248634,
            -0.023595630712894392,
            -0.03930981938286069
          ],
          [
            -0.021046699990064015,
            2.2727143792643947,
            -0.08396214941834815
          ],
          [
            -0.915558274883419,
            -0.09723955218700996,
            2.2856666719607373
          ]
        ],
        "NumAtoms": 1,
        "Positions": [
          [
            0.0,
            0.0,
            0.0
          ]
        ],
        "Stress": [
          [
            11212.353193200874,
            -29312.16868639735,
            7945.148202109409
          ],
          [
            -29312.16868639735,
            36457.06496813136,
            -93369.0985995346
          ],
          [
            7945.148202109409,
            -93369.0985995346,
            -23816.32093911337
          ]
        ]
      }
    ],
    "EnergyStyle": "electronvolt",
    "ForcesStyle": "electronvoltperangstrom",
    "Label": "ASE generated",
    "LatticeStyle": "angstrom",
    "PositionsStyle": "angstrom",
    "StressStyle": "bar"
  }
}