{
  "Dataset": {
    "AtomTypeStyle": "chemicalsymbol",
    "Data": [
      {
        "AtomTypes": [
          "Cr"
        ],
        "Energy": -3.5847956449019875,
        "Forces": [
          [
            0.02591943047102513,
            -0.08252537684248504,
            -0.07027316752881943
          ]
        ],
        "Lattice": [
          [
            2.3972080145064663,
            -0.002760843440156013,
            -0.014336105383972002
          ],
          [
            -0.002045850417684001,
            2.2932457331508,
            -0.009736264250991345
          ],
          [
            -0.8924122013761093,
            -0.01388983436885121,
            2.256721439620624
          ]
        ],
        "NumAtoms": 1,
        "Positions": [
          [
            0.0,
            0.0,
            0.0
          ]
        ],
        "Stress": [
          [
            7197.854129405914,
            -3760.0071847049894,
            4116.001605166104
          ],
          [
            -3760.0071847049894,
            -6215.191844827301,
            -13783.750907936525
          ],
          [
            4116.001605166104,
            -13783.750907936525,
            -11193.229525986018
          ]
        ]
      }
    ],
    "EnergyStyle": "electronvolt",
    "ForcesStyle": "electronvoltperangstrom",
    "Label": "ASE generated",
    "LatticeStyle": "angstrom",
    "PositionsStyle": "angstrom",
    "StressStyle": "bar"
  }
}