{
  "Dataset": {
    "AtomTypeStyle": "chemicalsymbol",
    "Data": [
      {
        "AtomTypes": [
          "Cr"
        ],
        "Energy": -3.5547186035778395,
        "Forces": [
          [
            -0.19905253796595815,
            -0.3222269753755125,
            -0.43872081668820645
          ]
        ],
        "Lattice": [
          [
            2.3859649340300044,
            6.244291058571787e-08,
            0.06186610478272647
          ],
          [
            -4.072018618280501e-06,
            2.327958741469375,
            -7.846004632816287e-05
          ],
          [
            -0.8021636140512528,
            -0.00013500210186353042,
            2.2755104833694744
          ]
        ],
        "NumAtoms": 1,
        "Positions": [
          [
            0.0,
            0.0,
            0.0
          ]
        ],
        "Stress": [
          [
            398.654908863479,
            -4.413153972658439,
            -57791.72232328647
          ],
          [
            -4.413153972658439,
            -91824.49470910414,
            -85.32097680472982
          ],
          [
            -57791.72232328647,
            -85.32097680472982,
            -70416.28478773804
          ]
        ]
      }
    ],
    "EnergyStyle": "electronvolt",
    "ForcesStyle": "electronvoltperangstrom",
    "Label": "ASE generated",
    "LatticeStyle": "angstrom",
    "PositionsStyle": "angstrom",
    "StressStyle": "bar"
  }
}