{
  "Dataset": {
    "AtomTypeStyle": "chemicalsymbol",
    "Data": [
      {
        "AtomTypes": [
          "Cr"
        ],
        "Energy": -3.584744351398058,
        "Forces": [
          [
            0.0006641912498262831,
            -0.011357238946583477,
            -0.00819681472132757
          ]
        ],
        "Lattice": [
          [
            2.409814778827906,
            -0.0004143351705966558,
            -0.00849038477778281
          ],
          [
            -0.00031641092819083294,
            2.291489953336584,
            -0.0016495834736893686
          ],
          [
            -0.8905465447938822,
            -0.0023849371184299912,
            2.241579052853967
          ]
        ],
        "NumAtoms": 1,
        "Positions": [
          [
            0.0,
            0.0,
            0.0
          ]
        ],
        "Stress": [
          [
            198.59192876962973,
            -610.4862995510841,
            604.6020942542061
          ],
          [
            -610.4862995510841,
            -332.4575992736024,
            -2349.268964778509
          ],
          [
            604.6020942542061,
            -2349.268964778509,
            -689.9230710589359
          ]
        ]
      }
    ],
    "EnergyStyle": "electronvolt",
    "ForcesStyle": "electronvoltperangstrom",
    "Label": "ASE generated",
    "LatticeStyle": "angstrom",
    "PositionsStyle": "angstrom",
    "StressStyle": "bar"
  }
}