{
  "Dataset": {
    "AtomTypeStyle": "chemicalsymbol",
    "Data": [
      {
        "AtomTypes": [
          "Cr"
        ],
        "Energy": -3.865196550548717,
        "Forces": [
          [
            -0.4425358627252728,
            -0.029821546752364925,
            -0.20803756889100966
          ]
        ],
        "Lattice": [
          [
            2.534350624948357,
            -0.1369441324755303,
            -0.0274312806891652
          ],
          [
            -0.1530176340575003,
            2.166002663529184,
            -0.3152715387515019
          ],
          [
            -0.9774137617254599,
            -0.27970277891891876,
            2.116848764272547
          ]
        ],
        "NumAtoms": 1,
        "Positions": [
          [
            0.0,
            0.0,
            0.0
          ]
        ],
        "Stress": [
          [
            37658.91390001868,
            -148646.79420972997,
            -17270.14254633669
          ],
          [
            -148646.79420972997,
            336775.1349101865,
            -197629.8612035902
          ],
          [
            -17270.14254633669,
            -197629.8612035902,
            153315.9111128026
          ]
        ]
      }
    ],
    "EnergyStyle": "electronvolt",
    "ForcesStyle": "electronvoltperangstrom",
    "Label": "ASE generated",
    "LatticeStyle": "angstrom",
    "PositionsStyle": "angstrom",
    "StressStyle": "bar"
  }
}