{
  "Dataset": {
    "AtomTypeStyle": "chemicalsymbol",
    "Data": [
      {
        "AtomTypes": [
          "Cr"
        ],
        "Energy": -3.779958311764858,
        "Forces": [
          [
            -0.5261764522632024,
            0.7474246823748141,
            0.0035519289744732063
          ]
        ],
        "Lattice": [
          [
            2.6079224497320745,
            -0.09766292200008483,
            -0.04919594079830846
          ],
          [
            -0.0994708543448931,
            2.108556101796071,
            -0.3545743507697695
          ],
          [
            -1.0140229114668808,
            -0.33811131919884446,
            2.087601269086086
          ]
        ],
        "NumAtoms": 1,
        "Positions": [
          [
            0.0,
            0.0,
            0.0
          ]
        ],
        "Stress": [
          [
            37124.922269327006,
            -115130.36083871336,
            -73370.15584677077
          ],
          [
            -115130.36083871336,
            520410.8848664769,
            -157584.90205568753
          ],
          [
            -73370.15584677077,
            -157584.90205568753,
            231992.14908603305
          ]
        ]
      }
    ],
    "EnergyStyle": "electronvolt",
    "ForcesStyle": "electronvoltperangstrom",
    "Label": "ASE generated",
    "LatticeStyle": "angstrom",
    "PositionsStyle": "angstrom",
    "StressStyle": "bar"
  }
}