{
  "Dataset": {
    "AtomTypeStyle": "chemicalsymbol",
    "Data": [
      {
        "AtomTypes": [
          "Cr"
        ],
        "Energy": -2.016620980465177,
        "Forces": [
          [
            -0.438585999132453,
            0.1093022883338095,
            -0.7324170551835597
          ]
        ],
        "Lattice": [
          [
            3.0737485063694163,
            3.614280333054687e-07,
            -0.006996052371834621
          ],
          [
            3.074519580534075e-07,
            2.8045049435491745,
            -1.4192532728041977e-06
          ],
          [
            -1.1460143273381667,
            -1.8431242166953843e-06,
            3.0946116173230545
          ]
        ],
        "NumAtoms": 1,
        "Positions": [
          [
            0.0,
            0.0,
            0.0
          ]
        ],
        "Stress": [
          [
            -71231.24722135565,
            0.0,
            -10284.119807618383
          ],
          [
            0.0,
            18922.133183435166,
            -0.0
          ],
          [
            -10284.119807618383,
            -0.0,
            -113185.63098809522
          ]
        ]
      }
    ],
    "EnergyStyle": "electronvolt",
    "ForcesStyle": "electronvoltperangstrom",
    "Label": "ASE generated",
    "LatticeStyle": "angstrom",
    "PositionsStyle": "angstrom",
    "StressStyle": "bar"
  }
}