{
  "Dataset": {
    "AtomTypeStyle": "chemicalsymbol",
    "Data": [
      {
        "AtomTypes": [
          "Cr"
        ],
        "Energy": -2.599574374459735,
        "Forces": [
          [
            -1.1908109829184212,
            -1.5950745465801452,
            -0.8420477502714974
          ]
        ],
        "Lattice": [
          [
            2.603547697828908,
            8.96426190950899e-07,
            -0.07587829444733878
          ],
          [
            7.117433452355131e-07,
            2.930358613430195,
            -7.207922754983587e-06
          ],
          [
            -1.0427348306341853,
            -9.058455452595921e-06,
            2.4120976270793
          ]
        ],
        "NumAtoms": 1,
        "Positions": [
          [
            0.0,
            0.0,
            0.0
          ]
        ],
        "Stress": [
          [
            -289741.2109209171,
            -0.0,
            39774.28570424629
          ],
          [
            -0.0,
            -331872.1208465631,
            -1.4710513242194794
          ],
          [
            39774.28570424629,
            -1.4710513242194794,
            -257339.8344536589
          ]
        ]
      }
    ],
    "EnergyStyle": "electronvolt",
    "ForcesStyle": "electronvoltperangstrom",
    "Label": "ASE generated",
    "LatticeStyle": "angstrom",
    "PositionsStyle": "angstrom",
    "StressStyle": "bar"
  }
}