{
  "Dataset": {
    "AtomTypeStyle": "chemicalsymbol",
    "Data": [
      {
        "AtomTypes": [
          "Cr"
        ],
        "Energy": -3.741878803532927,
        "Forces": [
          [
            -0.1695966248748395,
            -0.05963634758804026,
            -0.4098778617063821
          ]
        ],
        "Lattice": [
          [
            2.5128872979212065,
            -0.06685543780390321,
            -0.04438680320012028
          ],
          [
            -0.06667940277212674,
            2.175746278051599,
            -0.24171447907025148
          ],
          [
            -0.9718179947985732,
            -0.23779784434319146,
            2.169001712914617
          ]
        ],
        "NumAtoms": 1,
        "Positions": [
          [
            0.0,
            0.0,
            0.0
          ]
        ],
        "Stress": [
          [
            16085.94623034001,
            -76413.76103658087,
            10906.374517763223
          ],
          [
            -76413.76103658087,
            261557.33860019615,
            -203734.72419910104
          ],
          [
            10906.374517763223,
            -203734.72419910104,
            72333.06466319604
          ]
        ]
      }
    ],
    "EnergyStyle": "electronvolt",
    "ForcesStyle": "electronvoltperangstrom",
    "Label": "ASE generated",
    "LatticeStyle": "angstrom",
    "PositionsStyle": "angstrom",
    "StressStyle": "bar"
  }
}