{
  "Dataset": {
    "AtomTypeStyle": "chemicalsymbol",
    "Data": [
      {
        "AtomTypes": [
          "Cr"
        ],
        "Energy": -4.198335613834388,
        "Forces": [
          [
            0.49001562298609125,
            -0.37647781416986525,
            -0.06445149522157556
          ]
        ],
        "Lattice": [
          [
            2.3933774578608262,
            -0.36279095090184876,
            0.05035493784074068
          ],
          [
            -0.4213868760063157,
            2.2989157674529928,
            -0.4238666231592804
          ],
          [
            -0.920002650102712,
            -0.2942172709981812,
            2.1529702163610915
          ]
        ],
        "NumAtoms": 1,
        "Positions": [
          [
            0.0,
            0.0,
            0.0
          ]
        ],
        "Stress": [
          [
            127813.76535613372,
            -5959.228914413111,
            22440.88795096816
          ],
          [
            -5959.228914413111,
            72747.90113662592,
            -176961.5900983065
          ],
          [
            22440.88795096816,
            -176961.5900983065,
            135244.04559476627
          ]
        ]
      }
    ],
    "EnergyStyle": "electronvolt",
    "ForcesStyle": "electronvoltperangstrom",
    "Label": "ASE generated",
    "LatticeStyle": "angstrom",
    "PositionsStyle": "angstrom",
    "StressStyle": "bar"
  }
}