{
  "Dataset": {
    "AtomTypeStyle": "chemicalsymbol",
    "Data": [
      {
        "AtomTypes": [
          "Cr"
        ],
        "Energy": -3.5845876136882,
        "Forces": [
          [
            0.1520792592358532,
            -0.48113529484302886,
            -0.4439324922896122
          ]
        ],
        "Lattice": [
          [
            2.322584312964249,
            -0.01665060795761572,
            -0.04893724934494159
          ],
          [
            -0.012282799917776718,
            2.3036385888400175,
            -0.05760331936836614
          ],
          [
            -0.9034545464162403,
            -0.08198985092838482,
            2.3463526634137093
          ]
        ],
        "NumAtoms": 1,
        "Positions": [
          [
            0.0,
            0.0,
            0.0
          ]
        ],
        "Stress": [
          [
            71688.7441831879,
            -18085.104979954285,
            -8086.369129234479
          ],
          [
            -18085.104979954285,
            -49783.31891423563,
            -65302.910384751136
          ],
          [
            -8086.369129234479,
            -65302.910384751136,
            -58094.758896075684
          ]
        ]
      }
    ],
    "EnergyStyle": "electronvolt",
    "ForcesStyle": "electronvoltperangstrom",
    "Label": "ASE generated",
    "LatticeStyle": "angstrom",
    "PositionsStyle": "angstrom",
    "StressStyle": "bar"
  }
}