{
  "Dataset": {
    "AtomTypeStyle": "chemicalsymbol",
    "Data": [
      {
        "AtomTypes": [
          "Cr"
        ],
        "Energy": -4.136485988356981,
        "Forces": [
          [
            0.5289167970836033,
            -0.4707178559133163,
            -0.20092647186276547
          ]
        ],
        "Lattice": [
          [
            2.3714380586748893,
            -0.3498349873032116,
            0.04619690834654602
          ],
          [
            -0.41204950606415847,
            2.2989242231756046,
            -0.3753934849806848
          ],
          [
            -0.9096683917933067,
            -0.2494290085672979,
            2.1610383145515453
          ]
        ],
        "NumAtoms": 1,
        "Positions": [
          [
            0.0,
            0.0,
            0.0
          ]
        ],
        "Stress": [
          [
            153663.0792253184,
            -11790.476363619127,
            15678.465013531215
          ],
          [
            -11790.476363619127,
            73784.99232020065,
            -199477.5016668099
          ],
          [
            15678.465013531215,
            -199477.5016668099,
            123046.08801433835
          ]
        ]
      }
    ],
    "EnergyStyle": "electronvolt",
    "ForcesStyle": "electronvoltperangstrom",
    "Label": "ASE generated",
    "LatticeStyle": "angstrom",
    "PositionsStyle": "angstrom",
    "StressStyle": "bar"
  }
}