{
  "Dataset": {
    "AtomTypeStyle": "chemicalsymbol",
    "Data": [
      {
        "AtomTypes": [
          "Cr"
        ],
        "Energy": -3.584729657237858,
        "Forces": [
          [
            -0.0038707703813795247,
            -0.0030926184336168673,
            -0.0009755942118636043
          ]
        ],
        "Lattice": [
          [
            2.411481285388718,
            -9.799885639220066e-05,
            -0.007671810079370467
          ],
          [
            -8.336393151797512e-05,
            2.2912333912923026,
            -0.0005659174527523193
          ],
          [
            -0.8902482782938115,
            -0.0008440270637797313,
            2.239500719951703
          ]
        ],
        "NumAtoms": 1,
        "Positions": [
          [
            0.0,
            0.0,
            0.0
          ]
        ],
        "Stress": [
          [
            -903.2255130707605,
            -176.52615890633757,
            -42.66048840236491
          ],
          [
            -176.52615890633757,
            86.7920281289493,
            -807.6071769964943
          ],
          [
            -42.66048840236491,
            -807.6071769964943,
            560.4705545276217
          ]
        ]
      }
    ],
    "EnergyStyle": "electronvolt",
    "ForcesStyle": "electronvoltperangstrom",
    "Label": "ASE generated",
    "LatticeStyle": "angstrom",
    "PositionsStyle": "angstrom",
    "StressStyle": "bar"
  }
}