{
  "Dataset": {
    "AtomTypeStyle": "chemicalsymbol",
    "Data": [
      {
        "AtomTypes": [
          "Cr"
        ],
        "Energy": -3.6392066238449843,
        "Forces": [
          [
            -0.09830600040218124,
            -0.28243538989397327,
            -0.39659774368231293
          ]
        ],
        "Lattice": [
          [
            2.4100784011545002,
            -0.03271322859782753,
            -0.040372943273746666
          ],
          [
            -0.03066774648748054,
            2.25232555343811,
            -0.11718463646522957
          ],
          [
            -0.9274037876275412,
            -0.12683412941265834,
            2.2611167373580825
          ]
        ],
        "NumAtoms": 1,
        "Positions": [
          [
            0.0,
            0.0,
            0.0
          ]
        ],
        "Stress": [
          [
            -4776.503649740651,
            -41208.560745360286,
            17008.295410625622
          ],
          [
            -41208.560745360286,
            86346.29957771079,
            -127485.72091083274
          ],
          [
            17008.295410625622,
            -127485.72091083274,
            -6693.2835251986335
          ]
        ]
      }
    ],
    "EnergyStyle": "electronvolt",
    "ForcesStyle": "electronvoltperangstrom",
    "Label": "ASE generated",
    "LatticeStyle": "angstrom",
    "PositionsStyle": "angstrom",
    "StressStyle": "bar"
  }
}