{
  "Dataset": {
    "AtomTypeStyle": "chemicalsymbol",
    "Data": [
      {
        "AtomTypes": [
          "Cr"
        ],
        "Energy": -3.5852288505166143,
        "Forces": [
          [
            0.08553457628841185,
            -0.35580981384388355,
            -0.3142939600012391
          ]
        ],
        "Lattice": [
          [
            2.3484829366465054,
            -0.011830078232486095,
            -0.03692870556976105
          ],
          [
            -0.008730002567851794,
            2.3000316831205385,
            -0.040990757664499416
          ],
          [
            -0.8996222313147366,
            -0.058355312990423444,
            2.315245585011841
          ]
        ],
        "NumAtoms": 1,
        "Positions": [
          [
            0.0,
            0.0,
            0.0
          ]
        ],
        "Stress": [
          [
            42023.52317897788,
            -14050.01119762025,
            -2609.645049165357
          ],
          [
            -14050.01119762025,
            -35836.28130931075,
            -49928.952995333355
          ],
          [
            -2609.645049165357,
            -49928.952995333355,
            -40605.4297024303
          ]
        ]
      }
    ],
    "EnergyStyle": "electronvolt",
    "ForcesStyle": "electronvoltperangstrom",
    "Label": "ASE generated",
    "LatticeStyle": "angstrom",
    "PositionsStyle": "angstrom",
    "StressStyle": "bar"
  }
}