{
  "Dataset": {
    "AtomTypeStyle": "chemicalsymbol",
    "Data": [
      {
        "AtomTypes": [
          "Cr"
        ],
        "Energy": -2.9702304861748416,
        "Forces": [
          [
            0.2904000594180123,
            -1.4256192478567202,
            0.2573274753136108
          ]
        ],
        "Lattice": [
          [
            2.389329731651472,
            1.48381289222333e-06,
            -0.08731804680834841
          ],
          [
            1.2223993512966803e-06,
            2.910067344597334,
            -1.1540296559774028e-05
          ],
          [
            -0.9731849590130657,
            -1.6319825105623217e-05,
            2.121465886216444
          ]
        ],
        "NumAtoms": 1,
        "Positions": [
          [
            0.0,
            0.0,
            0.0
          ]
        ],
        "Stress": [
          [
            11634.544923251866,
            0.0,
            55236.50617311724
          ],
          [
            0.0,
            -336274.97745995194,
            -7.355256621097396
          ],
          [
            55236.50617311724,
            -7.355256621097396,
            27493.949249662073
          ]
        ]
      }
    ],
    "EnergyStyle": "electronvolt",
    "ForcesStyle": "electronvoltperangstrom",
    "Label": "ASE generated",
    "LatticeStyle": "angstrom",
    "PositionsStyle": "angstrom",
    "StressStyle": "bar"
  }
}