{
  "Dataset": {
    "AtomTypeStyle": "chemicalsymbol",
    "Data": [
      {
        "AtomTypes": [
          "Cr"
        ],
        "Energy": -4.267577490396434,
        "Forces": [
          [
            0.35183106048651436,
            -0.049122710406333925,
            0.08091057979348804
          ]
        ],
        "Lattice": [
          [
            2.420728772465328,
            -0.38308606314877436,
            0.06326303312746465
          ],
          [
            -0.43630854295936855,
            2.3013071933423515,
            -0.49392825729600387
          ],
          [
            -0.9263373505581537,
            -0.3618390526516778,
            2.153613053954496
          ]
        ],
        "NumAtoms": 1,
        "Positions": [
          [
            0.0,
            0.0,
            0.0
          ]
        ],
        "Stress": [
          [
            83705.76245073683,
            11452.134559048649,
            6800.670271866655
          ],
          [
            11452.134559048649,
            89229.56017318097,
            -115046.51091323285
          ],
          [
            6800.670271866655,
            -115046.51091323285,
            131932.70906394825
          ]
        ]
      }
    ],
    "EnergyStyle": "electronvolt",
    "ForcesStyle": "electronvoltperangstrom",
    "Label": "ASE generated",
    "LatticeStyle": "angstrom",
    "PositionsStyle": "angstrom",
    "StressStyle": "bar"
  }
}