{
  "Dataset": {
    "AtomTypeStyle": "chemicalsymbol",
    "Data": [
      {
        "AtomTypes": [
          "Cr"
        ],
        "Energy": -4.2999299496541425,
        "Forces": [
          [
            -0.07537776451724756,
            0.5132464135208411,
            0.07683382301850566
          ]
        ],
        "Lattice": [
          [
            2.457926034409974,
            -0.4010148007553845,
            0.08763352003452606
          ],
          [
            -0.4505055377096314,
            2.305250204378185,
            -0.5901884368813625
          ],
          [
            -0.9240996014343412,
            -0.4641150293396359,
            2.1794089098353586
          ]
        ],
        "NumAtoms": 1,
        "Positions": [
          [
            0.0,
            0.0,
            0.0
          ]
        ],
        "Stress": [
          [
            25357.982726895392,
            9541.238888887545,
            -56220.63950902007
          ],
          [
            9541.238888887545,
            125240.89659007383,
            14435.426644565752
          ],
          [
            -56220.63950902007,
            14435.426644565752,
            63362.59368810563
          ]
        ]
      }
    ],
    "EnergyStyle": "electronvolt",
    "ForcesStyle": "electronvoltperangstrom",
    "Label": "ASE generated",
    "LatticeStyle": "angstrom",
    "PositionsStyle": "angstrom",
    "StressStyle": "bar"
  }
}