{
  "Dataset": {
    "AtomTypeStyle": "chemicalsymbol",
    "Data": [
      {
        "AtomTypes": [
          "Cr"
        ],
        "Energy": -3.4929183668054975,
        "Forces": [
          [
            0.3298047281261886,
            -0.08959207758346845,
            -0.022264166810249397
          ]
        ],
        "Lattice": [
          [
            2.2969229834549396,
            -1.2859006162991053e-07,
            0.12433771794022544
          ],
          [
            5.291772083535413e-08,
            2.314994285105721,
            -4.073076972697208e-05
          ],
          [
            -0.6987218382770264,
            -7.816264873706818e-05,
            2.2121872378133576
          ]
        ],
        "NumAtoms": 1,
        "Positions": [
          [
            0.0,
            0.0,
            0.0
          ]
        ],
        "Stress": [
          [
            202000.35468784627,
            -5.8842052968779175,
            -102766.17445864862
          ],
          [
            -5.8842052968779175,
            -26642.210532938996,
            -79.4367715078519
          ],
          [
            -102766.17445864862,
            -79.4367715078519,
            95943.43841691867
          ]
        ]
      }
    ],
    "EnergyStyle": "electronvolt",
    "ForcesStyle": "electronvoltperangstrom",
    "Label": "ASE generated",
    "LatticeStyle": "angstrom",
    "PositionsStyle": "angstrom",
    "StressStyle": "bar"
  }
}