{
  "Dataset": {
    "AtomTypeStyle": "chemicalsymbol",
    "Data": [
      {
        "AtomTypes": [
          "Cr"
        ],
        "Energy": -3.585184087750804,
        "Forces": [
          [
            0.10602702973032777,
            -0.3994256467942179,
            -0.3575845735845756
          ]
        ],
        "Lattice": [
          [
            2.3397189106300424,
            -0.013461332595209723,
            -0.04099236477568119
          ],
          [
            -0.009932259847066914,
            2.30125225046034,
            -0.0466124045319378
          ],
          [
            -0.9009190763740588,
            -0.06635317825260699,
            2.325772138381104
          ]
        ],
        "NumAtoms": 1,
        "Positions": [
          [
            0.0,
            0.0,
            0.0
          ]
        ],
        "Stress": [
          [
            51407.35957617393,
            -15493.112546679558,
            -4374.906638228733
          ],
          [
            -15493.112546679558,
            -40831.97160636009,
            -55214.44040325395
          ],
          [
            -4374.906638228733,
            -55214.44040325395,
            -46360.182482776894
          ]
        ]
      }
    ],
    "EnergyStyle": "electronvolt",
    "ForcesStyle": "electronvoltperangstrom",
    "Label": "ASE generated",
    "LatticeStyle": "angstrom",
    "PositionsStyle": "angstrom",
    "StressStyle": "bar"
  }
}