{
  "Dataset": {
    "AtomTypeStyle": "chemicalsymbol",
    "Data": [
      {
        "AtomTypes": [
          "Cr"
        ],
        "Energy": -3.541647875882063,
        "Forces": [
          [
            -0.26178540190047445,
            -0.0786613946351581,
            -0.5784790800068943
          ]
        ],
        "Lattice": [
          [
            2.3806618640130712,
            -4.799637279766619e-07,
            0.08502443085911843
          ],
          [
            -3.278781982958542e-06,
            2.2997173391585237,
            -6.456226530517381e-05
          ],
          [
            -0.7739658783852804,
            -0.00011615280970197726,
            2.2974013363674937
          ]
        ],
        "NumAtoms": 1,
        "Positions": [
          [
            0.0,
            0.0,
            0.0
          ]
        ],
        "Stress": [
          [
            -13474.830129850434,
            -1.4710513242194794,
            -63084.56498782816
          ],
          [
            -1.4710513242194794,
            -22536.50628704243,
            -67.66836091409607
          ],
          [
            -63084.56498782816,
            -67.66836091409607,
            -104291.65468186424
          ]
        ]
      }
    ],
    "EnergyStyle": "electronvolt",
    "ForcesStyle": "electronvoltperangstrom",
    "Label": "ASE generated",
    "LatticeStyle": "angstrom",
    "PositionsStyle": "angstrom",
    "StressStyle": "bar"
  }
}