{
  "Dataset": {
    "AtomTypeStyle": "chemicalsymbol",
    "Data": [
      {
        "AtomTypes": [
          "Cr"
        ],
        "Energy": -3.5851425903538257,
        "Forces": [
          [
            0.0676257082580354,
            -0.30745320278670735,
            -0.26870377714639804
          ]
        ],
        "Lattice": [
          [
            2.357932382087974,
            -0.010071246124132138,
            -0.03254723364522515
          ],
          [
            -0.007433718436370376,
            2.298715656974945,
            -0.034929451321981414
          ],
          [
            -0.8982239615057752,
            -0.04973194809689022,
            2.303895767904923
          ]
        ],
        "NumAtoms": 1,
        "Positions": [
          [
            0.0,
            0.0,
            0.0
          ]
        ],
        "Stress": [
          [
            32800.03137612173,
            -12359.773226092067,
            -454.5548591838192
          ],
          [
            -12359.773226092067,
            -30303.657278921277,
            -44015.326671971045
          ],
          [
            -454.5548591838192,
            -44015.326671971045,
            -35184.60557268151
          ]
        ]
      }
    ],
    "EnergyStyle": "electronvolt",
    "ForcesStyle": "electronvoltperangstrom",
    "Label": "ASE generated",
    "LatticeStyle": "angstrom",
    "PositionsStyle": "angstrom",
    "StressStyle": "bar"
  }
}