{
  "Dataset": {
    "AtomTypeStyle": "chemicalsymbol",
    "Data": [
      {
        "AtomTypes": [
          "Cr"
        ],
        "Energy": -3.599057143810114,
        "Forces": [
          [
            0.020050532665187873,
            -0.3245302211812199,
            -0.3441266426743499
          ]
        ],
        "Lattice": [
          [
            2.36434018837475,
            -0.01751662868452904,
            -0.038602141706116956
          ],
          [
            -0.014631882634454715,
            2.286302127002908,
            -0.06181196730842587
          ],
          [
            -0.9076629594016196,
            -0.0775083449319134,
            2.302031422094641
          ]
        ],
        "NumAtoms": 1,
        "Positions": [
          [
            0.0,
            0.0,
            0.0
          ]
        ],
        "Stress": [
          [
            25407.998471918858,
            -21342.012611776205,
            1874.1193870556172
          ],
          [
            -21342.012611776205,
            279.4997516017011,
            -70897.31857075781
          ],
          [
            1874.1193870556172,
            -70897.31857075781,
            -32860.34448041474
          ]
        ]
      }
    ],
    "EnergyStyle": "electronvolt",
    "ForcesStyle": "electronvoltperangstrom",
    "Label": "ASE generated",
    "LatticeStyle": "angstrom",
    "PositionsStyle": "angstrom",
    "StressStyle": "bar"
  }
}