{
  "Dataset": {
    "AtomTypeStyle": "chemicalsymbol",
    "Data": [
      {
        "AtomTypes": [
          "Cr"
        ],
        "Energy": -3.5852315716574594,
        "Forces": [
          [
            0.09015451070260584,
            -0.36420221586327817,
            -0.32245016182068986
          ]
        ],
        "Lattice": [
          [
            2.3466808850480136,
            -0.012165495618469361,
            -0.037764271619156416
          ],
          [
            -0.008977209817442985,
            2.30028265493679,
            -0.042146675953933434
          ],
          [
            -0.8998888874142663,
            -0.05999982694645679,
            2.3174100457381828
          ]
        ],
        "NumAtoms": 1,
        "Positions": [
          [
            0.0,
            0.0,
            0.0
          ]
        ],
        "Stress": [
          [
            44090.35028950625,
            -14355.989873057903,
            -2983.2920855171046
          ],
          [
            -14355.989873057903,
            -36688.02002603382,
            -51029.299385849525
          ],
          [
            -2983.2920855171046,
            -51029.299385849525,
            -41543.96044728232
          ]
        ]
      }
    ],
    "EnergyStyle": "electronvolt",
    "ForcesStyle": "electronvoltperangstrom",
    "Label": "ASE generated",
    "LatticeStyle": "angstrom",
    "PositionsStyle": "angstrom",
    "StressStyle": "bar"
  }
}