{
  "Dataset": {
    "AtomTypeStyle": "chemicalsymbol",
    "Data": [
      {
        "AtomTypes": [
          "Cr"
        ],
        "Energy": -3.584834693272569,
        "Forces": [
          [
            0.045853578912453535,
            -0.17462993390693118,
            -0.14984050059917542
          ]
        ],
        "Lattice": [
          [
            2.381497761327399,
            -0.0056850047254173456,
            -0.02162055668847326
          ],
          [
            -0.004200997625158551,
            2.295433702574622,
            -0.019813538761881046
          ],
          [
            -0.8947369054279758,
            -0.0282266800717377,
            2.275591170722673
          ]
        ],
        "NumAtoms": 1,
        "Positions": [
          [
            0.0,
            0.0,
            0.0
          ]
        ],
        "Stress": [
          [
            16203.630336277567,
            -7471.469675710736,
            4705.893186178115
          ],
          [
            -7471.469675710736,
            -15185.662819917687,
            -27195.32583084552
          ],
          [
            4705.893186178115,
            -27195.32583084552,
            -21964.267321921045
          ]
        ]
      }
    ],
    "EnergyStyle": "electronvolt",
    "ForcesStyle": "electronvoltperangstrom",
    "Label": "ASE generated",
    "LatticeStyle": "angstrom",
    "PositionsStyle": "angstrom",
    "StressStyle": "bar"
  }
}