{
  "Dataset": {
    "AtomTypeStyle": "chemicalsymbol",
    "Data": [
      {
        "AtomTypes": [
          "Cr"
        ],
        "Energy": -3.584770066178862,
        "Forces": [
          [
            0.007691024733229999,
            -0.03387939077055618,
            -0.028215752463273187
          ]
        ],
        "Lattice": [
          [
            2.4059359326452947,
            -0.0011363096279784761,
            -0.010289187757392545
          ],
          [
            -0.0008485467663162789,
            2.2920301945820096,
            -0.00413777788243097
          ],
          [
            -0.8911206988898825,
            -0.005924920442254633,
            2.2462382554986493
          ]
        ],
        "NumAtoms": 1,
        "Positions": [
          [
            0.0,
            0.0,
            0.0
          ]
        ],
        "Stress": [
          [
            1930.0193373759573,
            -1593.1485841296967,
            1897.6562082431287
          ],
          [
            -1593.1485841296967,
            -2318.3768869699,
            -5888.618450850578
          ],
          [
            1897.6562082431287,
            -5888.618450850578,
            -4388.146100146708
          ]
        ]
      }
    ],
    "EnergyStyle": "electronvolt",
    "ForcesStyle": "electronvoltperangstrom",
    "Label": "ASE generated",
    "LatticeStyle": "angstrom",
    "PositionsStyle": "angstrom",
    "StressStyle": "bar"
  }
}