{
  "Dataset": {
    "AtomTypeStyle": "chemicalsymbol",
    "Data": [
      {
        "AtomTypes": [
          "Cr"
        ],
        "Energy": -4.076983482872038,
        "Forces": [
          [
            0.48556263408438427,
            -0.5067343847828161,
            -0.2976396193109333
          ]
        ],
        "Lattice": [
          [
            2.352644262914708,
            -0.3328647753621299,
            0.04312597182488971
          ],
          [
            -0.39756534218906125,
            2.2965821980953547,
            -0.33100161490879454
          ],
          [
            -0.898326774816409,
            -0.21185748815875263,
            2.172290543443585
          ]
        ],
        "NumAtoms": 1,
        "Positions": [
          [
            0.0,
            0.0,
            0.0
          ]
        ],
        "Stress": [
          [
            169685.770248717,
            -29912.3576266789,
            6309.339129577347
          ],
          [
            -29912.3576266789,
            82830.48691282624,
            -200770.55578079878
          ],
          [
            6309.339129577347,
            -200770.55578079878,
            103791.4972316296
          ]
        ]
      }
    ],
    "EnergyStyle": "electronvolt",
    "ForcesStyle": "electronvoltperangstrom",
    "Label": "ASE generated",
    "LatticeStyle": "angstrom",
    "PositionsStyle": "angstrom",
    "StressStyle": "bar"
  }
}