{
  "Dataset": {
    "AtomTypeStyle": "chemicalsymbol",
    "Data": [
      {
        "AtomTypes": [
          "Cr",
          "Cr"
        ],
        "Energy": -83.38397705519856,
        "Forces": [
          [
            2.0591510942536232e-05,
            -3.1679247603901893e-06,
            -6.263851230771511e-06
          ],
          [
            -2.0591510942536232e-05,
            3.1679247603901893e-06,
            6.263851230771511e-06
          ]
        ],
        "Lattice": [
          [
            3.2496017054486175,
            6.458607827954971e-06,
            2.837977368400042e-06
          ],
          [
            1.6248064458628122,
            2.814242124864268,
            7.403189144866044e-07
          ],
          [
            1.6248050340180205,
            0.9380822217349051,
            2.6532934981975806
          ]
        ],
        "NumAtoms": 2,
        "Positions": [
          [
            1.3079640637002385e-06,
            -2.0259759707577294e-08,
            -6.670365384133301e-07
          ],
          [
            1.624801988368299,
            0.93808272156151,
            0.6633249361600042
          ]
        ],
        "Stress": [
          [
            -74992.72545738485,
            -7.355256621097396,
            -4.413153972658439
          ],
          [
            -7.355256621097396,
            -74995.6675600333,
            1.4710513242194794
          ],
          [
            -4.413153972658439,
            1.4710513242194794,
            -74997.1386113575
          ]
        ]
      }
    ],
    "EnergyStyle": "electronvolt",
    "ForcesStyle": "electronvoltperangstrom",
    "Label": "ASE generated",
    "LatticeStyle": "angstrom",
    "PositionsStyle": "angstrom",
    "StressStyle": "bar"
  }
}