{
  "Dataset": {
    "AtomTypeStyle": "chemicalsymbol",
    "Data": [
      {
        "AtomTypes": [
          "Cr",
          "Cr"
        ],
        "Energy": -83.39143978382981,
        "Forces": [
          [
            5.111878590629624e-06,
            -2.879931600354718e-07,
            -2.735935020336982e-06
          ],
          [
            -5.111878590629624e-06,
            2.879931600354718e-07,
            2.735935020336982e-06
          ]
        ],
        "Lattice": [
          [
            3.2360870000401727,
            2.5082999675957862e-06,
            3.6671980538900414e-07
          ],
          [
            1.6180456725571153,
            2.8025348279151956,
            -1.5875316250606238e-08
          ],
          [
            1.6180445231842189,
            0.9341789243902044,
            2.6422556770934036
          ]
        ],
        "NumAtoms": 2,
        "Positions": [
          [
            3.3499968612717096e-06,
            -3.290147532479522e-07,
            -1.2912698892244218e-06
          ],
          [
            1.6180409489485157,
            0.9341793941660952,
            0.6605652982543625
          ]
        ],
        "Stress": [
          [
            -4183.6699660802,
            2.9421026484389587,
            2.9421026484389587
          ],
          [
            2.9421026484389587,
            -4182.198914755981,
            -0.0
          ],
          [
            2.9421026484389587,
            -0.0,
            -4179.256812107542
          ]
        ]
      }
    ],
    "EnergyStyle": "electronvolt",
    "ForcesStyle": "electronvoltperangstrom",
    "Label": "ASE generated",
    "LatticeStyle": "angstrom",
    "PositionsStyle": "angstrom",
    "StressStyle": "bar"
  }
}