{
  "Dataset": {
    "AtomTypeStyle": "chemicalsymbol",
    "Data": [
      {
        "AtomTypes": [
          "Cr",
          "Cr"
        ],
        "Energy": -83.39146100872767,
        "Forces": [
          [
            1.4759649451817927e-05,
            -1.7999572502216984e-06,
            -5.543868330682832e-06
          ],
          [
            -1.4759649451817927e-05,
            1.7999572502216984e-06,
            5.543868330682832e-06
          ]
        ],
        "Lattice": [
          [
            3.2352949418824943,
            4.832446266684539e-06,
            2.4945413601785936e-06
          ],
          [
            1.6176516556746106,
            2.8018507399000456,
            8.71025684949929e-07
          ],
          [
            1.6176509026554433,
            0.9339515025472563,
            2.64161162821337
          ]
        ],
        "NumAtoms": 2,
        "Positions": [
          [
            3.873455123770559e-06,
            -3.5760324433907315e-07,
            -1.5709627335198708e-06
          ],
          [
            1.6176455015980133,
            0.9339521263266364,
            0.6604053194078373
          ]
        ],
        "Stress": [
          [
            113.27095196489995,
            0.0,
            0.0
          ],
          [
            0.0,
            113.27095196489995,
            0.0
          ],
          [
            0.0,
            0.0,
            114.74200328911941
          ]
        ]
      }
    ],
    "EnergyStyle": "electronvolt",
    "ForcesStyle": "electronvoltperangstrom",
    "Label": "ASE generated",
    "LatticeStyle": "angstrom",
    "PositionsStyle": "angstrom",
    "StressStyle": "bar"
  }
}