{
  "Dataset": {
    "AtomTypeStyle": "chemicalsymbol",
    "Data": [
      {
        "AtomTypes": [
          "Cr",
          "Cr"
        ],
        "Energy": -80.5004059235871,
        "Forces": [
          [
            2.1095498972598307e-05,
            -4.247899110523208e-06,
            -6.9118358408513215e-06
          ],
          [
            -2.1095498972598307e-05,
            4.247899110523208e-06,
            6.9118358408513215e-06
          ]
        ],
        "Lattice": [
          [
            3.508920793147704,
            8.75206184895922e-06,
            4.04344304902941e-06
          ],
          [
            1.7544679759790074,
            3.038821070154244,
            7.815947367381806e-07
          ],
          [
            1.754466224931625,
            1.012942105119578,
            2.8650286977369004
          ]
        ],
        "NumAtoms": 2,
        "Positions": [
          [
            -4.3685786884552274e-08,
            1.8465871714348012e-07,
            -1.5929563186937515e-07
          ],
          [
            1.7544637922003712,
            1.0129427971752005,
            0.7162585399893033
          ]
        ],
        "Stress": [
          [
            -1298369.0224233277,
            -17.652615890633754,
            -8.826307945316877
          ],
          [
            -17.652615890633754,
            -1298374.9066286243,
            2.9421026484389587
          ],
          [
            -8.826307945316877,
            2.9421026484389587,
            -1298382.2618852453
          ]
        ]
      }
    ],
    "EnergyStyle": "electronvolt",
    "ForcesStyle": "electronvoltperangstrom",
    "Label": "ASE generated",
    "LatticeStyle": "angstrom",
    "PositionsStyle": "angstrom",
    "StressStyle": "bar"
  }
}