{
  "Dataset": {
    "AtomTypeStyle": "chemicalsymbol",
    "Data": [
      {
        "AtomTypes": [
          "Cr",
          "Cr"
        ],
        "Energy": -76.86908693450823,
        "Forces": [
          [
            -1.079974350133019e-06,
            4.6078905605675485e-06,
            -4.031904240496605e-06
          ],
          [
            1.079974350133019e-06,
            -4.6078905605675485e-06,
            4.031904240496605e-06
          ]
        ],
        "Lattice": [
          [
            2.8284299532069275,
            0.0,
            0.0
          ],
          [
            1.4142149766034637,
            2.4494910502260296,
            0.0
          ],
          [
            1.4142149766034637,
            0.8164970167420098,
            2.3094045715035967
          ]
        ],
        "NumAtoms": 2,
        "Positions": [
          [
            0.0,
            0.0,
            0.0
          ],
          [
            1.4142149766034637,
            0.8164972995850052,
            0.5773507186114062
          ]
        ],
        "Stress": [
          [
            3245493.7445973093,
            41.18943707814543,
            19.123667214853235
          ],
          [
            41.18943707814543,
            3245505.5130079025,
            -7.355256621097396
          ],
          [
            19.123667214853235,
            -7.355256621097396,
            3245524.6366751175
          ]
        ]
      }
    ],
    "EnergyStyle": "electronvolt",
    "ForcesStyle": "electronvoltperangstrom",
    "Label": "ASE generated",
    "LatticeStyle": "angstrom",
    "PositionsStyle": "angstrom",
    "StressStyle": "bar"
  }
}