{
  "Dataset": {
    "AtomTypeStyle": "chemicalsymbol",
    "Data": [
      {
        "AtomTypes": [
          "Cr",
          "Cr"
        ],
        "Energy": -84.7040311630144,
        "Forces": [
          [
            1.7135593022110572e-05,
            -7.199829000886794e-07,
            -7.271827290895662e-06
          ],
          [
            -1.7135593022110572e-05,
            7.199829000886794e-07,
            7.271827290895662e-06
          ]
        ],
        "Lattice": [
          [
            3.2352949418824943,
            4.832446266684539e-06,
            2.4945413601785936e-06
          ],
          [
            1.6176516556746106,
            2.8018507399000456,
            8.71025684949929e-07
          ],
          [
            1.6176509026554433,
            0.9339515025472563,
            2.64161162821337
          ]
        ],
        "NumAtoms": 2,
        "Positions": [
          [
            3.873455123770559e-06,
            -3.5760324433907315e-07,
            -1.5709627335198708e-06
          ],
          [
            1.6176455015980133,
            0.9339521263266364,
            0.6604053194078373
          ]
        ],
        "Stress": [
          [
            593370.6173937903,
            5.8842052968779175,
            2.9421026484389587
          ],
          [
            5.8842052968779175,
            593366.2042398177,
            1.4710513242194794
          ],
          [
            2.9421026484389587,
            1.4710513242194794,
            593375.0305477631
          ]
        ]
      }
    ],
    "EnergyStyle": "electronvolt",
    "ForcesStyle": "electronvoltperangstrom",
    "Label": "ASE generated",
    "LatticeStyle": "angstrom",
    "PositionsStyle": "angstrom",
    "StressStyle": "bar"
  }
}