{
  "Dataset": {
    "AtomTypeStyle": "chemicalsymbol",
    "Data": [
      {
        "AtomTypes": [
          "Cr"
        ],
        "Energy": -42.583742897521006,
        "Forces": [
          [
            -2.5256037613442284,
            -2.087956308162886,
            -3.656237316631812
          ]
        ],
        "Lattice": [
          [
            4.116369489289819,
            0.0,
            0.0
          ],
          [
            0.2539923465976497,
            3.0056289281473005,
            0.0
          ],
          [
            -2.8206886797324877,
            -3.4982677958865276,
            1.8466897966546878
          ]
        ],
        "NumAtoms": 1,
        "Positions": [
          [
            0.0,
            0.0,
            0.0
          ]
        ],
        "Stress": [
          [
            -311908.4833255805,
            -3723.230901599503,
            -11427.126686536918
          ],
          [
            -3723.230901599503,
            -327681.09562386177,
            -23939.889250347813
          ],
          [
            -11427.126686536918,
            -23939.889250347813,
            -324381.5275036375
          ]
        ]
      }
    ],
    "EnergyStyle": "electronvolt",
    "ForcesStyle": "electronvoltperangstrom",
    "Label": "ASE generated",
    "LatticeStyle": "angstrom",
    "PositionsStyle": "angstrom",
    "StressStyle": "bar"
  }
}