{
  "Dataset": {
    "AtomTypeStyle": "chemicalsymbol",
    "Data": [
      {
        "AtomTypes": [
          "Cr"
        ],
        "Energy": -45.25647337351984,
        "Forces": [
          [
            -0.02989963142187023,
            -0.004776359991371968,
            0.08759537176371965
          ]
        ],
        "Lattice": [
          [
            2.8540956484282054,
            -0.05746345624466668,
            0.06478950934457986
          ],
          [
            1.4973909565481074,
            1.97950924487472,
            -0.09808234097612215
          ],
          [
            1.3560581733300328,
            0.09320257727099826,
            2.0380687583538344
          ]
        ],
        "NumAtoms": 1,
        "Positions": [
          [
            0.0,
            0.0,
            0.0
          ]
        ],
        "Stress": [
          [
            -9425.025834274205,
            -12827.567547193861,
            13920.558681088933
          ],
          [
            -12827.567547193861,
            3459.912714564216,
            8034.8823328867975
          ],
          [
            13920.558681088933,
            8034.8823328867975,
            2491.9609432277985
          ]
        ]
      }
    ],
    "EnergyStyle": "electronvolt",
    "ForcesStyle": "electronvoltperangstrom",
    "Label": "ASE generated",
    "LatticeStyle": "angstrom",
    "PositionsStyle": "angstrom",
    "StressStyle": "bar"
  }
}