{
  "Dataset": {
    "AtomTypeStyle": "chemicalsymbol",
    "Data": [
      {
        "AtomTypes": [
          "Cr"
        ],
        "Energy": -45.2227113633312,
        "Forces": [
          [
            0.5266035656390979,
            0.07485267270301299,
            0.37643852860301896
          ]
        ],
        "Lattice": [
          [
            2.7884036464051585,
            -0.025306224614466466,
            0.03205023146949392
          ],
          [
            1.4864497753732517,
            1.9778312070133601,
            -0.07912117069835611
          ],
          [
            1.3044299620995388,
            0.1419626226317101,
            1.9995363336282095
          ]
        ],
        "NumAtoms": 1,
        "Positions": [
          [
            0.0,
            0.0,
            0.0
          ]
        ],
        "Stress": [
          [
            151724.23357999712,
            -36414.40447972899,
            36452.65181415871
          ],
          [
            -36414.40447972899,
            110887.84881966437,
            -52863.700387151206
          ],
          [
            36452.65181415871,
            -52863.700387151206,
            125070.25463646438
          ]
        ]
      }
    ],
    "EnergyStyle": "electronvolt",
    "ForcesStyle": "electronvoltperangstrom",
    "Label": "ASE generated",
    "LatticeStyle": "angstrom",
    "PositionsStyle": "angstrom",
    "StressStyle": "bar"
  }
}