{
  "Dataset": {
    "AtomTypeStyle": "chemicalsymbol",
    "Data": [
      {
        "AtomTypes": [
          "Cr"
        ],
        "Energy": -45.15837257431076,
        "Forces": [
          [
            -0.05813722432949803,
            -1.1483807751441901,
            -0.7912690914512803
          ]
        ],
        "Lattice": [
          [
            2.8175328265638444,
            -0.005533190663644424,
            0.00795170672183049
          ],
          [
            1.517115613647719,
            2.0791403171446317,
            -0.029911603057755334
          ],
          [
            1.301666566966884,
            0.22414182904056007,
            2.0723194335414834
          ]
        ],
        "NumAtoms": 1,
        "Positions": [
          [
            0.0,
            0.0,
            0.0
          ]
        ],
        "Stress": [
          [
            -22430.590591698623,
            -31620.24821409771,
            38175.25291481971
          ],
          [
            -31620.24821409771,
            -158418.98815651998,
            -123880.17411517083
          ],
          [
            38175.25291481971,
            -123880.17411517083,
            -130510.20243342803
          ]
        ]
      }
    ],
    "EnergyStyle": "electronvolt",
    "ForcesStyle": "electronvoltperangstrom",
    "Label": "ASE generated",
    "LatticeStyle": "angstrom",
    "PositionsStyle": "angstrom",
    "StressStyle": "bar"
  }
}