{
  "Dataset": {
    "AtomTypeStyle": "chemicalsymbol",
    "Data": [
      {
        "AtomTypes": [
          "Cr"
        ],
        "Energy": -45.128362881221165,
        "Forces": [
          [
            0.011040213376475896,
            0.009152509492066047,
            0.011112390119061646
          ]
        ],
        "Lattice": [
          [
            2.8467740303624756,
            -0.07293812343481591,
            0.08266090901313329
          ],
          [
            1.4818088282839035,
            1.9724273678973485,
            -0.08452043348986997
          ],
          [
            1.3646843259290995,
            0.08993634366718141,
            2.049900173287949
          ]
        ],
        "NumAtoms": 1,
        "Positions": [
          [
            0.0,
            0.0,
            0.0
          ]
        ],
        "Stress": [
          [
            2821.4764398529614,
            166.2287996368012,
            95.61833607426618
          ],
          [
            166.2287996368012,
            2380.161042587118,
            10.297359269536358
          ],
          [
            95.61833607426618,
            10.297359269536358,
            2998.0025987593
          ]
        ]
      }
    ],
    "EnergyStyle": "electronvolt",
    "ForcesStyle": "electronvoltperangstrom",
    "Label": "ASE generated",
    "LatticeStyle": "angstrom",
    "PositionsStyle": "angstrom",
    "StressStyle": "bar"
  }
}