{
  "Dataset": {
    "AtomTypeStyle": "chemicalsymbol",
    "Data": [
      {
        "AtomTypes": [
          "Cr"
        ],
        "Energy": -44.640998537425276,
        "Forces": [
          [
            -1.3405363353526927,
            -2.2312998275253637,
            -2.040590956435491
          ]
        ],
        "Lattice": [
          [
            2.9823596654588473,
            0.0,
            0.0
          ],
          [
            1.6102803659695228,
            2.247467473214136,
            0.0
          ],
          [
            1.3720733347699936,
            0.28132002252340216,
            2.2297880451172962
          ]
        ],
        "NumAtoms": 1,
        "Positions": [
          [
            0.0,
            0.0,
            0.0
          ]
        ],
        "Stress": [
          [
            -325203.8451938761,
            -10916.671877032757,
            15688.76237280075
          ],
          [
            -10916.671877032757,
            -432884.802126742,
            -89553.19146450926
          ],
          [
            15688.76237280075,
            -89553.19146450926,
            -413903.8268903381
          ]
        ]
      }
    ],
    "EnergyStyle": "electronvolt",
    "ForcesStyle": "electronvoltperangstrom",
    "Label": "ASE generated",
    "LatticeStyle": "angstrom",
    "PositionsStyle": "angstrom",
    "StressStyle": "bar"
  }
}