{
  "Dataset": {
    "AtomTypeStyle": "chemicalsymbol",
    "Data": [
      {
        "AtomTypes": [
          "Cr"
        ],
        "Energy": -44.93292891662122,
        "Forces": [
          [
            0.026806805552384495,
            0.024869622952482656,
            0.026850276107862787
          ]
        ],
        "Lattice": [
          [
            2.846695359703619,
            -0.07303635354164816,
            0.08257571677436046
          ],
          [
            1.4816540577090676,
            1.972554504309187,
            -0.08464739209816652
          ],
          [
            1.3645432044219987,
            0.08989643629719063,
            2.0496252286858048
          ]
        ],
        "NumAtoms": 1,
        "Positions": [
          [
            0.0,
            0.0,
            0.0
          ]
        ],
        "Stress": [
          [
            7209.62253999967,
            170.64195360945965,
            105.91569534380253
          ],
          [
            170.64195360945965,
            6759.480834788509,
            17.652615890633754
          ],
          [
            105.91569534380253,
            17.652615890633754,
            7377.3223909606895
          ]
        ]
      }
    ],
    "EnergyStyle": "electronvolt",
    "ForcesStyle": "electronvoltperangstrom",
    "Label": "ASE generated",
    "LatticeStyle": "angstrom",
    "PositionsStyle": "angstrom",
    "StressStyle": "bar"
  }
}