{
  "Dataset": {
    "AtomTypeStyle": "chemicalsymbol",
    "Data": [
      {
        "AtomTypes": [
          "Cr"
        ],
        "Energy": -45.25738713259898,
        "Forces": [
          [
            -0.03099016443987463,
            -0.010680051450409567,
            0.03974451346023109
          ]
        ],
        "Lattice": [
          [
            2.852601078950868,
            -0.06500437698743694,
            0.07284649163859462
          ],
          [
            1.4908663899561945,
            1.9772444166948018,
            -0.09276950499380822
          ],
          [
            1.3606852903730406,
            0.09089911809651567,
            2.0438129526083606
          ]
        ],
        "NumAtoms": 1,
        "Positions": [
          [
            0.0,
            0.0,
            0.0
          ]
        ],
        "Stress": [
          [
            -9860.457026243172,
            -6399.073260354737,
            7625.930064753781
          ],
          [
            -6399.073260354737,
            -2208.0480376534388,
            5628.24236646373
          ],
          [
            7625.930064753781,
            5628.24236646373,
            -2166.8586005752936
          ]
        ]
      }
    ],
    "EnergyStyle": "electronvolt",
    "ForcesStyle": "electronvoltperangstrom",
    "Label": "ASE generated",
    "LatticeStyle": "angstrom",
    "PositionsStyle": "angstrom",
    "StressStyle": "bar"
  }
}