{
  "Dataset": {
    "AtomTypeStyle": "chemicalsymbol",
    "Data": [
      {
        "AtomTypes": [
          "Cr"
        ],
        "Energy": -45.25783448814582,
        "Forces": [
          [
            -0.005740672972543026,
            -0.00484601373624252,
            0.004950901288142498
          ]
        ],
        "Lattice": [
          [
            2.8477744610419564,
            -0.07229901812826225,
            0.08115996189208068
          ],
          [
            1.4827659913181204,
            1.973645197274274,
            -0.08599005543689688
          ],
          [
            1.364025095484135,
            0.08979772252238995,
            2.0486294060814543
          ]
        ],
        "NumAtoms": 1,
        "Positions": [
          [
            0.0,
            0.0,
            0.0
          ]
        ],
        "Stress": [
          [
            -2300.724271079266,
            -464.85221845335553,
            1163.6015974576085
          ],
          [
            -464.85221845335553,
            -1897.6562082431287,
            1009.1412084145632
          ],
          [
            1163.6015974576085,
            1009.1412084145632,
            -789.9545611058605
          ]
        ]
      }
    ],
    "EnergyStyle": "electronvolt",
    "ForcesStyle": "electronvoltperangstrom",
    "Label": "ASE generated",
    "LatticeStyle": "angstrom",
    "PositionsStyle": "angstrom",
    "StressStyle": "bar"
  }
}