{
  "Dataset": {
    "AtomTypeStyle": "chemicalsymbol",
    "Data": [
      {
        "AtomTypes": [
          "Cr"
        ],
        "Energy": -44.93281503687922,
        "Forces": [
          [
            0.02683314282206397,
            0.02489595074336441,
            0.02687660485530991
          ]
        ],
        "Lattice": [
          [
            2.846695348590897,
            -0.07303632867031937,
            0.08257571254094279
          ],
          [
            1.48165406670508,
            1.9725544704418458,
            -0.08464739738993861
          ],
          [
            1.3645431938384545,
            0.08989644952662085,
            2.0496252186314377
          ]
        ],
        "NumAtoms": 1,
        "Positions": [
          [
            0.0,
            0.0,
            0.0
          ]
        ],
        "Stress": [
          [
            7216.977796620767,
            170.64195360945965,
            105.91569534380253
          ],
          [
            170.64195360945965,
            6766.8360914096065,
            17.652615890633754
          ],
          [
            105.91569534380253,
            17.652615890633754,
            7384.677647581788
          ]
        ]
      }
    ],
    "EnergyStyle": "electronvolt",
    "ForcesStyle": "electronvoltperangstrom",
    "Label": "ASE generated",
    "LatticeStyle": "angstrom",
    "PositionsStyle": "angstrom",
    "StressStyle": "bar"
  }
}