{
  "Dataset": {
    "AtomTypeStyle": "chemicalsymbol",
    "Data": [
      {
        "AtomTypes": [
          "Cr"
        ],
        "Energy": -45.25784686933639,
        "Forces": [
          [
            0.0005900313872365653,
            -0.0012585208041365468,
            0.0006845534945866365
          ]
        ],
        "Lattice": [
          [
            2.8467386299947686,
            -0.07312218925990635,
            0.0825310028877862
          ],
          [
            1.4816225473230187,
            1.9726883464546099,
            -0.08467099604754513
          ],
          [
            1.3645297659667923,
            0.08986400408444506,
            2.0495714256514996
          ]
        ],
        "NumAtoms": 1,
        "Positions": [
          [
            0.0,
            0.0,
            0.0
          ]
        ],
        "Stress": [
          [
            -88.26307945316879,
            163.28669698836222,
            89.73413077738826
          ],
          [
            163.28669698836222,
            -522.2232200979151,
            7.355256621097396
          ],
          [
            89.73413077738826,
            7.355256621097396,
            94.14728475004668
          ]
        ]
      }
    ],
    "EnergyStyle": "electronvolt",
    "ForcesStyle": "electronvoltperangstrom",
    "Label": "ASE generated",
    "LatticeStyle": "angstrom",
    "PositionsStyle": "angstrom",
    "StressStyle": "bar"
  }
}