{
  "Dataset": {
    "AtomTypeStyle": "chemicalsymbol",
    "Data": [
      {
        "AtomTypes": [
          "Cr"
        ],
        "Energy": -45.25784686933639,
        "Forces": [
          [
            0.0011115769884546007,
            -0.0007477403940894964,
            0.0012058673096949212
          ]
        ],
        "Lattice": [
          [
            2.8467386299947686,
            -0.07312218925990635,
            0.0825310028877862
          ],
          [
            1.4816225473230187,
            1.9726883464546099,
            -0.08467099604754513
          ],
          [
            1.3645297659667923,
            0.08986400408444506,
            2.0495714256514996
          ]
        ],
        "NumAtoms": 1,
        "Positions": [
          [
            0.0,
            0.0,
            0.0
          ]
        ],
        "Stress": [
          [
            54.42889899612075,
            164.75774831258173,
            91.20518210160772
          ],
          [
            164.75774831258173,
            -382.4733442970647,
            8.826307945316877
          ],
          [
            91.20518210160772,
            8.826307945316877,
            236.83926319933622
          ]
        ]
      }
    ],
    "EnergyStyle": "electronvolt",
    "ForcesStyle": "electronvoltperangstrom",
    "Label": "ASE generated",
    "LatticeStyle": "angstrom",
    "PositionsStyle": "angstrom",
    "StressStyle": "bar"
  }
}