{
  "Dataset": {
    "AtomTypeStyle": "chemicalsymbol",
    "Data": [
      {
        "AtomTypes": [
          "Cr"
        ],
        "Energy": -45.248668597490905,
        "Forces": [
          [
            0.14070111449569478,
            -0.16313318919167513,
            0.06964897786154584
          ]
        ],
        "Lattice": [
          [
            2.82827851909439,
            -0.03620384127564441,
            0.04296889932919738
          ],
          [
            1.4996533536879308,
            1.991789480399745,
            -0.08603735382495671
          ],
          [
            1.3299006481110578,
            0.1267130494339694,
            2.026041798682626
          ]
        ],
        "NumAtoms": 1,
        "Positions": [
          [
            0.0,
            0.0,
            0.0
          ]
        ],
        "Stress": [
          [
            39218.22830369132,
            -28644.31138520171,
            28998.8347543386
          ],
          [
            -28644.31138520171,
            14972.360377905863,
            -32274.86605337538
          ],
          [
            28998.8347543386,
            -32274.86605337538,
            22893.971758827764
          ]
        ]
      }
    ],
    "EnergyStyle": "electronvolt",
    "ForcesStyle": "electronvoltperangstrom",
    "Label": "ASE generated",
    "LatticeStyle": "angstrom",
    "PositionsStyle": "angstrom",
    "StressStyle": "bar"
  }
}