{
  "Dataset": {
    "AtomTypeStyle": "chemicalsymbol",
    "Data": [
      {
        "AtomTypes": [
          "Cr"
        ],
        "Energy": -45.2578463251084,
        "Forces": [
          [
            0.002765827343031707,
            0.00058971457957639,
            0.003364420252771597
          ]
        ],
        "Lattice": [
          [
            2.8466596704051557,
            -0.07321902286808576,
            0.0824756488350836
          ],
          [
            1.4814930476057677,
            1.9727334233567493,
            -0.08476999663639273
          ],
          [
            1.3644314633626826,
            0.08978570332045661,
            2.049345406657331
          ]
        ],
        "NumAtoms": 1,
        "Positions": [
          [
            0.0,
            0.0,
            0.0
          ]
        ],
        "Stress": [
          [
            388.3575495939426,
            251.54977644153098,
            132.39461917975316
          ],
          [
            251.54977644153098,
            -180.939312878996,
            94.14728475004668
          ],
          [
            132.39461917975316,
            94.14728475004668,
            713.4598922464477
          ]
        ]
      }
    ],
    "EnergyStyle": "electronvolt",
    "ForcesStyle": "electronvoltperangstrom",
    "Label": "ASE generated",
    "LatticeStyle": "angstrom",
    "PositionsStyle": "angstrom",
    "StressStyle": "bar"
  }
}