{
  "Dataset": {
    "AtomTypeStyle": "chemicalsymbol",
    "Data": [
      {
        "AtomTypes": [
          "Ni"
        ],
        "Energy": -1.0612133449176326,
        "Forces": [
          [
            8.208343710101891,
            -3.6123602666356636,
            12.184780418253055
          ]
        ],
        "Lattice": [
          [
            4.049379888129927,
            0.0,
            0.0
          ],
          [
            -0.07461792319857016,
            3.0825175510009206,
            0.0
          ],
          [
            1.1061974496996692,
            -3.841055490405195,
            1.146581915323989
          ]
        ],
        "NumAtoms": 1,
        "Positions": [
          [
            0.0,
            0.0,
            0.0
          ]
        ],
        "Stress": [
          [
            747402.9305014878,
            -698867.0631101904,
            1005054.6278358813
          ],
          [
            -698867.0631101904,
            247604.41678997435,
            -775610.3396433966
          ],
          [
            1005054.6278358813,
            -775610.3396433966,
            973246.0850522836
          ]
        ]
      }
    ],
    "EnergyStyle": "electronvolt",
    "ForcesStyle": "electronvoltperangstrom",
    "Label": "ASE generated",
    "LatticeStyle": "angstrom",
    "PositionsStyle": "angstrom",
    "StressStyle": "bar"
  }
}