{
  "Dataset": {
    "AtomTypeStyle": "chemicalsymbol",
    "Data": [
      {
        "AtomTypes": [
          "Ni"
        ],
        "Energy": 212.71477385013714,
        "Forces": [
          [
            389.4272603958384,
            34.859465072669266,
            747.1264799002993
          ]
        ],
        "Lattice": [
          [
            4.310189637861845,
            0.0,
            0.0
          ],
          [
            0.4994820159939821,
            3.018180122585292,
            0.0
          ],
          [
            -0.19923851601016382,
            -1.7787850922181185,
            0.36311192604167114
          ]
        ],
        "NumAtoms": 1,
        "Positions": [
          [
            0.0,
            0.0,
            0.0
          ]
        ],
        "Stress": [
          [
            9901284.584695559,
            -2386357.1107647303,
            40446843.01442282
          ],
          [
            -2386357.1107647303,
            163861641.21686885,
            -112797123.39126618
          ],
          [
            40446843.01442282,
            -112797123.39126618,
            225324895.81401643
          ]
        ]
      }
    ],
    "EnergyStyle": "electronvolt",
    "ForcesStyle": "electronvoltperangstrom",
    "Label": "ASE generated",
    "LatticeStyle": "angstrom",
    "PositionsStyle": "angstrom",
    "StressStyle": "bar"
  }
}