{
  "Dataset": {
    "AtomTypeStyle": "chemicalsymbol",
    "Data": [
      {
        "AtomTypes": [
          "Cr"
        ],
        "Energy": -41.38373177983112,
        "Forces": [
          [
            30.257630949412405,
            0.5630811194786154,
            25.900535618100406
          ]
        ],
        "Lattice": [
          [
            4.811739562521665,
            0.0,
            0.0
          ],
          [
            0.803218873432179,
            2.8696156168175455,
            0.0
          ],
          [
            0.7963862032533982,
            -2.7827492824953417,
            0.7096545976389452
          ]
        ],
        "NumAtoms": 1,
        "Positions": [
          [
            0.0,
            0.0,
            0.0
          ]
        ],
        "Stress": [
          [
            2942068.8142585023,
            62118.08426781596,
            506721.2812432903
          ],
          [
            62118.08426781596,
            -176855.67440296273,
            295506.26106053335
          ],
          [
            506721.2812432903,
            295506.26106053335,
            2200811.936189603
          ]
        ]
      }
    ],
    "EnergyStyle": "electronvolt",
    "ForcesStyle": "electronvoltperangstrom",
    "Label": "ASE generated",
    "LatticeStyle": "angstrom",
    "PositionsStyle": "angstrom",
    "StressStyle": "bar"
  }
}