{
  "Dataset": {
    "AtomTypeStyle": "chemicalsymbol",
    "Data": [
      {
        "AtomTypes": [
          "Cr"
        ],
        "Energy": -2.3675531752401184,
        "Forces": [
          [
            4.781681223317302,
            4.781659263716775,
            4.78165664391994
          ]
        ],
        "Lattice": [
          [
            2.272429810516362,
            0.0,
            0.0
          ],
          [
            1.136214905258181,
            1.9679810266524325,
            0.0
          ],
          [
            1.136214905258181,
            0.6559936755508108,
            1.855432122997178
          ]
        ],
        "NumAtoms": 1,
        "Positions": [
          [
            0.0,
            0.0,
            0.0
          ]
        ],
        "Stress": [
          [
            1713087.8117472834,
            1.4710513242194794,
            -1.4710513242194794
          ],
          [
            1.4710513242194794,
            1713080.4564906617,
            -2.9421026484389587
          ],
          [
            -1.4710513242194794,
            -2.9421026484389587,
            1713081.9275419866
          ]
        ]
      }
    ],
    "EnergyStyle": "electronvolt",
    "ForcesStyle": "electronvoltperangstrom",
    "Label": "ASE generated",
    "LatticeStyle": "angstrom",
    "PositionsStyle": "angstrom",
    "StressStyle": "bar"
  }
}