{
  "Dataset": {
    "AtomTypeStyle": "chemicalsymbol",
    "Data": [
      {
        "AtomTypes": [
          "Cr"
        ],
        "Energy": -3.800172034048501,
        "Forces": [
          [
            -0.3005996072921914,
            -0.30060484163056933,
            -0.30061017927974576
          ]
        ],
        "Lattice": [
          [
            2.5814055782629315,
            2.984559455113973e-07,
            -2.5612176884311404e-07
          ],
          [
            1.290703047634532,
            2.2355617190207546,
            -6.127872072734008e-07
          ],
          [
            1.2907026660977647,
            0.7451868823025768,
            2.1077074957619075
          ]
        ],
        "NumAtoms": 1,
        "Positions": [
          [
            0.0,
            0.0,
            0.0
          ]
        ],
        "Stress": [
          [
            -83457.15477694373,
            1.4710513242194794,
            0.0
          ],
          [
            1.4710513242194794,
            -83458.62582826796,
            -0.0
          ],
          [
            0.0,
            -0.0,
            -83458.62582826796
          ]
        ]
      }
    ],
    "EnergyStyle": "electronvolt",
    "ForcesStyle": "electronvoltperangstrom",
    "Label": "ASE generated",
    "LatticeStyle": "angstrom",
    "PositionsStyle": "angstrom",
    "StressStyle": "bar"
  }
}