{
  "Dataset": {
    "AtomTypeStyle": "chemicalsymbol",
    "Data": [
      {
        "AtomTypes": [
          "Cr"
        ],
        "Energy": -1.8204699952652845,
        "Forces": [
          [
            -4.733753664318537,
            -4.733758602955181,
            -4.733855590212495
          ]
        ],
        "Lattice": [
          [
            2.9340099044172026,
            6.392460676910779e-07,
            -5.487567650626223e-07
          ],
          [
            1.4670055059925498,
            2.540924780207287,
            -1.3123594767167825e-06
          ],
          [
            1.4670046889429398,
            0.8469741611927344,
            2.3956062009177295
          ]
        ],
        "NumAtoms": 1,
        "Positions": [
          [
            0.0,
            0.0,
            0.0
          ]
        ],
        "Stress": [
          [
            -1017330.5511364929,
            11.768410593755835,
            -13.239461917975316
          ],
          [
            11.768410593755835,
            -1017340.8484957624,
            -4.413153972658439
          ],
          [
            -13.239461917975316,
            -4.413153972658439,
            -1017336.4353417897
          ]
        ]
      }
    ],
    "EnergyStyle": "electronvolt",
    "ForcesStyle": "electronvoltperangstrom",
    "Label": "ASE generated",
    "LatticeStyle": "angstrom",
    "PositionsStyle": "angstrom",
    "StressStyle": "bar"
  }
}