{
  "Dataset": {
    "AtomTypeStyle": "chemicalsymbol",
    "Data": [
      {
        "AtomTypes": [
          "Cr"
        ],
        "Energy": -4.007605413213241,
        "Forces": [
          [
            1.5966874559636244,
            1.5966828992424884,
            1.5966443106052906
          ]
        ],
        "Lattice": [
          [
            2.3520995559428206,
            0.0,
            0.0
          ],
          [
            -0.7840253449824204,
            2.2175829823384507,
            0.0
          ],
          [
            -0.7840253449824204,
            -1.108772674372778,
            1.9204939916264248
          ]
        ],
        "NumAtoms": 1,
        "Positions": [
          [
            0.0,
            0.0,
            0.0
          ]
        ],
        "Stress": [
          [
            490455.86675139563,
            0.0,
            -5.8842052968779175
          ],
          [
            0.0,
            490452.92464874714,
            -4.413153972658439
          ],
          [
            -5.8842052968779175,
            -4.413153972658439,
            490447.0404434502
          ]
        ]
      }
    ],
    "EnergyStyle": "electronvolt",
    "ForcesStyle": "electronvoltperangstrom",
    "Label": "ASE generated",
    "LatticeStyle": "angstrom",
    "PositionsStyle": "angstrom",
    "StressStyle": "bar"
  }
}