{
  "Dataset": {
    "AtomTypeStyle": "chemicalsymbol",
    "Data": [
      {
        "AtomTypes": [
          "Cr"
        ],
        "Energy": -4.1353075983356575,
        "Forces": [
          [
            -0.8013456192560746,
            -0.8013005148428513,
            -0.8015703237067754
          ]
        ],
        "Lattice": [
          [
            2.548150555813749,
            1.6034069413112302e-07,
            -2.4331568040095828e-06
          ],
          [
            -0.8493741163603374,
            2.4024214027451913,
            -1.0017324554132536e-06
          ],
          [
            -0.8493763293794228,
            -1.2011927265457711,
            2.0805688167307976
          ]
        ],
        "NumAtoms": 1,
        "Positions": [
          [
            0.0,
            0.0,
            0.0
          ]
        ],
        "Stress": [
          [
            -209692.48206218996,
            -20.594718539072716,
            -14.710513242194793
          ],
          [
            -20.594718539072716,
            -209692.48206218996,
            -2.9421026484389587
          ],
          [
            -14.710513242194793,
            -2.9421026484389587,
            -209768.97673104936
          ]
        ]
      }
    ],
    "EnergyStyle": "electronvolt",
    "ForcesStyle": "electronvoltperangstrom",
    "Label": "ASE generated",
    "LatticeStyle": "angstrom",
    "PositionsStyle": "angstrom",
    "StressStyle": "bar"
  }
}