{"12": [3, 4, 5, 6, 7], "19": [3, 4, 5], "46": [3, 4, 5, 6, 7], "42": [3, 4, 5, 6, 7], "5": [3, 4, 5, 6, 7], "4": [3, 4, 5, 6], "18": [3, 4, 5, 6, 7, 8, 9, 10, 11, 12, 13, 14, 15], "44": [3, 4, 5, 6, 7, 8, 9, 10], "56": [3, 4, 5, 6, 7, 8, 9], "58": [3], "70": [3], "60": [3], "10": [3, 4, 5, 6, 7, 8, 9, 10], "16": [3, 4, 5], "82": [3, 4], "76": [3], "8": [3, 4, 5, 6, 7, 8, 9], "6": [3], "2": [3, 4, 5], "48": [3, 4, 5, 6, 7, 8, 9], "52": [3, 4, 5], "21": [3, 4, 5, 6], "64": [3, 4], "90": [3], "50": [3, 4, 5, 6, 7, 8], "3": [3, 4, 5, 6, 7], "7": [3, 4], "20": [3, 4, 5, 6, 7], "62": [3, 4, 5], "78": [3, 4, 5, 6], "13": [3, 4, 5], "17": [3, 4, 5], "54": [3, 4, 5, 6], "15": [3, 4, 5, 6, 7], "84": [3], "86": [3, 4, 5], "9": [3], "74": [3], "68": [3], "72": [3], "14": [3, 4], "80": [3], "92": [3], "124": [3]}