{
  "Dataset": {
    "AtomTypeStyle": "chemicalsymbol",
    "Data": [
      {
        "AtomTypes": [
          "Cr"
        ],
        "Energy": -3.1378101733098447,
        "Forces": [
          [
            0.026389332024555977,
            0.02639915704172512,
            0.026394257609060705
          ]
        ],
        "Lattice": [
          [
            2.3143567175881343,
            -7.408480916949579e-08,
            -1.7145341550654737e-07
          ],
          [
            -7.408480916949579e-08,
            2.3143551004225857,
            3.5984050168040806e-07
          ],
          [
            -1.7145341550654737e-07,
            3.5984050168040806e-07,
            2.314355776181881
          ]
        ],
        "NumAtoms": 1,
        "Positions": [
          [
            0.0,
            0.0,
            0.0
          ]
        ],
        "Stress": [
          [
            7893.661405761726,
            0.0,
            0.0
          ],
          [
            0.0,
            7898.074559734387,
            -1.4710513242194794
          ],
          [
            0.0,
            -1.4710513242194794,
            7896.603508410167
          ]
        ]
      }
    ],
    "EnergyStyle": "electronvolt",
    "ForcesStyle": "electronvoltperangstrom",
    "Label": "ASE generated",
    "LatticeStyle": "angstrom",
    "PositionsStyle": "angstrom",
    "StressStyle": "bar"
  }
}