{
  "Dataset": {
    "AtomTypeStyle": "chemicalsymbol",
    "Data": [
      {
        "AtomTypes": [
          "Cr"
        ],
        "Energy": 2238.6898303600146,
        "Forces": [
          [
            -0.12574540288338684,
            -0.09022571432755697,
            -0.06514876873822989
          ]
        ],
        "Lattice": [
          [
            4.373229460338586,
            0.0,
            0.0
          ],
          [
            -1.8917934661005673,
            5.066565632210126,
            0.0
          ],
          [
            -0.12017197234064401,
            0.8504837992993466,
            6.633694916404617
          ]
        ],
        "NumAtoms": 1,
        "Positions": [
          [
            0.0,
            0.0,
            0.0
          ]
        ],
        "Stress": [
          [
            -9139.641877375627,
            42.66048840236491,
            4.413153972658439
          ],
          [
            42.66048840236491,
            -4067.456911466861,
            -2.9421026484389587
          ],
          [
            4.413153972658439,
            -2.9421026484389587,
            -3570.241563880677
          ]
        ]
      }
    ],
    "EnergyStyle": "electronvolt",
    "ForcesStyle": "electronvoltperangstrom",
    "Label": "ASE generated",
    "LatticeStyle": "angstrom",
    "PositionsStyle": "angstrom",
    "StressStyle": "bar"
  }
}