{
  "Dataset": {
    "AtomTypeStyle": "chemicalsymbol",
    "Data": [
      {
        "AtomTypes": [
          "Cr",
          "Cr"
        ],
        "Energy": 113.7216705955434,
        "Forces": [
          [
            -21.36896172573735,
            3.01951806911454,
            4.41215492937509
          ],
          [
            21.36896172573735,
            -3.01951806911454,
            -4.41215492937509
          ]
        ],
        "Lattice": [
          [
            5.702049523298414,
            0.0,
            0.0
          ],
          [
            0.6204457106796237,
            4.005701194216182,
            0.0
          ],
          [
            -0.3009598758892136,
            -2.389301301500118,
            0.35137739777421817
          ]
        ],
        "NumAtoms": 2,
        "Positions": [
          [
            0.0,
            0.0,
            0.0
          ],
          [
            1.5053832693172537,
            0.40410139869139694,
            0.08784463454603071
          ]
        ],
        "Stress": [
          [
            23665461.683712017,
            4091377.677049994,
            7312596.132695032
          ],
          [
            4091377.677049994,
            97196490.2322481,
            -40251871.342962086
          ],
          [
            7312596.132695032,
            -40251871.342962086,
            91551464.64122635
          ]
        ]
      }
    ],
    "EnergyStyle": "electronvolt",
    "ForcesStyle": "electronvoltperangstrom",
    "Label": "ASE generated",
    "LatticeStyle": "angstrom",
    "PositionsStyle": "angstrom",
    "StressStyle": "bar"
  }
}