{
  "Dataset": {
    "AtomTypeStyle": "chemicalsymbol",
    "Data": [
      {
        "AtomTypes": [
          "Cr",
          "Cr"
        ],
        "Energy": -84.44630402698749,
        "Forces": [
          [
            -0.5070757487273959,
            -0.5486740567492395,
            -0.7887820900775833
          ],
          [
            0.5070757487273959,
            0.5486740567492395,
            0.7887820900775833
          ]
        ],
        "Lattice": [
          [
            4.264069727445001,
            0.0,
            0.0
          ],
          [
            -3.489266937619607,
            4.4417194004298155,
            0.0
          ],
          [
            -1.53373044805551,
            -1.1316158805482643,
            3.134897158850563
          ]
        ],
        "NumAtoms": 2,
        "Positions": [
          [
            -2.055207840222206,
            2.112583456846815,
            2.351172229527463
          ],
          [
            1.296279329178144,
            1.197521342255654,
            0.7837240765091543
          ]
        ],
        "Stress": [
          [
            -214102.6939321999,
            -45371.635992901414,
            -53500.66561053825
          ],
          [
            -45371.635992901414,
            -196275.02293398406,
            -49824.508351313765
          ],
          [
            -53500.66561053825,
            -49824.508351313765,
            -287012.41071449
          ]
        ]
      }
    ],
    "EnergyStyle": "electronvolt",
    "ForcesStyle": "electronvoltperangstrom",
    "Label": "ASE generated",
    "LatticeStyle": "angstrom",
    "PositionsStyle": "angstrom",
    "StressStyle": "bar"
  }
}