{
  "Dataset": {
    "AtomTypeStyle": "chemicalsymbol",
    "Data": [
      {
        "AtomTypes": [
          "Cr"
        ],
        "Energy": 2238.3609111058176,
        "Forces": [
          [
            -0.2670150037911295,
            -0.456061586824332,
            -0.33470962953545447
          ]
        ],
        "Lattice": [
          [
            4.598889672360038,
            0.0,
            0.0
          ],
          [
            0.20988872575683976,
            3.6451535365473235,
            0.0
          ],
          [
            2.0901401694115687,
            -2.977279783878837,
            4.122899992381101
          ]
        ],
        "NumAtoms": 1,
        "Positions": [
          [
            0.0,
            0.0,
            0.0
          ]
        ],
        "Stress": [
          [
            -23680.984217285182,
            -1147.420032891194,
            -691.3941223831554
          ],
          [
            -1147.420032891194,
            -40709.87434644988,
            -716.4019948948866
          ],
          [
            -691.3941223831554,
            -716.4019948948866,
            -21521.480873330987
          ]
        ]
      }
    ],
    "EnergyStyle": "electronvolt",
    "ForcesStyle": "electronvoltperangstrom",
    "Label": "ASE generated",
    "LatticeStyle": "angstrom",
    "PositionsStyle": "angstrom",
    "StressStyle": "bar"
  }
}