{
  "Dataset": {
    "AtomTypeStyle": "chemicalsymbol",
    "Data": [
      {
        "AtomTypes": [
          "Ni"
        ],
        "Energy": 251.44655599349062,
        "Forces": [
          [
            -501.20554788991177,
            -653.1037444671424,
            -523.2368628936937
          ]
        ],
        "Lattice": [
          [
            2.5862854742623576,
            0.001562952931264227,
            -2.3673271592904025e-05
          ],
          [
            -1.2917891902048042,
            2.2405032985614723,
            9.076447477679942e-06
          ],
          [
            -2.819085742061821e-05,
            -3.814838495020679e-06,
            2.9243891579632626
          ]
        ],
        "NumAtoms": 1,
        "Positions": [
          [
            0.0,
            0.0,
            0.0
          ]
        ],
        "Stress": [
          [
            -139549942.27327323,
            494761.633977386,
            522283.53320220823
          ],
          [
            494761.633977386,
            -138821205.51302478,
            -27205.623190115053
          ],
          [
            522283.53320220823,
            -27205.623190115053,
            -111335205.82471877
          ]
        ]
      }
    ],
    "EnergyStyle": "electronvolt",
    "ForceStyle": "electronvoltperangstrom",
    "ForcesStyle": null,
    "Label": "ASE generated",
    "LatticeStyle": "angstrom",
    "PositionsStyle": "angstrom",
    "StressStyle": "bar"
  }
}