{
  "Dataset": {
    "AtomTypeStyle": "chemicalsymbol",
    "Data": [
      {
        "AtomTypes": [
          "Ni"
        ],
        "Energy": 273.1086922696686,
        "Forces": [
          [
            -507.7418666946683,
            -665.6609820990536,
            -509.1309386584397
          ]
        ],
        "Lattice": [
          [
            2.5867478142725875,
            0.0014973249030614292,
            -2.2839817489747197e-05
          ],
          [
            -1.2920771949004506,
            2.24087300980562,
            8.757882798251109e-06
          ],
          [
            -2.724998034416561e-05,
            -3.6867776105991224e-06,
            2.924737628034267
          ]
        ],
        "NumAtoms": 1,
        "Positions": [
          [
            0.0,
            0.0,
            0.0
          ]
        ],
        "Stress": [
          [
            -141359063.25756824,
            1607613.4318007466,
            -541905.8868159719
          ],
          [
            1607613.4318007466,
            -143783739.78427756,
            1204449.7506285347
          ],
          [
            -541905.8868159719,
            1204449.7506285347,
            -108482413.64427583
          ]
        ]
      }
    ],
    "EnergyStyle": "electronvolt",
    "ForceStyle": "electronvoltperangstrom",
    "ForcesStyle": null,
    "Label": "ASE generated",
    "LatticeStyle": "angstrom",
    "PositionsStyle": "angstrom",
    "StressStyle": "bar"
  }
}