{
  "Dataset": {
    "AtomTypeStyle": "chemicalsymbol",
    "Data": [
      {
        "AtomTypes": [
          "Ni"
        ],
        "Energy": 28.81101383407804,
        "Forces": [
          [
            40.68420901815303,
            38.65298781291682,
            53.019841261042195
          ]
        ],
        "Lattice": [
          [
            2.4961099028087097,
            0.014518468316805967,
            -0.00018782615833300595
          ],
          [
            -1.235481680825141,
            2.1684667486243128,
            7.213161609346287e-05
          ],
          [
            -0.00021345738559681808,
            -2.863430792121847e-05,
            2.8567721336128695
          ]
        ],
        "NumAtoms": 1,
        "Positions": [
          [
            0.0,
            0.0,
            0.0
          ]
        ],
        "Stress": [
          [
            12238330.584021129,
            -830509.9750632674,
            594990.244901756
          ],
          [
            -830509.9750632674,
            9724100.865847295,
            -207578.58130928656
          ],
          [
            594990.244901756,
            -207578.58130928656,
            11525067.812652128
          ]
        ]
      }
    ],
    "EnergyStyle": "electronvolt",
    "ForceStyle": "electronvoltperangstrom",
    "ForcesStyle": null,
    "Label": "ASE generated",
    "LatticeStyle": "angstrom",
    "PositionsStyle": "angstrom",
    "StressStyle": "bar"
  }
}