{
  "Dataset": {
    "AtomTypeStyle": "chemicalsymbol",
    "Data": [
      {
        "AtomTypes": [
          "Ni"
        ],
        "Energy": -2.9236837401876983,
        "Forces": [
          [
            -4.785306753648602,
            -7.5390803109321896,
            -1.9377112290534029
          ]
        ],
        "Lattice": [
          [
            2.333835174462382,
            0.03808761741466272,
            -0.0004856687874599215
          ],
          [
            -1.1339329841252557,
            2.038953254244623,
            0.00018709959802593653
          ],
          [
            -0.0005495706396090701,
            -7.293861133620202e-05,
            2.7356819047613863
          ]
        ],
        "NumAtoms": 1,
        "Positions": [
          [
            0.0,
            0.0,
            0.0
          ]
        ],
        "Stress": [
          [
            -1333302.0782195674,
            -264369.9887321037,
            988.5464898754904
          ],
          [
            -264369.9887321037,
            -1628397.9159606434,
            255.96293041418946
          ],
          [
            988.5464898754904,
            255.96293041418946,
            -487434.3273314488
          ]
        ]
      }
    ],
    "EnergyStyle": "electronvolt",
    "ForceStyle": "electronvoltperangstrom",
    "ForcesStyle": null,
    "Label": "ASE generated",
    "LatticeStyle": "angstrom",
    "PositionsStyle": "angstrom",
    "StressStyle": "bar"
  }
}