{
  "Dataset": {
    "AtomTypeStyle": "chemicalsymbol",
    "Data": [
      {
        "AtomTypes": [
          "Ni"
        ],
        "Energy": 329.4650271481314,
        "Forces": [
          [
            -822.1928271044203,
            -778.9833921012911,
            -575.7943019798156
          ]
        ],
        "Lattice": [
          [
            2.3371999869008118,
            0.10520301510970125,
            -0.0013391718275096397
          ],
          [
            -1.0774908441261288,
            2.0732287594852425,
            0.0005160504385231234
          ],
          [
            -0.002665258161011113,
            -0.0003524389000671671,
            1.921201828771779
          ]
        ],
        "NumAtoms": 1,
        "Positions": [
          [
            0.0,
            0.0,
            0.0
          ]
        ],
        "Stress": [
          [
            -259304280.80517554,
            -6465436.79874425,
            126844.34253347309
          ],
          [
            -6465436.79874425,
            -269047864.2747608,
            -2520897.9938265197
          ],
          [
            126844.34253347309,
            -2520897.9938265197,
            -202849586.7331129
          ]
        ]
      }
    ],
    "EnergyStyle": "electronvolt",
    "ForceStyle": "electronvoltperangstrom",
    "ForcesStyle": null,
    "Label": "ASE generated",
    "LatticeStyle": "angstrom",
    "PositionsStyle": "angstrom",
    "StressStyle": "bar"
  }
}