{
  "Dataset": {
    "AtomTypeStyle": "chemicalsymbol",
    "Data": [
      {
        "AtomTypes": [
          "Ni"
        ],
        "Energy": 266.2974371266291,
        "Forces": [
          [
            -540.6602249835315,
            -670.7589195110506,
            -513.9942409803597
          ]
        ],
        "Lattice": [
          [
            2.5463815402191976,
            0.020520244340093034,
            -0.00026435047443301154
          ],
          [
            -1.2554195878728835,
            2.2148055849440254,
            0.00010183221608951372
          ],
          [
            -0.000524551670375323,
            -6.94259330271512e-05,
            2.7352383108537626
          ]
        ],
        "NumAtoms": 1,
        "Positions": [
          [
            0.0,
            0.0,
            0.0
          ]
        ],
        "Stress": [
          [
            -144758028.8447187,
            -10777261.814087803,
            2639177.875550387
          ],
          [
            -10777261.814087803,
            -141661952.725225,
            -1889182.9526156245
          ],
          [
            2639177.875550387,
            -1889182.9526156245,
            -118982230.76546186
          ]
        ]
      }
    ],
    "EnergyStyle": "electronvolt",
    "ForceStyle": "electronvoltperangstrom",
    "ForcesStyle": null,
    "Label": "ASE generated",
    "LatticeStyle": "angstrom",
    "PositionsStyle": "angstrom",
    "StressStyle": "bar"
  }
}