{
  "Dataset": {
    "AtomTypeStyle": "chemicalsymbol",
    "Data": [
      {
        "AtomTypes": [
          "Ni"
        ],
        "Energy": 377.03937508540366,
        "Forces": [
          [
            -572.866346850598,
            -780.097590334998,
            -723.3460049948159
          ]
        ],
        "Lattice": [
          [
            1.9982567243997402,
            0.08617820809756743,
            -0.0010933658391661695
          ],
          [
            -0.9244964054932023,
            1.770820248114338,
            0.00042025560520371523
          ],
          [
            -0.0012235905291926843,
            -0.00016417617053726948,
            2.4876555211314746
          ]
        ],
        "NumAtoms": 1,
        "Positions": [
          [
            0.0,
            0.0,
            0.0
          ]
        ],
        "Stress": [
          [
            -255203073.56317714,
            -660460.8551374682,
            2194137.77633162
          ],
          [
            -660460.8551374682,
            -248637670.0006442,
            -2212013.9920235346
          ],
          [
            2194137.77633162,
            -2212013.9920235346,
            -232904692.2381914
          ]
        ]
      }
    ],
    "EnergyStyle": "electronvolt",
    "ForceStyle": "electronvoltperangstrom",
    "ForcesStyle": null,
    "Label": "ASE generated",
    "LatticeStyle": "angstrom",
    "PositionsStyle": "angstrom",
    "StressStyle": "bar"
  }
}