{
  "Dataset": {
    "AtomTypeStyle": "chemicalsymbol",
    "Data": [
      {
        "AtomTypes": [
          "Ni"
        ],
        "Energy": -2.6869303410676366,
        "Forces": [
          [
            4.154239618474819,
            4.484960255908466,
            -0.3764420786457444
          ]
        ],
        "Lattice": [
          [
            1.9993430378942507,
            0.08648104033859193,
            -0.0010977939940456723
          ],
          [
            -0.9247772885219787,
            1.771902529807698,
            0.0004229702842825689
          ],
          [
            -0.0012403770885960753,
            -0.0001645280733808246,
            2.4856456568806675
          ]
        ],
        "NumAtoms": 1,
        "Positions": [
          [
            0.0,
            0.0,
            0.0
          ]
        ],
        "Stress": [
          [
            2192544.6277474896,
            -354123.2431767068,
            -1123.8832117036825
          ],
          [
            -354123.2431767068,
            1800344.6920946857,
            148.57618374616746
          ],
          [
            -1123.8832117036825,
            148.57618374616746,
            -120273.15626818467
          ]
        ]
      }
    ],
    "EnergyStyle": "electronvolt",
    "ForceStyle": "electronvoltperangstrom",
    "ForcesStyle": null,
    "Label": "ASE generated",
    "LatticeStyle": "angstrom",
    "PositionsStyle": "angstrom",
    "StressStyle": "bar"
  }
}