{
  "Dataset": {
    "AtomTypeStyle": "chemicalsymbol",
    "Data": [
      {
        "AtomTypes": [
          "Ni"
        ],
        "Energy": 379.11550809534674,
        "Forces": [
          [
            -558.6387807255442,
            -734.6799314982196,
            -598.8636846736883
          ]
        ],
        "Lattice": [
          [
            1.9993694496578969,
            0.08650204814458634,
            -0.0010979855561950962
          ],
          [
            -0.92477230102679,
            1.7719352255506933,
            0.0004230983451669904
          ],
          [
            -0.0012405929928970836,
            -0.00016448626838136467,
            2.485721812360253
          ]
        ],
        "NumAtoms": 1,
        "Positions": [
          [
            0.0,
            0.0,
            0.0
          ]
        ],
        "Stress": [
          [
            -244700639.4416853,
            -962135.2344004537,
            -1397715.0025531657
          ],
          [
            -962135.2344004537,
            -242175785.79084796,
            6218922.430985521
          ],
          [
            -1397715.0025531657,
            6218922.430985521,
            -197701043.90611786
          ]
        ]
      }
    ],
    "EnergyStyle": "electronvolt",
    "ForceStyle": "electronvoltperangstrom",
    "ForcesStyle": null,
    "Label": "ASE generated",
    "LatticeStyle": "angstrom",
    "PositionsStyle": "angstrom",
    "StressStyle": "bar"
  }
}