{
  "Dataset": {
    "AtomTypeStyle": "chemicalsymbol",
    "Data": [
      {
        "AtomTypes": [
          "Ni"
        ],
        "Energy": 378.0444419077794,
        "Forces": [
          [
            -540.4870061830413,
            -784.5998187876882,
            -714.866979191084
          ]
        ],
        "Lattice": [
          [
            1.9987735437327472,
            0.08602010899809089,
            -0.0010935928561885532
          ],
          [
            -0.9248917167431587,
            1.7711938186478664,
            0.00042016776178712854
          ],
          [
            -0.0012356340732776027,
            -0.0001654424915968595,
            2.4839861433966632
          ]
        ],
        "NumAtoms": 1,
        "Positions": [
          [
            0.0,
            0.0,
            0.0
          ]
        ],
        "Stress": [
          [
            -246664691.55144706,
            3923833.7575293407,
            3511733.4395624953
          ],
          [
            3923833.7575293407,
            -255891927.17992336,
            -1302104.0217355208
          ],
          [
            3511733.4395624953,
            -1302104.0217355208,
            -232683221.0481762
          ]
        ]
      }
    ],
    "EnergyStyle": "electronvolt",
    "ForceStyle": "electronvoltperangstrom",
    "ForcesStyle": null,
    "Label": "ASE generated",
    "LatticeStyle": "angstrom",
    "PositionsStyle": "angstrom",
    "StressStyle": "bar"
  }
}