{
  "Dataset": {
    "AtomTypeStyle": "chemicalsymbol",
    "Data": [
      {
        "AtomTypes": [
          "Ni"
        ],
        "Energy": 261.02619937153304,
        "Forces": [
          [
            -530.3396097572752,
            -684.8482840009949,
            -538.360500901433
          ]
        ],
        "Lattice": [
          [
            2.596223875210928,
            0.00012515887661094618,
            -5.486509296209516e-06
          ],
          [
            -1.298003547296231,
            2.2484379176220677,
            2.068553707453993e-06
          ],
          [
            -7.666719394626107e-06,
            -1.0938092896667699e-06,
            2.931818367280641
          ]
        ],
        "NumAtoms": 1,
        "Positions": [
          [
            0.0,
            0.0,
            0.0
          ]
        ],
        "Stress": [
          [
            -141768039.0625224,
            -1636900.592614632,
            -2150797.662217465
          ],
          [
            -1636900.592614632,
            -141111670.67216894,
            -1406036.7398942753
          ],
          [
            -2150797.662217465,
            -1406036.7398942753,
            -109762594.58812651
          ]
        ]
      }
    ],
    "EnergyStyle": "electronvolt",
    "ForceStyle": "electronvoltperangstrom",
    "ForcesStyle": null,
    "Label": "ASE generated",
    "LatticeStyle": "angstrom",
    "PositionsStyle": "angstrom",
    "StressStyle": "bar"
  }
}