{
  "Dataset": {
    "AtomTypeStyle": "chemicalsymbol",
    "Data": [
      {
        "AtomTypes": [
          "Ni"
        ],
        "Energy": 278.8053475983579,
        "Forces": [
          [
            -525.800020164598,
            -695.682761028551,
            -560.5258941693152
          ]
        ],
        "Lattice": [
          [
            2.469827119756986,
            0.018314930604089362,
            -0.00023543887765461584
          ],
          [
            -1.2190524837865635,
            2.147480372190115,
            9.04639021224546e-05
          ],
          [
            -0.0002646711558212738,
            -3.55638834646081e-05,
            2.8379368366009454
          ]
        ],
        "NumAtoms": 1,
        "Positions": [
          [
            0.0,
            0.0,
            0.0
          ]
        ],
        "Stress": [
          [
            -153471240.89317825,
            -6518728.57506675,
            1824783.267743944
          ],
          [
            -6518728.57506675,
            -152246102.2767259,
            -285182.422867161
          ],
          [
            1824783.267743944,
            -285182.422867161,
            -129661938.33993272
          ]
        ]
      }
    ],
    "EnergyStyle": "electronvolt",
    "ForceStyle": "electronvoltperangstrom",
    "ForcesStyle": null,
    "Label": "ASE generated",
    "LatticeStyle": "angstrom",
    "PositionsStyle": "angstrom",
    "StressStyle": "bar"
  }
}