{
  "Dataset": {
    "AtomTypeStyle": "chemicalsymbol",
    "Data": [
      {
        "AtomTypes": [
          "Ni"
        ],
        "Energy": -2.0107521600557448,
        "Forces": [
          [
            4.402535575850415,
            7.625294991540713,
            -0.5752663211206549
          ]
        ],
        "Lattice": [
          [
            1.9999998584662084,
            0.0,
            0.0
          ],
          [
            -0.9999999292331042,
            1.7320498774281983,
            0.0
          ],
          [
            0.0,
            0.0,
            2.9999997876993127
          ]
        ],
        "NumAtoms": 1,
        "Positions": [
          [
            0.0,
            0.0,
            0.0
          ]
        ],
        "Stress": [
          [
            2036205.706163416,
            19.123667214853235,
            -13.239461917975316
          ],
          [
            19.123667214853235,
            2036161.5746236895,
            -1.4710513242194794
          ],
          [
            -13.239461917975316,
            -1.4710513242194794,
            -153598.35296705275
          ]
        ]
      }
    ],
    "EnergyStyle": "electronvolt",
    "ForceStyle": "electronvoltperangstrom",
    "ForcesStyle": null,
    "Label": "ASE generated",
    "LatticeStyle": "angstrom",
    "PositionsStyle": "angstrom",
    "StressStyle": "bar"
  }
}