{
  "Dataset": {
    "AtomTypeStyle": "chemicalsymbol",
    "Data": [
      {
        "AtomTypes": [
          "Ni"
        ],
        "Energy": 264.2851622161852,
        "Forces": [
          [
            -509.677506635149,
            -669.6493442678963,
            -509.25826200695076
          ]
        ],
        "Lattice": [
          [
            2.5966852436518026,
            5.919376252642713e-05,
            -4.649880129802568e-06
          ],
          [
            -1.2982913588421965,
            2.2488066303088234,
            1.747872319191747e-06
          ],
          [
            -6.722138077715035e-06,
            -9.662775824535664e-07,
            2.9321650249197067
          ]
        ],
        "NumAtoms": 1,
        "Positions": [
          [
            0.0,
            0.0,
            0.0
          ]
        ],
        "Stress": [
          [
            -140044908.3833847,
            306428.8171428629,
            -100652.27370574523
          ],
          [
            306428.8171428629,
            -143427414.3772685,
            2207428.7250459427
          ],
          [
            -100652.27370574523,
            2207428.7250459427,
            -109268762.65858604
          ]
        ]
      }
    ],
    "EnergyStyle": "electronvolt",
    "ForceStyle": "electronvoltperangstrom",
    "ForcesStyle": null,
    "Label": "ASE generated",
    "LatticeStyle": "angstrom",
    "PositionsStyle": "angstrom",
    "StressStyle": "bar"
  }
}