{
  "Dataset": {
    "AtomTypeStyle": "chemicalsymbol",
    "Data": [
      {
        "AtomTypes": [
          "Ni"
        ],
        "Energy": 377.68213031037067,
        "Forces": [
          [
            -543.8856839823861,
            -788.2580394479362,
            -714.902192367798
          ]
        ],
        "Lattice": [
          [
            1.998774061268057,
            0.086020520697959,
            -0.0010935965604290116
          ],
          [
            -0.9248916188453752,
            1.7711944594814657,
            0.0004201698784959619
          ],
          [
            -0.0012356388358724776,
            -0.00016544196241965114,
            2.4839876425556944
          ]
        ],
        "NumAtoms": 1,
        "Positions": [
          [
            0.0,
            0.0,
            0.0
          ]
        ],
        "Stress": [
          [
            -246845705.88794363,
            2857642.2366588986,
            3254795.2021203483
          ],
          [
            2857642.2366588986,
            -256027840.55387062,
            -1280659.0355310491
          ],
          [
            3254795.2021203483,
            -1280659.0355310491,
            -232458879.8370274
          ]
        ]
      }
    ],
    "EnergyStyle": "electronvolt",
    "ForceStyle": "electronvoltperangstrom",
    "ForcesStyle": null,
    "Label": "ASE generated",
    "LatticeStyle": "angstrom",
    "PositionsStyle": "angstrom",
    "StressStyle": "bar"
  }
}