{
  "Dataset": {
    "AtomTypeStyle": "chemicalsymbol",
    "Data": [
      {
        "AtomTypes": [
          "Ni"
        ],
        "Energy": -2.905770606389524,
        "Forces": [
          [
            -4.761206831081581,
            -7.512056025395954,
            -2.03810625364961
          ]
        ],
        "Lattice": [
          [
            2.333532992580147,
            0.03788882829210426,
            -0.00048388493109056177
          ],
          [
            -1.133954048024034,
            2.038598610263129,
            0.0001858814320923067
          ],
          [
            -0.0005475565911540765,
            -7.33635406345099e-05,
            2.734905711336414
          ]
        ],
        "NumAtoms": 1,
        "Positions": [
          [
            0.0,
            0.0,
            0.0
          ]
        ],
        "Stress": [
          [
            -1324438.9939911452,
            -265754.2480281943,
            998.8438491450268
          ],
          [
            -265754.2480281943,
            -1621016.1804157102,
            264.7892383595063
          ],
          [
            998.8438491450268,
            264.7892383595063,
            -512855.56526528555
          ]
        ]
      }
    ],
    "EnergyStyle": "electronvolt",
    "ForceStyle": "electronvoltperangstrom",
    "ForcesStyle": null,
    "Label": "ASE generated",
    "LatticeStyle": "angstrom",
    "PositionsStyle": "angstrom",
    "StressStyle": "bar"
  }
}