{
  "Dataset": {
    "AtomTypeStyle": "chemicalsymbol",
    "Data": [
      {
        "AtomTypes": [
          "Ni"
        ],
        "Energy": -2.6773219929191328,
        "Forces": [
          [
            4.16345503386931,
            4.479259035604219,
            -0.39679441922391584
          ]
        ],
        "Lattice": [
          [
            1.9987818237685262,
            0.08601889612392935,
            -0.0010936182566945543
          ],
          [
            -0.9248969063840411,
            1.7712004217210722,
            0.0004201778161540872
          ],
          [
            -0.0012357446713141484,
            -0.00016544566666010962,
            2.483971073488124
          ]
        ],
        "NumAtoms": 1,
        "Positions": [
          [
            0.0,
            0.0,
            0.0
          ]
        ],
        "Stress": [
          [
            2203783.4598645265,
            -359825.03810938157,
            -1153.3042381880718
          ],
          [
            -359825.03810938157,
            1805583.1058602312,
            157.4024916914843
          ],
          [
            -1153.3042381880718,
            157.4024916914843,
            -126931.13456160203
          ]
        ]
      }
    ],
    "EnergyStyle": "electronvolt",
    "ForceStyle": "electronvoltperangstrom",
    "ForcesStyle": null,
    "Label": "ASE generated",
    "LatticeStyle": "angstrom",
    "PositionsStyle": "angstrom",
    "StressStyle": "bar"
  }
}