{
  "Dataset": {
    "AtomTypeStyle": "chemicalsymbol",
    "Data": [
      {
        "AtomTypes": [
          "Ni"
        ],
        "Energy": 25.639011166104865,
        "Forces": [
          [
            -43.293684586201664,
            -63.80431391507709,
            -64.89518686699654
          ]
        ],
        "Lattice": [
          [
            2.496267939465276,
            0.014592135605158072,
            -0.00018846170016023855
          ],
          [
            -1.235496902078362,
            2.168638056516087,
            7.258670849264691e-05
          ],
          [
            -0.00021416066210671992,
            -2.845544602479498e-05,
            2.857113061321123
          ]
        ],
        "NumAtoms": 1,
        "Positions": [
          [
            0.0,
            0.0,
            0.0
          ]
        ],
        "Stress": [
          [
            -13234332.362007765,
            275980.99683416815,
            187709.09107305406
          ],
          [
            275980.99683416815,
            -12019599.962622933,
            -2591733.5282416604
          ],
          [
            187709.09107305406,
            -2591733.5282416604,
            -12173938.25440607
          ]
        ]
      }
    ],
    "EnergyStyle": "electronvolt",
    "ForceStyle": "electronvoltperangstrom",
    "ForcesStyle": null,
    "Label": "ASE generated",
    "LatticeStyle": "angstrom",
    "PositionsStyle": "angstrom",
    "StressStyle": "bar"
  }
}