{
  "Dataset": {
    "AtomTypeStyle": "chemicalsymbol",
    "Data": [
      {
        "AtomTypes": [
          "Ni"
        ],
        "Energy": 278.1997797556123,
        "Forces": [
          [
            -480.47758148039196,
            -696.6849899095929,
            -559.3605787787104
          ]
        ],
        "Lattice": [
          [
            2.4699771272077693,
            0.018275380957891434,
            -0.00023541347714861485
          ],
          [
            -1.219161735067114,
            2.1475917719301316,
            9.041521781928607e-05
          ],
          [
            -0.00026714770515636843,
            -3.582423865111804e-05,
            2.837187129024428
          ]
        ],
        "NumAtoms": 1,
        "Positions": [
          [
            0.0,
            0.0,
            0.0
          ]
        ],
        "Stress": [
          [
            -146335332.73503524,
            -693455.0652883869,
            2511934.87810805
          ],
          [
            -693455.0652883869,
            -158723160.38093147,
            105109.55921813023
          ],
          [
            2511934.87810805,
            105109.55921813023,
            -130499053.33544177
          ]
        ]
      }
    ],
    "EnergyStyle": "electronvolt",
    "ForceStyle": "electronvoltperangstrom",
    "ForcesStyle": null,
    "Label": "ASE generated",
    "LatticeStyle": "angstrom",
    "PositionsStyle": "angstrom",
    "StressStyle": "bar"
  }
}