{
  "Dataset": {
    "AtomTypeStyle": "chemicalsymbol",
    "Data": [
      {
        "AtomTypes": [
          "Ni"
        ],
        "Energy": 256.16605401642664,
        "Forces": [
          [
            -514.6143577876818,
            -675.8951209905143,
            -528.2701633261408
          ]
        ],
        "Lattice": [
          [
            2.5781693087893607,
            0.0027380115603243913,
            -3.853415513509652e-05
          ],
          [
            -1.2867134838213257,
            2.2340239311116337,
            1.4804790758107026e-05
          ],
          [
            -4.496207068496699e-05,
            -6.036324415688846e-06,
            2.918324135738388
          ]
        ],
        "NumAtoms": 1,
        "Positions": [
          [
            0.0,
            0.0,
            0.0
          ]
        ],
        "Stress": [
          [
            -139605915.7761598,
            -2223754.45264213,
            -1233376.5038679868
          ],
          [
            -2223754.45264213,
            -142548661.27402747,
            839590.7748876744
          ],
          [
            -1233376.5038679868,
            839590.7748876744,
            -112098118.04933153
          ]
        ]
      }
    ],
    "EnergyStyle": "electronvolt",
    "ForceStyle": "electronvoltperangstrom",
    "ForcesStyle": null,
    "Label": "ASE generated",
    "LatticeStyle": "angstrom",
    "PositionsStyle": "angstrom",
    "StressStyle": "bar"
  }
}