{
  "Dataset": {
    "AtomTypeStyle": "chemicalsymbol",
    "Data": [
      {
        "AtomTypes": [
          "Ni"
        ],
        "Energy": 252.11253193737684,
        "Forces": [
          [
            -523.9207982061569,
            -671.9486609477218,
            -521.5794161752234
          ]
        ],
        "Lattice": [
          [
            2.596757771621625,
            4.868271563690074e-05,
            -4.517056650505828e-06
          ],
          [
            -1.2983367257334457,
            2.248864526528835,
            1.6965421299814535e-06
          ],
          [
            -6.572380927750983e-06,
            -9.46168848536132e-07,
            2.932219199436412
          ]
        ],
        "NumAtoms": 1,
        "Positions": [
          [
            0.0,
            0.0,
            0.0
          ]
        ],
        "Stress": [
          [
            -141984514.5622406,
            -754555.182039843,
            -1000584.1028615783
          ],
          [
            -754555.182039843,
            -141538124.0379062,
            901857.4353392364
          ],
          [
            -1000584.1028615783,
            901857.4353392364,
            -109650877.06636
          ]
        ]
      }
    ],
    "EnergyStyle": "electronvolt",
    "ForceStyle": "electronvoltperangstrom",
    "ForcesStyle": null,
    "Label": "ASE generated",
    "LatticeStyle": "angstrom",
    "PositionsStyle": "angstrom",
    "StressStyle": "bar"
  }
}