{
  "Dataset": {
    "AtomTypeStyle": "chemicalsymbol",
    "Data": [
      {
        "AtomTypes": [
          "Ni"
        ],
        "Energy": -44.86262691510183,
        "Forces": [
          [
            -181.24302382549868,
            -191.2804291547429,
            -183.05816849155872
          ]
        ],
        "Lattice": [
          [
            2.597056824479028,
            5.416657904706849e-06,
            -3.969887417068267e-06
          ],
          [
            -1.2985237210835616,
            2.249103283347586,
            1.485929601056744e-06
          ],
          [
            -5.954831125602401e-06,
            -8.646755584496865e-07,
            2.932442744527132
          ]
        ],
        "NumAtoms": 1,
        "Positions": [
          [
            0.0,
            0.0,
            0.0
          ]
        ],
        "Stress": [
          [
            -58004314.2475087,
            8396379.956351817,
            -106249.62399440036
          ],
          [
            8396379.956351817,
            -48623653.85012163,
            -14057.366454241348
          ],
          [
            -106249.62399440036,
            -14057.366454241348,
            -38391022.30990226
          ]
        ]
      }
    ],
    "EnergyStyle": "electronvolt",
    "ForceStyle": "electronvoltperangstrom",
    "ForcesStyle": null,
    "Label": "ASE generated",
    "LatticeStyle": "angstrom",
    "PositionsStyle": "angstrom",
    "StressStyle": "bar"
  }
}