{
  "Dataset": {
    "AtomTypeStyle": "chemicalsymbol",
    "Data": [
      {
        "AtomTypes": [
          "Ni"
        ],
        "Energy": 251.35401026715863,
        "Forces": [
          [
            -507.9107745562962,
            -659.6877508425148,
            -522.5237953785479
          ]
        ],
        "Lattice": [
          [
            2.586160450855112,
            0.0015797982293377453,
            -2.3890234248328976e-05
          ],
          [
            -1.2917120896147245,
            2.240402901473972,
            9.157411590558033e-06
          ],
          [
            -2.8435866468085897e-05,
            -3.85082254518872e-06,
            2.9242928810495066
          ]
        ],
        "NumAtoms": 1,
        "Positions": [
          [
            0.0,
            0.0,
            0.0
          ]
        ],
        "Stress": [
          [
            -139712247.77902836,
            -977282.6498859416,
            290763.5915912497
          ],
          [
            -977282.6498859416,
            -139183987.36429584,
            401480.79845730454
          ],
          [
            290763.5915912497,
            401480.79845730454,
            -111390314.34942669
          ]
        ]
      }
    ],
    "EnergyStyle": "electronvolt",
    "ForceStyle": "electronvoltperangstrom",
    "ForcesStyle": null,
    "Label": "ASE generated",
    "LatticeStyle": "angstrom",
    "PositionsStyle": "angstrom",
    "StressStyle": "bar"
  }
}