{
  "Dataset": {
    "AtomTypeStyle": "chemicalsymbol",
    "Data": [
      {
        "AtomTypes": [
          "Ni"
        ],
        "Energy": 249.62969246217835,
        "Forces": [
          [
            -510.94361723162007,
            -649.2981824485456,
            -524.2420289783059
          ]
        ],
        "Lattice": [
          [
            2.5953697218120886,
            0.0002480380578083053,
            -7.043348643185634e-06
          ],
          [
            -1.2974700551769207,
            2.247755655268287,
            2.6670531301018484e-06
          ],
          [
            -9.42305854915151e-06,
            -1.3287639701757424e-06,
            2.931178296225682
          ]
        ],
        "NumAtoms": 1,
        "Positions": [
          [
            0.0,
            0.0,
            0.0
          ]
        ],
        "Stress": [
          [
            -140814583.03093487,
            -35790.67871825994,
            533119.2972564088
          ],
          [
            -35790.67871825994,
            -136711383.98544344,
            538.4047846643296
          ],
          [
            533119.2972564088,
            538.4047846643296,
            -110941711.36390065
          ]
        ]
      }
    ],
    "EnergyStyle": "electronvolt",
    "ForceStyle": "electronvoltperangstrom",
    "ForcesStyle": null,
    "Label": "ASE generated",
    "LatticeStyle": "angstrom",
    "PositionsStyle": "angstrom",
    "StressStyle": "bar"
  }
}