{
  "Dataset": {
    "AtomTypeStyle": "chemicalsymbol",
    "Data": [
      {
        "AtomTypes": [
          "Ni"
        ],
        "Energy": -2.9233763873353382,
        "Forces": [
          [
            -4.786356015144124,
            -7.5409088560159505,
            -1.9379178437220894
          ]
        ],
        "Lattice": [
          [
            2.33385129478768,
            0.038097960712377206,
            -0.0004857619226485917
          ],
          [
            -1.133932086111533,
            2.038972051148241,
            0.00018716309929093895
          ],
          [
            -0.000549675416696324,
            -7.291691507065951e-05,
            2.7357227477166814
          ]
        ],
        "NumAtoms": 1,
        "Positions": [
          [
            0.0,
            0.0,
            0.0
          ]
        ],
        "Stress": [
          [
            -1333538.917482767,
            -264455.3097089085,
            990.0175411997097
          ],
          [
            -264455.3097089085,
            -1628730.373559917,
            255.96293041418946
          ],
          [
            990.0175411997097,
            255.96293041418946,
            -487476.9878198511
          ]
        ]
      }
    ],
    "EnergyStyle": "electronvolt",
    "ForceStyle": "electronvoltperangstrom",
    "ForcesStyle": null,
    "Label": "ASE generated",
    "LatticeStyle": "angstrom",
    "PositionsStyle": "angstrom",
    "StressStyle": "bar"
  }
}