{
  "Dataset": {
    "AtomTypeStyle": "chemicalsymbol",
    "Data": [
      {
        "AtomTypes": [
          "Ni"
        ],
        "Energy": -2.6873186478596836,
        "Forces": [
          [
            4.152836936254032,
            4.482807323006895,
            -0.37669887354506865
          ]
        ],
        "Lattice": [
          [
            1.9993735497229073,
            0.08650541000739101,
            -0.0010980162484731805
          ],
          [
            -0.9247714395262947,
            1.7719403485152474,
            0.00042311845390090785
          ],
          [
            -0.0012406279185928348,
            -0.0001644799182548644,
            2.4857338469083254
          ]
        ],
        "NumAtoms": 1,
        "Positions": [
          [
            0.0,
            0.0,
            0.0
          ]
        ],
        "Stress": [
          [
            2191904.7204214544,
            -354183.5562809999,
            -1120.9411090552435
          ],
          [
            -354183.5562809999,
            1799634.1743050877,
            151.5182863946064
          ],
          [
            -1120.9411090552435,
            151.5182863946064,
            -120355.53514234093
          ]
        ]
      }
    ],
    "EnergyStyle": "electronvolt",
    "ForceStyle": "electronvoltperangstrom",
    "ForcesStyle": null,
    "Label": "ASE generated",
    "LatticeStyle": "angstrom",
    "PositionsStyle": "angstrom",
    "StressStyle": "bar"
  }
}