{
  "Dataset": {
    "AtomTypeStyle": "chemicalsymbol",
    "Data": [
      {
        "AtomTypes": [
          "Cr"
        ],
        "Energy": 2238.311909618719,
        "Forces": [
          [
            -0.4813116078149357,
            -0.15270081083208045,
            -0.3210615421616487
          ]
        ],
        "Lattice": [
          [
            4.128679738687747,
            0.0,
            0.0
          ],
          [
            -2.94829020139692,
            4.703078178652942,
            0.0
          ],
          [
            -1.4922823907905156,
            -0.7820627734617105,
            3.502070014747108
          ]
        ],
        "NumAtoms": 1,
        "Positions": [
          [
            0.0,
            0.0,
            0.0
          ]
        ],
        "Stress": [
          [
            -41160.01605166104,
            -972.3649253090759,
            2418.4083770168245
          ],
          [
            -972.3649253090759,
            -16884.727099391184,
            6509.402109671196
          ],
          [
            2418.4083770168245,
            6509.402109671196,
            -43649.034892240394
          ]
        ]
      }
    ],
    "EnergyStyle": "electronvolt",
    "ForcesStyle": "electronvoltperangstrom",
    "Label": "ASE generated",
    "LatticeStyle": "angstrom",
    "PositionsStyle": "angstrom",
    "StressStyle": "bar"
  }
}