{
  "Dataset": {
    "AtomTypeStyle": "chemicalsymbol",
    "Data": [
      {
        "AtomTypes": [
          "Cr"
        ],
        "Energy": 2238.2537274107476,
        "Forces": [
          [
            -0.44027974378165563,
            -0.4295230890584762,
            -0.4085032950441169
          ]
        ],
        "Lattice": [
          [
            4.113049431484609,
            0.0,
            0.0
          ],
          [
            -1.1058056788029316,
            3.9616110644667772,
            0.0
          ],
          [
            -1.1058056788029316,
            -1.4567392823960614,
            3.6840583757807646
          ]
        ],
        "NumAtoms": 1,
        "Positions": [
          [
            0.0,
            0.0,
            0.0
          ]
        ],
        "Stress": [
          [
            -45839.43031400319,
            1031.2069782778551,
            1516.6539152702833
          ],
          [
            1031.2069782778551,
            -45264.24924623339,
            1999.158749614273
          ],
          [
            1516.6539152702833,
            1999.158749614273,
            -43682.869072697446
          ]
        ]
      }
    ],
    "EnergyStyle": "electronvolt",
    "ForcesStyle": "electronvoltperangstrom",
    "Label": "ASE generated",
    "LatticeStyle": "angstrom",
    "PositionsStyle": "angstrom",
    "StressStyle": "bar"
  }
}