{
  "Dataset": {
    "AtomTypeStyle": "chemicalsymbol",
    "Data": [
      {
        "AtomTypes": [
          "Cr"
        ],
        "Energy": 2237.628480822,
        "Forces": [
          [
            -0.10757867019556683,
            -0.9450184297523898,
            0.08553564987140161
          ]
        ],
        "Lattice": [
          [
            4.134519738359137,
            0.0,
            0.0
          ],
          [
            -0.5196801894735751,
            3.2998304900199797,
            0.0
          ],
          [
            1.0818343002193134,
            -4.257616794529304,
            2.1702672939410483
          ]
        ],
        "NumAtoms": 1,
        "Positions": [
          [
            0.0,
            0.0,
            0.0
          ]
        ],
        "Stress": [
          [
            -39680.13841949624,
            -9129.34451810609,
            36176.094165205446
          ],
          [
            -9129.34451810609,
            -104590.27810068078,
            -91559.70547074464
          ],
          [
            36176.094165205446,
            -91559.70547074464,
            62319.618299234025
          ]
        ]
      }
    ],
    "EnergyStyle": "electronvolt",
    "ForcesStyle": "electronvoltperangstrom",
    "Label": "ASE generated",
    "LatticeStyle": "angstrom",
    "PositionsStyle": "angstrom",
    "StressStyle": "bar"
  }
}