{
  "Dataset": {
    "AtomTypeStyle": "chemicalsymbol",
    "Data": [
      {
        "AtomTypes": [
          "Cr"
        ],
        "Energy": -1.7708689047926782,
        "Forces": [
          [
            -0.03481295840007468,
            -0.045831984893255524,
            -0.566271471904408
          ]
        ],
        "Lattice": [
          [
            2.7428106557266965,
            1.8902209882388496e-06,
            -2.9861469867390338e-06
          ],
          [
            1.8902209882388496e-06,
            2.742818888136527,
            7.249727754443515e-08
          ],
          [
            -3.981529315652045e-06,
            9.683942912869807e-08,
            3.609535006290168
          ]
        ],
        "NumAtoms": 1,
        "Positions": [
          [
            0.0,
            0.0,
            0.0
          ]
        ],
        "Stress": [
          [
            -7414.098674066177,
            0.0,
            0.0
          ],
          [
            0.0,
            -7417.040776714616,
            0.0
          ],
          [
            0.0,
            0.0,
            -91640.61329357668
          ]
        ]
      }
    ],
    "EnergyStyle": "electronvolt",
    "ForcesStyle": "electronvoltperangstrom",
    "Label": "ASE generated",
    "LatticeStyle": "angstrom",
    "PositionsStyle": "angstrom",
    "StressStyle": "bar"
  }
}