{
  "Dataset": {
    "AtomTypeStyle": "chemicalsymbol",
    "Data": [
      {
        "AtomTypes": [
          "Cr"
        ],
        "Energy": 2237.963287536422,
        "Forces": [
          [
            -0.6072093064682222,
            -0.6795455826356538,
            -0.47769771669907984
          ]
        ],
        "Lattice": [
          [
            4.048079699729003,
            0.0,
            0.0
          ],
          [
            -3.354206454557854,
            4.172388131148281,
            0.0
          ],
          [
            -1.7078200560404706,
            -1.5591907617852208,
            2.9849122877906766
          ]
        ],
        "NumAtoms": 1,
        "Positions": [
          [
            0.0,
            0.0,
            0.0
          ]
        ],
        "Stress": [
          [
            -58658.17155325175,
            -1557.843352348429,
            2617.000305786454
          ],
          [
            -1557.843352348429,
            -56058.82386335593,
            3715.875644978405
          ],
          [
            2617.000305786454,
            3715.875644978405,
            -62475.5497396013
          ]
        ]
      }
    ],
    "EnergyStyle": "electronvolt",
    "ForcesStyle": "electronvoltperangstrom",
    "Label": "ASE generated",
    "LatticeStyle": "angstrom",
    "PositionsStyle": "angstrom",
    "StressStyle": "bar"
  }
}