{
  "Dataset": {
    "AtomTypeStyle": "chemicalsymbol",
    "Data": [
      {
        "AtomTypes": [
          "Ni",
          "Ni"
        ],
        "Energy": 789.2045833370594,
        "Forces": [
          [
            -152.00020188818763,
            -112.09269681302854,
            127.81255239552752
          ],
          [
            152.00020188818763,
            112.09269681302854,
            -127.81255239552752
          ]
        ],
        "Lattice": [
          [
            2.143839631409111,
            -0.11445520180909817,
            -0.0065253238444981446
          ],
          [
            -1.1724499367676628,
            2.062629604590525,
            0.007030154138672548
          ],
          [
            -0.005123446634507443,
            0.003920541113212091,
            1.5967730705210457
          ]
        ],
        "NumAtoms": 2,
        "Positions": [
          [
            0.0838317847593728,
            1.0241799611865376,
            1.2079396342130577
          ],
          [
            0.882434463247568,
            0.9279149827081014,
            0.38933826660216225
          ]
        ],
        "Stress": [
          [
            -562267420.1833347,
            15660090.111440387,
            26179785.549170602
          ],
          [
            15660090.111440387,
            -710411139.8480542,
            4760486.842922548
          ],
          [
            26179785.549170602,
            4760486.842922548,
            -574867617.6247032
          ]
        ]
      }
    ],
    "EnergyStyle": "electronvolt",
    "ForcesStyle": "electronvoltperangstrom",
    "Label": "ASE generated",
    "LatticeStyle": "angstrom",
    "PositionsStyle": "angstrom",
    "StressStyle": "bar"
  }
}