{
  "Dataset": {
    "AtomTypeStyle": "chemicalsymbol",
    "Data": [
      {
        "AtomTypes": [
          "Ni",
          "Ni"
        ],
        "Energy": 1226.5233230731374,
        "Forces": [
          [
            -449.6954259033622,
            43.90254683915575,
            403.191016523589
          ],
          [
            449.6954259033622,
            -43.90254683915575,
            -403.191016523589
          ]
        ],
        "Lattice": [
          [
            1.75633327324991,
            -0.08092481935366273,
            0.01408866159216868
          ],
          [
            -0.9518341329437027,
            1.6209744736681395,
            -0.011797044345254627
          ],
          [
            0.009987692747173572,
            -0.0024562982525080917,
            1.304533091858143
          ]
        ],
        "NumAtoms": 2,
        "Positions": [
          [
            0.1323455924717974,
            0.7756351381461799,
            0.9857972606006206
          ],
          [
            0.6821412405815834,
            0.7619582179157888,
            0.3210274485044365
          ]
        ],
        "Stress": [
          [
            -740526253.9498014,
            -14429501.249831798,
            -83117177.16330072
          ],
          [
            -14429501.249831798,
            -1250847514.0594916,
            21849135.490031015
          ],
          [
            -83117177.16330072,
            21849135.490031015,
            -506588991.0687547
          ]
        ]
      }
    ],
    "EnergyStyle": "electronvolt",
    "ForcesStyle": "electronvoltperangstrom",
    "Label": "ASE generated",
    "LatticeStyle": "angstrom",
    "PositionsStyle": "angstrom",
    "StressStyle": "bar"
  }
}