{
  "Dataset": {
    "AtomTypeStyle": "chemicalsymbol",
    "Data": [
      {
        "AtomTypes": [
          "Ni",
          "Ni"
        ],
        "Energy": 638.3249081544909,
        "Forces": [
          [
            -290.9221982135236,
            -6.296870726543927,
            -498.09797321752256
          ],
          [
            290.9221982135236,
            6.296870726543927,
            498.09797321752256
          ]
        ],
        "Lattice": [
          [
            2.3002064518312553,
            -0.12798202484643653,
            -0.014842191944839036
          ],
          [
            -1.2614704053939547,
            2.240837368662283,
            0.014625881764911985
          ],
          [
            -0.011220186682896805,
            0.006493209667254793,
            1.7146979761581045
          ]
        ],
        "NumAtoms": 2,
        "Positions": [
          [
            0.05810791877384188,
            1.1289037083396256,
            1.2978152737132604
          ],
          [
            0.9694079409805618,
            0.9904448451434755,
            0.4166663922649171
          ]
        ],
        "Stress": [
          [
            -454929065.2196741,
            -9414044.436138907,
            16461527.699183106
          ],
          [
            -9414044.436138907,
            -550664517.5740666,
            33325.196698868094
          ],
          [
            16461527.699183106,
            33325.196698868094,
            -464351730.01657295
          ]
        ]
      }
    ],
    "EnergyStyle": "electronvolt",
    "ForcesStyle": "electronvoltperangstrom",
    "Label": "ASE generated",
    "LatticeStyle": "angstrom",
    "PositionsStyle": "angstrom",
    "StressStyle": "bar"
  }
}