{
  "Dataset": {
    "AtomTypeStyle": "chemicalsymbol",
    "Data": [
      {
        "AtomTypes": [
          "Ni",
          "Ni"
        ],
        "Energy": 527.9814197673986,
        "Forces": [
          [
            -228.01800213591517,
            121.09462911716733,
            -200.02083240104045
          ],
          [
            228.01800213591517,
            -121.09462911716733,
            200.02083240104045
          ]
        ],
        "Lattice": [
          [
            2.392597186596286,
            -0.13597964721628145,
            -0.01975828207778477
          ],
          [
            -1.3140728779034447,
            2.3461471278109216,
            0.01911608637633433
          ],
          [
            -0.014823905168049963,
            0.00801408771868283,
            1.7843749048144812
          ]
        ],
        "NumAtoms": 2,
        "Positions": [
          [
            0.04124657706000861,
            1.1919820287401721,
            1.3509831862144301
          ],
          [
            1.0224538264647822,
            1.026199539573151,
            0.43274952289860064
          ]
        ],
        "Stress": [
          [
            -417659223.80019295,
            14877008.30212128,
            11005155.614184562
          ],
          [
            14877008.30212128,
            -478404858.37194926,
            -5335778.239541681
          ],
          [
            11005155.614184562,
            -5335778.239541681,
            -395837529.3015639
          ]
        ]
      }
    ],
    "EnergyStyle": "electronvolt",
    "ForcesStyle": "electronvoltperangstrom",
    "Label": "ASE generated",
    "LatticeStyle": "angstrom",
    "PositionsStyle": "angstrom",
    "StressStyle": "bar"
  }
}