{
  "Dataset": {
    "AtomTypeStyle": "chemicalsymbol",
    "Data": [
      {
        "AtomTypes": [
          "Cr"
        ],
        "Energy": -41.89394717556979,
        "Forces": [
          [
            -1.3277159219969252,
            -1.9529753066796187,
            -1.9764083316360122
          ]
        ],
        "Lattice": [
          [
            4.13717991218553,
            0.0,
            0.0
          ],
          [
            -0.4919189659186839,
            3.3092764284183476,
            0.0
          ],
          [
            -3.5228583413849255,
            -1.0027324324963192,
            2.1431212522107876
          ]
        ],
        "NumAtoms": 1,
        "Positions": [
          [
            0.0,
            0.0,
            0.0
          ]
        ],
        "Stress": [
          [
            -140519.23564341734,
            27573.38602116993,
            -42428.06229313823
          ],
          [
            27573.38602116993,
            -274986.56613899575,
            25640.424581145526
          ],
          [
            -42428.06229313823,
            25640.424581145526,
            -306693.60638122243
          ]
        ]
      }
    ],
    "EnergyStyle": "electronvolt",
    "ForcesStyle": "electronvoltperangstrom",
    "Label": "ASE generated",
    "LatticeStyle": "angstrom",
    "PositionsStyle": "angstrom",
    "StressStyle": "bar"
  }
}