{
  "Dataset": {
    "AtomTypeStyle": "chemicalsymbol",
    "Data": [
      {
        "AtomTypes": [
          "Cr"
        ],
        "Energy": -41.38713796782122,
        "Forces": [
          [
            -2.090266770371762,
            -2.209082518857948,
            -2.6987468504020113
          ]
        ],
        "Lattice": [
          [
            3.7317296269171307,
            0.0,
            0.0
          ],
          [
            -1.5633297608747667,
            3.388481404103666,
            0.0
          ],
          [
            -1.5633297608747667,
            -2.442961873342792,
            2.3481348917932006
          ]
        ],
        "NumAtoms": 1,
        "Positions": [
          [
            0.0,
            0.0,
            0.0
          ]
        ],
        "Stress": [
          [
            -242238.0215592217,
            -6488.807391132125,
            -16121.251462121276
          ],
          [
            -6488.807391132125,
            -248226.67150011924,
            -25187.34077328593
          ],
          [
            -16121.251462121276,
            -25187.34077328593,
            -300637.2880794108
          ]
        ]
      }
    ],
    "EnergyStyle": "electronvolt",
    "ForcesStyle": "electronvoltperangstrom",
    "Label": "ASE generated",
    "LatticeStyle": "angstrom",
    "PositionsStyle": "angstrom",
    "StressStyle": "bar"
  }
}