{
  "Dataset": {
    "AtomTypeStyle": "chemicalsymbol",
    "Data": [
      {
        "AtomTypes": [
          "Cr"
        ],
        "Energy": 2237.448257218103,
        "Forces": [
          [
            -0.7613061074417808,
            -1.1095101466151722,
            -1.0152382822454387
          ]
        ],
        "Lattice": [
          [
            3.6650199605004583,
            0.0,
            0.0
          ],
          [
            -2.1594774059863564,
            3.644649779559997,
            0.0
          ],
          [
            -3.135233995170196,
            -4.391152040174612,
            2.818565275523075
          ]
        ],
        "NumAtoms": 1,
        "Positions": [
          [
            0.0,
            0.0,
            0.0
          ]
        ],
        "Stress": [
          [
            -87471.65384073868,
            -13.239461917975316,
            -3829.1465969433057
          ],
          [
            -13.239461917975316,
            -73455.47682357549,
            -357.46547178533353
          ],
          [
            -3829.1465969433057,
            -357.46547178533353,
            -80869.57549764165
          ]
        ]
      }
    ],
    "EnergyStyle": "electronvolt",
    "ForcesStyle": "electronvoltperangstrom",
    "Label": "ASE generated",
    "LatticeStyle": "angstrom",
    "PositionsStyle": "angstrom",
    "StressStyle": "bar"
  }
}