{
  "Dataset": {
    "AtomTypeStyle": "chemicalsymbol",
    "Data": [
      {
        "AtomTypes": [
          "Cr"
        ],
        "Energy": -41.55020709197379,
        "Forces": [
          [
            -0.2230337126854103,
            -0.2359179343605306,
            -0.057992624722315464
          ]
        ],
        "Lattice": [
          [
            4.150449559862204,
            0.0,
            0.0
          ],
          [
            -2.329319452435426,
            4.424495443400785,
            0.0
          ],
          [
            -0.606501043733104,
            -0.3872452448342633,
            6.286964028443791
          ]
        ],
        "NumAtoms": 1,
        "Positions": [
          [
            0.0,
            0.0,
            0.0
          ]
        ],
        "Stress": [
          [
            -19244.29342343923,
            -236.83926319933622,
            22.065769863292196
          ],
          [
            -236.83926319933622,
            -11728.69220800191,
            19.123667214853235
          ],
          [
            22.065769863292196,
            19.123667214853235,
            -3595.249436392408
          ]
        ]
      }
    ],
    "EnergyStyle": "electronvolt",
    "ForcesStyle": "electronvoltperangstrom",
    "Label": "ASE generated",
    "LatticeStyle": "angstrom",
    "PositionsStyle": "angstrom",
    "StressStyle": "bar"
  }
}