{
  "Dataset": {
    "AtomTypeStyle": "chemicalsymbol",
    "Data": [
      {
        "AtomTypes": [
          "Cr"
        ],
        "Energy": -45.20799652236656,
        "Forces": [
          [
            0.42786022435558047,
            0.36382879864586026,
            -0.22487392874267875
          ]
        ],
        "Lattice": [
          [
            2.3976024123965614,
            0.26395852134161946,
            0.12374772186613862
          ],
          [
            0.44405747532508444,
            2.2846287511927534,
            -0.4444107487376092
          ],
          [
            0.8309889300733582,
            -0.544678229627021,
            2.274463213098574
          ]
        ],
        "NumAtoms": 1,
        "Positions": [
          [
            0.0,
            0.0,
            0.0
          ]
        ],
        "Stress": [
          [
            73665.83716293887,
            73496.66626065364,
            -22317.319639733723
          ],
          [
            73496.66626065364,
            83745.48083649075,
            -52594.49799481905
          ],
          [
            -22317.319639733723,
            -52594.49799481905,
            10615.106355567767
          ]
        ]
      }
    ],
    "EnergyStyle": "electronvolt",
    "ForcesStyle": "electronvoltperangstrom",
    "Label": "ASE generated",
    "LatticeStyle": "angstrom",
    "PositionsStyle": "angstrom",
    "StressStyle": "bar"
  }
}