{
  "Dataset": {
    "AtomTypeStyle": "chemicalsymbol",
    "Data": [
      {
        "AtomTypes": [
          "Cr"
        ],
        "Energy": -45.15203830276778,
        "Forces": [
          [
            0.020812807277924422,
            0.16693098425641809,
            0.16561818081363988
          ]
        ],
        "Lattice": [
          [
            2.41185813840847,
            0.2742657307580197,
            0.11719711816804301
          ],
          [
            0.45015429951264996,
            2.264790389786383,
            -0.4398410326047457
          ],
          [
            0.82503063495375,
            -0.5393411472741975,
            2.2584374597052905
          ]
        ],
        "NumAtoms": 1,
        "Positions": [
          [
            0.0,
            0.0,
            0.0
          ]
        ],
        "Stress": [
          [
            -2842.0711583920342,
            -8946.934153902876,
            17887.98410250887
          ],
          [
            -8946.934153902876,
            57129.7492273877,
            523.6942714221346
          ],
          [
            17887.98410250887,
            523.6942714221346,
            28923.81113680341
          ]
        ]
      }
    ],
    "EnergyStyle": "electronvolt",
    "ForcesStyle": "electronvoltperangstrom",
    "Label": "ASE generated",
    "LatticeStyle": "angstrom",
    "PositionsStyle": "angstrom",
    "StressStyle": "bar"
  }
}