{
  "Dataset": {
    "AtomTypeStyle": "chemicalsymbol",
    "Data": [
      {
        "AtomTypes": [
          "Cr"
        ],
        "Energy": -43.92775365678426,
        "Forces": [
          [
            -0.12123972231878116,
            -0.866048834024056,
            -1.366687276920295
          ]
        ],
        "Lattice": [
          [
            2.3362898576660505,
            0.0,
            0.0
          ],
          [
            0.15581184318746424,
            2.408275620760457,
            0.0
          ],
          [
            0.7291186839398516,
            -0.032827208790065676,
            2.794254068145465
          ]
        ],
        "NumAtoms": 1,
        "Positions": [
          [
            0.0,
            0.0,
            0.0
          ]
        ],
        "Stress": [
          [
            -135664.76627349306,
            42697.26468547039,
            58443.39805991571
          ],
          [
            42697.26468547039,
            -233351.4005096118,
            -8435.008293074496
          ],
          [
            58443.39805991571,
            -8435.008293074496,
            -385403.67853490985
          ]
        ]
      }
    ],
    "EnergyStyle": "electronvolt",
    "ForcesStyle": "electronvoltperangstrom",
    "Label": "ASE generated",
    "LatticeStyle": "angstrom",
    "PositionsStyle": "angstrom",
    "StressStyle": "bar"
  }
}