{
  "Dataset": {
    "AtomTypeStyle": "chemicalsymbol",
    "Data": [
      {
        "AtomTypes": [
          "Cr"
        ],
        "Energy": -44.245728754817264,
        "Forces": [
          [
            0.6426123754308684,
            -0.18237834643928758,
            -1.0124956085680576
          ]
        ],
        "Lattice": [
          [
            2.2824251509325504,
            0.016952962880798266,
            0.023204406298518162
          ],
          [
            0.16969507341628837,
            2.313899488371383,
            -0.0019048358043791578
          ],
          [
            0.7398220700056812,
            -0.03024109524653667,
            2.61852454685207
          ]
        ],
        "NumAtoms": 1,
        "Positions": [
          [
            0.0,
            0.0,
            0.0
          ]
        ],
        "Stress": [
          [
            49709.766348024656,
            70298.6006818005,
            75035.38594578722
          ],
          [
            70298.6006818005,
            -101002.38392090947,
            -15579.904574808506
          ],
          [
            75035.38594578722,
            -15579.904574808506,
            -331629.39737806685
          ]
        ]
      }
    ],
    "EnergyStyle": "electronvolt",
    "ForcesStyle": "electronvoltperangstrom",
    "Label": "ASE generated",
    "LatticeStyle": "angstrom",
    "PositionsStyle": "angstrom",
    "StressStyle": "bar"
  }
}