{
  "Dataset": {
    "AtomTypeStyle": "chemicalsymbol",
    "Data": [
      {
        "AtomTypes": [
          "Cr"
        ],
        "Energy": -45.15531346782882,
        "Forces": [
          [
            1.0082957636696466e-05,
            -6.648731173769553e-05,
            -0.0002572457316082626
          ]
        ],
        "Lattice": [
          [
            2.3976024123965614,
            0.26395852134161946,
            0.12374772186613862
          ],
          [
            0.44405747532508444,
            2.2846287511927534,
            -0.4444107487376092
          ],
          [
            0.8309889300733582,
            -0.544678229627021,
            2.274463213098574
          ]
        ],
        "NumAtoms": 1,
        "Positions": [
          [
            0.0,
            0.0,
            0.0
          ]
        ],
        "Stress": [
          [
            75.02361753519345,
            42.66048840236491,
            -114.74200328911941
          ],
          [
            42.66048840236491,
            -13.239461917975316,
            -48.54469369924283
          ],
          [
            -114.74200328911941,
            -48.54469369924283,
            89.73413077738826
          ]
        ]
      }
    ],
    "EnergyStyle": "electronvolt",
    "ForcesStyle": "electronvoltperangstrom",
    "Label": "ASE generated",
    "LatticeStyle": "angstrom",
    "PositionsStyle": "angstrom",
    "StressStyle": "bar"
  }
}