{
  "Dataset": {
    "AtomTypeStyle": "chemicalsymbol",
    "Data": [
      {
        "AtomTypes": [
          "Cr"
        ],
        "Energy": -45.00581521705044,
        "Forces": [
          [
            0.2863339104245206,
            -0.33760227772129925,
            -0.8382626779200751
          ]
        ],
        "Lattice": [
          [
            2.345045366046168,
            0.22507840284795436,
            0.05171996314994164
          ],
          [
            0.3799009233062516,
            2.291437469541059,
            -0.368601134612611
          ],
          [
            0.713655373087331,
            -0.5060178694319726,
            2.4142829686091067
          ]
        ],
        "NumAtoms": 1,
        "Positions": [
          [
            0.0,
            0.0,
            0.0
          ]
        ],
        "Stress": [
          [
            -37722.169106960115,
            36267.29934730705,
            86961.19903123454
          ],
          [
            36267.29934730705,
            -83895.52807156113,
            -46092.45114176896
          ],
          [
            86961.19903123454,
            -46092.45114176896,
            -271959.14251375204
          ]
        ]
      }
    ],
    "EnergyStyle": "electronvolt",
    "ForcesStyle": "electronvoltperangstrom",
    "Label": "ASE generated",
    "LatticeStyle": "angstrom",
    "PositionsStyle": "angstrom",
    "StressStyle": "bar"
  }
}