{
  "Dataset": {
    "AtomTypeStyle": "chemicalsymbol",
    "Data": [
      {
        "AtomTypes": [
          "Cr"
        ],
        "Energy": -45.15529904578261,
        "Forces": [
          [
            -0.011787518411839911,
            -0.00836442026687459,
            0.00752232386963228
          ]
        ],
        "Lattice": [
          [
            2.3992257137550204,
            0.26449821753452063,
            0.1235300771012921
          ],
          [
            0.44452022438929617,
            2.285229301706261,
            -0.4447128586517443
          ],
          [
            0.8309055407413343,
            -0.5445275157246642,
            2.2728465227509784
          ]
        ],
        "NumAtoms": 1,
        "Positions": [
          [
            0.0,
            0.0,
            0.0
          ]
        ],
        "Stress": [
          [
            -3456.970611915777,
            -659.0309932503269,
            679.6257117893995
          ],
          [
            -659.0309932503269,
            -2258.063782676901,
            510.4548095041594
          ],
          [
            679.6257117893995,
            510.4548095041594,
            960.5965147153203
          ]
        ]
      }
    ],
    "EnergyStyle": "electronvolt",
    "ForcesStyle": "electronvoltperangstrom",
    "Label": "ASE generated",
    "LatticeStyle": "angstrom",
    "PositionsStyle": "angstrom",
    "StressStyle": "bar"
  }
}