{
  "Dataset": {
    "AtomTypeStyle": "chemicalsymbol",
    "Data": [
      {
        "AtomTypes": [
          "Cr"
        ],
        "Energy": -45.15507142235492,
        "Forces": [
          [
            -0.02012556388861802,
            0.0037518436582664157,
            0.03135561293341816
          ]
        ],
        "Lattice": [
          [
            2.403426944218151,
            0.2676430049690203,
            0.12107821335379002
          ],
          [
            0.44647202520009394,
            2.2811437933025855,
            -0.4420375482404833
          ],
          [
            0.8285878705129213,
            -0.5413846899500759,
            2.2693119693144888
          ]
        ],
        "NumAtoms": 1,
        "Positions": [
          [
            0.0,
            0.0,
            0.0
          ]
        ],
        "Stress": [
          [
            -8014.287614347724,
            -4358.725073662317,
            6502.046853050099
          ],
          [
            -4358.725073662317,
            7090.467382737891,
            -1649.0485344500364
          ],
          [
            6502.046853050099,
            -1649.0485344500364,
            4107.175297220787
          ]
        ]
      }
    ],
    "EnergyStyle": "electronvolt",
    "ForcesStyle": "electronvoltperangstrom",
    "Label": "ASE generated",
    "LatticeStyle": "angstrom",
    "PositionsStyle": "angstrom",
    "StressStyle": "bar"
  }
}