{
  "Dataset": {
    "AtomTypeStyle": "chemicalsymbol",
    "Data": [
      {
        "AtomTypes": [
          "Cr"
        ],
        "Energy": -44.67660969884173,
        "Forces": [
          [
            0.9930661662212197,
            0.633673111413091,
            -0.031270637094132525
          ]
        ],
        "Lattice": [
          [
            2.3961030051811845,
            0.1733442752116767,
            0.12009132802331154
          ],
          [
            0.34119824480985117,
            2.2241642844319194,
            -0.049644422715805755
          ],
          [
            0.8860455481424728,
            -0.05347705849869778,
            2.222213812385092
          ]
        ],
        "NumAtoms": 1,
        "Positions": [
          [
            0.0,
            0.0,
            0.0
          ]
        ],
        "Stress": [
          [
            149372.02251257017,
            165396.18458729296,
            -13418.930179530093
          ],
          [
            165396.18458729296,
            116613.18057352658,
            -93488.25375679637
          ],
          [
            -13418.930179530093,
            -93488.25375679637,
            97346.82138022406
          ]
        ]
      }
    ],
    "EnergyStyle": "electronvolt",
    "ForcesStyle": "electronvoltperangstrom",
    "Label": "ASE generated",
    "LatticeStyle": "angstrom",
    "PositionsStyle": "angstrom",
    "StressStyle": "bar"
  }
}