{
  "Dataset": {
    "AtomTypeStyle": "chemicalsymbol",
    "Data": [
      {
        "AtomTypes": [
          "Cr"
        ],
        "Energy": -44.79194511539163,
        "Forces": [
          [
            0.5052262366366581,
            0.26281843462907617,
            -0.1552363042792837
          ]
        ],
        "Lattice": [
          [
            2.45837983561677,
            0.25625034144189607,
            0.13434193424572985
          ],
          [
            0.43427104719145004,
            2.240608146029295,
            -0.08960599368214534
          ],
          [
            0.9174238838396974,
            -0.08849469614409688,
            2.1928023564032175
          ]
        ],
        "NumAtoms": 1,
        "Positions": [
          [
            0.0,
            0.0,
            0.0
          ]
        ],
        "Stress": [
          [
            38929.90224414431,
            112347.1317332901,
            -1760.848435090717
          ],
          [
            112347.1317332901,
            69070.27282607723,
            -103912.1234402156
          ],
          [
            -1760.848435090717,
            -103912.1234402156,
            58903.83712439641
          ]
        ]
      }
    ],
    "EnergyStyle": "electronvolt",
    "ForcesStyle": "electronvoltperangstrom",
    "Label": "ASE generated",
    "LatticeStyle": "angstrom",
    "PositionsStyle": "angstrom",
    "StressStyle": "bar"
  }
}