{
  "Dataset": {
    "AtomTypeStyle": "chemicalsymbol",
    "Data": [
      {
        "AtomTypes": [
          "Cr"
        ],
        "Energy": -45.15531169908718,
        "Forces": [
          [
            -0.0026526748218287663,
            -0.00299171930432397,
            0.001955100063611188
          ]
        ],
        "Lattice": [
          [
            2.3980255779472337,
            0.2639511779494991,
            0.12363090282233133
          ],
          [
            0.4440055064189837,
            2.284946534277446,
            -0.4445295686004413
          ],
          [
            0.8308324698356959,
            -0.5446841950416907,
            2.274040471418845
          ]
        ],
        "NumAtoms": 1,
        "Positions": [
          [
            0.0,
            0.0,
            0.0
          ]
        ],
        "Stress": [
          [
            -1194.4936752662175,
            138.2788244766311,
            282.44185425014007
          ],
          [
            138.2788244766311,
            -1159.18844348495,
            160.34459433992328
          ],
          [
            282.44185425014007,
            160.34459433992328,
            116.21305461333888
          ]
        ]
      }
    ],
    "EnergyStyle": "electronvolt",
    "ForcesStyle": "electronvoltperangstrom",
    "Label": "ASE generated",
    "LatticeStyle": "angstrom",
    "PositionsStyle": "angstrom",
    "StressStyle": "bar"
  }
}