{
  "Dataset": {
    "AtomTypeStyle": "chemicalsymbol",
    "Data": [
      {
        "AtomTypes": [
          "Cr"
        ],
        "Energy": -44.96846851203463,
        "Forces": [
          [
            -0.4157083155060291,
            -0.7485323755341164,
            -0.9903990470103672
          ]
        ],
        "Lattice": [
          [
            2.4208912774942415,
            0.281435985091781,
            0.09849376514289565
          ],
          [
            0.45346282972155333,
            2.2761872602723137,
            -0.23998495491240499
          ],
          [
            0.8287311029079063,
            -0.30771712610662744,
            2.3108183694218836
          ]
        ],
        "NumAtoms": 1,
        "Positions": [
          [
            0.0,
            0.0,
            0.0
          ]
        ],
        "Stress": [
          [
            -103707.6473061491,
            -22607.11675060496,
            3584.9520771228717
          ],
          [
            -22607.11675060496,
            -34097.498644083316,
            -153490.96622038473
          ],
          [
            3584.9520771228717,
            -153490.96622038473,
            -131442.84897298316
          ]
        ]
      }
    ],
    "EnergyStyle": "electronvolt",
    "ForcesStyle": "electronvoltperangstrom",
    "Label": "ASE generated",
    "LatticeStyle": "angstrom",
    "PositionsStyle": "angstrom",
    "StressStyle": "bar"
  }
}