{
  "Dataset": {
    "AtomTypeStyle": "chemicalsymbol",
    "Data": [
      {
        "AtomTypes": [
          "Cr"
        ],
        "Energy": -44.45655526049677,
        "Forces": [
          [
            1.2024062244267886,
            0.39458258099504706,
            -0.37712421435972776
          ]
        ],
        "Lattice": [
          [
            2.2804863869314578,
            0.04629915437921246,
            0.05711879042861302
          ],
          [
            0.19982435298952272,
            2.2485168364650354,
            -0.006608527435321989
          ],
          [
            0.7791059581178009,
            -0.028342170880752027,
            2.429839784210726
          ]
        ],
        "NumAtoms": 1,
        "Positions": [
          [
            0.0,
            0.0,
            0.0
          ]
        ],
        "Stress": [
          [
            192516.48680060328,
            113435.70971321252,
            70300.07173312471
          ],
          [
            113435.70971321252,
            30959.746169523165,
            -34640.316582720305
          ],
          [
            70300.07173312471,
            -34640.316582720305,
            -145541.40486430266
          ]
        ]
      }
    ],
    "EnergyStyle": "electronvolt",
    "ForcesStyle": "electronvoltperangstrom",
    "Label": "ASE generated",
    "LatticeStyle": "angstrom",
    "PositionsStyle": "angstrom",
    "StressStyle": "bar"
  }
}