{
  "Dataset": {
    "AtomTypeStyle": "chemicalsymbol",
    "Data": [
      {
        "AtomTypes": [
          "Cr"
        ],
        "Energy": -44.83348727528528,
        "Forces": [
          [
            -0.9410830937512613,
            -0.6077373953271441,
            -0.09874911284421184
          ]
        ],
        "Lattice": [
          [
            2.522451492794421,
            0.3645819977311157,
            0.15993003674212442
          ],
          [
            0.5565489841239816,
            2.2611189646649525,
            -0.1592543245438285
          ],
          [
            0.9625621213215657,
            -0.1600316948589124,
            2.1598799133626496
          ]
        ],
        "NumAtoms": 1,
        "Positions": [
          [
            0.0,
            0.0,
            0.0
          ]
        ],
        "Stress": [
          [
            -114369.82730409189,
            -99621.06672746738,
            -58249.21928511873
          ],
          [
            -99621.06672746738,
            -19745.921924998074,
            -56734.03642117267
          ],
          [
            -58249.21928511873,
            -56734.03642117267,
            85734.34222683549
          ]
        ]
      }
    ],
    "EnergyStyle": "electronvolt",
    "ForcesStyle": "electronvoltperangstrom",
    "Label": "ASE generated",
    "LatticeStyle": "angstrom",
    "PositionsStyle": "angstrom",
    "StressStyle": "bar"
  }
}