{
  "Dataset": {
    "AtomTypeStyle": "chemicalsymbol",
    "Data": [
      {
        "AtomTypes": [
          "Cr"
        ],
        "Energy": -44.55696481161385,
        "Forces": [
          [
            1.51390874333659,
            1.0432274242020754,
            0.39457375934233285
          ]
        ],
        "Lattice": [
          [
            2.3421539269627623,
            0.12149580296421804,
            0.11424011085345917
          ],
          [
            0.28218612130183696,
            2.200560520265333,
            -0.02764171329783907
          ],
          [
            0.8653115839448876,
            -0.03548481751037637,
            2.2120009679651944
          ]
        ],
        "NumAtoms": 1,
        "Positions": [
          [
            0.0,
            0.0,
            0.0
          ]
        ],
        "Stress": [
          [
            296663.978452694,
            187453.12814263982,
            -11025.529675025
          ],
          [
            187453.12814263982,
            210149.9790240222,
            -80417.96274110628
          ],
          [
            -11025.529675025,
            -80417.96274110628,
            215575.21630774366
          ]
        ]
      }
    ],
    "EnergyStyle": "electronvolt",
    "ForcesStyle": "electronvoltperangstrom",
    "Label": "ASE generated",
    "LatticeStyle": "angstrom",
    "PositionsStyle": "angstrom",
    "StressStyle": "bar"
  }
}