{
  "Dataset": {
    "AtomTypeStyle": "chemicalsymbol",
    "Data": [
      {
        "AtomTypes": [
          "Cr"
        ],
        "Energy": -45.0661637252083,
        "Forces": [
          [
            0.049320342482466334,
            -0.38909417099435595,
            -0.7780945433481921
          ]
        ],
        "Lattice": [
          [
            2.3783809668380433,
            0.2495515157369178,
            0.07492066150376088
          ],
          [
            0.4118736911701007,
            2.2771020684919514,
            -0.3472835906145903
          ],
          [
            0.7627743942741648,
            -0.4588493520425988,
            2.3512346089164633
          ]
        ],
        "NumAtoms": 1,
        "Positions": [
          [
            0.0,
            0.0,
            0.0
          ]
        ],
        "Stress": [
          [
            -54899.63541987098,
            14857.618374616746,
            54708.39874772244
          ],
          [
            14857.618374616746,
            -34450.55096189599,
            -90241.64348424398
          ],
          [
            54708.39874772244,
            -90241.64348424398,
            -182591.3035160945
          ]
        ]
      }
    ],
    "EnergyStyle": "electronvolt",
    "ForcesStyle": "electronvoltperangstrom",
    "Label": "ASE generated",
    "LatticeStyle": "angstrom",
    "PositionsStyle": "angstrom",
    "StressStyle": "bar"
  }
}