{
  "Dataset": {
    "AtomTypeStyle": "chemicalsymbol",
    "Data": [
      {
        "AtomTypes": [
          "Cr"
        ],
        "Energy": -45.140040656944166,
        "Forces": [
          [
            -0.028552536527434405,
            -0.12388160944429416,
            -0.15380956654841857
          ]
        ],
        "Lattice": [
          [
            2.413386322280437,
            0.2771630923927412,
            0.10853417134850216
          ],
          [
            0.45005567940221514,
            2.2585795326730125,
            -0.39255292328299285
          ],
          [
            0.8188667327924307,
            -0.4841550834639071,
            2.2589746565942366
          ]
        ],
        "NumAtoms": 1,
        "Positions": [
          [
            0.0,
            0.0,
            0.0
          ]
        ],
        "Stress": [
          [
            -13874.956090038131,
            -12771.667596873524,
            18221.91275310669
          ],
          [
            -12771.667596873524,
            48424.06749065682,
            -71774.06515999264
          ],
          [
            18221.91275310669,
            -71774.06515999264,
            9411.78637235623
          ]
        ]
      }
    ],
    "EnergyStyle": "electronvolt",
    "ForcesStyle": "electronvoltperangstrom",
    "Label": "ASE generated",
    "LatticeStyle": "angstrom",
    "PositionsStyle": "angstrom",
    "StressStyle": "bar"
  }
}