{
  "Dataset": {
    "AtomTypeStyle": "chemicalsymbol",
    "Data": [
      {
        "AtomTypes": [
          "Cr"
        ],
        "Energy": -45.15531346782882,
        "Forces": [
          [
            -0.0015225266031411758,
            -0.001565009030133448,
            -0.001898473499268978
          ]
        ],
        "Lattice": [
          [
            2.3976024123965614,
            0.26395852134161946,
            0.12374772186613862
          ],
          [
            0.44405747532508444,
            2.2846287511927534,
            -0.4444107487376092
          ],
          [
            0.8309889300733582,
            -0.544678229627021,
            2.274463213098574
          ]
        ],
        "NumAtoms": 1,
        "Positions": [
          [
            0.0,
            0.0,
            0.0
          ]
        ],
        "Stress": [
          [
            -375.11808767596733,
            47.07364237502334,
            -116.21305461333888
          ],
          [
            47.07364237502334,
            -448.67065388694124,
            -48.54469369924283
          ],
          [
            -116.21305461333888,
            -48.54469369924283,
            -378.0601903244063
          ]
        ]
      }
    ],
    "EnergyStyle": "electronvolt",
    "ForcesStyle": "electronvoltperangstrom",
    "Label": "ASE generated",
    "LatticeStyle": "angstrom",
    "PositionsStyle": "angstrom",
    "StressStyle": "bar"
  }
}