{
  "Dataset": {
    "AtomTypeStyle": "chemicalsymbol",
    "Data": [
      {
        "AtomTypes": [
          "Cr"
        ],
        "Energy": -44.87674688319203,
        "Forces": [
          [
            -0.6273791608629768,
            -0.5703743895733762,
            -0.48054304820193094
          ]
        ],
        "Lattice": [
          [
            2.485592388315343,
            0.32701621360350897,
            0.1397122092389473
          ],
          [
            0.5123698782155451,
            2.263646804500967,
            -0.16294756499567323
          ],
          [
            0.9223717219592583,
            -0.17924048620284655,
            2.2131796101823094
          ]
        ],
        "NumAtoms": 1,
        "Positions": [
          [
            0.0,
            0.0,
            0.0
          ]
        ],
        "Stress": [
          [
            -100837.6261725969,
            -41549.8446525792,
            -40631.908626266246
          ],
          [
            -41549.8446525792,
            -18504.354607356832,
            -103529.65009591854
          ],
          [
            -40631.908626266246,
            -103529.65009591854,
            3546.704742693166
          ]
        ]
      }
    ],
    "EnergyStyle": "electronvolt",
    "ForcesStyle": "electronvoltperangstrom",
    "Label": "ASE generated",
    "LatticeStyle": "angstrom",
    "PositionsStyle": "angstrom",
    "StressStyle": "bar"
  }
}