{
  "Dataset": {
    "AtomTypeStyle": "chemicalsymbol",
    "Data": [
      {
        "AtomTypes": [
          "Cr",
          "Cr"
        ],
        "Energy": -76.06472234136982,
        "Forces": [
          [
            -11.651836207752721,
            -2.462861705948598,
            -2.560209297900368
          ],
          [
            11.651836207752721,
            2.462861705948598,
            2.560209297900368
          ]
        ],
        "Lattice": [
          [
            5.427769567727856,
            0.0,
            0.0
          ],
          [
            0.3162815604810699,
            3.9675041543046246,
            0.0
          ],
          [
            -0.5034364829458942,
            -2.36501489489822,
            1.046826777679833
          ]
        ],
        "NumAtoms": 2,
        "Positions": [
          [
            0.0,
            0.0,
            0.0
          ],
          [
            1.3101544754811933,
            0.400621500686166,
            0.2617064230314799
          ]
        ],
        "Stress": [
          [
            3875980.4579524808,
            777152.0014311783,
            368961.7378841088
          ],
          [
            777152.0014311783,
            2471213.235351007,
            921151.744507699
          ],
          [
            368961.7378841088,
            921151.744507699,
            1853801.2261654972
          ]
        ]
      }
    ],
    "EnergyStyle": "electronvolt",
    "ForcesStyle": "electronvoltperangstrom",
    "Label": "ASE generated",
    "LatticeStyle": "angstrom",
    "PositionsStyle": "angstrom",
    "StressStyle": "bar"
  }
}