{
  "Dataset": {
    "AtomTypeStyle": "chemicalsymbol",
    "Data": [
      {
        "AtomTypes": [
          "Cr"
        ],
        "Energy": -41.87286949108329,
        "Forces": [
          [
            -0.2667537631762113,
            -0.4688931750737133,
            -0.2887573899614752
          ]
        ],
        "Lattice": [
          [
            4.601519683085554,
            0.0,
            0.0
          ],
          [
            0.2227595678581717,
            3.6340593727561825,
            0.0
          ],
          [
            -2.254873487263048,
            0.582865295217081,
            4.113951860505175
          ]
        ],
        "NumAtoms": 1,
        "Positions": [
          [
            0.0,
            0.0,
            0.0
          ]
        ],
        "Stress": [
          [
            -25525.68257785641,
            -853.2097680472982,
            820.8466389144697
          ],
          [
            -853.2097680472982,
            -42456.01226829841,
            -531.0495280432322
          ],
          [
            820.8466389144697,
            -531.0495280432322,
            -24487.120342957456
          ]
        ]
      }
    ],
    "EnergyStyle": "electronvolt",
    "ForcesStyle": "electronvoltperangstrom",
    "Label": "ASE generated",
    "LatticeStyle": "angstrom",
    "PositionsStyle": "angstrom",
    "StressStyle": "bar"
  }
}