{
  "Dataset": {
    "AtomTypeStyle": "chemicalsymbol",
    "Data": [
      {
        "AtomTypes": [
          "Ni"
        ],
        "Energy": 1.253982224223364,
        "Forces": [
          [
            -12.77261186884923,
            -8.848546057587903,
            -9.559555202185155
          ]
        ],
        "Lattice": [
          [
            2.1055046887383395,
            -0.0007679615443193682,
            -0.0029810547144630477
          ],
          [
            -0.38311595795680586,
            2.07035505101338,
            0.002981893460338288
          ],
          [
            -0.6390797626406315,
            -1.2196682894206334,
            1.5928413182594976
          ]
        ],
        "NumAtoms": 1,
        "Positions": [
          [
            0.0,
            0.0,
            0.0
          ]
        ],
        "Stress": [
          [
            -3950987.8939231075,
            -179112.2671343154,
            -564705.7112900496
          ],
          [
            -179112.2671343154,
            -4017220.508744766,
            470039.1454225535
          ],
          [
            -564705.7112900496,
            470039.1454225535,
            -3532335.5133581893
          ]
        ]
      }
    ],
    "EnergyStyle": "electronvolt",
    "ForcesStyle": "electronvoltperangstrom",
    "Label": "ASE generated",
    "LatticeStyle": "angstrom",
    "PositionsStyle": "angstrom",
    "StressStyle": "bar"
  }
}