{
  "Dataset": {
    "AtomTypeStyle": "chemicalsymbol",
    "Data": [
      {
        "AtomTypes": [
          "Ni"
        ],
        "Energy": -2.4372202300519348,
        "Forces": [
          [
            5.6966078710670525,
            6.265139148948778,
            6.967048136556082
          ]
        ],
        "Lattice": [
          [
            2.1133321689938005,
            0.0038810459722666245,
            -0.0034872587526703367
          ],
          [
            -0.37996329848215465,
            2.0785833369657514,
            0.0036709832584613943
          ],
          [
            -0.6445394617027569,
            -1.2259545320607517,
            1.595760809026718
          ]
        ],
        "NumAtoms": 1,
        "Positions": [
          [
            0.0,
            0.0,
            0.0
          ]
        ],
        "Stress": [
          [
            2466626.4973220904,
            -77246.37608608908,
            -312340.972414901
          ],
          [
            -77246.37608608908,
            2440669.7967062383,
            258525.50182097979
          ],
          [
            -312340.972414901,
            258525.50182097979,
            2680651.225534107
          ]
        ]
      }
    ],
    "EnergyStyle": "electronvolt",
    "ForcesStyle": "electronvoltperangstrom",
    "Label": "ASE generated",
    "LatticeStyle": "angstrom",
    "PositionsStyle": "angstrom",
    "StressStyle": "bar"
  }
}