{
  "Dataset": {
    "AtomTypeStyle": "chemicalsymbol",
    "Data": [
      {
        "AtomTypes": [
          "Ni"
        ],
        "Energy": 357.7860802619225,
        "Forces": [
          [
            -876.8199770405638,
            -809.8642863783627,
            -897.7871509893564
          ]
        ],
        "Lattice": [
          [
            2.0824590657654283,
            -6.058179434393847e-05,
            -0.0002352843579097766
          ],
          [
            -0.3782352433202385,
            2.047821684807585,
            0.0002353505050608208
          ],
          [
            -0.6304392116589025,
            -1.2083879299973745,
            1.5744778970310978
          ]
        ],
        "NumAtoms": 1,
        "Positions": [
          [
            0.0,
            0.0,
            0.0
          ]
        ],
        "Stress": [
          [
            -336306146.09540945,
            -850142.6260363007,
            7732813.711868921
          ],
          [
            -850142.6260363007,
            -337720463.38320786,
            -10617208.487910075
          ],
          [
            7732813.711868921,
            -10617208.487910075,
            -345143613.4360719
          ]
        ]
      }
    ],
    "EnergyStyle": "electronvolt",
    "ForcesStyle": "electronvoltperangstrom",
    "Label": "ASE generated",
    "LatticeStyle": "angstrom",
    "PositionsStyle": "angstrom",
    "StressStyle": "bar"
  }
}