{
  "Dataset": {
    "AtomTypeStyle": "chemicalsymbol",
    "Data": [
      {
        "AtomTypes": [
          "Ni"
        ],
        "Energy": -3.684792398959871,
        "Forces": [
          [
            -0.004199314626459277,
            -0.002237421987926985,
            -0.0024486363914485165
          ]
        ],
        "Lattice": [
          [
            2.260745434348892,
            -0.0008167479786891063,
            -0.028844305546227078
          ],
          [
            -0.4113168787403953,
            2.2229894491156417,
            0.028731290228193426
          ],
          [
            -0.7057861619172195,
            -1.293146366757651,
            1.7150017720308253
          ]
        ],
        "NumAtoms": 1,
        "Positions": [
          [
            0.0,
            0.0,
            0.0
          ]
        ],
        "Stress": [
          [
            -791.42561243008,
            -175.05510758211807,
            -372.1759850275284
          ],
          [
            -175.05510758211807,
            -654.6178392776684,
            22.065769863292196
          ],
          [
            -372.1759850275284,
            22.065769863292196,
            -460.4390644806971
          ]
        ]
      }
    ],
    "EnergyStyle": "electronvolt",
    "ForcesStyle": "electronvoltperangstrom",
    "Label": "ASE generated",
    "LatticeStyle": "angstrom",
    "PositionsStyle": "angstrom",
    "StressStyle": "bar"
  }
}