{
  "Dataset": {
    "AtomTypeStyle": "chemicalsymbol",
    "Data": [
      {
        "AtomTypes": [
          "Ni"
        ],
        "Energy": -1.9466922879664708,
        "Forces": [
          [
            6.843101631784435,
            7.422307840005377,
            8.29556268901975
          ]
        ],
        "Lattice": [
          [
            2.0849660173894975,
            0.00012288023955177584,
            -0.00016913350262512546
          ],
          [
            -0.3785100937288397,
            2.0503291915385455,
            0.000176025506586722
          ],
          [
            -0.6312544525409023,
            -1.2099793447247902,
            1.5762310547722465
          ]
        ],
        "NumAtoms": 1,
        "Positions": [
          [
            0.0,
            0.0,
            0.0
          ]
        ],
        "Stress": [
          [
            3018959.19592413,
            -92721.83601687802,
            -361540.2839534216
          ],
          [
            -92721.83601687802,
            2984621.915914199,
            300944.7378061727
          ],
          [
            -361540.2839534216,
            300944.7378061727,
            3268726.058160707
          ]
        ]
      }
    ],
    "EnergyStyle": "electronvolt",
    "ForcesStyle": "electronvoltperangstrom",
    "Label": "ASE generated",
    "LatticeStyle": "angstrom",
    "PositionsStyle": "angstrom",
    "StressStyle": "bar"
  }
}