{
  "Dataset": {
    "AtomTypeStyle": "chemicalsymbol",
    "Data": [
      {
        "AtomTypes": [
          "Ni"
        ],
        "Energy": 2510.912525989599,
        "Forces": [
          [
            2817.6779543045473,
            2567.07968665982,
            2527.7453861994873
          ]
        ],
        "Lattice": [
          [
            2.7883083913325915,
            -0.021665882303900364,
            -0.08414445678757523
          ],
          [
            -0.5276639097072685,
            2.7379924427393854,
            0.08416813958435788
          ],
          [
            -0.8949770735623414,
            -1.5540371155281427,
            2.136846872107044
          ]
        ],
        "NumAtoms": 1,
        "Positions": [
          [
            0.0,
            0.0,
            0.0
          ]
        ],
        "Stress": [
          [
            594150584.9874561,
            55035647.35425699,
            -57421265.997256964
          ],
          [
            55035647.35425699,
            607382416.5622127,
            -66161667.48734207
          ],
          [
            -57421265.997256964,
            -66161667.48734207,
            676838382.8639357
          ]
        ]
      }
    ],
    "EnergyStyle": "electronvolt",
    "ForcesStyle": "electronvoltperangstrom",
    "Label": "ASE generated",
    "LatticeStyle": "angstrom",
    "PositionsStyle": "angstrom",
    "StressStyle": "bar"
  }
}