{
  "Dataset": {
    "AtomTypeStyle": "chemicalsymbol",
    "Data": [
      {
        "AtomTypes": [
          "Ni"
        ],
        "Energy": -4.265838409314711,
        "Forces": [
          [
            0.002278403561025446,
            0.002078485660206372,
            0.009940992379578021
          ]
        ],
        "Lattice": [
          [
            2.2751788173207217,
            -0.2822743430801276,
            0.0022315413459813005
          ],
          [
            -0.688221534743184,
            2.186887611509502,
            0.0014654282176507112
          ],
          [
            0.0035360690000144504,
            0.002965220674034693,
            2.3565799347918386
          ]
        ],
        "NumAtoms": 1,
        "Positions": [
          [
            0.0,
            0.0,
            0.0
          ]
        ],
        "Stress": [
          [
            -32.363129132828554,
            -442.78644859006334,
            1238.6252149928018
          ],
          [
            -442.78644859006334,
            -207.41823671494666,
            1266.5751901529723
          ],
          [
            1238.6252149928018,
            1266.5751901529723,
            442.78644859006334
          ]
        ]
      }
    ],
    "EnergyStyle": "electronvolt",
    "ForceStyle": "electronvoltperangstrom",
    "ForcesStyle": null,
    "Label": "ASE generated",
    "LatticeStyle": "angstrom",
    "PositionsStyle": "angstrom",
    "StressStyle": "bar"
  }
}