{
  "Dataset": {
    "AtomTypeStyle": "chemicalsymbol",
    "Data": [
      {
        "AtomTypes": [
          "Ni"
        ],
        "Energy": -4.236245594995125,
        "Forces": [
          [
            0.20143879886133587,
            0.16663428169833763,
            -0.43289287745871824
          ]
        ],
        "Lattice": [
          [
            2.244295598870012,
            -0.27441046548709924,
            0.0006417305546842978
          ],
          [
            -0.6748747711302917,
            2.1582026671503938,
            0.00033482206162386934
          ],
          [
            0.0013156678926234087,
            0.0008304912399672561,
            2.4502227769166427
          ]
        ],
        "NumAtoms": 1,
        "Positions": [
          [
            0.0,
            0.0,
            0.0
          ]
        ],
        "Stress": [
          [
            124831.94432194081,
            -55876.41349915271,
            325.10234265250494
          ],
          [
            -55876.41349915271,
            103779.72882103584,
            282.44185425014007
          ],
          [
            325.10234265250494,
            282.44185425014007,
            -125801.36714460145
          ]
        ]
      }
    ],
    "EnergyStyle": "electronvolt",
    "ForceStyle": "electronvoltperangstrom",
    "ForcesStyle": null,
    "Label": "ASE generated",
    "LatticeStyle": "angstrom",
    "PositionsStyle": "angstrom",
    "StressStyle": "bar"
  }
}