{
  "Dataset": {
    "AtomTypeStyle": "chemicalsymbol",
    "Data": [
      {
        "AtomTypes": [
          "Ni"
        ],
        "Energy": -3.417118132755604,
        "Forces": [
          [
            -0.1352678934333379,
            -0.34479723014498675,
            -0.4051080714030746
          ]
        ],
        "Lattice": [
          [
            2.2552947789252573,
            -0.02588975043882675,
            3.251793945332511e-06
          ],
          [
            -0.4321633227286793,
            2.21364989049655,
            -5.8521707471818134e-06
          ],
          [
            5.412953664248374e-06,
            -8.910285834256928e-06,
            3.6656309855476277
          ]
        ],
        "NumAtoms": 1,
        "Positions": [
          [
            0.0,
            0.0,
            0.0
          ]
        ],
        "Stress": [
          [
            20112.213704728725,
            -63621.49872116827,
            1.4710513242194794
          ],
          [
            -63621.49872116827,
            -3193.65242488049,
            -2.9421026484389587
          ],
          [
            1.4710513242194794,
            -2.9421026484389587,
            -78504.12496829675
          ]
        ]
      }
    ],
    "EnergyStyle": "electronvolt",
    "ForceStyle": "electronvoltperangstrom",
    "ForcesStyle": null,
    "Label": "ASE generated",
    "LatticeStyle": "angstrom",
    "PositionsStyle": "angstrom",
    "StressStyle": "bar"
  }
}