{
  "Dataset": {
    "AtomTypeStyle": "chemicalsymbol",
    "Data": [
      {
        "AtomTypes": [
          "Ni"
        ],
        "Energy": -3.886780503279624,
        "Forces": [
          [
            -0.5503442127197758,
            -0.39503818106401095,
            -1.1699103676591063
          ]
        ],
        "Lattice": [
          [
            2.3498651522773195,
            -0.3265093475646141,
            6.286307728915058e-05
          ],
          [
            -0.7449537628086264,
            2.252716663550209,
            -8.577327534760882e-05
          ],
          [
            0.0001458888645709878,
            -0.0001582345688418759,
            2.819248910149776
          ]
        ],
        "NumAtoms": 1,
        "Positions": [
          [
            0.0,
            0.0,
            0.0
          ]
        ],
        "Stress": [
          [
            -393631.2685912695,
            219085.14476733128,
            -45.60259105080386
          ],
          [
            219085.14476733128,
            -313742.88432688214,
            39.71838575392595
          ],
          [
            -45.60259105080386,
            39.71838575392595,
            -280236.7483151351
          ]
        ]
      }
    ],
    "EnergyStyle": "electronvolt",
    "ForceStyle": "electronvoltperangstrom",
    "ForcesStyle": null,
    "Label": "ASE generated",
    "LatticeStyle": "angstrom",
    "PositionsStyle": "angstrom",
    "StressStyle": "bar"
  }
}