{
  "Dataset": {
    "AtomTypeStyle": "chemicalsymbol",
    "Data": [
      {
        "AtomTypes": [
          "Ni"
        ],
        "Energy": -4.28085135125275,
        "Forces": [
          [
            -0.3281128947319961,
            -0.4220602230441697,
            -0.23480050981184775
          ]
        ],
        "Lattice": [
          [
            2.3100605516754715,
            -0.1849744900918714,
            0.16448704098008887
          ],
          [
            -0.5981458894093212,
            2.241255024949039,
            0.12566431916315066
          ],
          [
            0.23076872633349288,
            0.23409675090157475,
            2.441000453803822
          ]
        ],
        "NumAtoms": 1,
        "Positions": [
          [
            0.0,
            0.0,
            0.0
          ]
        ],
        "Stress": [
          [
            -86340.4153724139,
            -54639.25933548413,
            37836.91111024924
          ],
          [
            -54639.25933548413,
            -102876.50330796507,
            38457.69476906986
          ],
          [
            37836.91111024924,
            38457.69476906986,
            -142847.90988965682
          ]
        ]
      }
    ],
    "EnergyStyle": "electronvolt",
    "ForceStyle": "electronvoltperangstrom",
    "ForcesStyle": null,
    "Label": "ASE generated",
    "LatticeStyle": "angstrom",
    "PositionsStyle": "angstrom",
    "StressStyle": "bar"
  }
}