{
  "Dataset": {
    "AtomTypeStyle": "chemicalsymbol",
    "Data": [
      {
        "AtomTypes": [
          "Ni"
        ],
        "Energy": -4.269449907377748,
        "Forces": [
          [
            -0.1305028409428401,
            -0.17633126005630342,
            0.00738061419038144
          ]
        ],
        "Lattice": [
          [
            2.2900297364560807,
            -0.2409629733495803,
            0.05849727959352612
          ],
          [
            -0.6502758119635236,
            2.20855905969928,
            0.044188841181538464
          ],
          [
            0.08206077125784837,
            0.08216637650743344,
            2.386299200984737
          ]
        ],
        "NumAtoms": 1,
        "Positions": [
          [
            0.0,
            0.0,
            0.0
          ]
        ],
        "Stress": [
          [
            -34293.148470204505,
            -32567.605266895058,
            24232.628463867484
          ],
          [
            -32567.605266895058,
            -45061.2441634911,
            26230.31616215754
          ],
          [
            24232.628463867484,
            26230.31616215754,
            -48310.796538691924
          ]
        ]
      }
    ],
    "EnergyStyle": "electronvolt",
    "ForceStyle": "electronvoltperangstrom",
    "ForcesStyle": null,
    "Label": "ASE generated",
    "LatticeStyle": "angstrom",
    "PositionsStyle": "angstrom",
    "StressStyle": "bar"
  }
}