{
  "Dataset": {
    "AtomTypeStyle": "chemicalsymbol",
    "Data": [
      {
        "AtomTypes": [
          "Ni"
        ],
        "Energy": -3.6217373081108235,
        "Forces": [
          [
            -0.5739034207419973,
            -0.7875647803619895,
            -0.9075742507551752
          ]
        ],
        "Lattice": [
          [
            2.334701171905498,
            -0.21225295604516267,
            1.6030365172653828e-05
          ],
          [
            -0.629790841517785,
            2.2581510144948775,
            -3.0458910935621485e-05
          ],
          [
            2.5638635744729075e-05,
            -4.577964947187321e-05,
            3.2513698590134963
          ]
        ],
        "NumAtoms": 1,
        "Positions": [
          [
            0.0,
            0.0,
            0.0
          ]
        ],
        "Stress": [
          [
            -215438.4085345912,
            36502.66755918216,
            -8.826307945316877
          ],
          [
            36502.66755918216,
            -202054.78358684236,
            8.826307945316877
          ],
          [
            -8.826307945316877,
            8.826307945316877,
            -190768.87782743055
          ]
        ]
      }
    ],
    "EnergyStyle": "electronvolt",
    "ForceStyle": "electronvoltperangstrom",
    "ForcesStyle": null,
    "Label": "ASE generated",
    "LatticeStyle": "angstrom",
    "PositionsStyle": "angstrom",
    "StressStyle": "bar"
  }
}