{
  "Dataset": {
    "AtomTypeStyle": "chemicalsymbol",
    "Data": [
      {
        "AtomTypes": [
          "Ni"
        ],
        "Energy": -4.152067648721641,
        "Forces": [
          [
            0.02911561920219776,
            0.15432435707994127,
            -0.5990550372798907
          ]
        ],
        "Lattice": [
          [
            2.297650525914908,
            -0.30844576608012564,
            0.00017138832670991988
          ],
          [
            -0.7178703859708527,
            2.2050706171771943,
            -0.00018317680738041175
          ],
          [
            0.0004450946541866221,
            -0.00038353017776677107,
            2.6542743244490237
          ]
        ],
        "NumAtoms": 1,
        "Positions": [
          [
            0.0,
            0.0,
            0.0
          ]
        ],
        "Stress": [
          [
            -74772.06775875193,
            83948.48591923303,
            451.61275653538024
          ],
          [
            83948.48591923303,
            -44796.45492513159,
            1017.9675163598799
          ],
          [
            451.61275653538024,
            1017.9675163598799,
            -157449.56533385935
          ]
        ]
      }
    ],
    "EnergyStyle": "electronvolt",
    "ForceStyle": "electronvoltperangstrom",
    "ForcesStyle": null,
    "Label": "ASE generated",
    "LatticeStyle": "angstrom",
    "PositionsStyle": "angstrom",
    "StressStyle": "bar"
  }
}