{
  "Dataset": {
    "AtomTypeStyle": "chemicalsymbol",
    "Data": [
      {
        "AtomTypes": [
          "Ni"
        ],
        "Energy": -4.26216527741235,
        "Forces": [
          [
            0.07455381581611169,
            0.09337669453631206,
            0.2177156908757925
          ]
        ],
        "Lattice": [
          [
            2.271155785694973,
            -0.29136021679142005,
            0.0008017489798955334
          ],
          [
            -0.696478052299621,
            2.180990315705055,
            0.00044414425192041914
          ],
          [
            0.0015613357657154985,
            0.0010466950552754292,
            2.3242057479146943
          ]
        ],
        "NumAtoms": 1,
        "Positions": [
          [
            0.0,
            0.0,
            0.0
          ]
        ],
        "Stress": [
          [
            18233.68116370045,
            6446.14690272976,
            464.85221845335553
          ],
          [
            6446.14690272976,
            21246.394275701943,
            422.1917300509906
          ],
          [
            464.85221845335553,
            422.1917300509906,
            64657.11885341878
          ]
        ]
      }
    ],
    "EnergyStyle": "electronvolt",
    "ForceStyle": "electronvoltperangstrom",
    "ForcesStyle": null,
    "Label": "ASE generated",
    "LatticeStyle": "angstrom",
    "PositionsStyle": "angstrom",
    "StressStyle": "bar"
  }
}