{
  "Dataset": {
    "AtomTypeStyle": "chemicalsymbol",
    "Data": [
      {
        "AtomTypes": [
          "Ni"
        ],
        "Energy": -4.2657363665348385,
        "Forces": [
          [
            0.018585368894668757,
            0.02613478462967955,
            -0.00326562391112027
          ]
        ],
        "Lattice": [
          [
            2.2737141569392,
            -0.2869194415646756,
            0.0010260042264288055
          ],
          [
            -0.6925318079910447,
            2.1845916057959993,
            0.0005918466067844346
          ],
          [
            0.0018664434687358999,
            0.001330595981671062,
            2.358611644006984
          ]
        ],
        "NumAtoms": 1,
        "Positions": [
          [
            0.0,
            0.0,
            0.0
          ]
        ],
        "Stress": [
          [
            1612.2722513445494,
            4077.7542707363973,
            554.5863492307437
          ],
          [
            4077.7542707363973,
            3137.75247456015,
            531.0495280432322
          ],
          [
            554.5863492307437,
            531.0495280432322,
            -2053.5876486103934
          ]
        ]
      }
    ],
    "EnergyStyle": "electronvolt",
    "ForceStyle": "electronvoltperangstrom",
    "ForcesStyle": null,
    "Label": "ASE generated",
    "LatticeStyle": "angstrom",
    "PositionsStyle": "angstrom",
    "StressStyle": "bar"
  }
}