{
  "Dataset": {
    "AtomTypeStyle": "chemicalsymbol",
    "Data": [
      {
        "AtomTypes": [
          "Ni"
        ],
        "Energy": -4.186406132587763,
        "Forces": [
          [
            -0.20009392484473978,
            -0.20804965847160922,
            -0.8963629738251955
          ]
        ],
        "Lattice": [
          [
            2.2840789413650464,
            -0.2910138994132991,
            0.0005555842094047997
          ],
          [
            -0.6983137955526142,
            2.194929526011686,
            0.00026419754221979736
          ],
          [
            0.0011918324882105548,
            0.0006949430272247049,
            2.556500192154363
          ]
        ],
        "NumAtoms": 1,
        "Positions": [
          [
            0.0,
            0.0,
            0.0
          ]
        ],
        "Stress": [
          [
            -98475.1177459004,
            31505.506210808595,
            322.16024000406605
          ],
          [
            31505.506210808595,
            -88433.72140677823,
            320.68918867984655
          ],
          [
            322.16024000406605,
            320.68918867984655,
            -244615.24049916037
          ]
        ]
      }
    ],
    "EnergyStyle": "electronvolt",
    "ForceStyle": "electronvoltperangstrom",
    "ForcesStyle": null,
    "Label": "ASE generated",
    "LatticeStyle": "angstrom",
    "PositionsStyle": "angstrom",
    "StressStyle": "bar"
  }
}