{
  "Dataset": {
    "AtomTypeStyle": "chemicalsymbol",
    "Data": [
      {
        "AtomTypes": [
          "Ni"
        ],
        "Energy": -3.8484565005473996,
        "Forces": [
          [
            -1.4628102777082588,
            -1.0537445453947774,
            0.5987183961338431
          ]
        ],
        "Lattice": [
          [
            2.3956165960748104,
            -0.3982908393791191,
            3.1788733260213935e-05
          ],
          [
            -0.823764004325493,
            2.284519475040874,
            -6.523537871419952e-05
          ],
          [
            5.067295111751841e-05,
            -9.775225981310793e-05,
            2.6222072937198733
          ]
        ],
        "NumAtoms": 1,
        "Positions": [
          [
            0.0,
            0.0,
            0.0
          ]
        ],
        "Stress": [
          [
            -967497.2164772337,
            511346.2666066364,
            601.6599916057671
          ],
          [
            511346.2666066364,
            -776050.183989338,
            -414.8364734298933
          ],
          [
            601.6599916057671,
            -414.8364734298933,
            150448.83208189884
          ]
        ]
      }
    ],
    "EnergyStyle": "electronvolt",
    "ForceStyle": "electronvoltperangstrom",
    "ForcesStyle": null,
    "Label": "ASE generated",
    "LatticeStyle": "angstrom",
    "PositionsStyle": "angstrom",
    "StressStyle": "bar"
  }
}