{
  "Dataset": {
    "AtomTypeStyle": "chemicalsymbol",
    "Data": [
      {
        "AtomTypes": [
          "Ni"
        ],
        "Energy": -4.27438306352542,
        "Forces": [
          [
            -0.27471960171948473,
            -0.3572876759332726,
            -0.1414201708012885
          ]
        ],
        "Lattice": [
          [
            2.302818395917702,
            -0.205990188235184,
            0.12145352699704268
          ],
          [
            -0.6179070454485246,
            2.228538790796862,
            0.0923782361285465
          ],
          [
            0.17042599731861788,
            0.17207395304321435,
            2.4210532723963256
          ]
        ],
        "NumAtoms": 1,
        "Positions": [
          [
            0.0,
            0.0,
            0.0
          ]
        ],
        "Stress": [
          [
            -67519.78473034989,
            -51913.401231705444,
            31776.179654464977
          ],
          [
            -51913.401231705444,
            -84072.05423046747,
            33928.32774179808
          ],
          [
            31776.179654464977,
            33928.32774179808,
            -106198.13719805269
          ]
        ]
      }
    ],
    "EnergyStyle": "electronvolt",
    "ForceStyle": "electronvoltperangstrom",
    "ForcesStyle": null,
    "Label": "ASE generated",
    "LatticeStyle": "angstrom",
    "PositionsStyle": "angstrom",
    "StressStyle": "bar"
  }
}