{
  "Dataset": {
    "AtomTypeStyle": "chemicalsymbol",
    "Data": [
      {
        "AtomTypes": [
          "Ni"
        ],
        "Energy": -4.0277436238402515,
        "Forces": [
          [
            -0.32525969120230036,
            -0.2296378542224893,
            -1.0688456999488796
          ]
        ],
        "Lattice": [
          [
            2.3184242852969157,
            -0.31165109985409634,
            0.00011414034877860874
          ],
          [
            -0.7247239473249713,
            2.224736825595789,
            -0.00013182386355015902
          ],
          [
            0.00029083208947064783,
            -0.00026738424736850243,
            2.7406895832980225
          ]
        ],
        "NumAtoms": 1,
        "Positions": [
          [
            0.0,
            0.0,
            0.0
          ]
        ],
        "Stress": [
          [
            -239548.93973854848,
            133930.3967622383,
            -42.66048840236491
          ],
          [
            133930.3967622383,
            -191339.6457412277,
            35.30523178126751
          ],
          [
            -42.66048840236491,
            35.30523178126751,
            -267098.7889385309
          ]
        ]
      }
    ],
    "EnergyStyle": "electronvolt",
    "ForceStyle": "electronvoltperangstrom",
    "ForcesStyle": null,
    "Label": "ASE generated",
    "LatticeStyle": "angstrom",
    "PositionsStyle": "angstrom",
    "StressStyle": "bar"
  }
}