{
  "Dataset": {
    "AtomTypeStyle": "chemicalsymbol",
    "Data": [
      {
        "AtomTypes": [
          "Ni"
        ],
        "Energy": -3.3820445327037305,
        "Forces": [
          [
            -0.005812102335190246,
            -0.139412663045721,
            -0.37980874029108963
          ]
        ],
        "Lattice": [
          [
            2.2301300303666216,
            0.0,
            0.0
          ],
          [
            -0.40215934837601286,
            2.1935692786487913,
            0.0
          ],
          [
            0.0,
            0.0,
            3.712000142554543
          ]
        ],
        "NumAtoms": 1,
        "Positions": [
          [
            0.0,
            0.0,
            0.0
          ]
        ],
        "Stress": [
          [
            66397.37256997044,
            -68309.73929145576,
            8.826307945316877
          ],
          [
            -68309.73929145576,
            41342.42641586425,
            -14.710513242194793
          ],
          [
            8.826307945316877,
            -14.710513242194793,
            -73502.55046595051
          ]
        ]
      }
    ],
    "EnergyStyle": "electronvolt",
    "ForceStyle": "electronvoltperangstrom",
    "ForcesStyle": null,
    "Label": "ASE generated",
    "LatticeStyle": "angstrom",
    "PositionsStyle": "angstrom",
    "StressStyle": "bar"
  }
}