{
  "Dataset": {
    "AtomTypeStyle": "chemicalsymbol",
    "Data": [
      {
        "AtomTypes": [
          "Ni"
        ],
        "Energy": -3.708021009188087,
        "Forces": [
          [
            -0.7225766739656672,
            -0.5931185224700922,
            -1.2287319336863702
          ]
        ],
        "Lattice": [
          [
            2.3714629707503274,
            -0.3192801328354752,
            2.472633423752757e-05
          ],
          [
            -0.7416927966347414,
            2.2750089371490554,
            -4.762965299227719e-05
          ],
          [
            3.927659075841654e-05,
            -7.135531312880823e-05,
            2.957026426877072
          ]
        ],
        "NumAtoms": 1,
        "Positions": [
          [
            0.0,
            0.0,
            0.0
          ]
        ],
        "Stress": [
          [
            -470102.4006294949,
            245690.57901716483,
            -22.065769863292196
          ],
          [
            245690.57901716483,
            -380012.27543164545,
            20.594718539072716
          ],
          [
            -22.065769863292196,
            20.594718539072716,
            -278222.8790522786
          ]
        ]
      }
    ],
    "EnergyStyle": "electronvolt",
    "ForceStyle": "electronvoltperangstrom",
    "ForcesStyle": null,
    "Label": "ASE generated",
    "LatticeStyle": "angstrom",
    "PositionsStyle": "angstrom",
    "StressStyle": "bar"
  }
}