{
  "Dataset": {
    "AtomTypeStyle": "chemicalsymbol",
    "Data": [
      {
        "AtomTypes": [
          "Ni"
        ],
        "Energy": -4.26588602927859,
        "Forces": [
          [
            -0.002729717427978628,
            -0.005043985849182473,
            0.01076320428169424
          ]
        ],
        "Lattice": [
          [
            2.275940639880247,
            -0.2801596662871936,
            0.004806297504110957
          ],
          [
            -0.686280931322115,
            2.1879921466920047,
            0.003417094617437532
          ],
          [
            0.0071216388236299165,
            0.006574810909491743,
            2.3579714348367733
          ]
        ],
        "NumAtoms": 1,
        "Positions": [
          [
            0.0,
            0.0,
            0.0
          ]
        ],
        "Stress": [
          [
            -1553.4301983757705,
            -2102.1323423096364,
            2742.03966834511
          ],
          [
            -2102.1323423096364,
            -2300.724271079266,
            2908.268467981911
          ],
          [
            2742.03966834511,
            2908.268467981911,
            -2461.0688654191895
          ]
        ]
      }
    ],
    "EnergyStyle": "electronvolt",
    "ForceStyle": "electronvoltperangstrom",
    "ForcesStyle": null,
    "Label": "ASE generated",
    "LatticeStyle": "angstrom",
    "PositionsStyle": "angstrom",
    "StressStyle": "bar"
  }
}