{
  "Dataset": {
    "AtomTypeStyle": "chemicalsymbol",
    "Data": [
      {
        "AtomTypes": [
          "Ni"
        ],
        "Energy": -4.271571852969828,
        "Forces": [
          [
            -0.22196566208009455,
            -0.28899941190423534,
            -0.06977020580088417
          ]
        ],
        "Lattice": [
          [
            2.297757064633088,
            -0.21991705707096182,
            0.09291138745773476
          ],
          [
            -0.630930121417434,
            2.2199357568916733,
            0.07030170807754611
          ],
          [
            0.13029343702518348,
            0.13090155159770708,
            2.405899261193933
          ]
        ],
        "NumAtoms": 1,
        "Positions": [
          [
            0.0,
            0.0,
            0.0
          ]
        ],
        "Stress": [
          [
            -53934.625751183,
            -46611.73225921843,
            29019.429472877673
          ],
          [
            -46611.73225921843,
            -68089.08159282283,
            31401.06156678901
          ],
          [
            29019.429472877673,
            31401.06156678901,
            -80553.29946293448
          ]
        ]
      }
    ],
    "EnergyStyle": "electronvolt",
    "ForceStyle": "electronvoltperangstrom",
    "ForcesStyle": null,
    "Label": "ASE generated",
    "LatticeStyle": "angstrom",
    "PositionsStyle": "angstrom",
    "StressStyle": "bar"
  }
}