{
  "Dataset": {
    "AtomTypeStyle": "chemicalsymbol",
    "Data": [
      {
        "AtomTypes": [
          "Ni"
        ],
        "Energy": -4.300508056016042,
        "Forces": [
          [
            -0.9852548187828825,
            -1.0529430968009104,
            -1.023410881222418
          ]
        ],
        "Lattice": [
          [
            2.337693729874117,
            -0.10602117546235944,
            0.32586268719505673
          ],
          [
            -0.5239932783516507,
            2.289277196193967,
            0.2505917765265169
          ],
          [
            0.457139345527728,
            0.4668905193465648,
            2.5157316566375623
          ]
        ],
        "NumAtoms": 1,
        "Positions": [
          [
            0.0,
            0.0,
            0.0
          ]
        ],
        "Stress": [
          [
            -244609.3562938635,
            -57940.29850703264,
            10513.603814196622
          ],
          [
            -57940.29850703264,
            -233133.68491362737,
            8151.095387500137
          ],
          [
            10513.603814196622,
            8151.095387500137,
            -298508.6768132652
          ]
        ]
      }
    ],
    "EnergyStyle": "electronvolt",
    "ForceStyle": "electronvoltperangstrom",
    "ForcesStyle": null,
    "Label": "ASE generated",
    "LatticeStyle": "angstrom",
    "PositionsStyle": "angstrom",
    "StressStyle": "bar"
  }
}