{
  "Dataset": {
    "AtomTypeStyle": "chemicalsymbol",
    "Data": [
      {
        "AtomTypes": [
          "Ni"
        ],
        "Energy": -4.265803170541403,
        "Forces": [
          [
            0.011695171927930318,
            0.015317220830687426,
            0.010467649780314378
          ]
        ],
        "Lattice": [
          [
            2.2743362444359105,
            -0.28472946338417,
            0.0012988284154991825
          ],
          [
            -0.6904858840177288,
            2.1856179344080564,
            0.0007821932361608283
          ],
          [
            0.0022425053685611773,
            0.0016902766718345475,
            2.3561987663319526
          ]
        ],
        "NumAtoms": 1,
        "Positions": [
          [
            0.0,
            0.0,
            0.0
          ]
        ],
        "Stress": [
          [
            1450.4566056804072,
            1760.848435090717,
            713.4598922464477
          ],
          [
            1760.848435090717,
            2085.950777743222,
            697.2783276800334
          ],
          [
            713.4598922464477,
            697.2783276800334,
            1694.6511255008404
          ]
        ]
      }
    ],
    "EnergyStyle": "electronvolt",
    "ForceStyle": "electronvoltperangstrom",
    "ForcesStyle": null,
    "Label": "ASE generated",
    "LatticeStyle": "angstrom",
    "PositionsStyle": "angstrom",
    "StressStyle": "bar"
  }
}