{
  "Dataset": {
    "AtomTypeStyle": "chemicalsymbol",
    "Data": [
      {
        "AtomTypes": [
          "Ni"
        ],
        "Energy": -2.8899698941904717,
        "Forces": [
          [
            -2.032193166239522,
            -0.9331642683601433,
            -1.4165556278076006
          ]
        ],
        "Lattice": [
          [
            4.828789652174817,
            0.0,
            0.0
          ],
          [
            1.1850042958023088,
            3.0099004811522154,
            0.0
          ],
          [
            0.7093733438527415,
            -1.8441485696931277,
            1.6928336171525777
          ]
        ],
        "NumAtoms": 1,
        "Positions": [
          [
            0.0,
            0.0,
            0.0
          ]
        ],
        "Stress": [
          [
            -156275.66637713218,
            -25031.40933291867,
            -42711.97519871258
          ],
          [
            -25031.40933291867,
            -203614.0979905151,
            14298.618871413342
          ],
          [
            -42711.97519871258,
            14298.618871413342,
            -159341.3373368056
          ]
        ]
      }
    ],
    "EnergyStyle": "electronvolt",
    "ForcesStyle": "electronvoltperangstrom",
    "Label": "ASE generated",
    "LatticeStyle": "angstrom",
    "PositionsStyle": "angstrom",
    "StressStyle": "bar"
  }
}