{
  "Dataset": {
    "AtomTypeStyle": "chemicalsymbol",
    "Data": [
      {
        "AtomTypes": [
          "Ni"
        ],
        "Energy": 10.510945379683108,
        "Forces": [
          [
            7.406055944543972,
            12.964856621851137,
            84.3274020032793
          ]
        ],
        "Lattice": [
          [
            3.733199681201937,
            0.0,
            0.0
          ],
          [
            -1.77491618963033,
            3.284286152737085,
            0.0
          ],
          [
            -1.8315824275912944,
            -3.071844691678608,
            1.3456355582889195
          ]
        ],
        "NumAtoms": 1,
        "Positions": [
          [
            0.0,
            0.0,
            0.0
          ]
        ],
        "Stress": [
          [
            23242.610922667773,
            129267.16406446256,
            815266.9412417051
          ],
          [
            129267.16406446256,
            162898.33943876828,
            1366971.500928303
          ],
          [
            815266.9412417051,
            1366971.500928303,
            8609221.95929916
          ]
        ]
      }
    ],
    "EnergyStyle": "electronvolt",
    "ForcesStyle": "electronvoltperangstrom",
    "Label": "ASE generated",
    "LatticeStyle": "angstrom",
    "PositionsStyle": "angstrom",
    "StressStyle": "bar"
  }
}