<?xml version="1.0" encoding="UTF-8"?>
<!-- All quantities are in Hartree atomic units unless otherwise specified -->
<qes:espresso xmlns:xsi="http://www.w3.org/2001/XMLSchema-instance" xmlns:qes="http://www.quantum-espresso.org/ns/qes/qes-1.0" xsi:schemaLocation="http://www.quantum-espresso.org/ns/qes/qes-1.0 http://www.quantum-espresso.org/ns/qes/qes_230310.xsd" Units="Hartree atomic units">
  <general_info>
    <xml_format NAME="QEXSD" VERSION="23.03.10">QEXSD_23.03.10</xml_format>
    <creator NAME="CP" VERSION="7.2">XML file generated by CP</creator>
    <created DATE="22Jul2023" TIME=" 5:59:57">This run was terminated on:   5:59:57  22 Jul 2023</created>
    <job>MD Simulation</job>
  </general_info>
  <parallel_info>
    <nprocs>24</nprocs>
    <nthreads>1</nthreads>
    <ntasks>1</ntasks>
    <nbgrp>1</nbgrp>
    <npool>1</npool>
    <ndiag>24</ndiag>
  </parallel_info>
  <output>
    <algorithmic_info>
      <real_space_q>false</real_space_q>
      <real_space_beta>false</real_space_beta>
      <uspp>true</uspp>
      <paw>false</paw>
    </algorithmic_info>
    <atomic_species ntyp="1">
      <species name="Cr">
        <mass>5.199610000000000E+01</mass>
        <pseudo_file>Cr.upf</pseudo_file>
      </species>
    </atomic_species>
    <atomic_structure nat="16" alat="11.9733047256289">
      <atomic_positions>
        <atom name="Cr" index="1">-6.961272670498823E-02   7.123306013734726E-02   2.867830578288615E-02</atom>
        <atom name="Cr" index="2">2.992847541939194E+00   2.796713870250676E+00   2.991559661885535E+00</atom>
        <atom name="Cr" index="3">-6.263808256442807E-02  -3.960892938241840E-04   5.918774832361295E+00</atom>
        <atom name="Cr" index="4">2.993997926273514E+00   2.926291454117166E+00   8.988204780875719E+00</atom>
        <atom name="Cr" index="5">-8.435261834928144E-02   5.986620740141793E+00   2.202669139347953E-02</atom>
        <atom name="Cr" index="6">2.996083859093924E+00   8.976357588055896E+00   2.927179715350453E+00</atom>
        <atom name="Cr" index="7">1.359302547901368E-01   6.111787538298637E+00   5.969381341081395E+00</atom>
        <atom name="Cr" index="8">2.992872190785968E+00   8.979681654816515E+00   8.982133006522373E+00</atom>
        <atom name="Cr" index="9">5.918023126164798E+00   5.413675234514641E-02  -1.298921027456406E-01</atom>
        <atom name="Cr" index="10">8.981328347920302E+00   2.987822988696092E+00   3.003195473770869E+00</atom>
        <atom name="Cr" index="11">6.002627273543308E+00  -1.076899136575371E-01   6.068395852767108E+00</atom>
        <atom name="Cr" index="12">8.973455698312071E+00   2.987746006775370E+00   9.044881520355155E+00</atom>
        <atom name="Cr" index="13">5.951860184730193E+00   5.945501145531160E+00   1.156250467921242E-02</atom>
        <atom name="Cr" index="14">9.052189697814823E+00   8.992351028221210E+00   2.972966033475810E+00</atom>
        <atom name="Cr" index="15">6.078086646725382E+00   5.957575724211297E+00   6.059765675716896E+00</atom>
        <atom name="Cr" index="16">8.987129033298400E+00   9.174094805126362E+00   8.981015060500765E+00</atom>
      </atomic_positions>
      <cell>
        <a1>1.197330472562888E+01   0.000000000000000E+00   0.000000000000000E+00</a1>
        <a2>0.000000000000000E+00   1.197330472562888E+01   0.000000000000000E+00</a2>
        <a3>0.000000000000000E+00   0.000000000000000E+00   1.197330472562888E+01</a3>
      </cell>
    </atomic_structure>
    <basis_set>
      <gamma_only>true</gamma_only>
      <ecutwfc>3.000000000000000E+01</ecutwfc>
      <ecutrho>2.400000000000000E+02</ecutrho>
      <fft_grid nr1="90" nr2="90" nr3="90"></fft_grid>
      <fft_smooth nr1="60" nr2="60" nr3="60"></fft_smooth>
      <fft_box nr1="90" nr2="90" nr3="90"></fft_box>
      <ngm>152398</ngm>
      <ngms>53892</ngms>
      <npwx>6699</npwx>
      <reciprocal_lattice>
        <b1>1.000000000000000E+00   0.000000000000000E+00   0.000000000000000E+00</b1>
        <b2>0.000000000000000E+00   1.000000000000000E+00   0.000000000000000E+00</b2>
        <b3>0.000000000000000E+00   0.000000000000000E+00   1.000000000000000E+00</b3>
      </reciprocal_lattice>
    </basis_set>
    <dft>
      <functional>PBE</functional>
    </dft>
    <magnetization>
      <lsda>true</lsda>
      <noncolin>false</noncolin>
      <spinorbit>false</spinorbit>
      <absolute>0.000000000000000E+00</absolute>
    </magnetization>
    <total_energy>
      <etot>-6.649414043259810E+02</etot>
      <ehart>-1.146701141994967E+03</ehart>
      <vtxc>0.000000000000000E+00</vtxc>
      <etxc>-2.727767639950950E+02</etxc>
    </total_energy>
    <band_structure>
      <lsda>true</lsda>
      <noncolin>false</noncolin>
      <spinorbit>false</spinorbit>
      <nbnd_up>112</nbnd_up>
      <nbnd_dw>112</nbnd_dw>
      <nelec>2.240000000000000E+02</nelec>
      <num_of_atomic_wfc>160</num_of_atomic_wfc>
      <wf_collected>true</wf_collected>
      <starting_k_points>
        <nk>1</nk>
        <k_point weight="1.00000000000000">0.000000000000000E+00   0.000000000000000E+00   0.000000000000000E+00</k_point>
      </starting_k_points>
      <nks>1</nks>
      <occupations_kind spin="0">fixed</occupations_kind>
      <ks_energies>
        <k_point weight="1.00000000000000">0.000000000000000E+00   0.000000000000000E+00   0.000000000000000E+00</k_point>
        <npw>6699</npw>
        <eigenvalues size="224">
  -3.466868658741077E+00  -3.378098886183441E+00  -2.639022825112356E+00
  -2.606577510291536E+00  -2.574912764090328E+00
  -2.491084058159216E+00  -2.464055350974383E+00  -2.368482454972757E+00
  -2.330623244292803E+00  -2.321002872206636E+00
  -2.282674121595382E+00  -2.199191289378340E+00  -2.170624365505240E+00
  -2.148971139682986E+00  -2.082590950801196E+00
  -2.035392211439923E+00  -2.015520405175782E+00  -1.967520257736924E+00
  -1.941424318760570E+00  -1.897257607860929E+00
  -1.874944707345777E+00  -1.854051210555841E+00  -1.815259287245629E+00
  -1.764444868832549E+00  -1.740713155634543E+00
  -1.734928059728728E+00  -1.681776787141191E+00  -1.674311973463200E+00
  -1.642504506397802E+00  -1.618865347905570E+00
  -1.581999863892534E+00  -1.551479482178047E+00  -1.542715984063374E+00
  -1.518864521676005E+00  -1.512311077223206E+00
  -1.506569845360257E+00  -1.465015932431121E+00  -1.450832657083733E+00
  -1.437013488709733E+00  -1.430262116236856E+00
  -1.416165818596328E+00  -1.397737734234054E+00  -1.370958658609029E+00
  -1.361770785478543E+00  -1.350406335124483E+00
  -1.324578998858782E+00  -1.312310799533008E+00  -1.298516610020959E+00
  -1.282330475247734E+00  -1.253453989949624E+00
  -1.238260036310353E+00  -1.233090153016453E+00  -1.201492208972466E+00
  -1.185657005374293E+00  -1.172343113622198E+00
  -1.157619730478577E+00  -1.152097013221085E+00  -1.147325675995191E+00
  -1.125366887850197E+00  -1.101702145917989E+00
  -1.095970036774723E+00  -1.061323581832265E+00  -1.052982533048733E+00
  -1.012421913509884E+00  -1.006438350440242E+00
  -9.675521029445623E-01  -9.535764857887202E-01  -9.287893166219486E-01
  -9.276453001343401E-01  -9.212238327626723E-01
  -8.836913646496026E-01  -8.659229999974276E-01  -8.515021489499095E-01
  -8.394215041369893E-01  -8.170193430383672E-01
  -8.083459571680518E-01  -7.880137530034422E-01  -7.839145169322327E-01
  -7.646983911037361E-01  -7.491944922913852E-01
  -7.296116709427515E-01  -7.138209848831877E-01  -7.068906069227971E-01
  -6.857715344602694E-01  -6.331765408570831E-01
  -6.284824782552767E-01  -5.983541908151431E-01  -5.642232586305800E-01
  -5.444676438320828E-01  -5.372327845248203E-01
  -5.092566752586153E-01  -4.961097481347927E-01  -4.443445382992809E-01
  -4.118381849417418E-01  -3.675077814958588E-01
  -3.361645386493519E-01  -3.236948003029599E-01  -2.851264777403080E-01
  -2.739961348569885E-01  -2.035310574321524E-01
  -1.882169212360761E-01  -1.839175364817267E-01  -1.719527256722352E-01
  -1.481154229379287E-01  -1.397746604809555E-01
  -9.742706926216183E-02  -8.183447033533675E-02  -5.881820660237797E-02
  -4.084494186368609E-02  -2.282134825163074E-02
  -8.033659090812486E-03   2.143080413152718E-02  -3.854820443738811E+00
  -3.723301381415806E+00  -3.612514985156158E+00
  -3.587834633345125E+00  -3.526821054903881E+00  -3.482108656920521E+00
  -3.391226127553532E+00  -3.373729099952250E+00
  -3.320750591351076E+00  -3.234731620670265E+00  -3.143128633258285E+00
  -3.099910933212275E+00  -2.996470406315128E+00
  -2.845507183923999E+00  -2.268486112095266E+00  -2.159509657506657E+00
  -1.996157002238713E+00  -1.840651672069866E+00
  -1.766255178077139E+00  -1.677524088136200E+00  -1.655500164498050E+00
  -1.632541894495523E+00  -1.617187275825767E+00
  -1.601400634110590E+00  -1.576388754875401E+00  -1.567836428961362E+00
  -1.542779679828730E+00  -1.529208482288841E+00
  -1.517612857381943E+00  -1.504275077092929E+00  -1.479230041753838E+00
  -1.459337005148337E+00  -1.438586949744032E+00
  -1.414410343298820E+00  -1.411345604489997E+00  -1.397022266504345E+00
  -1.375170248672783E+00  -1.359618711172718E+00
  -1.344465798806570E+00  -1.324026548545839E+00  -1.286891981889196E+00
  -1.285809938832494E+00  -1.257782964709777E+00
  -1.246126262747429E+00  -1.238898516620181E+00  -1.219353624474983E+00
  -1.216541925988746E+00  -1.199284759510117E+00
  -1.177206821280910E+00  -1.168155171553803E+00  -1.153727705452750E+00
  -1.134091381504631E+00  -1.101579996445986E+00
  -1.090224448548565E+00  -1.053906179139185E+00  -1.030434064392699E+00
  -1.017536780986820E+00  -1.005861483097755E+00
  -9.966391731189645E-01  -9.701694355583067E-01  -9.582133800419321E-01
  -9.415102301283687E-01  -9.317792451622311E-01
  -9.236684931221035E-01  -9.003065216698809E-01  -8.829487035933441E-01
  -8.717634130102455E-01  -8.480778563272353E-01
  -8.388735504988512E-01  -8.080546606242661E-01  -7.780072036182030E-01
  -7.492969956689645E-01  -7.427326577869076E-01
  -7.348227430552775E-01  -6.917670136474418E-01  -6.820476770505145E-01
  -6.790723066610537E-01  -6.510545285612156E-01
  -6.408762621761556E-01  -6.097545817758969E-01  -5.712276933718820E-01
  -5.261422271784590E-01  -4.672675437637233E-01
  -4.257379471720383E-01  -4.125059810922167E-01  -4.015575385804042E-01
  -3.807097523323563E-01  -3.433257126999232E-01
  -3.284048854670990E-01  -2.821260076844071E-01  -2.725015499087542E-01
  -2.581193948009399E-01  -2.357391157196503E-01
  -2.173216059409589E-01  -2.121661454471037E-01  -1.941106745380421E-01
  -1.743111458012402E-01  -1.544960037312482E-01
  -1.485366639028387E-01  -1.347150399010250E-01  -1.183039366608941E-01
  -1.095406287397138E-01  -7.802385015483339E-02
  -6.439195392053502E-02  -5.282217481350839E-02  -1.884822684876792E-02
  -7.353359222653353E-03   7.627605088136744E-03
   1.562215876164044E-02   4.581032007514813E-02   6.748094493713772E-02
   1.451486771157338E-01
        </eigenvalues>
        <occupations size="224">
   1.000000000000000E+00   1.000000000000000E+00   1.000000000000000E+00
   1.000000000000000E+00   1.000000000000000E+00
   1.000000000000000E+00   1.000000000000000E+00   1.000000000000000E+00
   1.000000000000000E+00   1.000000000000000E+00
   1.000000000000000E+00   1.000000000000000E+00   1.000000000000000E+00
   1.000000000000000E+00   1.000000000000000E+00
   1.000000000000000E+00   1.000000000000000E+00   1.000000000000000E+00
   1.000000000000000E+00   1.000000000000000E+00
   1.000000000000000E+00   1.000000000000000E+00   1.000000000000000E+00
   1.000000000000000E+00   1.000000000000000E+00
   1.000000000000000E+00   1.000000000000000E+00   1.000000000000000E+00
   1.000000000000000E+00   1.000000000000000E+00
   1.000000000000000E+00   1.000000000000000E+00   1.000000000000000E+00
   1.000000000000000E+00   1.000000000000000E+00
   1.000000000000000E+00   1.000000000000000E+00   1.000000000000000E+00
   1.000000000000000E+00   1.000000000000000E+00
   1.000000000000000E+00   1.000000000000000E+00   1.000000000000000E+00
   1.000000000000000E+00   1.000000000000000E+00
   1.000000000000000E+00   1.000000000000000E+00   1.000000000000000E+00
   1.000000000000000E+00   1.000000000000000E+00
   1.000000000000000E+00   1.000000000000000E+00   1.000000000000000E+00
   1.000000000000000E+00   1.000000000000000E+00
   1.000000000000000E+00   1.000000000000000E+00   1.000000000000000E+00
   1.000000000000000E+00   1.000000000000000E+00
   1.000000000000000E+00   1.000000000000000E+00   1.000000000000000E+00
   1.000000000000000E+00   1.000000000000000E+00
   1.000000000000000E+00   1.000000000000000E+00   1.000000000000000E+00
   1.000000000000000E+00   1.000000000000000E+00
   1.000000000000000E+00   1.000000000000000E+00   1.000000000000000E+00
   1.000000000000000E+00   1.000000000000000E+00
   1.000000000000000E+00   1.000000000000000E+00   1.000000000000000E+00
   1.000000000000000E+00   1.000000000000000E+00
   1.000000000000000E+00   1.000000000000000E+00   1.000000000000000E+00
   1.000000000000000E+00   1.000000000000000E+00
   1.000000000000000E+00   1.000000000000000E+00   1.000000000000000E+00
   1.000000000000000E+00   1.000000000000000E+00
   1.000000000000000E+00   1.000000000000000E+00   1.000000000000000E+00
   1.000000000000000E+00   1.000000000000000E+00
   1.000000000000000E+00   1.000000000000000E+00   1.000000000000000E+00
   1.000000000000000E+00   1.000000000000000E+00
   1.000000000000000E+00   1.000000000000000E+00   1.000000000000000E+00
   1.000000000000000E+00   1.000000000000000E+00
   1.000000000000000E+00   1.000000000000000E+00   1.000000000000000E+00
   1.000000000000000E+00   1.000000000000000E+00
   1.000000000000000E+00   1.000000000000000E+00   1.000000000000000E+00
   1.000000000000000E+00   1.000000000000000E+00
   1.000000000000000E+00   1.000000000000000E+00   1.000000000000000E+00
   1.000000000000000E+00   1.000000000000000E+00
   1.000000000000000E+00   1.000000000000000E+00   1.000000000000000E+00
   1.000000000000000E+00   1.000000000000000E+00
   1.000000000000000E+00   1.000000000000000E+00   1.000000000000000E+00
   1.000000000000000E+00   1.000000000000000E+00
   1.000000000000000E+00   1.000000000000000E+00   1.000000000000000E+00
   1.000000000000000E+00   1.000000000000000E+00
   1.000000000000000E+00   1.000000000000000E+00   1.000000000000000E+00
   1.000000000000000E+00   1.000000000000000E+00
   1.000000000000000E+00   1.000000000000000E+00   1.000000000000000E+00
   1.000000000000000E+00   1.000000000000000E+00
   1.000000000000000E+00   1.000000000000000E+00   1.000000000000000E+00
   1.000000000000000E+00   1.000000000000000E+00
   1.000000000000000E+00   1.000000000000000E+00   1.000000000000000E+00
   1.000000000000000E+00   1.000000000000000E+00
   1.000000000000000E+00   1.000000000000000E+00   1.000000000000000E+00
   1.000000000000000E+00   1.000000000000000E+00
   1.000000000000000E+00   1.000000000000000E+00   1.000000000000000E+00
   1.000000000000000E+00   1.000000000000000E+00
   1.000000000000000E+00   1.000000000000000E+00   1.000000000000000E+00
   1.000000000000000E+00   1.000000000000000E+00
   1.000000000000000E+00   1.000000000000000E+00   1.000000000000000E+00
   1.000000000000000E+00   1.000000000000000E+00
   1.000000000000000E+00   1.000000000000000E+00   1.000000000000000E+00
   1.000000000000000E+00   1.000000000000000E+00
   1.000000000000000E+00   1.000000000000000E+00   1.000000000000000E+00
   1.000000000000000E+00   1.000000000000000E+00
   1.000000000000000E+00   1.000000000000000E+00   1.000000000000000E+00
   1.000000000000000E+00   1.000000000000000E+00
   1.000000000000000E+00   1.000000000000000E+00   1.000000000000000E+00
   1.000000000000000E+00   1.000000000000000E+00
   1.000000000000000E+00   1.000000000000000E+00   1.000000000000000E+00
   1.000000000000000E+00   1.000000000000000E+00
   1.000000000000000E+00   1.000000000000000E+00   1.000000000000000E+00
   1.000000000000000E+00   1.000000000000000E+00
   1.000000000000000E+00   1.000000000000000E+00   1.000000000000000E+00
   1.000000000000000E+00   1.000000000000000E+00
   1.000000000000000E+00   1.000000000000000E+00   1.000000000000000E+00
   1.000000000000000E+00   1.000000000000000E+00
   1.000000000000000E+00   1.000000000000000E+00   1.000000000000000E+00
   1.000000000000000E+00   1.000000000000000E+00
   1.000000000000000E+00   1.000000000000000E+00   1.000000000000000E+00
   1.000000000000000E+00
        </occupations>
      </ks_energies>
    </band_structure>
    <forces rank="2" dims="           3          16">
   1.203774497523083E+00  -5.476312229258691E-01  -1.840054772883239E+00
  -1.575450483001753E+00   5.576926178508848E-01   6.312033717002674E-03
  -1.396600515131783E+00  -2.387633772226853E+00  -6.156481550613495E-01
  -2.116805056183238E+00  -6.032335454088227E-01  -6.278829574739510E-01
   7.122944872399308E-01   1.498353439030554E+00   6.070971317421190E-01
  -1.460044751465393E+00   8.799110789731476E-01  -1.384297485463156E+00
   3.194705257465494E-01   6.647751028102111E-01   2.618944670836639E+00
   1.351650464801102E+00  -6.391686647234246E-01  -1.497839947742073E+00
  -1.279952137473764E+00   2.161595643832914E+00  -2.430152616817655E-02
  -1.630578913384100E-01   4.645590976241332E-01  -2.589476368037603E-01
   1.344067603576945E+00  -1.989073736209008E-01   5.415948740266906E-01
  -1.024642734552404E+00   5.150089423061914E-01  -1.823019450234409E+00
   4.315984397046186E-01  -1.739117904769716E+00  -1.807989288051664E+00
   1.932969007066312E-01  -1.782535466281988E+00  -1.807275389318939E+00
  -1.922473982466739E+00   1.184254822221068E+00  -6.695387489042368E-01
  -4.071430686842430E-01   1.392466738628307E+00  -7.320627956865537E-01
    </forces>
  </output>
  <STATUS>
    <STEP ITERATION="200"/>
    <TIME UNITS="pico-seconds">2.418884326585714E-02</TIME>
    <TITLE>temporary title</TITLE>
    <KINETIC_ENERGY UNITS="Hartree">9.831200921155288E+02</KINETIC_ENERGY>
    <HARTREE_ENERGY>-1.146701141994967E+03</HARTREE_ENERGY>
    <EWALD_TERM>5.978326378939181E-04</EWALD_TERM>
    <GAUSS_SELFINT>1.251082991338893E+03</GAUSS_SELFINT>
    <LPSP_ENERGY>-4.687180308440466E+02</LPSP_ENERGY>
    <NLPSP_ENERGY>2.401344403925988E+02</NLPSP_ENERGY>
    <EXC_ENERGY>-2.727767639950950E+02</EXC_ENERGY>
    <AVERAGE_POT>0.000000000000000E+00</AVERAGE_POT>
    <ENTHALPY>-6.649414043259810E+02</ENTHALPY>
  </STATUS>
  <TIMESTEPS nt="2">
    <STEP0>
      <ACCUMULATORS>
   1.240786670628142E+05   1.724079308082338E+05  -3.629718570278622E+05
  -1.453139464591198E+05   5.721953015919010E+05  -1.453139464591198E+05
  -1.452704576263765E+05   0.000000000000000E+00   3.432986554807750E+05
   0.000000000000000E+00
      </ACCUMULATORS>
      <IONS_POSITIONS>
        <stau>
  -5.813994406739024E-03   5.949323246143796E-03   2.395187163448717E-03
   2.499600244478033E-01   2.335791107249033E-01   2.498524618255222E-01
  -5.231478192511975E-03  -3.308103342399314E-05   4.943309276754768E-01
   2.500561035471565E-01   2.444013178628482E-01   7.506870481327057E-01
  -7.045057340662558E-03   4.999973589018761E-01   1.839650113166448E-03
   2.502303188426168E-01   7.496975808894253E-01   2.444755046687169E-01
   1.135277668989564E-02   5.104511810524913E-01   4.985575392818596E-01
   2.499620830980539E-01   7.499752040550250E-01   7.501799388180692E-01
   4.942681458275474E-01   4.521454484430401E-03  -1.084847548126010E-02
   7.501127344312680E-01   2.495403781297449E-01   2.508242747169479E-01
   5.013342106540288E-01  -8.994167953232384E-03   5.068271452055919E-01
   7.494552175811890E-01   2.495339486666613E-01   7.554206401340950E-01
   4.970941875379005E-01   4.965630861131267E-01   9.656903373103719E-04
   7.560310127611297E-01   7.510333391058749E-01   2.482995381477405E-01
   5.076365118909257E-01   4.975715444257504E-01   5.061063603222222E-01
   7.505972026304011E-01   7.662124213283569E-01   7.500865689383889E-01
        </stau>
        <svel>
   6.866013722678374E-06  -1.452212542009086E-05   2.337579358747500E-05
  -7.689545276450874E-06   2.156163784669653E-05  -2.552487020712782E-05
  -1.059887666109297E-05  -4.668602357443372E-05  -5.014721117613980E-06
  -2.703328145019899E-05  -2.144105647962546E-06  -1.753853869952585E-06
  -1.831632327420591E-05  -1.060480457075798E-05   2.469644936671128E-05
  -6.271902220619251E-06   5.834719785080040E-06  -1.458421059657265E-05
   3.764458216882079E-05   1.028115045770682E-05   6.379953380898331E-06
   1.176533032345554E-05  -1.127680244642117E-06  -3.361750688459734E-05
  -7.540494910328305E-05   2.732363036612101E-05  -7.305188595383684E-05
  -1.887838262900976E-05   6.148817465466632E-06  -1.261710694230404E-05
   6.475789941544155E-06  -1.462674469777741E-05   5.331439211361659E-05
  -1.575265750509611E-05   1.148640398646503E-05  -4.313190696797576E-05
   1.665216289349138E-05  -1.219048623637705E-05  -1.426780362462987E-05
  -3.153557389443771E-05   1.366443477035725E-05  -9.938269023050441E-06
   4.491806287531259E-05   1.219158942646019E-05  -1.119331781570158E-05
  -1.487916456361585E-05   1.844141343776236E-05  -2.722976773297785E-05
        </svel>
        <taui>
  -4.489989272110831E+00  -4.489989272110831E+00  -4.489989272110831E+00
  -1.496663090703611E+00  -1.496663090703611E+00  -1.496663090703611E+00
  -4.489989272110831E+00  -4.489989272110831E+00   1.496663090703609E+00
  -1.496663090703611E+00  -1.496663090703611E+00   4.489989272110829E+00
  -4.489989272110831E+00   1.496663090703609E+00  -4.489989272110831E+00
  -1.496663090703611E+00   4.489989272110829E+00  -1.496663090703611E+00
  -4.489989272110831E+00   1.496663090703609E+00   1.496663090703609E+00
  -1.496663090703611E+00   4.489989272110829E+00   4.489989272110829E+00
   1.496663090703609E+00  -4.489989272110831E+00  -4.489989272110831E+00
   4.489989272110829E+00  -1.496663090703611E+00  -1.496663090703611E+00
   1.496663090703609E+00  -4.489989272110831E+00   1.496663090703609E+00
   4.489989272110829E+00  -1.496663090703611E+00   4.489989272110829E+00
   1.496663090703609E+00   1.496663090703609E+00  -4.489989272110831E+00
   4.489989272110829E+00   4.489989272110829E+00  -1.496663090703611E+00
   1.496663090703609E+00   1.496663090703609E+00   1.496663090703609E+00
   4.489989272110829E+00   4.489989272110829E+00   4.489989272110829E+00
        </taui>
        <cdmi>4.489989272110831E+00   4.489989272110831E+00   4.489989272110831E+00</cdmi>
        <force>
   2.407548995046166E+00  -1.095262445851738E+00  -3.680109545766479E+00
  -3.150900966003506E+00   1.115385235701770E+00   1.262406743400535E-02
  -2.793201030263566E+00  -4.775267544453706E+00  -1.231296310122699E+00
  -4.233610112366476E+00  -1.206467090817645E+00  -1.255765914947902E+00
   1.424588974479862E+00   2.996706878061107E+00   1.214194263484238E+00
  -2.920089502930786E+00   1.759822157946295E+00  -2.768594970926313E+00
   6.389410514930988E-01   1.329550205620422E+00   5.237889341673277E+00
   2.703300929602204E+00  -1.278337329446849E+00  -2.995679895484146E+00
  -2.559904274947528E+00   4.323191287665828E+00  -4.860305233635309E-02
  -3.261157826768200E-01   9.291181952482664E-01  -5.178952736075205E-01
   2.688135207153890E+00  -3.978147472418017E-01   1.083189748053381E+00
  -2.049285469104809E+00   1.030017884612383E+00  -3.646038900468819E+00
   8.631968794092373E-01  -3.478235809539433E+00  -3.615978576103328E+00
   3.865938014132625E-01  -3.565070932563976E+00  -3.614550778637877E+00
  -3.844947964933477E+00   2.368509644442135E+00  -1.339077497808474E+00
  -8.142861373684860E-01   2.784933477256614E+00  -1.464125591373107E+00
        </force>
      </IONS_POSITIONS>
      <IONS_NOSE>
        <nhpcl>1</nhpcl>
        <nhpdim>1</nhpdim>
        <xnhp>-3.073979626236009E-04</xnhp>
        <vnhp>1.664609347772474E-06</vnhp>
      </IONS_NOSE>
      <ekincm>6.967019672535372E+02</ekincm>
      <ELECTRONS_NOSE>
        <xnhe>0.000000000000000E+00</xnhe>
        <vnhe>0.000000000000000E+00</vnhe>
      </ELECTRONS_NOSE>
      <CELL_PARAMETERS>
        <ht>
   1.197330472562888E+01   0.000000000000000E+00   0.000000000000000E+00
   0.000000000000000E+00   1.197330472562888E+01   0.000000000000000E+00
   0.000000000000000E+00   0.000000000000000E+00   1.197330472562888E+01
        </ht>
        <htvel>
   0.000000000000000E+00   0.000000000000000E+00   0.000000000000000E+00
   0.000000000000000E+00   0.000000000000000E+00   0.000000000000000E+00
   0.000000000000000E+00   0.000000000000000E+00   0.000000000000000E+00
        </htvel>
        <gvel>
   0.000000000000000E+00   0.000000000000000E+00   0.000000000000000E+00
   0.000000000000000E+00   0.000000000000000E+00   0.000000000000000E+00
   0.000000000000000E+00   0.000000000000000E+00   0.000000000000000E+00
        </gvel>
      </CELL_PARAMETERS>
      <CELL_NOSE>
        <xnhh>
   0.000000000000000E+00   0.000000000000000E+00   0.000000000000000E+00
   0.000000000000000E+00   0.000000000000000E+00   0.000000000000000E+00
   0.000000000000000E+00   0.000000000000000E+00   0.000000000000000E+00
        </xnhh>
        <vnhh>
   0.000000000000000E+00   0.000000000000000E+00   0.000000000000000E+00
   0.000000000000000E+00   0.000000000000000E+00   0.000000000000000E+00
   0.000000000000000E+00   0.000000000000000E+00   0.000000000000000E+00
        </vnhh>
      </CELL_NOSE>
    </STEP0>
    <STEPM>
      <IONS_POSITIONS>
        <stau>
  -5.869881078439670E-03   6.028388495554380E-03   2.210964931539677E-03
   2.499307571793760E-01   2.335148366515854E-01   2.499929504794594E-01
  -5.230085546447053E-03   1.316397549590517E-04   4.943021656183293E-01
   2.500978669338325E-01   2.443813471734412E-01   7.506379484355279E-01
  -6.957231721081080E-03   5.001042628106083E-01   1.720966942226590E-03
   2.501658623619908E-01   7.497033036707288E-01   2.444419770141498E-01
   1.114170822710633E-02   5.104041914759030E-01   4.985702688689680E-01
   2.499435479060421E-01   7.499828902132266E-01   7.502596329289681E-01
   4.945798011119957E-01   4.453136441771531E-03  -1.049583612434173E-02
   7.502059508985670E-01   2.495210928673658E-01   2.508176416003222E-01
   5.013341739917008E-01  -8.901277119876152E-03   5.065199755307668E-01
   7.495137628111599E-01   2.494601699353697E-01   7.555599007812288E-01
   4.970296476365200E-01   4.965638862784518E-01   9.215869927731719E-04
   7.561872238033913E-01   7.508965722389673E-01   2.482605774757859E-01
   5.072783113983725E-01   4.975780977139941E-01   5.061010610111800E-01
   7.506485840859156E-01   7.661774613979517E-01   7.501782175131182E-01
        </stau>
        <svel>
   4.279403668474777E-06  -1.300922631270003E-05   4.238656339859066E-05
   1.120027019894942E-05   1.078889792644755E-05  -3.069064671526456E-05
   4.280280737460271E-06  -2.203368249590821E-05   5.899881979876121E-06
  -6.208082907133151E-07   7.043017790439588E-06   1.002133126939420E-05
  -2.229780097499920E-05  -2.759122468345421E-05   1.849698203284229E-05
   1.772968486671856E-05  -4.630168299979420E-06   1.023953722259774E-05
   3.921197655016480E-05   6.860197873526097E-06  -1.664952021689925E-05
  -3.842438482146160E-06   1.669948973170854E-06  -1.190466227765086E-05
  -5.828643711062176E-05   4.531184627651341E-06  -7.298608600408604E-05
  -1.951932862277461E-05   2.201427965542458E-06  -9.748337654325035E-08
  -7.508751081897192E-06  -1.731076966290431E-05   5.648303094805130E-05
  -8.789063221559257E-06   1.287789408998263E-05  -2.238533623921679E-05
   9.412126730651283E-06   7.893333356967514E-06   1.422139449771360E-05
  -3.368833167216589E-05   3.559814433028441E-05   1.318971039046824E-05
   7.851611241386225E-05  -6.137154605073692E-06   1.444745570866601E-06
  -1.007689570931003E-05   1.248179126034366E-06  -1.766944248058344E-05
        </svel>
      </IONS_POSITIONS>
      <IONS_NOSE>
        <nhpcl>1</nhpcl>
        <nhpdim>1</nhpdim>
        <xnhp>-3.157360967520938E-04</xnhp>
      </IONS_NOSE>
      <ELECTRONS_NOSE>
        <xnhe>0.000000000000000E+00</xnhe>
      </ELECTRONS_NOSE>
      <CELL_PARAMETERS>
        <ht>
   1.197330472562888E+01   0.000000000000000E+00   0.000000000000000E+00
   0.000000000000000E+00   1.197330472562888E+01   0.000000000000000E+00
   0.000000000000000E+00   0.000000000000000E+00   1.197330472562888E+01
        </ht>
      </CELL_PARAMETERS>
      <CELL_NOSE>
        <xnhh>
   0.000000000000000E+00   0.000000000000000E+00   0.000000000000000E+00
   0.000000000000000E+00   0.000000000000000E+00   0.000000000000000E+00
   0.000000000000000E+00   0.000000000000000E+00   0.000000000000000E+00
        </xnhh>
      </CELL_NOSE>
    </STEPM>
  </TIMESTEPS>
  <exit_status>0</exit_status>
  <timing_info>
    <total label="CP">
      <cpu>7.023893003000000E+03</cpu>
      <wall>7.031447778940201E+03</wall>
    </total>
    <partial label="initialize" calls="1">
      <cpu>3.984858200000000E+01</cpu>
      <wall>4.000638604164124E+01</wall>
    </partial>
    <partial label="init_dim" calls="1">
      <cpu>9.934299999999999E-02</cpu>
      <wall>1.009099483489990E-01</wall>
    </partial>
    <partial label="nlinit" calls="1">
      <cpu>4.779639000000000E+00</cpu>
      <wall>4.849236011505127E+00</wall>
    </partial>
    <partial label="qradx" calls="1">
      <cpu>1.275941000000000E+00</cpu>
      <wall>1.276664972305298E+00</wall>
    </partial>
    <partial label="betagx" calls="1">
      <cpu>2.444642000000000E+00</cpu>
      <wall>2.444816112518311E+00</wall>
    </partial>
    <partial label="newnlinit" calls="1">
      <cpu>7.008859999999997E-01</cpu>
      <wall>7.683439254760742E-01</wall>
    </partial>
    <partial label="from_scratch" calls="1">
      <cpu>3.496015000000000E+01</cpu>
      <wall>3.503588795661926E+01</wall>
    </partial>
    <partial label="strucf" calls="201">
      <cpu>3.171900000052119E-02</cpu>
      <wall>3.248763084411621E-02</wall>
    </partial>
    <partial label="fftb" calls="431949">
      <cpu>2.294563236999810E+03</cpu>
      <wall>2.296299247264862E+03</wall>
    </partial>
    <partial label="prefor" calls="801">
      <cpu>2.632809999886376E-01</cpu>
      <wall>2.870030403137207E-01</wall>
    </partial>
    <partial label="gram" calls="1">
      <cpu>5.641800000000075E-02</cpu>
      <wall>5.640101432800293E-02</wall>
    </partial>
    <partial label="calbec" calls="404">
      <cpu>5.578610000138724E-01</cpu>
      <wall>6.148011684417725E-01</wall>
    </partial>
    <partial label="nlsm1" calls="404">
      <cpu>5.565369999922041E-01</cpu>
      <wall>6.138899326324463E-01</wall>
    </partial>
    <partial label="formf" calls="1">
      <cpu>3.120000000000900E-04</cpu>
      <wall>7.171630859375000E-04</wall>
    </partial>
    <partial label="rhoofr" calls="201">
      <cpu>1.726860950000028E+02</cpu>
      <wall>1.729484448432922E+02</wall>
    </partial>
    <partial label="fftw" calls="67536">
      <cpu>7.765653000026759E+00</cpu>
      <wall>8.104962348937988E+00</wall>
    </partial>
    <partial label="fft_scatter" calls="70972">
      <cpu>4.485610999993696E+00</cpu>
      <wall>4.803200960159302E+00</wall>
    </partial>
    <partial label="ffts" calls="402">
      <cpu>1.038670000016282E-01</cpu>
      <wall>1.072747707366943E-01</wall>
    </partial>
    <partial label="fft" calls="3034">
      <cpu>2.066681999997854E+00</cpu>
      <wall>2.320360422134399E+00</wall>
    </partial>
    <partial label="rhov" calls="201">
      <cpu>1.686192729999966E+02</cpu>
      <wall>1.686808185577393E+02</wall>
    </partial>
    <partial label="set_cc" calls="201">
      <cpu>2.004341599999771E+01</cpu>
      <wall>2.007273030281067E+01</wall>
    </partial>
    <partial label="vofrho" calls="201">
      <cpu>7.140842400000020E+01</cpu>
      <wall>7.179509711265564E+01</wall>
    </partial>
    <partial label="force_loc" calls="201">
      <cpu>1.116870000014387E-01</cpu>
      <wall>1.122164726257324E-01</wall>
    </partial>
    <partial label="exch_corr" calls="201">
      <cpu>6.848528999997143E+00</cpu>
      <wall>7.085279226303101E+00</wall>
    </partial>
    <partial label="forcecc" calls="201">
      <cpu>6.232243499999458E+01</cpu>
      <wall>6.238871645927429E+01</wall>
    </partial>
    <partial label="newd" calls="201">
      <cpu>6.729321186999994E+03</cpu>
      <wall>6.731956861734390E+03</wall>
    </partial>
    <partial label="runcp_uspp" calls="201">
      <cpu>8.414817000000767E+00</cpu>
      <wall>8.802921295166016E+00</wall>
    </partial>
    <partial label="dforce" calls="22512">
      <cpu>8.272787000028075E+00</cpu>
      <wall>8.664240598678589E+00</wall>
    </partial>
    <partial label="nlfq" calls="201">
      <cpu>2.090521999998600E+00</cpu>
      <wall>2.398226499557495E+00</wall>
    </partial>
    <partial label="nlsm2" calls="201">
      <cpu>2.017236000001503E+00</cpu>
      <wall>2.324433803558350E+00</wall>
    </partial>
    <partial label="calphi" calls="201">
      <cpu>6.497529999960534E-01</cpu>
      <wall>7.132081985473633E-01</wall>
    </partial>
    <partial label="ortho" calls="201">
      <cpu>6.804653000001053E+00</cpu>
      <wall>7.117568016052246E+00</wall>
    </partial>
    <partial label="nlsm1us" calls="402">
      <cpu>1.054589999998825E+00</cpu>
      <wall>1.193438291549683E+00</wall>
    </partial>
    <partial label="rhoset" calls="402">
      <cpu>3.660929999987275E-01</cpu>
      <wall>4.094398021697998E-01</wall>
    </partial>
    <partial label="sigset" calls="402">
      <cpu>3.118740000090838E-01</cpu>
      <wall>3.381597995758057E-01</wall>
    </partial>
    <partial label="tauset" calls="402">
      <cpu>3.114130000012665E-01</cpu>
      <wall>3.410122394561768E-01</wall>
    </partial>
    <partial label="rsg" calls="402">
      <cpu>1.529658999997991E+00</cpu>
      <wall>1.542418956756592E+00</wall>
    </partial>
    <partial label="ortho_iter" calls="402">
      <cpu>2.859035000004951E+00</cpu>
      <wall>2.900970697402954E+00</wall>
    </partial>
    <partial label="nlfl" calls="201">
      <cpu>6.753620000035880E-01</cpu>
      <wall>6.823308467864990E-01</wall>
    </partial>
    <partial label="updatc" calls="201">
      <cpu>4.162579999965601E-01</cpu>
      <wall>4.398605823516846E-01</wall>
    </partial>
    <partial label="main_loop" calls="200">
      <cpu>6.982701922000006E+03</cpu>
      <wall>6.987433780431747E+03</wall>
    </partial>
    <partial label="cpr_md" calls="199">
      <cpu>6.983956486000002E+03</cpu>
      <wall>6.991345096111298E+03</wall>
    </partial>
    <partial label="move_electro" calls="200">
      <cpu>6.970601180000001E+03</cpu>
      <wall>6.974642835617065E+03</wall>
    </partial>
    <partial label="restart" calls="19">
      <cpu>1.223402000000533E+00</cpu>
      <wall>3.798454046249390E+00</wall>
    </partial>
  </timing_info>
  <closed DATE="22 Jul 2023" TIME=" 5:59:57"></closed>
</qes:espresso>
