{
  "Dataset": {
    "AtomTypeStyle": "chemicalsymbol",
    "Data": [
      {
        "AtomTypes": [
          "Cr"
        ],
        "Energy": -39.876653801213706,
        "Forces": [
          [
            -3.4679804980727473,
            6.638667491592817,
            12.453376617539504
          ]
        ],
        "Lattice": [
          [
            4.126199485112195,
            0.0,
            0.0
          ],
          [
            0.21884536829138057,
            3.0485558393859575,
            0.0
          ],
          [
            -0.3895214837935614,
            -1.759498110641027,
            1.0361877194993148
          ]
        ],
        "NumAtoms": 1,
        "Positions": [
          [
            0.0,
            0.0,
            0.0
          ]
        ],
        "Stress": [
          [
            53337.37891354989,
            -27473.354531123,
            -467579.54760845844
          ],
          [
            -27473.354531123,
            2458395.9651630824,
            824683.1407680339
          ],
          [
            -467579.54760845844,
            824683.1407680339,
            2011019.8364414542
          ]
        ]
      }
    ],
    "EnergyStyle": "electronvolt",
    "ForcesStyle": "electronvoltperangstrom",
    "Label": "ASE generated",
    "LatticeStyle": "angstrom",
    "PositionsStyle": "angstrom",
    "StressStyle": "bar"
  }
}