{
  "Dataset": {
    "AtomTypeStyle": "chemicalsymbol",
    "Data": [
      {
        "AtomTypes": [
          "Cr"
        ],
        "Energy": -42.0405431936324,
        "Forces": [
          [
            -0.40353996918470253,
            -0.49366725130929556,
            -0.4721381385909007
          ]
        ],
        "Lattice": [
          [
            4.472519509119169,
            0.0,
            0.0
          ],
          [
            0.017040299329744036,
            3.539569829594947,
            0.0
          ],
          [
            -2.588636149124557,
            0.19205893276059538,
            3.7917886222727044
          ]
        ],
        "NumAtoms": 1,
        "Positions": [
          [
            0.0,
            0.0,
            0.0
          ]
        ],
        "Stress": [
          [
            -37529.46138348737,
            -55.89995032034023,
            -3255.4365804977087
          ],
          [
            -55.89995032034023,
            -48722.690909473386,
            113.27095196489995
          ],
          [
            -3255.4365804977087,
            113.27095196489995,
            -41405.68162280569
          ]
        ]
      }
    ],
    "EnergyStyle": "electronvolt",
    "ForcesStyle": "electronvoltperangstrom",
    "Label": "ASE generated",
    "LatticeStyle": "angstrom",
    "PositionsStyle": "angstrom",
    "StressStyle": "bar"
  }
}