{
  "Dataset": {
    "AtomTypeStyle": "chemicalsymbol",
    "Data": [
      {
        "AtomTypes": [
          "Cr"
        ],
        "Energy": -43.78635896329433,
        "Forces": [
          [
            3.3125211464243005,
            -0.7962772489873802,
            1.3658786527099953
          ]
        ],
        "Lattice": [
          [
            4.868979602794852,
            0.0,
            0.0
          ],
          [
            0.8783736583033969,
            2.894476911412264,
            0.0
          ],
          [
            0.8720585917585718,
            -2.708593877116365,
            1.028839734968566
          ]
        ],
        "NumAtoms": 1,
        "Positions": [
          [
            0.0,
            0.0,
            0.0
          ]
        ],
        "Stress": [
          [
            165772.77372629312,
            32894.17866087179,
            177916.30240772496
          ],
          [
            32894.17866087179,
            -294653.05129248596,
            42082.36523194666
          ],
          [
            177916.30240772496,
            42082.36523194666,
            -64876.305500727474
          ]
        ]
      }
    ],
    "EnergyStyle": "electronvolt",
    "ForcesStyle": "electronvoltperangstrom",
    "Label": "ASE generated",
    "LatticeStyle": "angstrom",
    "PositionsStyle": "angstrom",
    "StressStyle": "bar"
  }
}