{
  "Dataset": {
    "AtomTypeStyle": "chemicalsymbol",
    "Data": [
      {
        "AtomTypes": [
          "Cr"
        ],
        "Energy": 2238.55522028687,
        "Forces": [
          [
            -0.24006407690088058,
            -0.23232431232115822,
            -0.21895066431465662
          ]
        ],
        "Lattice": [
          [
            4.359529591591522,
            0.0,
            0.0
          ],
          [
            -0.5874117362302248,
            4.336899273481571,
            0.0
          ],
          [
            -0.6177932979540262,
            -0.730465340248709,
            4.291660434909625
          ]
        ],
        "NumAtoms": 1,
        "Positions": [
          [
            0.0,
            0.0,
            0.0
          ]
        ],
        "Stress": [
          [
            -22527.67997909711,
            998.8438491450268,
            1185.6673673209007
          ],
          [
            998.8438491450268,
            -21961.32521927261,
            1410.7382199264807
          ],
          [
            1185.6673673209007,
            1410.7382199264807,
            -21080.16547606514
          ]
        ]
      }
    ],
    "EnergyStyle": "electronvolt",
    "ForcesStyle": "electronvoltperangstrom",
    "Label": "ASE generated",
    "LatticeStyle": "angstrom",
    "PositionsStyle": "angstrom",
    "StressStyle": "bar"
  }
}