{
  "Dataset": {
    "AtomTypeStyle": "chemicalsymbol",
    "Data": [
      {
        "AtomTypes": [
          "Cr",
          "Cr"
        ],
        "Energy": -85.0249946178692,
        "Forces": [
          [
            -2.8929231158004978,
            0.6064866676742402,
            1.0966786013996865
          ],
          [
            2.8929231158004978,
            -0.6064866676742402,
            -1.0966786013996865
          ]
        ],
        "Lattice": [
          [
            5.932819470443727,
            0.0,
            0.0
          ],
          [
            0.9211295509810931,
            4.092844503977662,
            0.0
          ],
          [
            -0.04790158440436265,
            -2.2085869729842043,
            1.1052071406905506
          ]
        ],
        "NumAtoms": 2,
        "Positions": [
          [
            0.0,
            0.0,
            0.0
          ],
          [
            1.7015130458190084,
            0.4710640861073908,
            0.27630148853166414
          ]
        ],
        "Stress": [
          [
            900267.2288577551,
            161311.07505993548,
            139438.01292011605
          ],
          [
            161311.07505993548,
            1113338.7158116773,
            186919.13651194813
          ],
          [
            139438.01292011605,
            186919.13651194813,
            978485.9698691532
          ]
        ]
      }
    ],
    "EnergyStyle": "electronvolt",
    "ForcesStyle": "electronvoltperangstrom",
    "Label": "ASE generated",
    "LatticeStyle": "angstrom",
    "PositionsStyle": "angstrom",
    "StressStyle": "bar"
  }
}