{
  "Dataset": {
    "AtomTypeStyle": "chemicalsymbol",
    "Data": [
      {
        "AtomTypes": [
          "Cr"
        ],
        "Energy": 2237.0194597155287,
        "Forces": [
          [
            -0.9445506783834002,
            -0.8830212988508978,
            -0.9796172326630294
          ]
        ],
        "Lattice": [
          [
            3.599949685075265,
            0.0,
            0.0
          ],
          [
            -0.859894781626133,
            2.996241722837828,
            0.0
          ],
          [
            -3.353277532704223,
            -5.5323954761242975,
            2.6037752081709225
          ]
        ],
        "NumAtoms": 1,
        "Positions": [
          [
            0.0,
            0.0,
            0.0
          ]
        ],
        "Stress": [
          [
            -100647.86055177257,
            -19047.172545993817,
            -20606.486949666472
          ],
          [
            -19047.172545993817,
            -81253.51989326294,
            16505.19585774256
          ],
          [
            -20606.486949666472,
            16505.19585774256,
            -67202.03764431848
          ]
        ]
      }
    ],
    "EnergyStyle": "electronvolt",
    "ForcesStyle": "electronvoltperangstrom",
    "Label": "ASE generated",
    "LatticeStyle": "angstrom",
    "PositionsStyle": "angstrom",
    "StressStyle": "bar"
  }
}