{
  "Dataset": {
    "AtomTypeStyle": "chemicalsymbol",
    "Data": [
      {
        "AtomTypes": [
          "Cr"
        ],
        "Energy": -45.17730355082358,
        "Forces": [
          [
            -0.020983222274986262,
            -0.020936646426105175,
            -0.020812407911416572
          ]
        ],
        "Lattice": [
          [
            2.4452437485632443,
            1.489528006073548e-05,
            2.819879507874351e-05
          ],
          [
            -0.8150583285630865,
            2.305408600346075,
            2.8313626532956228e-05
          ],
          [
            -0.815056369549061,
            -1.152660254901866,
            1.9965659360135453
          ]
        ],
        "NumAtoms": 1,
        "Positions": [
          [
            0.0,
            0.0,
            0.0
          ]
        ],
        "Stress": [
          [
            -5993.06309487016,
            11.768410593755835,
            17.652615890633754
          ],
          [
            11.768410593755835,
            -5987.178889573282,
            25.00787251173115
          ],
          [
            17.652615890633754,
            25.00787251173115,
            -5957.757863088892
          ]
        ]
      }
    ],
    "EnergyStyle": "electronvolt",
    "ForcesStyle": "electronvoltperangstrom",
    "Label": "ASE generated",
    "LatticeStyle": "angstrom",
    "PositionsStyle": "angstrom",
    "StressStyle": "bar"
  }
}