{
  "Dataset": {
    "AtomTypeStyle": "chemicalsymbol",
    "Data": [
      {
        "AtomTypes": [
          "Cr"
        ],
        "Energy": -45.21914571648995,
        "Forces": [
          [
            0.2146872059495584,
            0.21457346381734618,
            0.21428910100418275
          ]
        ],
        "Lattice": [
          [
            2.443856818492681,
            2.5593655682019025e-05,
            4.4410138856654246e-05
          ],
          [
            -0.8145859373609613,
            2.3041021105029533,
            4.4416488983154494e-05
          ],
          [
            -0.8145858706846331,
            -1.151993744036869,
            1.9954439041158254
          ]
        ],
        "NumAtoms": 1,
        "Positions": [
          [
            0.0,
            0.0,
            0.0
          ]
        ],
        "Stress": [
          [
            61147.19039383111,
            -22.065769863292196,
            -39.71838575392595
          ],
          [
            -22.065769863292196,
            61131.00882926469,
            -55.89995032034023
          ],
          [
            -39.71838575392595,
            -55.89995032034023,
            61067.75362232325
          ]
        ]
      }
    ],
    "EnergyStyle": "electronvolt",
    "ForcesStyle": "electronvoltperangstrom",
    "Label": "ASE generated",
    "LatticeStyle": "angstrom",
    "PositionsStyle": "angstrom",
    "StressStyle": "bar"
  }
}