{
  "Dataset": {
    "AtomTypeStyle": "chemicalsymbol",
    "Data": [
      {
        "AtomTypes": [
          "Cr"
        ],
        "Energy": -44.98501617738202,
        "Forces": [
          [
            -1.5400168247441595,
            -1.5397260341243777,
            -1.5390297538076272
          ]
        ],
        "Lattice": [
          [
            2.5451413224129413,
            2.674461611018798e-06,
            6.579260231459579e-06
          ],
          [
            -0.8483686791352885,
            2.3995893209400703,
            5.794490431471277e-06
          ],
          [
            -0.8483670894869546,
            -1.199769478514221,
            2.078118916759916
          ]
        ],
        "NumAtoms": 1,
        "Positions": [
          [
            0.0,
            0.0,
            0.0
          ]
        ],
        "Stress": [
          [
            -404144.8724054661,
            51.48679634768178,
            88.26307945316879
          ],
          [
            51.48679634768178,
            -404106.62507103634,
            126.51041388287524
          ],
          [
            88.26307945316879,
            126.51041388287524,
            -403960.99098993867
          ]
        ]
      }
    ],
    "EnergyStyle": "electronvolt",
    "ForcesStyle": "electronvoltperangstrom",
    "Label": "ASE generated",
    "LatticeStyle": "angstrom",
    "PositionsStyle": "angstrom",
    "StressStyle": "bar"
  }
}