{
  "Dataset": {
    "AtomTypeStyle": "chemicalsymbol",
    "Data": [
      {
        "AtomTypes": [
          "Cr"
        ],
        "Energy": -45.17733987805286,
        "Forces": [
          [
            -0.0024147279301909488,
            -0.0024095573009995366,
            -0.002399215474927082
          ]
        ],
        "Lattice": [
          [
            2.4440112583317615,
            2.434056405263784e-05,
            4.25574894502085e-05
          ],
          [
            -0.8146385979016734,
            2.304247676569427,
            4.259347350037654e-05
          ],
          [
            -0.814638271928513,
            -1.1520680129997072,
            1.9955688063414903
          ]
        ],
        "NumAtoms": 1,
        "Positions": [
          [
            0.0,
            0.0,
            0.0
          ]
        ],
        "Stress": [
          [
            -689.9230710589359,
            1.4710513242194794,
            1.4710513242194794
          ],
          [
            1.4710513242194794,
            -689.9230710589359,
            2.9421026484389587
          ],
          [
            1.4710513242194794,
            2.9421026484389587,
            -686.9809684104969
          ]
        ]
      }
    ],
    "EnergyStyle": "electronvolt",
    "ForcesStyle": "electronvoltperangstrom",
    "Label": "ASE generated",
    "LatticeStyle": "angstrom",
    "PositionsStyle": "angstrom",
    "StressStyle": "bar"
  }
}