{
  "Dataset": {
    "AtomTypeStyle": "chemicalsymbol",
    "Data": [
      {
        "AtomTypes": [
          "Cr"
        ],
        "Energy": -45.00585045582375,
        "Forces": [
          [
            1.572277463302995,
            1.572330372119969,
            1.5724354603925987
          ]
        ],
        "Lattice": [
          [
            2.3520995559428206,
            0.0,
            0.0
          ],
          [
            -0.7840253449824204,
            2.2175829823384507,
            0.0
          ],
          [
            -0.7840253449824204,
            -1.108772674372778,
            1.9204939916264248
          ]
        ],
        "NumAtoms": 1,
        "Positions": [
          [
            0.0,
            0.0,
            0.0
          ]
        ],
        "Stress": [
          [
            482928.49712536455,
            7.355256621097396,
            16.181564566414277
          ],
          [
            7.355256621097396,
            482940.2655359583,
            20.594718539072716
          ],
          [
            16.181564566414277,
            20.594718539072716,
            482963.8023571457
          ]
        ]
      }
    ],
    "EnergyStyle": "electronvolt",
    "ForcesStyle": "electronvoltperangstrom",
    "Label": "ASE generated",
    "LatticeStyle": "angstrom",
    "PositionsStyle": "angstrom",
    "StressStyle": "bar"
  }
}