{
  "Dataset": {
    "AtomTypeStyle": "chemicalsymbol",
    "Data": [
      {
        "AtomTypes": [
          "Cr"
        ],
        "Energy": -45.17726885627826,
        "Forces": [
          [
            -0.03115232680183499,
            -0.03109538203869375,
            -0.030934827041825222
          ]
        ],
        "Lattice": [
          [
            2.4457915369340153,
            1.1394243650268452e-05,
            2.2844050907414023e-05
          ],
          [
            -0.815244223224609,
            2.305924449697259,
            2.3003862424336792e-05
          ],
          [
            -0.8152416847615405,
            -1.1529225691024012,
            1.997009854835975
          ]
        ],
        "NumAtoms": 1,
        "Positions": [
          [
            0.0,
            0.0,
            0.0
          ]
        ],
        "Stress": [
          [
            -8889.563152258315,
            16.181564566414277,
            23.53682118751167
          ],
          [
            16.181564566414277,
            -8882.207895637219,
            32.363129132828554
          ],
          [
            23.53682118751167,
            32.363129132828554,
            -8843.96056120751
          ]
        ]
      }
    ],
    "EnergyStyle": "electronvolt",
    "ForcesStyle": "electronvoltperangstrom",
    "Label": "ASE generated",
    "LatticeStyle": "angstrom",
    "PositionsStyle": "angstrom",
    "StressStyle": "bar"
  }
}