{
  "Dataset": {
    "AtomTypeStyle": "chemicalsymbol",
    "Data": [
      {
        "AtomTypes": [
          "Cr"
        ],
        "Energy": -45.177340422281304,
        "Forces": [
          [
            -0.0004601363354487826,
            -0.00046013633423472544,
            -0.0004601363151267194
          ]
        ],
        "Lattice": [
          [
            2.443856818492681,
            2.5593655682019025e-05,
            4.4410138856654246e-05
          ],
          [
            -0.8145859373609613,
            2.3041021105029533,
            4.4416488983154494e-05
          ],
          [
            -0.8145858706846331,
            -1.151993744036869,
            1.9954439041158254
          ]
        ],
        "NumAtoms": 1,
        "Positions": [
          [
            0.0,
            0.0,
            0.0
          ]
        ],
        "Stress": [
          [
            -130.92356785553366,
            0.0,
            -0.0
          ],
          [
            0.0,
            -130.92356785553366,
            -0.0
          ],
          [
            -0.0,
            -0.0,
            -130.92356785553366
          ]
        ]
      }
    ],
    "EnergyStyle": "electronvolt",
    "ForcesStyle": "electronvoltperangstrom",
    "Label": "ASE generated",
    "LatticeStyle": "angstrom",
    "PositionsStyle": "angstrom",
    "StressStyle": "bar"
  }
}