{
  "Dataset": {
    "AtomTypeStyle": "chemicalsymbol",
    "Data": [
      {
        "AtomTypes": [
          "Cr"
        ],
        "Energy": -45.17732504783589,
        "Forces": [
          [
            -0.013984910467094101,
            -0.013959044140385669,
            -0.013881429105437059
          ]
        ],
        "Lattice": [
          [
            2.444750756492398,
            1.880272456721803e-05,
            3.419860626705596e-05
          ],
          [
            -0.8148903158577886,
            2.3049443230180855,
            3.4220302532598454e-05
          ],
          [
            -0.8148889833895779,
            -1.1524232263758776,
            1.9961672015162282
          ]
        ],
        "NumAtoms": 1,
        "Positions": [
          [
            0.0,
            0.0,
            0.0
          ]
        ],
        "Stress": [
          [
            -3993.9043452558867,
            7.355256621097396,
            10.297359269536358
          ],
          [
            7.355256621097396,
            -3990.962242607448,
            14.710513242194793
          ],
          [
            10.297359269536358,
            14.710513242194793,
            -3971.8385753925945
          ]
        ]
      }
    ],
    "EnergyStyle": "electronvolt",
    "ForcesStyle": "electronvoltperangstrom",
    "Label": "ASE generated",
    "LatticeStyle": "angstrom",
    "PositionsStyle": "angstrom",
    "StressStyle": "bar"
  }
}