{
  "Dataset": {
    "AtomTypeStyle": "chemicalsymbol",
    "Data": [
      {
        "AtomTypes": [
          "Cr"
        ],
        "Energy": -45.1772840946669,
        "Forces": [
          [
            -0.026492342934045218,
            -0.026435404938038375,
            -0.026295593218358792
          ]
        ],
        "Lattice": [
          [
            2.4455724147064033,
            1.2439897813975048e-05,
            2.4480796012851526e-05
          ],
          [
            -0.8151701976832868,
            2.3057180954573298,
            2.4636903289315825e-05
          ],
          [
            -0.8151678015688874,
            -1.1528180290865366,
            1.9968319756216273
          ]
        ],
        "NumAtoms": 1,
        "Positions": [
          [
            0.0,
            0.0,
            0.0
          ]
        ],
        "Stress": [
          [
            -7562.674857812344,
            14.710513242194793,
            20.594718539072716
          ],
          [
            14.710513242194793,
            -7555.319601191249,
            29.421026484389586
          ],
          [
            20.594718539072716,
            29.421026484389586,
            -7521.485420734199
          ]
        ]
      }
    ],
    "EnergyStyle": "electronvolt",
    "ForcesStyle": "electronvoltperangstrom",
    "Label": "ASE generated",
    "LatticeStyle": "angstrom",
    "PositionsStyle": "angstrom",
    "StressStyle": "bar"
  }
}