{
  "Dataset": {
    "AtomTypeStyle": "chemicalsymbol",
    "Data": [
      {
        "AtomTypes": [
          "Cr"
        ],
        "Energy": -45.1772498082928,
        "Forces": [
          [
            -0.0029365299678472626,
            -0.0027915168735867554,
            -0.002454876776886305
          ]
        ],
        "Lattice": [
          [
            2.445989518002977,
            1.3007175781330046e-06,
            3.199934578913864e-06
          ],
          [
            -0.8153197325788233,
            2.306106022568521,
            2.8183978116909614e-06
          ],
          [
            -0.8153189594509219,
            -1.1530314589549187,
            1.9971583885282334
          ]
        ],
        "NumAtoms": 1,
        "Positions": [
          [
            0.0,
            0.0,
            0.0
          ]
        ],
        "Stress": [
          [
            -903.2255130707605,
            23.53682118751167,
            45.60259105080386
          ],
          [
            23.53682118751167,
            -882.6307945316879,
            66.19730958987658
          ],
          [
            45.60259105080386,
            66.19730958987658,
            -809.0782283207138
          ]
        ]
      }
    ],
    "EnergyStyle": "electronvolt",
    "ForcesStyle": "electronvoltperangstrom",
    "Label": "ASE generated",
    "LatticeStyle": "angstrom",
    "PositionsStyle": "angstrom",
    "StressStyle": "bar"
  }
}