{
  "Dataset": {
    "AtomTypeStyle": "chemicalsymbol",
    "Data": [
      {
        "AtomTypes": [
          "Cr"
        ],
        "Energy": 2237.9062785483047,
        "Forces": [
          [
            -1.0531874141034028,
            0.30172016508907284,
            3.23345923633015
          ]
        ],
        "Lattice": [
          [
            4.053839793641931,
            0.0,
            0.0
          ],
          [
            -0.6155836803441144,
            3.278275379681531,
            0.0
          ],
          [
            0.8512698721066627,
            -4.51326145745537,
            1.237085966786946
          ]
        ],
        "NumAtoms": 1,
        "Positions": [
          [
            0.0,
            0.0,
            0.0
          ]
        ],
        "Stress": [
          [
            -56810.531090032084,
            -169140.0102074315,
            98979.68835010768
          ],
          [
            -169140.0102074315,
            795472.4746230079,
            -509182.3501087096
          ],
          [
            98979.68835010768,
            -509182.3501087096,
            683282.7453814092
          ]
        ]
      }
    ],
    "EnergyStyle": "electronvolt",
    "ForcesStyle": "electronvoltperangstrom",
    "Label": "ASE generated",
    "LatticeStyle": "angstrom",
    "PositionsStyle": "angstrom",
    "StressStyle": "bar"
  }
}