{
  "Dataset": {
    "AtomTypeStyle": "chemicalsymbol",
    "Data": [
      {
        "AtomTypes": [
          "Cr"
        ],
        "Energy": 2238.4405975370937,
        "Forces": [
          [
            -0.28729403061843445,
            -0.2718631008703931,
            -0.24350308199589593
          ]
        ],
        "Lattice": [
          [
            4.228529656954769,
            0.0,
            0.0
          ],
          [
            -0.8701975751640358,
            4.157422702243418,
            0.0
          ],
          [
            -0.8996788839323244,
            -1.128763706627506,
            4.019073668927171
          ]
        ],
        "NumAtoms": 1,
        "Positions": [
          [
            0.0,
            0.0,
            0.0
          ]
        ],
        "Stress": [
          [
            -29754.955134987413,
            1563.7275576453067,
            2007.9850575595897
          ],
          [
            1563.7275576453067,
            -28700.211335522043,
            2544.9187908996996
          ],
          [
            2007.9850575595897,
            2544.9187908996996,
            -26653.978943532744
          ]
        ]
      }
    ],
    "EnergyStyle": "electronvolt",
    "ForcesStyle": "electronvoltperangstrom",
    "Label": "ASE generated",
    "LatticeStyle": "angstrom",
    "PositionsStyle": "angstrom",
    "StressStyle": "bar"
  }
}