{
  "Dataset": {
    "AtomTypeStyle": "chemicalsymbol",
    "Data": [
      {
        "AtomTypes": [
          "Cr"
        ],
        "Energy": 2238.0551754269673,
        "Forces": [
          [
            -0.33733469253959064,
            -0.5222668990579201,
            -0.10682347215393052
          ]
        ],
        "Lattice": [
          [
            3.860699637782639,
            0.0,
            0.0
          ],
          [
            -0.41853072633274035,
            3.248952476677791,
            0.0
          ],
          [
            -2.424171909560097,
            -3.835280791367478,
            5.614731304216425
          ]
        ],
        "NumAtoms": 1,
        "Positions": [
          [
            0.0,
            0.0,
            0.0
          ]
        ],
        "Stress": [
          [
            -41914.665380985636,
            -1095.9332365435123,
            -77.96572018363241
          ],
          [
            -1095.9332365435123,
            -39382.98605200391,
            41.18943707814543
          ],
          [
            -77.96572018363241,
            41.18943707814543,
            -6482.923185835248
          ]
        ]
      }
    ],
    "EnergyStyle": "electronvolt",
    "ForcesStyle": "electronvoltperangstrom",
    "Label": "ASE generated",
    "LatticeStyle": "angstrom",
    "PositionsStyle": "angstrom",
    "StressStyle": "bar"
  }
}