{
  "Dataset": {
    "AtomTypeStyle": "chemicalsymbol",
    "Data": [
      {
        "AtomTypes": [
          "Ni"
        ],
        "Energy": 35.56108167730963,
        "Forces": [
          [
            -124.05060064373512,
            93.08707686496558,
            159.03724978671204
          ]
        ],
        "Lattice": [
          [
            3.870679919932187,
            0.0,
            0.0
          ],
          [
            -2.0170848491951414,
            3.9432551684309156,
            0.0
          ],
          [
            -1.1338189155461358,
            -1.7624986188214415,
            0.5066449067596838
          ]
        ],
        "NumAtoms": 1,
        "Positions": [
          [
            0.0,
            0.0,
            0.0
          ]
        ],
        "Stress": [
          [
            6905718.046929167,
            -4967238.693387624,
            -14960162.420325434
          ],
          [
            -4967238.693387624,
            8291002.6657926785,
            14572150.567792684
          ],
          [
            -14960162.420325434,
            14572150.567792684,
            36284562.134596765
          ]
        ]
      }
    ],
    "EnergyStyle": "electronvolt",
    "ForcesStyle": "electronvoltperangstrom",
    "Label": "ASE generated",
    "LatticeStyle": "angstrom",
    "PositionsStyle": "angstrom",
    "StressStyle": "bar"
  }
}