{
  "Dataset": {
    "AtomTypeStyle": "chemicalsymbol",
    "Data": [
      {
        "AtomTypes": [
          "Cr"
        ],
        "Energy": 2238.4348596035557,
        "Forces": [
          [
            -0.37494165739184043,
            -0.4162786976600339,
            -0.25427754148907344
          ]
        ],
        "Lattice": [
          [
            3.8837495386241025,
            0.0,
            0.0
          ],
          [
            -1.493119161372652,
            4.27755397434151,
            0.0
          ],
          [
            -2.8432541997313194,
            -2.937761361004198,
            4.425699600492326
          ]
        ],
        "NumAtoms": 1,
        "Positions": [
          [
            0.0,
            0.0,
            0.0
          ]
        ],
        "Stress": [
          [
            -37591.24553910458,
            1366.6066801998968,
            64.72625826565711
          ],
          [
            1366.6066801998968,
            -24957.85676670769,
            -2062.4139565557102
          ],
          [
            64.72625826565711,
            -2062.4139565557102,
            -17749.70527803224
          ]
        ]
      }
    ],
    "EnergyStyle": "electronvolt",
    "ForcesStyle": "electronvoltperangstrom",
    "Label": "ASE generated",
    "LatticeStyle": "angstrom",
    "PositionsStyle": "angstrom",
    "StressStyle": "bar"
  }
}