{
  "Dataset": {
    "AtomTypeStyle": "chemicalsymbol",
    "Data": [
      {
        "AtomTypes": [
          "Cr"
        ],
        "Energy": -2.9044307166618637,
        "Forces": [
          [
            1.4067981133096739,
            2.038306294117484,
            -1.8475339745043757
          ]
        ],
        "Lattice": [
          [
            2.134586042390112,
            0.08896279518988508,
            -0.014828882608871736
          ],
          [
            0.4724313566208699,
            2.083545902616198,
            -0.01482935675165042
          ],
          [
            -0.9879488538981567,
            -0.8232891937251713,
            2.9684136456998993
          ]
        ],
        "NumAtoms": 1,
        "Positions": [
          [
            0.0,
            0.0,
            0.0
          ]
        ],
        "Stress": [
          [
            490913.3637132279,
            45317.20709390528,
            -24628.341270082525
          ],
          [
            45317.20709390528,
            474303.7232114657,
            -20522.63702418596
          ],
          [
            -24628.341270082525,
            -20522.63702418596,
            -407234.08018632693
          ]
        ]
      }
    ],
    "EnergyStyle": "electronvolt",
    "ForcesStyle": "electronvoltperangstrom",
    "Label": "ASE generated",
    "LatticeStyle": "angstrom",
    "PositionsStyle": "angstrom",
    "StressStyle": "bar"
  }
}