{
  "Dataset": {
    "AtomTypeStyle": "chemicalsymbol",
    "Data": [
      {
        "AtomTypes": [
          "Cr"
        ],
        "Energy": -2.694963420809472,
        "Forces": [
          [
            0.7987204165730615,
            1.2147643398370562,
            -1.6799617302658563
          ]
        ],
        "Lattice": [
          [
            2.1696926553621467,
            0.05960657049160048,
            -0.009121346047099904
          ],
          [
            0.4498870697850263,
            2.1233718444056824,
            -0.009121776797347504
          ],
          [
            -0.9843644805442093,
            -0.8203026249841971,
            3.2637100190947725
          ]
        ],
        "NumAtoms": 1,
        "Positions": [
          [
            0.0,
            0.0,
            0.0
          ]
        ],
        "Stress": [
          [
            255084.71277363042,
            40190.59322900041,
            -15885.883250246161
          ],
          [
            40190.59322900041,
            240352.13376157236,
            -13237.990866651095
          ],
          [
            -15885.883250246161,
            -13237.990866651095,
            -340545.4394541611
          ]
        ]
      }
    ],
    "EnergyStyle": "electronvolt",
    "ForcesStyle": "electronvoltperangstrom",
    "Label": "ASE generated",
    "LatticeStyle": "angstrom",
    "PositionsStyle": "angstrom",
    "StressStyle": "bar"
  }
}