{
  "Dataset": {
    "AtomTypeStyle": "chemicalsymbol",
    "Data": [
      {
        "AtomTypes": [
          "Cr"
        ],
        "Energy": -2.5198869907840162,
        "Forces": [
          [
            0.21681373463678819,
            0.30409065921000483,
            -1.4232606600397784
          ]
        ],
        "Lattice": [
          [
            2.22759999867861,
            0.03176434771609858,
            -0.004109872780702863
          ],
          [
            0.4329436029892319,
            2.1853515836437762,
            -0.00411027865962167
          ],
          [
            -0.992162829065173,
            -0.8268016058580863,
            3.5323083603782868
          ]
        ],
        "NumAtoms": 1,
        "Positions": [
          [
            0.0,
            0.0,
            0.0
          ]
        ],
        "Stress": [
          [
            46633.79802908172,
            35218.43975313856,
            -10292.946115563698
          ],
          [
            35218.43975313856,
            33723.85160773157,
            -8576.229220199566
          ],
          [
            -10292.946115563698,
            -8576.229220199566,
            -263666.8261991269
          ]
        ]
      }
    ],
    "EnergyStyle": "electronvolt",
    "ForcesStyle": "electronvoltperangstrom",
    "Label": "ASE generated",
    "LatticeStyle": "angstrom",
    "PositionsStyle": "angstrom",
    "StressStyle": "bar"
  }
}