{
  "Dataset": {
    "AtomTypeStyle": "chemicalsymbol",
    "Data": [
      {
        "AtomTypes": [
          "Cr"
        ],
        "Energy": -4.024794995673801,
        "Forces": [
          [
            0.7182650696390538,
            0.8469412915832948,
            -0.4695135035389543
          ]
        ],
        "Lattice": [
          [
            2.2758631910915637,
            0.1400439853565599,
            -0.059574379054484705
          ],
          [
            0.5481519335054993,
            2.2133001641588534,
            -0.059574702910936216
          ],
          [
            -1.1511159761051073,
            -0.9592620420726798,
            2.213716926136127
          ]
        ],
        "NumAtoms": 1,
        "Positions": [
          [
            0.0,
            0.0,
            0.0
          ]
        ],
        "Stress": [
          [
            361334.3367680307,
            4045.391141603569,
            -133506.7339808631
          ],
          [
            4045.391141603569,
            359850.0459818933,
            -111255.61165071925
          ],
          [
            -133506.7339808631,
            -111255.61165071925,
            104707.96220661834
          ]
        ]
      }
    ],
    "EnergyStyle": "electronvolt",
    "ForcesStyle": "electronvoltperangstrom",
    "Label": "ASE generated",
    "LatticeStyle": "angstrom",
    "PositionsStyle": "angstrom",
    "StressStyle": "bar"
  }
}