{
  "Dataset": {
    "AtomTypeStyle": "chemicalsymbol",
    "Data": [
      {
        "AtomTypes": [
          "Cr"
        ],
        "Energy": -3.347603733942833,
        "Forces": [
          [
            2.6173855089396603,
            3.284393228153229,
            -0.6136521625223139
          ]
        ],
        "Lattice": [
          [
            2.116052844708779,
            0.14303370534780974,
            -0.030391181544724314
          ],
          [
            0.5222739482635459,
            2.0555649010010963,
            -0.030391627111933748
          ],
          [
            -1.0232738471913572,
            -0.8527258941057706,
            2.3593139119051263
          ]
        ],
        "NumAtoms": 1,
        "Positions": [
          [
            0.0,
            0.0,
            0.0
          ]
        ],
        "Stress": [
          [
            1087465.865121305,
            -27938.206749576355,
            -78738.02212884765
          ],
          [
            -27938.206749576355,
            1097723.5060050874,
            -65613.30221416145
          ],
          [
            -78738.02212884765,
            -65613.30221416145,
            -43266.561547943325
          ]
        ]
      }
    ],
    "EnergyStyle": "electronvolt",
    "ForcesStyle": "electronvoltperangstrom",
    "Label": "ASE generated",
    "LatticeStyle": "angstrom",
    "PositionsStyle": "angstrom",
    "StressStyle": "bar"
  }
}