{
  "Dataset": {
    "AtomTypeStyle": "chemicalsymbol",
    "Data": [
      {
        "AtomTypes": [
          "Cr"
        ],
        "Energy": -2.2217062872382485,
        "Forces": [
          [
            -0.5586041712984898,
            -0.9683532505891617,
            -1.2418042384382624
          ]
        ],
        "Lattice": [
          [
            2.3646242808632953,
            0.012673969297723279,
            -0.00041621057462306075
          ],
          [
            0.438875567309307,
            2.3235723370840797,
            -0.0004163566275325663
          ],
          [
            -1.0394008268928263,
            -0.8661662654625804,
            3.7432361042906956
          ]
        ],
        "NumAtoms": 1,
        "Positions": [
          [
            0.0,
            0.0,
            0.0
          ]
        ],
        "Stress": [
          [
            -180645.10261415207,
            24220.860053273733,
            -6631.499369581415
          ],
          [
            24220.860053273733,
            -189524.36840714086,
            -5526.739825092585
          ],
          [
            -6631.499369581415,
            -5526.739825092585,
            -206912.19505941516
          ]
        ]
      }
    ],
    "EnergyStyle": "electronvolt",
    "ForcesStyle": "electronvoltperangstrom",
    "Label": "ASE generated",
    "LatticeStyle": "angstrom",
    "PositionsStyle": "angstrom",
    "StressStyle": "bar"
  }
}