{
  "Dataset": {
    "AtomTypeStyle": "chemicalsymbol",
    "Data": [
      {
        "AtomTypes": [
          "Cr"
        ],
        "Energy": 2238.463841113596,
        "Forces": [
          [
            -0.34111686368788513,
            -0.5855265695852407,
            -0.08200138396550936
          ]
        ],
        "Lattice": [
          [
            4.072059894102752,
            0.0,
            0.0
          ],
          [
            -2.959088555906482,
            3.9348396197912776,
            0.0
          ],
          [
            -1.5200633099295104,
            -1.7431063185690945,
            5.53263855309921
          ]
        ],
        "NumAtoms": 1,
        "Positions": [
          [
            0.0,
            0.0,
            0.0
          ]
        ],
        "Stress": [
          [
            -31198.05648404672,
            -2995.060496110861,
            83.84992548051035
          ],
          [
            -2995.060496110861,
            -28837.019108674463,
            -45.60259105080386
          ],
          [
            83.84992548051035,
            -45.60259105080386,
            -5600.292391303558
          ]
        ]
      }
    ],
    "EnergyStyle": "electronvolt",
    "ForcesStyle": "electronvoltperangstrom",
    "Label": "ASE generated",
    "LatticeStyle": "angstrom",
    "PositionsStyle": "angstrom",
    "StressStyle": "bar"
  }
}