{
  "Dataset": {
    "AtomTypeStyle": "chemicalsymbol",
    "Data": [
      {
        "AtomTypes": [
          "Cr"
        ],
        "Energy": 2238.319504186621,
        "Forces": [
          [
            -0.37710968065498046,
            -0.42931136785651425,
            -0.6924305812665836
          ]
        ],
        "Lattice": [
          [
            4.590639799681806,
            0.0,
            0.0
          ],
          [
            -1.7050554343978161,
            4.262298878649364,
            0.0
          ],
          [
            -2.178253994309217,
            -3.217359084886593,
            3.3828424683855225
          ]
        ],
        "NumAtoms": 1,
        "Positions": [
          [
            0.0,
            0.0,
            0.0
          ]
        ],
        "Stress": [
          [
            -27861.71208071694,
            697.2783276800334,
            -3714.4045936541866
          ],
          [
            697.2783276800334,
            -27304.183628837764,
            -5487.02143933866
          ],
          [
            -3714.4045936541866,
            -5487.02143933866,
            -42563.399014966424
          ]
        ]
      }
    ],
    "EnergyStyle": "electronvolt",
    "ForcesStyle": "electronvoltperangstrom",
    "Label": "ASE generated",
    "LatticeStyle": "angstrom",
    "PositionsStyle": "angstrom",
    "StressStyle": "bar"
  }
}