{
  "Dataset": {
    "AtomTypeStyle": "chemicalsymbol",
    "Data": [
      {
        "AtomTypes": [
          "Ni",
          "Ni"
        ],
        "Energy": 612.6511478843713,
        "Forces": [
          [
            -56.82809118777855,
            -114.36633642908521,
            239.42536059012232
          ],
          [
            56.82809118777855,
            114.36633642908521,
            -239.42536059012232
          ]
        ],
        "Lattice": [
          [
            2.2991042005775837,
            -0.12788943206440487,
            -0.014784072941222776
          ],
          [
            -1.2608450285317176,
            2.2395871917409655,
            0.01457300267401284
          ],
          [
            -0.011177550346042552,
            0.006475317127485943,
            1.7138665302824532
          ]
        ],
        "NumAtoms": 2,
        "Positions": [
          [
            0.05830059958773942,
            1.1281581637694467,
            1.2971812075059592
          ],
          [
            0.9687810221120838,
            0.9900149130345997,
            0.4164742525092842
          ]
        ],
        "Stress": [
          [
            -467700894.6321933,
            -7332640.678038847,
            11107031.802592054
          ],
          [
            -7332640.678038847,
            -569260318.6159424,
            689990.7394198499
          ],
          [
            11107031.802592054,
            689990.7394198499,
            -493765155.57877034
          ]
        ]
      }
    ],
    "EnergyStyle": "electronvolt",
    "ForcesStyle": "electronvoltperangstrom",
    "Label": "ASE generated",
    "LatticeStyle": "angstrom",
    "PositionsStyle": "angstrom",
    "StressStyle": "bar"
  }
}