{
  "Dataset": {
    "AtomTypeStyle": "chemicalsymbol",
    "Data": [
      {
        "AtomTypes": [
          "Ni",
          "Ni"
        ],
        "Energy": 535.6678963772029,
        "Forces": [
          [
            -24.021654411116486,
            -49.99703627634453,
            271.55041944581046
          ],
          [
            24.021654411116486,
            49.99703627634453,
            -271.55041944581046
          ]
        ],
        "Lattice": [
          [
            2.3823286547420444,
            -0.1350912264181385,
            -0.019211981224146114
          ],
          [
            -1.308226863074728,
            2.3344437435981282,
            0.018617145295311693
          ],
          [
            -0.014423437086198213,
            0.007845094448017918,
            1.776630812303513
          ]
        ],
        "NumAtoms": 2,
        "Positions": [
          [
            0.04318137920873578,
            1.184927659540303,
            1.3450716211565132
          ],
          [
            1.0164969753723825,
            1.0222699520877045,
            0.43096435521816545
          ]
        ],
        "Stress": [
          [
            -424982942.55195045,
            9057985.289419526,
            10292876.97615146
          ],
          [
            9057985.289419526,
            -503053066.1901653,
            -4986844.865436821
          ],
          [
            10292876.97615146,
            -4986844.865436821,
            -411130094.89226407
          ]
        ]
      }
    ],
    "EnergyStyle": "electronvolt",
    "ForcesStyle": "electronvoltperangstrom",
    "Label": "ASE generated",
    "LatticeStyle": "angstrom",
    "PositionsStyle": "angstrom",
    "StressStyle": "bar"
  }
}