{
  "Dataset": {
    "AtomTypeStyle": "chemicalsymbol",
    "Data": [
      {
        "AtomTypes": [
          "Ni",
          "Ni"
        ],
        "Energy": 554.281136571899,
        "Forces": [
          [
            76.7741343644588,
            99.56768197565327,
            149.4307467858792
          ],
          [
            -76.7741343644588,
            -99.56768197565327,
            -149.4307467858792
          ]
        ],
        "Lattice": [
          [
            2.360584146230172,
            -0.13320850122505598,
            -0.018054875461056556
          ],
          [
            -1.2958463198931505,
            2.309657694358524,
            0.017560247174282
          ],
          [
            -0.013575230580826905,
            0.007487109241629998,
            1.7602321122766305
          ]
        ],
        "NumAtoms": 2,
        "Positions": [
          [
            0.047228687683625425,
            1.170024885411976,
            1.332555326328023
          ],
          [
            1.0039339080725693,
            1.013911416963122,
            0.4271821576618329
          ]
        ],
        "Stress": [
          [
            -425978795.7537533,
            705613.304483061,
            8789525.778006094
          ],
          [
            705613.304483061,
            -503109016.15623075,
            407601.8430173818
          ],
          [
            8789525.778006094,
            407601.8430173818,
            -420860781.6548898
          ]
        ]
      }
    ],
    "EnergyStyle": "electronvolt",
    "ForcesStyle": "electronvoltperangstrom",
    "Label": "ASE generated",
    "LatticeStyle": "angstrom",
    "PositionsStyle": "angstrom",
    "StressStyle": "bar"
  }
}