{
  "Dataset": {
    "AtomTypeStyle": "chemicalsymbol",
    "Data": [
      {
        "AtomTypes": [
          "Ni",
          "Ni"
        ],
        "Energy": 533.1362997733486,
        "Forces": [
          [
            -44.92072642494167,
            64.25778358530832,
            26.47918313172584
          ],
          [
            44.92072642494167,
            -64.25778358530832,
            -26.47918313172584
          ]
        ],
        "Lattice": [
          [
            2.383299619247032,
            -0.13517482160009656,
            -0.019263560655821545
          ],
          [
            -1.308779327255312,
            2.3355494789545395,
            0.018664223016475658
          ],
          [
            -0.014461252089507156,
            0.007861036969773985,
            1.777363098307977
          ]
        ],
        "NumAtoms": 2,
        "Positions": [
          [
            0.04299923162435005,
            1.1855939938420008,
            1.3456305835694657
          ],
          [
            1.0170598082778624,
            1.0226417004822161,
            0.4311331770991651
          ]
        ],
        "Stress": [
          [
            -438662643.0576222,
            13214870.352988342,
            8330604.838491992
          ],
          [
            13214870.352988342,
            -501187274.42465615,
            -5822993.380225822
          ],
          [
            8330604.838491992,
            -5822993.380225822,
            -420924005.96975344
          ]
        ]
      }
    ],
    "EnergyStyle": "electronvolt",
    "ForcesStyle": "electronvoltperangstrom",
    "Label": "ASE generated",
    "LatticeStyle": "angstrom",
    "PositionsStyle": "angstrom",
    "StressStyle": "bar"
  }
}