{
  "Dataset": {
    "AtomTypeStyle": "chemicalsymbol",
    "Data": [
      {
        "AtomTypes": [
          "Ni",
          "Ni"
        ],
        "Energy": 528.6052821118246,
        "Forces": [
          [
            -21.301934701658723,
            -72.098082806745,
            150.56956922634413
          ],
          [
            21.301934701658723,
            72.098082806745,
            -150.56956922634413
          ]
        ],
        "Lattice": [
          [
            2.398101395282583,
            -0.13645611467044252,
            -0.02005116102469733
          ],
          [
            -1.3172066923193522,
            2.3524210067547444,
            0.01938359339281517
          ],
          [
            -0.015038599240782704,
            0.008104695027828748,
            1.7885259301191463
          ]
        ],
        "NumAtoms": 2,
        "Positions": [
          [
            0.040203105075106625,
            1.1957680290949435,
            1.3541521813097153
          ],
          [
            1.0256529986473415,
            1.028301558017187,
            0.433706181177549
          ]
        ],
        "Stress": [
          [
            -430711695.9711928,
            4829545.347338033,
            5975250.134385186
          ],
          [
            4829545.347338033,
            -485646879.34631354,
            -6600201.281607321
          ],
          [
            5975250.134385186,
            -6600201.281607321,
            -419093554.7412573
          ]
        ]
      }
    ],
    "EnergyStyle": "electronvolt",
    "ForcesStyle": "electronvoltperangstrom",
    "Label": "ASE generated",
    "LatticeStyle": "angstrom",
    "PositionsStyle": "angstrom",
    "StressStyle": "bar"
  }
}