{
  "Dataset": {
    "AtomTypeStyle": "chemicalsymbol",
    "Data": [
      {
        "AtomTypes": [
          "Ni",
          "Ni"
        ],
        "Energy": 615.5696048573191,
        "Forces": [
          [
            -82.2291639331014,
            -41.9700769521676,
            82.01279661592058
          ],
          [
            82.2291639331014,
            41.9700769521676,
            -82.01279661592058
          ]
        ],
        "Lattice": [
          [
            2.296944125142768,
            -0.12770311882371055,
            -0.014669948996937627
          ],
          [
            -1.2596156572707007,
            2.237128380425895,
            0.014468816148523363
          ],
          [
            -0.01109388637104744,
            0.0064400427039543046,
            1.7122376376376105
          ]
        ],
        "NumAtoms": 2,
        "Positions": [
          [
            0.0586802764730705,
            1.1266949340025694,
            1.2959388604550917
          ],
          [
            0.9675543050279493,
            0.9891703703035696,
            0.41609764433410473
          ]
        ],
        "Stress": [
          [
            -477967429.492282,
            -2385462.711559605,
            10667630.24309902
          ],
          [
            -2385462.711559605,
            -576224243.2216682,
            103684.1104849616
          ],
          [
            10667630.24309902,
            103684.1104849616,
            -502833438.22745943
          ]
        ]
      }
    ],
    "EnergyStyle": "electronvolt",
    "ForcesStyle": "electronvoltperangstrom",
    "Label": "ASE generated",
    "LatticeStyle": "angstrom",
    "PositionsStyle": "angstrom",
    "StressStyle": "bar"
  }
}