{
  "Dataset": {
    "AtomTypeStyle": "chemicalsymbol",
    "Data": [
      {
        "AtomTypes": [
          "Ni",
          "Ni"
        ],
        "Energy": 532.5630920090534,
        "Forces": [
          [
            -120.12751374258389,
            39.37603198587928,
            36.081911358696566
          ],
          [
            120.12751374258389,
            -39.37603198587928,
            -36.081911358696566
          ]
        ],
        "Lattice": [
          [
            2.3927679113347766,
            -0.1359945821846328,
            -0.019767394509312617
          ],
          [
            -1.3141702010005418,
            2.346342066110935,
            0.01912442038818869
          ],
          [
            -0.014830583384419385,
            0.008016911937443813,
            1.7845036472791473
          ]
        ],
        "NumAtoms": 2,
        "Positions": [
          [
            0.041214219063035226,
            1.1920995019338252,
            1.3510814737427665
          ],
          [
            1.02255290788678,
            1.0262648939299206,
            0.4327791994152569
          ]
        ],
        "Stress": [
          [
            -439866071.8986318,
            -610468.6469351933,
            6081689.524000411
          ],
          [
            -610468.6469351933,
            -495728672.22585005,
            8608301.081170198
          ],
          [
            6081689.524000411,
            8608301.081170198,
            -439967858.35290855
          ]
        ]
      }
    ],
    "EnergyStyle": "electronvolt",
    "ForcesStyle": "electronvoltperangstrom",
    "Label": "ASE generated",
    "LatticeStyle": "angstrom",
    "PositionsStyle": "angstrom",
    "StressStyle": "bar"
  }
}