{
  "Dataset": {
    "AtomTypeStyle": "chemicalsymbol",
    "Data": [
      {
        "AtomTypes": [
          "Ni",
          "Ni"
        ],
        "Energy": 619.0142412066543,
        "Forces": [
          [
            -57.401364252290506,
            -14.489457077005959,
            -96.24745448052019
          ],
          [
            57.401364252290506,
            14.489457077005959,
            96.24745448052019
          ]
        ],
        "Lattice": [
          [
            2.297763946582683,
            -0.12777343377444772,
            -0.01471273932435951
          ],
          [
            -1.260081973518474,
            2.238059509528992,
            0.014507850376120353
          ],
          [
            -0.011125259171021888,
            0.006453249379543184,
            1.712855764242916
          ]
        ],
        "NumAtoms": 2,
        "Positions": [
          [
            0.05853586874897804,
            1.127249830689825,
            1.296410287728435
          ],
          [
            0.968020845144209,
            0.9894894944442625,
            0.4162405875662421
          ]
        ],
        "Stress": [
          [
            -523681071.67860246,
            -3776616.825206752,
            11574453.94770882
          ],
          [
            -3776616.825206752,
            -588181226.4136244,
            -2396844.2356550912
          ],
          [
            11574453.94770882,
            -2396844.2356550912,
            -503400980.12570256
          ]
        ]
      }
    ],
    "EnergyStyle": "electronvolt",
    "ForcesStyle": "electronvoltperangstrom",
    "Label": "ASE generated",
    "LatticeStyle": "angstrom",
    "PositionsStyle": "angstrom",
    "StressStyle": "bar"
  }
}