{
  "Dataset": {
    "AtomTypeStyle": "chemicalsymbol",
    "Data": [
      {
        "AtomTypes": [
          "Ni",
          "Ni"
        ],
        "Energy": 791.3407853940007,
        "Forces": [
          [
            -258.83850691133784,
            -103.69819104224177,
            -135.4322042174372
          ],
          [
            258.83850691133784,
            103.69819104224177,
            135.4322042174372
          ]
        ],
        "Lattice": [
          [
            2.143847684957045,
            -0.11445477740897708,
            -0.0065242755444483965
          ],
          [
            -1.1724537553103984,
            2.062632933644343,
            0.007029111130394883
          ],
          [
            -0.005122686736036247,
            0.003920161693153701,
            1.5967788814159707
          ]
        ],
        "NumAtoms": 2,
        "Positions": [
          [
            0.08382961239163275,
            1.0241840748622661,
            1.2079440208932457
          ],
          [
            0.8824416305189773,
            0.9279142430662534,
            0.3893396961086715
          ]
        ],
        "Stress": [
          [
            -588075810.8757309,
            11177371.592710933,
            15024298.787010081
          ],
          [
            11177371.592710933,
            -715336207.9131302,
            528467.832969227
          ],
          [
            15024298.787010081,
            528467.832969227,
            -588927489.2793496
          ]
        ]
      }
    ],
    "EnergyStyle": "electronvolt",
    "ForcesStyle": "electronvoltperangstrom",
    "Label": "ASE generated",
    "LatticeStyle": "angstrom",
    "PositionsStyle": "angstrom",
    "StressStyle": "bar"
  }
}