{
  "Dataset": {
    "AtomTypeStyle": "chemicalsymbol",
    "Data": [
      {
        "AtomTypes": [
          "Ni",
          "Ni"
        ],
        "Energy": 523.1383170531499,
        "Forces": [
          [
            -71.65406179243985,
            122.01617698999904,
            58.97784053828363
          ],
          [
            71.65406179243985,
            -122.01617698999904,
            -58.97784053828363
          ]
        ],
        "Lattice": [
          [
            2.3968718086464427,
            -0.1363497214759942,
            -0.019985752605036
          ],
          [
            -1.3165066623116235,
            2.3510196068625957,
            0.01932385457776414
          ],
          [
            -0.014990651552288207,
            0.008084461408090143,
            1.7875986312006829
          ]
        ],
        "NumAtoms": 2,
        "Positions": [
          [
            0.040436582061231345,
            1.19492202810175,
            1.3534442451944715
          ],
          [
            1.0249379127212999,
            1.0278323186929417,
            0.4334924879789396
          ]
        ],
        "Stress": [
          [
            -432001809.4535847,
            14243657.451837854,
            5622040.414080819
          ],
          [
            14243657.451837854,
            -488526154.86374635,
            -3868482.509352934
          ],
          [
            5622040.414080819,
            -3868482.509352934,
            -407874612.7091753
          ]
        ]
      }
    ],
    "EnergyStyle": "electronvolt",
    "ForcesStyle": "electronvoltperangstrom",
    "Label": "ASE generated",
    "LatticeStyle": "angstrom",
    "PositionsStyle": "angstrom",
    "StressStyle": "bar"
  }
}