{
  "Dataset": {
    "AtomTypeStyle": "chemicalsymbol",
    "Data": [
      {
        "AtomTypes": [
          "Ni",
          "Ni"
        ],
        "Energy": 532.9403973643603,
        "Forces": [
          [
            -42.805171006315625,
            -67.17138504198911,
            127.66291690943629
          ],
          [
            42.805171006315625,
            67.17138504198911,
            -127.66291690943629
          ]
        ],
        "Lattice": [
          [
            2.392759669399757,
            -0.1359938789081229,
            -0.0197669690508371
          ],
          [
            -1.3141655156655392,
            2.346332724016499,
            0.019124033030472172
          ],
          [
            -0.014830271699043666,
            0.008016780701496142,
            1.7844974342095439
          ]
        ],
        "NumAtoms": 2,
        "Positions": [
          [
            0.04121578877207333,
            1.1920938442880291,
            1.3510767312909762
          ],
          [
            1.0225480932631006,
            1.026261781521843,
            0.4327777668982029
          ]
        ],
        "Stress": [
          [
            -432484776.1980444,
            4502999.903336467,
            6795424.502844488
          ],
          [
            4502999.903336467,
            -489578999.5359522,
            -6480054.635753018
          ],
          [
            6795424.502844488,
            -6480054.635753018,
            -421581177.55413
          ]
        ]
      }
    ],
    "EnergyStyle": "electronvolt",
    "ForcesStyle": "electronvoltperangstrom",
    "Label": "ASE generated",
    "LatticeStyle": "angstrom",
    "PositionsStyle": "angstrom",
    "StressStyle": "bar"
  }
}