{
  "Dataset": {
    "AtomTypeStyle": "chemicalsymbol",
    "Data": [
      {
        "AtomTypes": [
          "Ni",
          "Ni"
        ],
        "Energy": 541.2414068873732,
        "Forces": [
          [
            -57.63573891778886,
            -49.105275464057,
            95.08690504408098
          ],
          [
            57.63573891778886,
            49.105275464057,
            -95.08690504408098
          ]
        ],
        "Lattice": [
          [
            2.38254881309863,
            -0.13511030325649967,
            -0.019223727899817147
          ],
          [
            -1.3083522219803236,
            2.3346948037869732,
            0.01862787542156548
          ],
          [
            -0.014432047328555332,
            0.0078487293662621,
            1.7767968517070007
          ]
        ],
        "NumAtoms": 2,
        "Positions": [
          [
            0.043140082451177605,
            1.1850788156419045,
            1.3451983641324332
          ],
          [
            1.0166244613385733,
            1.0223544142548309,
            0.43100263509631587
          ]
        ],
        "Stress": [
          [
            -441331658.2671818,
            18339.596859044254,
            8029568.8955037175
          ],
          [
            18339.596859044254,
            -501712769.2628991,
            -7895103.0360594615
          ],
          [
            8029568.8955037175,
            -7895103.0360594615,
            -427420256.88058615
          ]
        ]
      }
    ],
    "EnergyStyle": "electronvolt",
    "ForcesStyle": "electronvoltperangstrom",
    "Label": "ASE generated",
    "LatticeStyle": "angstrom",
    "PositionsStyle": "angstrom",
    "StressStyle": "bar"
  }
}