{
  "Dataset": {
    "AtomTypeStyle": "chemicalsymbol",
    "Data": [
      {
        "AtomTypes": [
          "Ni",
          "Ni"
        ],
        "Energy": 1335.0881807734304,
        "Forces": [
          [
            670.2324017249507,
            200.7213332838356,
            -196.3847904546398
          ],
          [
            -670.2324017249507,
            -200.7213332838356,
            196.3847904546398
          ]
        ],
        "Lattice": [
          [
            1.7564032960948281,
            -0.08090877205481942,
            0.014093451704258695
          ],
          [
            -0.9518572119492906,
            1.6209940532248486,
            -0.011803038864670854
          ],
          [
            0.009990963062321197,
            -0.002458534555390594,
            1.3045861429316348
          ]
        ],
        "NumAtoms": 2,
        "Positions": [
          [
            0.13234384388800258,
            0.7756627640118556,
            0.9858367166815417
          ],
          [
            0.6821932033198562,
            0.7619639826027831,
            0.321039839089681
          ]
        ],
        "Stress": [
          [
            -810644193.3474232,
            20070088.679008376,
            -47175189.04793421
          ],
          [
            20070088.679008376,
            -1088187309.8801394,
            -382780.79402382654
          ],
          [
            -47175189.04793421,
            -382780.79402382654,
            -542640394.5105653
          ]
        ]
      }
    ],
    "EnergyStyle": "electronvolt",
    "ForcesStyle": "electronvoltperangstrom",
    "Label": "ASE generated",
    "LatticeStyle": "angstrom",
    "PositionsStyle": "angstrom",
    "StressStyle": "bar"
  }
}