{
  "Dataset": {
    "AtomTypeStyle": "chemicalsymbol",
    "Data": [
      {
        "AtomTypes": [
          "Ni",
          "Ni"
        ],
        "Energy": 556.7108333918786,
        "Forces": [
          [
            -18.227232031202796,
            -153.54985621921404,
            147.53623576535122
          ],
          [
            18.227232031202796,
            153.54985621921404,
            -147.53623576535122
          ]
        ],
        "Lattice": [
          [
            2.3573621666579356,
            -0.1329310070471219,
            -0.017883977681618778
          ],
          [
            -1.2940129632293669,
            2.305989026250349,
            0.01740425790433517
          ],
          [
            -0.01344993940991387,
            0.007434287301869355,
            1.757802224729414
          ]
        ],
        "NumAtoms": 2,
        "Positions": [
          [
            0.04782238486712174,
            1.1678218103792335,
            1.3307009876783342
          ],
          [
            1.002076879151533,
            1.012670496125863,
            0.4266215172737962
          ]
        ],
        "Stress": [
          [
            -446224957.5078601,
            424358.58865156595,
            12128106.179348687
          ],
          [
            424358.58865156595,
            -532508731.52008635,
            1046995.7721407027
          ],
          [
            12128106.179348687,
            1046995.7721407027,
            -442795277.8401114
          ]
        ]
      }
    ],
    "EnergyStyle": "electronvolt",
    "ForcesStyle": "electronvoltperangstrom",
    "Label": "ASE generated",
    "LatticeStyle": "angstrom",
    "PositionsStyle": "angstrom",
    "StressStyle": "bar"
  }
}