{
  "Dataset": {
    "AtomTypeStyle": "chemicalsymbol",
    "Data": [
      {
        "AtomTypes": [
          "Ni",
          "Ni"
        ],
        "Energy": 563.4282377494601,
        "Forces": [
          [
            159.62528115719306,
            -22.239355029512627,
            415.29868247318433
          ],
          [
            -159.62528115719306,
            22.239355029512627,
            -415.29868247318433
          ]
        ],
        "Lattice": [
          [
            2.3819363719732514,
            -0.1350573786563606,
            -0.01919123959428749
          ],
          [
            -1.3080035931561564,
            2.333997144493138,
            0.01859820868891076
          ],
          [
            -0.014408231179116172,
            0.007838682407784299,
            1.7763349921896763
          ]
        ],
        "NumAtoms": 2,
        "Positions": [
          [
            0.04325509710559234,
            1.184658470875001,
            1.3448458164858472
          ],
          [
            1.0162694505323864,
            1.0221199773695606,
            0.43089614479845245
          ]
        ],
        "Stress": [
          [
            -409613390.9612487,
            11157178.471183375,
            8346598.108488904
          ],
          [
            11157178.471183375,
            -477082105.20277566,
            -733994.2976812273
          ],
          [
            8346598.108488904,
            -733994.2976812273,
            -390131001.99677926
          ]
        ]
      }
    ],
    "EnergyStyle": "electronvolt",
    "ForcesStyle": "electronvoltperangstrom",
    "Label": "ASE generated",
    "LatticeStyle": "angstrom",
    "PositionsStyle": "angstrom",
    "StressStyle": "bar"
  }
}