{
  "Dataset": {
    "AtomTypeStyle": "chemicalsymbol",
    "Data": [
      {
        "AtomTypes": [
          "Ni",
          "Ni"
        ],
        "Energy": 514.9661525943957,
        "Forces": [
          [
            387.5852289839237,
            -243.85488690691932,
            2.7294255109407
          ],
          [
            -387.5852289839237,
            243.85488690691932,
            -2.7294255109407
          ]
        ],
        "Lattice": [
          [
            2.397244436186186,
            -0.13658935514137943,
            -0.020026608260584142
          ],
          [
            -1.3168859236168504,
            2.3518423996325355,
            0.019369890349004854
          ],
          [
            -0.015019000633694123,
            0.008099807547132395,
            1.7878632833061245
          ]
        ],
        "NumAtoms": 2,
        "Positions": [
          [
            0.04041834552432994,
            1.1950598441080462,
            1.3536524797137042
          ],
          [
            1.0249211664113116,
            1.0282930079302421,
            0.43355408568084114
          ]
        ],
        "Stress": [
          [
            -417614105.1850279,
            6960239.622158714,
            17676707.2981705
          ],
          [
            6960239.622158714,
            -482386239.65728205,
            -6487109.7979039755
          ],
          [
            17676707.2981705,
            -6487109.7979039755,
            -425170579.56150866
          ]
        ]
      }
    ],
    "EnergyStyle": "electronvolt",
    "ForcesStyle": "electronvoltperangstrom",
    "Label": "ASE generated",
    "LatticeStyle": "angstrom",
    "PositionsStyle": "angstrom",
    "StressStyle": "bar"
  }
}