{
  "Dataset": {
    "AtomTypeStyle": "chemicalsymbol",
    "Data": [
      {
        "AtomTypes": [
          "Ni",
          "Ni"
        ],
        "Energy": 777.8637082464629,
        "Forces": [
          [
            -19.367402135660107,
            -188.23816630055538,
            -15.78444460048131
          ],
          [
            19.367402135660107,
            188.23816630055538,
            15.78444460048131
          ]
        ],
        "Lattice": [
          [
            2.100947256396014,
            -0.22631373740693203,
            -0.028456049815989707
          ],
          [
            -1.2440060366629913,
            2.229067704474966,
            0.029686312211425318
          ],
          [
            -0.021346708541504722,
            0.013371068722072024,
            1.5612737604344642
          ]
        ],
        "NumAtoms": 2,
        "Positions": [
          [
            0.013561585663263414,
            1.006762350229362,
            1.1915326011059562
          ],
          [
            0.8220329255282546,
            1.009362685560744,
            0.37097142172394365
          ]
        ],
        "Stress": [
          [
            -511533332.84828085,
            46377015.72307994,
            -930645.9097542117
          ],
          [
            46377015.72307994,
            -732575311.276526,
            17230509.48155957
          ],
          [
            -930645.9097542117,
            17230509.48155957,
            -512595952.656536
          ]
        ]
      }
    ],
    "EnergyStyle": "electronvolt",
    "ForcesStyle": "electronvoltperangstrom",
    "Label": "ASE generated",
    "LatticeStyle": "angstrom",
    "PositionsStyle": "angstrom",
    "StressStyle": "bar"
  }
}