{
  "Dataset": {
    "AtomTypeStyle": "chemicalsymbol",
    "Data": [
      {
        "AtomTypes": [
          "Ni",
          "Ni"
        ],
        "Energy": 518.0076583295922,
        "Forces": [
          [
            357.9144274625418,
            -232.4194792868922,
            0.44030014267748124
          ],
          [
            -357.9144274625418,
            232.4194792868922,
            -0.44030014267748124
          ]
        ],
        "Lattice": [
          [
            2.3954220969918802,
            -0.13678527929853185,
            -0.019965527981309936
          ],
          [
            -1.3161333643043576,
            2.350444180095409,
            0.019328974367254958
          ],
          [
            -0.014971497983231849,
            0.008085528758519391,
            1.78646105048905
          ]
        ],
        "NumAtoms": 2,
        "Positions": [
          [
            0.04085337997853396,
            1.1936043970321983,
            1.3525925269204055
          ],
          [
            1.0234638547257566,
            1.0281400325231977,
            0.4332319699545894
          ]
        ],
        "Stress": [
          [
            -416288929.19432324,
            5634017.7139626155,
            17455756.860324055
          ],
          [
            5634017.7139626155,
            -482668377.0039081,
            -6490863.920883383
          ],
          [
            17455756.860324055,
            -6490863.920883383,
            -426189264.95091474
          ]
        ]
      }
    ],
    "EnergyStyle": "electronvolt",
    "ForcesStyle": "electronvoltperangstrom",
    "Label": "ASE generated",
    "LatticeStyle": "angstrom",
    "PositionsStyle": "angstrom",
    "StressStyle": "bar"
  }
}