{
  "Dataset": {
    "AtomTypeStyle": "chemicalsymbol",
    "Data": [
      {
        "AtomTypes": [
          "Ni",
          "Ni"
        ],
        "Energy": 521.3024081213553,
        "Forces": [
          [
            -30.256569385136856,
            126.86513179318456,
            6.291667050133537
          ],
          [
            30.256569385136856,
            -126.86513179318456,
            -6.291667050133537
          ]
        ],
        "Lattice": [
          [
            2.3965388773349843,
            -0.1363208522133925,
            -0.019968018289252445
          ],
          [
            -1.3163170713473007,
            2.350639986246044,
            0.01930765275917598
          ],
          [
            -0.014977651784987793,
            0.008078973311262309,
            1.7873475503739265
          ]
        ],
        "NumAtoms": 2,
        "Positions": [
          [
            0.04049976897210585,
            1.1946929470302705,
            1.353252559822611
          ],
          [
            1.02474438523059,
            1.0277051603136433,
            0.43343462502123886
          ]
        ],
        "Stress": [
          [
            -433395642.35169315,
            15939644.291941086,
            6446398.4525062
          ],
          [
            15939644.291941086,
            -490852406.28845483,
            -4524127.142454907
          ],
          [
            6446398.4525062,
            -4524127.142454907,
            -407064445.90287465
          ]
        ]
      }
    ],
    "EnergyStyle": "electronvolt",
    "ForcesStyle": "electronvoltperangstrom",
    "Label": "ASE generated",
    "LatticeStyle": "angstrom",
    "PositionsStyle": "angstrom",
    "StressStyle": "bar"
  }
}