{
  "Dataset": {
    "AtomTypeStyle": "chemicalsymbol",
    "Data": [
      {
        "AtomTypes": [
          "Ni",
          "Ni"
        ],
        "Energy": 520.1104830095956,
        "Forces": [
          [
            -27.90497362057309,
            120.14560100900333,
            3.9723855580915535
          ],
          [
            27.90497362057309,
            -120.14560100900333,
            -3.9723855580915535
          ]
        ],
        "Lattice": [
          [
            2.397887126139149,
            -0.1364375606591632,
            -0.020039758314211727
          ],
          [
            -1.3170846936890295,
            2.352176760780811,
            0.019373178127000356
          ],
          [
            -0.015030240357599551,
            0.008101167532557864,
            1.7883643384500947
          ]
        ],
        "NumAtoms": 2,
        "Positions": [
          [
            0.04024380939216495,
            1.1956205839303033,
            1.3540288148943456
          ],
          [
            1.025528382700355,
            1.0282197837239022,
            0.4336689433685378
          ]
        ],
        "Stress": [
          [
            -432983330.20233566,
            16057153.34277106,
            6474863.295629847
          ],
          [
            16057153.34277106,
            -490455534.29379636,
            -4467443.121778759
          ],
          [
            6474863.295629847,
            -4467443.121778759,
            -406528862.5946501
          ]
        ]
      }
    ],
    "EnergyStyle": "electronvolt",
    "ForcesStyle": "electronvoltperangstrom",
    "Label": "ASE generated",
    "LatticeStyle": "angstrom",
    "PositionsStyle": "angstrom",
    "StressStyle": "bar"
  }
}