{
  "Dataset": {
    "AtomTypeStyle": "chemicalsymbol",
    "Data": [
      {
        "AtomTypes": [
          "Ni",
          "Ni"
        ],
        "Energy": 513.3771550803085,
        "Forces": [
          [
            397.5889293676289,
            -245.3564607078795,
            5.6422192908041655
          ],
          [
            -397.5889293676289,
            245.3564607078795,
            -5.6422192908041655
          ]
        ],
        "Lattice": [
          [
            2.3981664078776928,
            -0.13649023178341949,
            -0.020057510092843154
          ],
          [
            -1.317266663972375,
            2.352549797374536,
            0.019390590703041232
          ],
          [
            -0.015043033745788706,
            0.00810703134520363,
            1.7885727115010734
          ]
        ],
        "NumAtoms": 2,
        "Positions": [
          [
            0.04019797189579182,
            1.1957964716770415,
            1.3541887468040061
          ],
          [
            1.0256587382637372,
            1.0283701252592785,
            0.4337170453072654
          ]
        ],
        "Stress": [
          [
            -419451621.8730342,
            8648223.94305819,
            18351921.32703856
          ],
          [
            8648223.94305819,
            -483235817.39960986,
            -6968548.120037906
          ],
          [
            18351921.32703856,
            -6968548.120037906,
            -424840577.1468951
          ]
        ]
      }
    ],
    "EnergyStyle": "electronvolt",
    "ForcesStyle": "electronvoltperangstrom",
    "Label": "ASE generated",
    "LatticeStyle": "angstrom",
    "PositionsStyle": "angstrom",
    "StressStyle": "bar"
  }
}