{
  "Dataset": {
    "AtomTypeStyle": "chemicalsymbol",
    "Data": [
      {
        "AtomTypes": [
          "Ni",
          "Ni"
        ],
        "Energy": 1294.3501744483037,
        "Forces": [
          [
            -791.491514607556,
            297.3466427101343,
            697.2841205867006
          ],
          [
            791.491514607556,
            -297.3466427101343,
            -697.2841205867006
          ]
        ],
        "Lattice": [
          [
            1.756373580148693,
            -0.08092445686727502,
            0.014091592704725748
          ],
          [
            -0.9518544480567314,
            1.6210003165662867,
            -0.011800013558570696
          ],
          [
            0.009989811043538611,
            -0.0024573936493293837,
            1.3045625860790278
          ]
        ],
        "NumAtoms": 2,
        "Positions": [
          [
            0.13233977100438482,
            0.7756550519033462,
            0.9858194522466277
          ],
          [
            0.6821691721311155,
            0.7619634141463361,
            0.32103471297855507
          ]
        ],
        "Stress": [
          [
            -582486467.5194335,
            -41283981.54675302,
            -160564222.30262926
          ],
          [
            -41283981.54675302,
            -1177642433.7081196,
            16554677.61113533
          ],
          [
            -160564222.30262926,
            16554677.61113533,
            -382432680.0253093
          ]
        ]
      }
    ],
    "EnergyStyle": "electronvolt",
    "ForcesStyle": "electronvoltperangstrom",
    "Label": "ASE generated",
    "LatticeStyle": "angstrom",
    "PositionsStyle": "angstrom",
    "StressStyle": "bar"
  }
}