{
  "Dataset": {
    "AtomTypeStyle": "chemicalsymbol",
    "Data": [
      {
        "AtomTypes": [
          "Ni",
          "Ni"
        ],
        "Energy": 563.0085068159024,
        "Forces": [
          [
            -90.60813657680679,
            -57.56561798319198,
            56.58305465550422
          ],
          [
            90.60813657680679,
            57.56561798319198,
            -56.58305465550422
          ]
        ],
        "Lattice": [
          [
            2.3576819611451967,
            -0.13295849939062748,
            -0.017900753657478
          ],
          [
            -1.2941949070538519,
            2.306352574167551,
            0.017419566471795628
          ],
          [
            -0.013462238546590424,
            0.007439467946739137,
            1.7580433575538306
          ]
        ],
        "NumAtoms": 2,
        "Positions": [
          [
            0.04776332551450585,
            1.1680403395021315,
            1.3308850021811238
          ],
          [
            1.0022614900302487,
            1.0127932032215308,
            0.4266771681870243
          ]
        ],
        "Stress": [
          [
            -451940486.17569774,
            -3962560.654690743,
            8993953.367378902
          ],
          [
            -3962560.654690743,
            -524651038.7902531,
            -6281986.401254811
          ],
          [
            8993953.367378902,
            -6281986.401254811,
            -448975452.7792169
          ]
        ]
      }
    ],
    "EnergyStyle": "electronvolt",
    "ForcesStyle": "electronvoltperangstrom",
    "Label": "ASE generated",
    "LatticeStyle": "angstrom",
    "PositionsStyle": "angstrom",
    "StressStyle": "bar"
  }
}