{
  "Dataset": {
    "AtomTypeStyle": "chemicalsymbol",
    "Data": [
      {
        "AtomTypes": [
          "Ni",
          "Ni"
        ],
        "Energy": 562.8822582641933,
        "Forces": [
          [
            -134.2014989272305,
            -67.50916681952296,
            -12.124197188971152
          ],
          [
            134.2014989272305,
            67.50916681952296,
            12.124197188971152
          ]
        ],
        "Lattice": [
          [
            2.3580188353560345,
            -0.1329875782074037,
            -0.017918581108450227
          ],
          [
            -1.2943866485943496,
            2.306736153029621,
            0.017435842904370166
          ],
          [
            -0.013475307636105131,
            0.007444979327364139,
            1.7582973964811814
          ]
        ],
        "NumAtoms": 2,
        "Positions": [
          [
            0.047701216757174814,
            1.1682706627303774,
            1.331078868920172
          ],
          [
            1.0024556623684049,
            1.0129228914192039,
            0.42673578935692935
          ]
        ],
        "Stress": [
          [
            -472760834.5668793,
            -2762557.8922153236,
            3059783.8122738693
          ],
          [
            -2762557.8922153236,
            -545474195.4184126,
            29290.10291653406
          ],
          [
            3059783.8122738693,
            29290.10291653406,
            -471012887.251902
          ]
        ]
      }
    ],
    "EnergyStyle": "electronvolt",
    "ForcesStyle": "electronvoltperangstrom",
    "Label": "ASE generated",
    "LatticeStyle": "angstrom",
    "PositionsStyle": "angstrom",
    "StressStyle": "bar"
  }
}