{
  "Dataset": {
    "AtomTypeStyle": "chemicalsymbol",
    "Data": [
      {
        "AtomTypes": [
          "Ni",
          "Ni"
        ],
        "Energy": 2717.1829114837965,
        "Forces": [
          [
            -809.4551578031101,
            -473.2701108981994,
            -375.11946578729584
          ],
          [
            809.4551578031101,
            473.2701108981994,
            375.11946578729584
          ]
        ],
        "Lattice": [
          [
            1.2943282866983947,
            -0.47000696934155717,
            -0.051224127280777625
          ],
          [
            -1.0451187242151605,
            1.8938112328139236,
            0.05760499050999013
          ],
          [
            -0.03843533605403138,
            0.027646891826000018,
            0.9444083817993814
          ]
        ],
        "NumAtoms": 2,
        "Positions": [
          [
            -0.05613634117643434,
            0.5629000659325956,
            0.7358068851687087
          ],
          [
            0.26691056760563725,
            0.8885510893657708,
            0.21498235985988515
          ]
        ],
        "Stress": [
          [
            -1091198354.819939,
            697624414.5698259,
            142702609.73720965
          ],
          [
            697624414.5698259,
            -616753078.2237492,
            314887353.430817
          ],
          [
            142702609.73720965,
            314887353.430817,
            1560765738.4959695
          ]
        ]
      }
    ],
    "EnergyStyle": "electronvolt",
    "ForcesStyle": "electronvoltperangstrom",
    "Label": "ASE generated",
    "LatticeStyle": "angstrom",
    "PositionsStyle": "angstrom",
    "StressStyle": "bar"
  }
}