{
  "Dataset": {
    "AtomTypeStyle": "chemicalsymbol",
    "Data": [
      {
        "AtomTypes": [
          "Ni",
          "Ni"
        ],
        "Energy": 529.1416302553043,
        "Forces": [
          [
            -112.40640517031675,
            35.42619895615523,
            36.977418602004704
          ],
          [
            112.40640517031675,
            -35.42619895615523,
            -36.977418602004704
          ]
        ],
        "Lattice": [
          [
            2.396793047498283,
            -0.13634289667753807,
            -0.019981550408824465
          ],
          [
            -1.3164618156015702,
            2.350929790673376,
            0.01932001592629474
          ],
          [
            -0.01498757121175838,
            0.008083161219689218,
            1.7875392310590452
          ]
        ],
        "NumAtoms": 2,
        "Positions": [
          [
            0.040451519928117824,
            1.1948678342023493,
            1.3533988969425785
          ],
          [
            1.0248921407568365,
            1.0278022210131776,
            0.43347879963393715
          ]
        ],
        "Stress": [
          [
            -437677730.06451756,
            -345376.3720028979,
            6226819.034493932
          ],
          [
            -345376.3720028979,
            -495742135.28756934,
            7819070.277315855
          ],
          [
            6226819.034493932,
            7819070.277315855,
            -438469580.8107804
          ]
        ]
      }
    ],
    "EnergyStyle": "electronvolt",
    "ForcesStyle": "electronvoltperangstrom",
    "Label": "ASE generated",
    "LatticeStyle": "angstrom",
    "PositionsStyle": "angstrom",
    "StressStyle": "bar"
  }
}