{
  "Dataset": {
    "AtomTypeStyle": "chemicalsymbol",
    "Data": [
      {
        "AtomTypes": [
          "Ni",
          "Ni"
        ],
        "Energy": 513.140288345674,
        "Forces": [
          [
            399.73230146959645,
            -246.10076031043576,
            5.999500581215991
          ],
          [
            -399.73230146959645,
            246.10076031043576,
            -5.999500581215991
          ]
        ],
        "Lattice": [
          [
            2.398313235502631,
            -0.13647444589811708,
            -0.020062431440880844
          ],
          [
            -1.3173272981552624,
            2.3526624533812455,
            0.019393886947872065
          ],
          [
            -0.015046860755359518,
            0.008108181776454589,
            1.7886856913642342
          ]
        ],
        "NumAtoms": 2,
        "Positions": [
          [
            0.040162859494721315,
            1.1959137997896105,
            1.3542741501040039
          ],
          [
            1.025776217097288,
            1.0283823894699724,
            0.43374299676722167
          ]
        ],
        "Stress": [
          [
            -419602660.5966972,
            8808115.453590255,
            18410773.677366614
          ],
          [
            8808115.453590255,
            -483315190.9159107,
            -7011061.503307848
          ],
          [
            18410773.677366614,
            -7011061.503307848,
            -424775450.76266927
          ]
        ]
      }
    ],
    "EnergyStyle": "electronvolt",
    "ForcesStyle": "electronvoltperangstrom",
    "Label": "ASE generated",
    "LatticeStyle": "angstrom",
    "PositionsStyle": "angstrom",
    "StressStyle": "bar"
  }
}