{
  "Dataset": {
    "AtomTypeStyle": "chemicalsymbol",
    "Data": [
      {
        "AtomTypes": [
          "Ni",
          "Ni"
        ],
        "Energy": 1270.7679440830343,
        "Forces": [
          [
            -794.5941099195495,
            135.6815633110488,
            498.586908925084
          ],
          [
            794.5941099195495,
            -135.6815633110488,
            -498.586908925084
          ]
        ],
        "Lattice": [
          [
            1.756374907854309,
            -0.08092444522537644,
            0.01409168901497767
          ],
          [
            -0.9518551169367228,
            1.6210011674832376,
            -0.011800111456354243
          ],
          [
            0.009989881424107323,
            -0.0024574296333795516,
            1.3045635571192051
          ]
        ],
        "NumAtoms": 2,
        "Positions": [
          [
            0.1323395798938258,
            0.7756557075452224,
            0.9858201828128813
          ],
          [
            0.6821700924478675,
            0.7619635850792593,
            0.3210349518649473
          ]
        ],
        "Stress": [
          [
            -690717599.1186086,
            8743139.116599482,
            -95186523.6685548
          ],
          [
            8743139.116599482,
            -1208208535.3695896,
            20525667.389913853
          ],
          [
            -95186523.6685548,
            20525667.389913853,
            -427374973.50767267
          ]
        ]
      }
    ],
    "EnergyStyle": "electronvolt",
    "ForcesStyle": "electronvoltperangstrom",
    "Label": "ASE generated",
    "LatticeStyle": "angstrom",
    "PositionsStyle": "angstrom",
    "StressStyle": "bar"
  }
}