{
  "Dataset": {
    "AtomTypeStyle": "chemicalsymbol",
    "Data": [
      {
        "AtomTypes": [
          "Ni"
        ],
        "Energy": -4.407115685578901,
        "Forces": [
          [
            1.2764365463417688,
            1.3904879863819561,
            2.03006312621099
          ]
        ],
        "Lattice": [
          [
            2.546359979952198,
            0.0,
            0.0
          ],
          [
            1.3748714221354699,
            1.9189063245722169,
            0.0
          ],
          [
            1.1714885578167278,
            0.24019304418893092,
            1.9038140489710402
          ]
        ],
        "NumAtoms": 1,
        "Positions": [
          [
            0.0,
            0.0,
            0.0
          ]
        ],
        "Stress": [
          [
            400167.14962477656,
            -100978.84709972194,
            119350.80708789903
          ],
          [
            -100978.84709972194,
            494532.1499708078,
            62382.87350617548
          ],
          [
            119350.80708789903,
            62382.87350617548,
            483917.0436152401
          ]
        ]
      }
    ],
    "EnergyStyle": "electronvolt",
    "ForcesStyle": "electronvoltperangstrom",
    "Label": "ASE generated",
    "LatticeStyle": "angstrom",
    "PositionsStyle": "angstrom",
    "StressStyle": "bar"
  }
}