{
  "Dataset": {
    "AtomTypeStyle": "chemicalsymbol",
    "Data": [
      {
        "AtomTypes": [
          "Cr"
        ],
        "Energy": -41.65076644189139,
        "Forces": [
          [
            -1.004674174488624,
            0.6723264802712738,
            7.452291827067207
          ]
        ],
        "Lattice": [
          [
            3.718209678420906,
            0.0,
            0.0
          ],
          [
            -1.7856590434326047,
            3.433141978795732,
            0.0
          ],
          [
            -1.801651063259493,
            -3.004700113970648,
            1.6969723061829094
          ]
        ],
        "NumAtoms": 1,
        "Positions": [
          [
            0.0,
            0.0,
            0.0
          ]
        ],
        "Stress": [
          [
            -213548.10758296918,
            18564.667711649836,
            68884.92035922558
          ],
          [
            18564.667711649836,
            -153279.1348296971,
            215785.57664710702
          ],
          [
            68884.92035922558,
            215785.57664710702,
            645897.4470276952
          ]
        ]
      }
    ],
    "EnergyStyle": "electronvolt",
    "ForcesStyle": "electronvoltperangstrom",
    "Label": "ASE generated",
    "LatticeStyle": "angstrom",
    "PositionsStyle": "angstrom",
    "StressStyle": "bar"
  }
}