{
  "Dataset": {
    "AtomTypeStyle": "chemicalsymbol",
    "Data": [
      {
        "AtomTypes": [
          "Cr",
          "Cr"
        ],
        "Energy": -59.185000672910974,
        "Forces": [
          [
            -14.76730733393985,
            -1.4440059842212063,
            -4.527650914294525
          ],
          [
            14.76730733393985,
            1.4440059842212063,
            4.527650914294525
          ]
        ],
        "Lattice": [
          [
            5.479159553962694,
            0.0,
            0.0
          ],
          [
            0.3637340069898134,
            3.9624295645538488,
            0.0
          ],
          [
            -0.4822043948655948,
            -2.4128520136189975,
            0.7133756156068348
          ]
        ],
        "NumAtoms": 2,
        "Positions": [
          [
            0.0,
            0.0,
            0.0
          ],
          [
            1.3401728394376835,
            0.3873946616916905,
            0.1783444518176641
          ]
        ],
        "Stress": [
          [
            7771533.253773701,
            1378435.4038979453,
            -378920.75534907466
          ],
          [
            1378435.4038979453,
            8412626.247176498,
            334633.284182123
          ],
          [
            -378920.75534907466,
            334633.284182123,
            7417543.876267498
          ]
        ]
      }
    ],
    "EnergyStyle": "electronvolt",
    "ForcesStyle": "electronvoltperangstrom",
    "Label": "ASE generated",
    "LatticeStyle": "angstrom",
    "PositionsStyle": "angstrom",
    "StressStyle": "bar"
  }
}