{
  "Dataset": {
    "AtomTypeStyle": "chemicalsymbol",
    "Data": [
      {
        "AtomTypes": [
          "Cr"
        ],
        "Energy": 2238.6706121670913,
        "Forces": [
          [
            -0.24093745997696808,
            -0.2828159117489835,
            -0.07536907109678391
          ]
        ],
        "Lattice": [
          [
            4.195999546425652,
            0.0,
            0.0
          ],
          [
            -2.577493425381071,
            4.36908452771571,
            0.0
          ],
          [
            -0.9580474004380906,
            -0.43932115251076576,
            6.042650554808489
          ]
        ],
        "NumAtoms": 1,
        "Positions": [
          [
            0.0,
            0.0,
            0.0
          ]
        ],
        "Stress": [
          [
            -20310.805633498356,
            -791.42561243008,
            45.60259105080386
          ],
          [
            -791.42561243008,
            -13811.700883096693,
            38.24733442970647
          ],
          [
            45.60259105080386,
            38.24733442970647,
            -4833.87465138521
          ]
        ]
      }
    ],
    "EnergyStyle": "electronvolt",
    "ForcesStyle": "electronvoltperangstrom",
    "Label": "ASE generated",
    "LatticeStyle": "angstrom",
    "PositionsStyle": "angstrom",
    "StressStyle": "bar"
  }
}