{
  "Dataset": {
    "AtomTypeStyle": "chemicalsymbol",
    "Data": [
      {
        "AtomTypes": [
          "Ni"
        ],
        "Energy": -0.13968459255738708,
        "Forces": [
          [
            0.4535421989305408,
            3.855324456006544,
            16.667280656418782
          ]
        ],
        "Lattice": [
          [
            3.663139793879178,
            0.0,
            0.0
          ],
          [
            -1.7743736321979595,
            3.392334858337072,
            0.0
          ],
          [
            -1.7795056910491844,
            -2.9780593896278944,
            1.6365406711736679
          ]
        ],
        "NumAtoms": 1,
        "Positions": [
          [
            0.0,
            0.0,
            0.0
          ]
        ],
        "Stress": [
          [
            -83132.05243429122,
            28478.082585564902,
            113129.73103777487
          ],
          [
            28478.082585564902,
            20891.87090656505,
            428020.03539754817
          ],
          [
            113129.73103777487,
            428020.03539754817,
            1604135.8664702915
          ]
        ]
      }
    ],
    "EnergyStyle": "electronvolt",
    "ForcesStyle": "electronvoltperangstrom",
    "Label": "ASE generated",
    "LatticeStyle": "angstrom",
    "PositionsStyle": "angstrom",
    "StressStyle": "bar"
  }
}