{
  "Dataset": {
    "AtomTypeStyle": "chemicalsymbol",
    "Data": [
      {
        "AtomTypes": [
          "Cr"
        ],
        "Energy": -31.672223823649347,
        "Forces": [
          [
            9.605100320566235,
            17.114995545860133,
            85.23709413820028
          ]
        ],
        "Lattice": [
          [
            3.6575098775595047,
            0.0,
            0.0
          ],
          [
            -1.7450455102120481,
            3.21437329581415,
            0.0
          ],
          [
            -1.7450455102120481,
            -2.93298277338411,
            1.3152259219308877
          ]
        ],
        "NumAtoms": 1,
        "Positions": [
          [
            0.0,
            0.0,
            0.0
          ]
        ],
        "Stress": [
          [
            -51745.70138074442,
            239816.67107955646,
            1120901.3906694893
          ],
          [
            239816.67107955646,
            208642.15141669722,
            1883951.8941067
          ],
          [
            1120901.3906694893,
            1883951.8941067,
            8611156.39179051
          ]
        ]
      }
    ],
    "EnergyStyle": "electronvolt",
    "ForcesStyle": "electronvoltperangstrom",
    "Label": "ASE generated",
    "LatticeStyle": "angstrom",
    "PositionsStyle": "angstrom",
    "StressStyle": "bar"
  }
}