{
  "Dataset": {
    "AtomTypeStyle": "chemicalsymbol",
    "Data": [
      {
        "AtomTypes": [
          "Ni"
        ],
        "Energy": -3.3346848459032117,
        "Forces": [
          [
            0.001392705726050102,
            0.002959341351411506,
            0.025461423106158333
          ]
        ],
        "Lattice": [
          [
            2.160410018218649,
            -3.6162382887255955e-05,
            5.733211710743937e-05
          ],
          [
            -3.612957390033804e-05,
            2.1603413707052956,
            1.8192054068778044e-05
          ],
          [
            5.579856155763081e-05,
            1.786131831355708e-05,
            2.1591220739199715
          ]
        ],
        "NumAtoms": 1,
        "Positions": [
          [
            0.0,
            0.0,
            0.0
          ]
        ],
        "Stress": [
          [
            525.1653227463543,
            83.84992548051035,
            -130.92356785553366
          ],
          [
            83.84992548051035,
            973.8359766332954,
            -41.18943707814543
          ],
          [
            -130.92356785553366,
            -41.18943707814543,
            8917.513127418486
          ]
        ]
      }
    ],
    "EnergyStyle": "electronvolt",
    "ForceStyle": "electronvoltperangstrom",
    "ForcesStyle": null,
    "Label": "ASE generated",
    "LatticeStyle": "angstrom",
    "PositionsStyle": "angstrom",
    "StressStyle": "bar"
  }
}