{
  "Dataset": {
    "AtomTypeStyle": "chemicalsymbol",
    "Data": [
      {
        "AtomTypes": [
          "Ni"
        ],
        "Energy": -3.334697091037924,
        "Forces": [
          [
            0.007638028114250801,
            0.007381417570024468,
            0.005106537040268307
          ]
        ],
        "Lattice": [
          [
            2.160001756414873,
            -2.0705645808457366e-05,
            3.324079551993605e-05
          ],
          [
            -2.0674953530372857e-05,
            2.1600229721875106,
            1.0478237902608472e-05
          ],
          [
            3.172999459008669e-05,
            1.0154381451096104e-05,
            2.1601240471510144
          ]
        ],
        "NumAtoms": 1,
        "Positions": [
          [
            0.0,
            0.0,
            0.0
          ]
        ],
        "Stress": [
          [
            2649.3634349192826,
            48.54469369924283,
            -75.02361753519345
          ],
          [
            48.54469369924283,
            2511.084610442652,
            -25.00787251173115
          ],
          [
            -75.02361753519345,
            -25.00787251173115,
            1853.5246685165444
          ]
        ]
      }
    ],
    "EnergyStyle": "electronvolt",
    "ForceStyle": "electronvoltperangstrom",
    "ForcesStyle": null,
    "Label": "ASE generated",
    "LatticeStyle": "angstrom",
    "PositionsStyle": "angstrom",
    "StressStyle": "bar"
  }
}