{
  "Dataset": {
    "AtomTypeStyle": "chemicalsymbol",
    "Data": [
      {
        "AtomTypes": [
          "Ni"
        ],
        "Energy": -3.652784708242507,
        "Forces": [
          [
            1.576488228515006,
            1.5765405287641348,
            1.5767763335341045
          ]
        ],
        "Lattice": [
          [
            2.160294301980144,
            1.587531625060624e-06,
            -1.2594417558814283e-06
          ],
          [
            1.6182239031451294e-06,
            2.1602882429011085,
            -1.016549417247153e-06
          ],
          [
            -2.7734177489809103e-06,
            -1.3414642231762272e-06,
            2.160266152398546
          ]
        ],
        "NumAtoms": 1,
        "Positions": [
          [
            0.0,
            0.0,
            0.0
          ]
        ],
        "Stress": [
          [
            541223.319001534,
            1.4710513242194794,
            -1.4710513242194794
          ],
          [
            1.4710513242194794,
            541246.8558227215,
            -0.0
          ],
          [
            -1.4710513242194794,
            -0.0,
            541329.2346968779
          ]
        ]
      }
    ],
    "EnergyStyle": "electronvolt",
    "ForceStyle": "electronvoltperangstrom",
    "ForcesStyle": null,
    "Label": "ASE generated",
    "LatticeStyle": "angstrom",
    "PositionsStyle": "angstrom",
    "StressStyle": "bar"
  }
}