{
  "Dataset": {
    "AtomTypeStyle": "chemicalsymbol",
    "Data": [
      {
        "AtomTypes": [
          "Ni"
        ],
        "Energy": -2.2245755941503376,
        "Forces": [
          [
            4.642012818302493,
            4.663028129731382,
            4.653541606115096
          ]
        ],
        "Lattice": [
          [
            2.0052891905136363,
            -7.869235512263007e-05,
            0.00013444223237709237
          ],
          [
            -7.865372518642027e-05,
            2.004196142709972,
            3.572581169036428e-05
          ],
          [
            0.00013440783585854938,
            3.5734278525697935e-05,
            2.0048086325196546
          ]
        ],
        "NumAtoms": 1,
        "Positions": [
          [
            0.0,
            0.0,
            0.0
          ]
        ],
        "Stress": [
          [
            1850491.3606860035,
            -76.49466885941294,
            129.45251653131422
          ],
          [
            -76.49466885941294,
            1859410.3448647463,
            33.834180457048035
          ],
          [
            129.45251653131422,
            33.834180457048035,
            1854410.2414137246
          ]
        ]
      }
    ],
    "EnergyStyle": "electronvolt",
    "ForceStyle": "electronvoltperangstrom",
    "ForcesStyle": null,
    "Label": "ASE generated",
    "LatticeStyle": "angstrom",
    "PositionsStyle": "angstrom",
    "StressStyle": "bar"
  }
}