{
  "Dataset": {
    "AtomTypeStyle": "chemicalsymbol",
    "Data": [
      {
        "AtomTypes": [
          "Ni"
        ],
        "Energy": -2.3153778855748897,
        "Forces": [
          [
            4.444327512439437,
            4.465266609882681,
            4.456252352370036
          ]
        ],
        "Lattice": [
          [
            2.011948269189318,
            -0.00020491805298561698,
            0.00033203806033072137
          ],
          [
            -0.00020476829583565293,
            2.0108287064324517,
            9.577737047153251e-05
          ],
          [
            0.000331905766028633,
            9.581070863565877e-05,
            2.0114563090140276
          ]
        ],
        "NumAtoms": 1,
        "Positions": [
          [
            0.0,
            0.0,
            0.0
          ]
        ],
        "Stress": [
          [
            1759943.738526322,
            -172.11300493367912,
            276.5576489532622
          ],
          [
            -172.11300493367912,
            1768864.193756389,
            80.90782283207139
          ],
          [
            276.5576489532622,
            80.90782283207139,
            1763862.6192540429
          ]
        ]
      }
    ],
    "EnergyStyle": "electronvolt",
    "ForceStyle": "electronvoltperangstrom",
    "ForcesStyle": null,
    "Label": "ASE generated",
    "LatticeStyle": "angstrom",
    "PositionsStyle": "angstrom",
    "StressStyle": "bar"
  }
}