{
  "Dataset": {
    "AtomTypeStyle": "chemicalsymbol",
    "Data": [
      {
        "AtomTypes": [
          "Ni"
        ],
        "Energy": -2.186114309864024,
        "Forces": [
          [
            4.733385760359332,
            4.737756652173689,
            4.735761198568642
          ]
        ],
        "Lattice": [
          [
            2.002141201557026,
            -2.7052068068241386e-05,
            5.295529241714723e-05
          ],
          [
            -2.704995135940797e-05,
            2.0019129028674434,
            1.1053453528088771e-05
          ],
          [
            5.295211735389711e-05,
            1.1053982705297124e-05,
            2.00204589885851
          ]
        ],
        "NumAtoms": 1,
        "Positions": [
          [
            0.0,
            0.0,
            0.0
          ]
        ],
        "Stress": [
          [
            1892064.7421597706,
            -26.47892383595063,
            54.42889899612075
          ],
          [
            -26.47892383595063,
            1893944.745752123,
            11.768410593755835
          ],
          [
            54.42889899612075,
            11.768410593755835,
            1892850.2835669036
          ]
        ]
      }
    ],
    "EnergyStyle": "electronvolt",
    "ForceStyle": "electronvoltperangstrom",
    "ForcesStyle": null,
    "Label": "ASE generated",
    "LatticeStyle": "angstrom",
    "PositionsStyle": "angstrom",
    "StressStyle": "bar"
  }
}