{
  "Dataset": {
    "AtomTypeStyle": "chemicalsymbol",
    "Data": [
      {
        "AtomTypes": [
          "Ni"
        ],
        "Energy": -2.16383837102876,
        "Forces": [
          [
            4.798046054090073,
            4.798101094739761,
            4.797983613933039
          ]
        ],
        "Lattice": [
          [
            2.0004728725099077,
            6.350126500242496e-09,
            -7.937658125303119e-09
          ],
          [
            6.350126500242496e-09,
            2.0004728312340854,
            -3.175063250121248e-09
          ],
          [
            -7.937658125303119e-09,
            -3.175063250121248e-09,
            2.0004728412884525
          ]
        ],
        "NumAtoms": 1,
        "Positions": [
          [
            0.0,
            0.0,
            0.0
          ]
        ],
        "Stress": [
          [
            1920891.4639091755,
            4.413153972658439,
            25.00787251173115
          ],
          [
            4.413153972658439,
            1920945.8928081715,
            -7.355256621097396
          ],
          [
            25.00787251173115,
            -7.355256621097396,
            1920878.2244472574
          ]
        ]
      }
    ],
    "EnergyStyle": "electronvolt",
    "ForceStyle": "electronvoltperangstrom",
    "ForcesStyle": null,
    "Label": "ASE generated",
    "LatticeStyle": "angstrom",
    "PositionsStyle": "angstrom",
    "StressStyle": "bar"
  }
}