{
  "Dataset": {
    "AtomTypeStyle": "chemicalsymbol",
    "Data": [
      {
        "AtomTypes": [
          "Ni"
        ],
        "Energy": 1.1147647154839433,
        "Forces": [
          [
            -5.544732930764822,
            -5.545569093371083,
            -5.544566074381329
          ]
        ],
        "Lattice": [
          [
            2.0151197022837897,
            2.047915796328205e-07,
            -2.455382246760432e-07
          ],
          [
            2.047915796328205e-07,
            2.0151183793407688,
            -1.0901050492082951e-07
          ],
          [
            -2.455382246760432e-07,
            -1.0901050492082951e-07,
            2.0151187137807645
          ]
        ],
        "NumAtoms": 1,
        "Positions": [
          [
            0.0,
            0.0,
            0.0
          ]
        ],
        "Stress": [
          [
            -2187754.884635831,
            11.768410593755835,
            33.834180457048035
          ],
          [
            11.768410593755835,
            -2188052.0370033234,
            0.0
          ],
          [
            33.834180457048035,
            0.0,
            -2187676.918915647
          ]
        ]
      }
    ],
    "EnergyStyle": "electronvolt",
    "ForceStyle": "electronvoltperangstrom",
    "ForcesStyle": null,
    "Label": "ASE generated",
    "LatticeStyle": "angstrom",
    "PositionsStyle": "angstrom",
    "StressStyle": "bar"
  }
}