{
  "Dataset": {
    "AtomTypeStyle": "chemicalsymbol",
    "Data": [
      {
        "AtomTypes": [
          "Ni"
        ],
        "Energy": -2.5479258976520214,
        "Forces": [
          [
            3.9059700862130065,
            3.9164720282768952,
            3.9125399257150257
          ]
        ],
        "Lattice": [
          [
            2.03023329651854,
            -0.000520055251635943,
            0.0008223577862748622
          ],
          [
            -0.0005198001882215167,
            2.029629114791029,
            0.0002463796164373253
          ],
          [
            0.0008220487467851836,
            0.00024641665884191007,
            2.029975876678005
          ]
        ],
        "NumAtoms": 1,
        "Positions": [
          [
            0.0,
            0.0,
            0.0
          ]
        ],
        "Stress": [
          [
            1518576.5793510384,
            -242.72346849621414,
            382.4733442970647
          ],
          [
            -242.72346849621414,
            1523117.714788904,
            117.68410593755834
          ],
          [
            382.4733442970647,
            117.68410593755834,
            1520511.0118423868
          ]
        ]
      }
    ],
    "EnergyStyle": "electronvolt",
    "ForceStyle": "electronvoltperangstrom",
    "ForcesStyle": null,
    "Label": "ASE generated",
    "LatticeStyle": "angstrom",
    "PositionsStyle": "angstrom",
    "StressStyle": "bar"
  }
}