{
  "Dataset": {
    "AtomTypeStyle": "chemicalsymbol",
    "Data": [
      {
        "AtomTypes": [
          "Ni"
        ],
        "Energy": -3.2344430531165926,
        "Forces": [
          [
            1.4470260375951571,
            1.4479758531903897,
            1.4459092045723427
          ]
        ],
        "Lattice": [
          [
            2.115083103661497,
            -0.000818058750634198,
            0.0012710868295284564
          ],
          [
            -0.0008181153725954919,
            2.1151851909410007,
            0.0003984011156759223
          ],
          [
            0.001269891947391994,
            0.00039808519688253524,
            2.1149101389158833
          ]
        ],
        "NumAtoms": 1,
        "Positions": [
          [
            0.0,
            0.0,
            0.0
          ]
        ],
        "Stress": [
          [
            518754.4810754058,
            978.2491306059541,
            -1516.6539152702833
          ],
          [
            978.2491306059541,
            518092.507979507,
            -472.20747507445304
          ],
          [
            -1516.6539152702833,
            -472.20747507445304,
            519872.4800818125
          ]
        ]
      }
    ],
    "EnergyStyle": "electronvolt",
    "ForceStyle": "electronvoltperangstrom",
    "ForcesStyle": null,
    "Label": "ASE generated",
    "LatticeStyle": "angstrom",
    "PositionsStyle": "angstrom",
    "StressStyle": "bar"
  }
}