{
  "Dataset": {
    "AtomTypeStyle": "chemicalsymbol",
    "Data": [
      {
        "AtomTypes": [
          "Ni"
        ],
        "Energy": 193.61295704342047,
        "Forces": [
          [
            -491.33723236381735,
            -454.3989325661836,
            -473.89254354160084
          ]
        ],
        "Lattice": [
          [
            2.655516177942031,
            8.868480834797e-06,
            -1.0649162140906666e-05
          ],
          [
            8.868480834797e-06,
            2.6554588071949876,
            -4.719731521305235e-06
          ],
          [
            -1.0649162140906666e-05,
            -4.719731521305235e-06,
            2.655473310883914
          ]
        ],
        "NumAtoms": 1,
        "Positions": [
          [
            0.0,
            0.0,
            0.0
          ]
        ],
        "Stress": [
          [
            -113817641.71062225,
            1220132.6287960387,
            962208.7869666647
          ],
          [
            1220132.6287960387,
            -107871993.54203434,
            3407537.4032167057
          ],
          [
            962208.7869666647,
            3407537.4032167057,
            -112040901.50807601
          ]
        ]
      }
    ],
    "EnergyStyle": "electronvolt",
    "ForceStyle": "electronvoltperangstrom",
    "ForcesStyle": null,
    "Label": "ASE generated",
    "LatticeStyle": "angstrom",
    "PositionsStyle": "angstrom",
    "StressStyle": "bar"
  }
}