{
  "Dataset": {
    "AtomTypeStyle": "chemicalsymbol",
    "Data": [
      {
        "AtomTypes": [
          "Cr"
        ],
        "Energy": -1.9278341019698928,
        "Forces": [
          [
            -0.7021256738304915,
            -1.212752960419989,
            -0.923705308798936
          ]
        ],
        "Lattice": [
          [
            2.4560199052964977,
            0.0,
            0.0
          ],
          [
            0.4428916135022121,
            2.415755914969067,
            0.0
          ],
          [
            -1.0741010092629386,
            -0.8950841743857821,
            3.841468101933968
          ]
        ],
        "NumAtoms": 1,
        "Positions": [
          [
            0.0,
            0.0,
            0.0
          ]
        ],
        "Stress": [
          [
            -218967.4606613937,
            30363.970383214277,
            -997.3727978208074
          ],
          [
            30363.970383214277,
            -230106.26128838366,
            -831.143998184006
          ],
          [
            -997.3727978208074,
            -831.143998184006,
            -150940.16322418815
          ]
        ]
      }
    ],
    "EnergyStyle": "electronvolt",
    "ForcesStyle": "electronvoltperangstrom",
    "Label": "ASE generated",
    "LatticeStyle": "angstrom",
    "PositionsStyle": "angstrom",
    "StressStyle": "bar"
  }
}