{
  "Dataset": {
    "AtomTypeStyle": "chemicalsymbol",
    "Data": [
      {
        "AtomTypes": [
          "Cr"
        ],
        "Energy": -3.1473662755543046,
        "Forces": [
          [
            2.65119583722179,
            3.492351433249243,
            -1.2762402755277389
          ]
        ],
        "Lattice": [
          [
            2.095348263075688,
            0.1313813401680278,
            -0.023905511594334142
          ],
          [
            0.5070788898434554,
            2.0373003671176217,
            -0.023905966157556118
          ],
          [
            -0.9992823866348424,
            -0.8327329854373461,
            2.5258981715928686
          ]
        ],
        "NumAtoms": 1,
        "Positions": [
          [
            0.0,
            0.0,
            0.0
          ]
        ],
        "Stress": [
          [
            1044545.0006345531,
            12751.07287833445,
            -46580.84018140982
          ],
          [
            12751.07287833445,
            1039881.7679367774,
            -38815.160240855184
          ],
          [
            -46580.84018140982,
            -38815.160240855184,
            -285091.21768505935
          ]
        ]
      }
    ],
    "EnergyStyle": "electronvolt",
    "ForcesStyle": "electronvoltperangstrom",
    "Label": "ASE generated",
    "LatticeStyle": "angstrom",
    "PositionsStyle": "angstrom",
    "StressStyle": "bar"
  }
}