{
  "Dataset": {
    "AtomTypeStyle": "chemicalsymbol",
    "Data": [
      {
        "AtomTypes": [
          "Cr"
        ],
        "Energy": -4.2205305987313295,
        "Forces": [
          [
            0.11252673575885164,
            0.13829161631603068,
            -0.8826948131911065
          ]
        ],
        "Lattice": [
          [
            2.365553690669643,
            0.14284360055241757,
            -0.10087368036961836
          ],
          [
            0.5670794666340164,
            2.301016178157567,
            -0.10087431538226839
          ],
          [
            -1.2971018092244626,
            -1.0809176258615425,
            2.2416109103802646
          ]
        ],
        "NumAtoms": 1,
        "Positions": [
          [
            0.0,
            0.0,
            0.0
          ]
        ],
        "Stress": [
          [
            89915.07009026724,
            20243.13727258426,
            -76582.9319388661
          ],
          [
            20243.13727258426,
            82490.67405693153,
            -63818.61959861369
          ],
          [
            -76582.9319388661,
            -63818.61959861369,
            -107988.40665962777
          ]
        ]
      }
    ],
    "EnergyStyle": "electronvolt",
    "ForcesStyle": "electronvoltperangstrom",
    "Label": "ASE generated",
    "LatticeStyle": "angstrom",
    "PositionsStyle": "angstrom",
    "StressStyle": "bar"
  }
}