{
  "Dataset": {
    "AtomTypeStyle": "chemicalsymbol",
    "Data": [
      {
        "AtomTypes": [
          "Ni"
        ],
        "Energy": -3.002706893395043,
        "Forces": [
          [
            -0.9423302703828632,
            -0.8500707986270308,
            -1.0333348706280958
          ]
        ],
        "Lattice": [
          [
            2.968619579243948,
            0.0,
            0.0
          ],
          [
            0.0,
            2.4738486598300966,
            0.0
          ],
          [
            -1.0999358951210467,
            0.0,
            3.0220517630507597
          ]
        ],
        "NumAtoms": 1,
        "Positions": [
          [
            0.0,
            0.0,
            0.0
          ]
        ],
        "Stress": [
          [
            -212458.05855172256,
            -4.413153972658439,
            6880.107043374507
          ],
          [
            -4.413153972658439,
            -171217.13467722945,
            32.363129132828554
          ],
          [
            6880.107043374507,
            32.363129132828554,
            -191454.38774451683
          ]
        ]
      }
    ],
    "EnergyStyle": "electronvolt",
    "ForcesStyle": "electronvoltperangstrom",
    "Label": "ASE generated",
    "LatticeStyle": "angstrom",
    "PositionsStyle": "angstrom",
    "StressStyle": "bar"
  }
}