{
  "Dataset": {
    "AtomTypeStyle": "chemicalsymbol",
    "Data": [
      {
        "AtomTypes": [
          "Ni"
        ],
        "Energy": -4.471320730529442,
        "Forces": [
          [
            0.2947505590027169,
            0.001249295564798434,
            0.5625294066444116
          ]
        ],
        "Lattice": [
          [
            2.3737575397477095,
            -4.919072575692014e-05,
            -0.16329691403002083
          ],
          [
            -3.5458577200145744e-05,
            2.341097388153057,
            0.00019721058694594765
          ],
          [
            -1.0551647248822136,
            0.00023417149824060912,
            2.0820394017803436
          ]
        ],
        "NumAtoms": 1,
        "Positions": [
          [
            0.0,
            0.0,
            0.0
          ]
        ],
        "Stress": [
          [
            66909.29843079881,
            -10.297359269536358,
            17879.157794563554
          ],
          [
            -10.297359269536358,
            300.0944701407738,
            76.49466885941294
          ],
          [
            17879.157794563554,
            76.49466885941294,
            170992.06382462385
          ]
        ]
      }
    ],
    "EnergyStyle": "electronvolt",
    "ForcesStyle": "electronvoltperangstrom",
    "Label": "ASE generated",
    "LatticeStyle": "angstrom",
    "PositionsStyle": "angstrom",
    "StressStyle": "bar"
  }
}