{
  "Dataset": {
    "AtomTypeStyle": "chemicalsymbol",
    "Data": [
      {
        "AtomTypes": [
          "Ni"
        ],
        "Energy": -4.492909445256373,
        "Forces": [
          [
            -0.00015853206394077446,
            -0.005963910392762941,
            -0.003969893591217432
          ]
        ],
        "Lattice": [
          [
            2.3807364488947025,
            -4.942885550067923e-05,
            -0.15217037425015473
          ],
          [
            -4.340311462915746e-05,
            2.3347550776001817,
            0.0002889085303182827
          ],
          [
            -1.0492223976848674,
            0.0004001436962230305,
            2.149796613110888
          ]
        ],
        "NumAtoms": 1,
        "Positions": [
          [
            0.0,
            0.0,
            0.0
          ]
        ],
        "Stress": [
          [
            -80.90782283207139,
            -7.355256621097396,
            42.66048840236491
          ],
          [
            -7.355256621097396,
            -1802.0378721688624,
            98.56043872270514
          ],
          [
            42.66048840236491,
            98.56043872270514,
            -1423.9776818444564
          ]
        ]
      }
    ],
    "EnergyStyle": "electronvolt",
    "ForcesStyle": "electronvoltperangstrom",
    "Label": "ASE generated",
    "LatticeStyle": "angstrom",
    "PositionsStyle": "angstrom",
    "StressStyle": "bar"
  }
}