{
  "Dataset": {
    "AtomTypeStyle": "chemicalsymbol",
    "Data": [
      {
        "AtomTypes": [
          "Ni"
        ],
        "Energy": -4.492896519837814,
        "Forces": [
          [
            0.0009108113865319758,
            -0.01127816999678098,
            0.00521328565211311
          ]
        ],
        "Lattice": [
          [
            2.3808497092217835,
            -4.870017848477641e-05,
            -0.15170992869433098
          ],
          [
            -3.970734100601633e-05,
            2.336033789873283,
            0.00024786448768396535
          ],
          [
            -1.0485457805935452,
            0.00033074951382838053,
            2.147840187291289
          ]
        ],
        "NumAtoms": 1,
        "Positions": [
          [
            0.0,
            0.0,
            0.0
          ]
        ],
        "Stress": [
          [
            1010.6122597387825,
            -7.355256621097396,
            -741.4098674066176
          ],
          [
            -7.355256621097396,
            -3312.807582142268,
            83.84992548051035
          ],
          [
            -741.4098674066176,
            83.84992548051035,
            2343.384759481631
          ]
        ]
      }
    ],
    "EnergyStyle": "electronvolt",
    "ForcesStyle": "electronvoltperangstrom",
    "Label": "ASE generated",
    "LatticeStyle": "angstrom",
    "PositionsStyle": "angstrom",
    "StressStyle": "bar"
  }
}