{
  "Dataset": {
    "AtomTypeStyle": "chemicalsymbol",
    "Data": [
      {
        "AtomTypes": [
          "Ni"
        ],
        "Energy": -3.633875909026756,
        "Forces": [
          [
            -0.963019136517892,
            -0.3428867896208122,
            -1.3083334590261388
          ]
        ],
        "Lattice": [
          [
            2.700638759187013,
            -6.505704599498437e-06,
            0.00825829982527474
          ],
          [
            -5.426183094457213e-06,
            2.302820222637425,
            2.8128414510032488e-05
          ],
          [
            -0.9922402889665772,
            3.6658751108691574e-05,
            2.7692122507035943
          ]
        ],
        "NumAtoms": 1,
        "Positions": [
          [
            0.0,
            0.0,
            0.0
          ]
        ],
        "Stress": [
          [
            -249566.79925648315,
            -1.4710513242194794,
            1473.9934268679187
          ],
          [
            -1.4710513242194794,
            -81102.00160686835,
            4.413153972658439
          ],
          [
            1473.9934268679187,
            4.413153972658439,
            -281460.6630168857
          ]
        ]
      }
    ],
    "EnergyStyle": "electronvolt",
    "ForcesStyle": "electronvoltperangstrom",
    "Label": "ASE generated",
    "LatticeStyle": "angstrom",
    "PositionsStyle": "angstrom",
    "StressStyle": "bar"
  }
}