{
  "Dataset": {
    "AtomTypeStyle": "chemicalsymbol",
    "Data": [
      {
        "AtomTypes": [
          "Ni"
        ],
        "Energy": -4.492913526967641,
        "Forces": [
          [
            -0.00040390071245709577,
            -0.003234580669008033,
            -0.0029678770871579556
          ]
        ],
        "Lattice": [
          [
            2.380716158653002,
            -4.9337837020842426e-05,
            -0.1521145688092934
          ],
          [
            -4.54494428938606e-05,
            2.3341984170443353,
            0.00031545523415254644
          ],
          [
            -1.0491329529780482,
            0.00044439666944880374,
            2.1494773980726705
          ]
        ],
        "NumAtoms": 1,
        "Positions": [
          [
            0.0,
            0.0,
            0.0
          ]
        ],
        "Stress": [
          [
            -64.72625826565711,
            -7.355256621097396,
            -44.13153972658439
          ],
          [
            -7.355256621097396,
            -1031.2069782778551,
            110.32884931646099
          ],
          [
            -44.13153972658439,
            110.32884931646099,
            -1025.3227729809773
          ]
        ]
      }
    ],
    "EnergyStyle": "electronvolt",
    "ForcesStyle": "electronvoltperangstrom",
    "Label": "ASE generated",
    "LatticeStyle": "angstrom",
    "PositionsStyle": "angstrom",
    "StressStyle": "bar"
  }
}