{
  "Dataset": {
    "AtomTypeStyle": "chemicalsymbol",
    "Data": [
      {
        "AtomTypes": [
          "Ni"
        ],
        "Energy": -4.335838531759691,
        "Forces": [
          [
            -0.024105108924084975,
            0.06686013930617887,
            -0.06594126497291708
          ]
        ],
        "Lattice": [
          [
            2.3807180446405725,
            -4.8312291591053265e-05,
            -0.1521309510773096
          ],
          [
            -4.911346588450052e-05,
            2.3335924435227966,
            0.0003706727591354051
          ],
          [
            -1.0491207348054847,
            0.0005360480452268037,
            2.1489574788195767
          ]
        ],
        "NumAtoms": 1,
        "Positions": [
          [
            0.0,
            0.0,
            0.0
          ]
        ],
        "Stress": [
          [
            -66.19730958987658,
            -23.53682118751167,
            -6847.743914241678
          ],
          [
            -23.53682118751167,
            19057.46990526336,
            161.81564566414278
          ],
          [
            -6847.743914241678,
            161.81564566414278,
            -14629.605419362724
          ]
        ]
      }
    ],
    "EnergyStyle": "electronvolt",
    "ForcesStyle": "electronvoltperangstrom",
    "Label": "ASE generated",
    "LatticeStyle": "angstrom",
    "PositionsStyle": "angstrom",
    "StressStyle": "bar"
  }
}