{
  "Dataset": {
    "AtomTypeStyle": "chemicalsymbol",
    "Data": [
      {
        "AtomTypes": [
          "Ni"
        ],
        "Energy": -4.263588434047961,
        "Forces": [
          [
            -0.23999086339729037,
            0.897640260307999,
            -0.9812304322506802
          ]
        ],
        "Lattice": [
          [
            2.3581346214459313,
            -2.152322459536359e-05,
            -0.0024177408135758276
          ],
          [
            -1.742792217991553e-05,
            2.184960487290284,
            8.554625832522514e-05
          ],
          [
            -0.8769954341102121,
            0.00010486069725292105,
            2.3377260731850913
          ]
        ],
        "NumAtoms": 1,
        "Positions": [
          [
            0.0,
            0.0,
            0.0
          ]
        ],
        "Stress": [
          [
            -19728.26930910744,
            0.0,
            -54898.16436854676
          ],
          [
            0.0,
            263581.5052223221,
            41.18943707814543
          ],
          [
            -54898.16436854676,
            41.18943707814543,
            -230432.8346823604
          ]
        ]
      }
    ],
    "EnergyStyle": "electronvolt",
    "ForcesStyle": "electronvoltperangstrom",
    "Label": "ASE generated",
    "LatticeStyle": "angstrom",
    "PositionsStyle": "angstrom",
    "StressStyle": "bar"
  }
}