{
  "Dataset": {
    "AtomTypeStyle": "chemicalsymbol",
    "Data": [
      {
        "AtomTypes": [
          "Cr"
        ],
        "Energy": -41.57722652344319,
        "Forces": [
          [
            -0.2710224265008142,
            -0.31320841226789053,
            -0.0644551940275167
          ]
        ],
        "Lattice": [
          [
            4.120149931266297,
            0.0,
            0.0
          ],
          [
            -2.2498779125167925,
            4.32732343026016,
            0.0
          ],
          [
            -0.7892476805335092,
            -0.37472351609873844,
            6.285346402245773
          ]
        ],
        "NumAtoms": 1,
        "Positions": [
          [
            0.0,
            0.0,
            0.0
          ]
        ],
        "Stress": [
          [
            -24460.641419121504,
            107.386746668022,
            -1.4710513242194794
          ],
          [
            107.386746668022,
            -16324.256544863567,
            2.9421026484389587
          ],
          [
            -1.4710513242194794,
            2.9421026484389587,
            -3982.1359346621316
          ]
        ]
      }
    ],
    "EnergyStyle": "electronvolt",
    "ForcesStyle": "electronvoltperangstrom",
    "Label": "ASE generated",
    "LatticeStyle": "angstrom",
    "PositionsStyle": "angstrom",
    "StressStyle": "bar"
  }
}