{
  "Dataset": {
    "AtomTypeStyle": "chemicalsymbol",
    "Data": [
      {
        "AtomTypes": [
          "Cr"
        ],
        "Energy": -3.808434642015982,
        "Forces": [
          [
            -0.08173729144638013,
            -0.0817529597809604,
            -0.08174773550551223
          ]
        ],
        "Lattice": [
          [
            2.5631304708896567,
            7.212685349858768e-07,
            -4.709677154346518e-08
          ],
          [
            1.281565860138523,
            2.2197347526333213,
            -7.583109395706248e-07
          ],
          [
            1.281565405575301,
            0.7399111321173787,
            2.092785772186893
          ]
        ],
        "NumAtoms": 1,
        "Positions": [
          [
            0.0,
            0.0,
            0.0
          ]
        ],
        "Stress": [
          [
            -23017.540070062194,
            0.0,
            -0.0
          ],
          [
            0.0,
            -23020.482172710632,
            -1.4710513242194794
          ],
          [
            -0.0,
            -1.4710513242194794,
            -23019.011121386415
          ]
        ]
      }
    ],
    "EnergyStyle": "electronvolt",
    "ForcesStyle": "electronvoltperangstrom",
    "Label": "ASE generated",
    "LatticeStyle": "angstrom",
    "PositionsStyle": "angstrom",
    "StressStyle": "bar"
  }
}