{
  "Dataset": {
    "AtomTypeStyle": "chemicalsymbol",
    "Data": [
      {
        "AtomTypes": [
          "Cr"
        ],
        "Energy": -3.847301240222805,
        "Forces": [
          [
            0.009989908240298459,
            0.009948349416473238,
            0.009953546276546476
          ]
        ],
        "Lattice": [
          [
            2.556039362415886,
            1.395969475636642e-06,
            -3.788908811811356e-07
          ],
          [
            1.278020890377864,
            2.213590993602438,
            -2.2849871856705915e-06
          ],
          [
            1.2780197748723088,
            0.7378621542623933,
            2.086994104386651
          ]
        ],
        "NumAtoms": 1,
        "Positions": [
          [
            0.0,
            0.0,
            0.0
          ]
        ],
        "Stress": [
          [
            2827.36064514984,
            1.4710513242194794,
            -0.0
          ],
          [
            1.4710513242194794,
            2820.0053885287425,
            -4.413153972658439
          ],
          [
            -0.0,
            -4.413153972658439,
            2822.9474911771813
          ]
        ]
      }
    ],
    "EnergyStyle": "electronvolt",
    "ForcesStyle": "electronvoltperangstrom",
    "Label": "ASE generated",
    "LatticeStyle": "angstrom",
    "PositionsStyle": "angstrom",
    "StressStyle": "bar"
  }
}