{
  "Dataset": {
    "AtomTypeStyle": "chemicalsymbol",
    "Data": [
      {
        "AtomTypes": [
          "Cr"
        ],
        "Energy": -3.8091492135890803,
        "Forces": [
          [
            -0.003076059918526651,
            -0.0030916481761324574,
            -0.0030864522594271806
          ]
        ],
        "Lattice": [
          [
            2.5563057592185836,
            1.0324247334977592e-06,
            -1.6034069413112302e-07
          ],
          [
            1.2781537736541853,
            2.213823288638298,
            -1.4203116272209048e-06
          ],
          [
            1.278153046564701,
            0.7379401766791701,
            2.0872126805033844
          ]
        ],
        "NumAtoms": 1,
        "Positions": [
          [
            0.0,
            0.0,
            0.0
          ]
        ],
        "Stress": [
          [
            -870.862383937932,
            0.0,
            -0.0
          ],
          [
            0.0,
            -873.8044865863708,
            -1.4710513242194794
          ],
          [
            -0.0,
            -1.4710513242194794,
            -872.3334352621514
          ]
        ]
      }
    ],
    "EnergyStyle": "electronvolt",
    "ForcesStyle": "electronvoltperangstrom",
    "Label": "ASE generated",
    "LatticeStyle": "angstrom",
    "PositionsStyle": "angstrom",
    "StressStyle": "bar"
  }
}