{
  "Dataset": {
    "AtomTypeStyle": "chemicalsymbol",
    "Data": [
      {
        "AtomTypes": [
          "Cr"
        ],
        "Energy": -3.8091478530186578,
        "Forces": [
          [
            -0.0005402758486692874,
            -0.0005714456583874966,
            -0.0005662508059204414
          ]
        ],
        "Lattice": [
          [
            2.556039362415886,
            1.395969475636642e-06,
            -3.788908811811356e-07
          ],
          [
            1.278020890377864,
            2.213590993602438,
            -2.2849871856705915e-06
          ],
          [
            1.2780197748723088,
            0.7378621542623933,
            2.086994104386651
          ]
        ],
        "NumAtoms": 1,
        "Positions": [
          [
            0.0,
            0.0,
            0.0
          ]
        ],
        "Stress": [
          [
            -154.46038904304532,
            1.4710513242194794,
            -0.0
          ],
          [
            1.4710513242194794,
            -160.34459433992328,
            -2.9421026484389587
          ],
          [
            -0.0,
            -2.9421026484389587,
            -157.4024916914843
          ]
        ]
      }
    ],
    "EnergyStyle": "electronvolt",
    "ForcesStyle": "electronvoltperangstrom",
    "Label": "ASE generated",
    "LatticeStyle": "angstrom",
    "PositionsStyle": "angstrom",
    "StressStyle": "bar"
  }
}