{
  "Dataset": {
    "AtomTypeStyle": "chemicalsymbol",
    "Data": [
      {
        "AtomTypes": [
          "Cr"
        ],
        "Energy": 2238.709537133768,
        "Forces": [
          [
            -0.21234538705827286,
            -0.20816860507425525,
            -0.06291145238015056
          ]
        ],
        "Lattice": [
          [
            4.208319850190539,
            0.0,
            0.0
          ],
          [
            -2.4303341717239872,
            4.565984954258232,
            0.0
          ],
          [
            -0.7855838997144686,
            -0.15173097219861986,
            6.321224663934504
          ]
        ],
        "NumAtoms": 1,
        "Positions": [
          [
            0.0,
            0.0,
            0.0
          ]
        ],
        "Stress": [
          [
            -17434.90029464927,
            -304.50762411343226,
            33.834180457048035
          ],
          [
            -304.50762411343226,
            -9835.44915373144,
            13.239461917975316
          ],
          [
            33.834180457048035,
            13.239461917975316,
            -3835.030802240183
          ]
        ]
      }
    ],
    "EnergyStyle": "electronvolt",
    "ForcesStyle": "electronvoltperangstrom",
    "Label": "ASE generated",
    "LatticeStyle": "angstrom",
    "PositionsStyle": "angstrom",
    "StressStyle": "bar"
  }
}