{
  "Dataset": {
    "AtomTypeStyle": "chemicalsymbol",
    "Data": [
      {
        "AtomTypes": [
          "Cr"
        ],
        "Energy": -41.839380683430136,
        "Forces": [
          [
            5.696505001623463,
            5.696505001623463,
            5.696501328991878
          ]
        ],
        "Lattice": [
          [
            1.9999998584662084,
            0.0,
            0.0
          ],
          [
            0.0,
            1.9999998584662084,
            0.0
          ],
          [
            0.0,
            0.0,
            1.9999998584662084
          ]
        ],
        "NumAtoms": 1,
        "Positions": [
          [
            0.0,
            0.0,
            0.0
          ]
        ],
        "Stress": [
          [
            2281702.106405784,
            0.0,
            0.0
          ],
          [
            0.0,
            2281702.106405784,
            -0.0
          ],
          [
            0.0,
            -0.0,
            2281700.6353544598
          ]
        ]
      }
    ],
    "EnergyStyle": "electronvolt",
    "ForcesStyle": "electronvoltperangstrom",
    "Label": "ASE generated",
    "LatticeStyle": "angstrom",
    "PositionsStyle": "angstrom",
    "StressStyle": "bar"
  }
}