{
  "Dataset": {
    "AtomTypeStyle": "chemicalsymbol",
    "Data": [
      {
        "AtomTypes": [
          "Cr"
        ],
        "Energy": -43.64448670959473,
        "Forces": [
          [
            0.00927660317446169,
            0.009276597967711728,
            0.009290200656871393
          ]
        ],
        "Lattice": [
          [
            2.222199125071674,
            -1.2065240350460743e-07,
            -2.6988037626030608e-08
          ],
          [
            -1.2065240350460743e-07,
            2.222198972139461,
            1.5610727646429468e-07
          ],
          [
            -2.6988037626030608e-08,
            1.5610727646429468e-07,
            2.222197877800994
          ]
        ],
        "NumAtoms": 1,
        "Positions": [
          [
            0.0,
            0.0,
            0.0
          ]
        ],
        "Stress": [
          [
            3009.771009353055,
            0.0,
            0.0
          ],
          [
            0.0,
            3009.771009353055,
            -0.0
          ],
          [
            0.0,
            -0.0,
            3014.1841633257136
          ]
        ]
      }
    ],
    "EnergyStyle": "electronvolt",
    "ForcesStyle": "electronvoltperangstrom",
    "Label": "ASE generated",
    "LatticeStyle": "angstrom",
    "PositionsStyle": "angstrom",
    "StressStyle": "bar"
  }
}