{
  "Dataset": {
    "AtomTypeStyle": "chemicalsymbol",
    "Data": [
      {
        "AtomTypes": [
          "Cr"
        ],
        "Energy": -43.644492287933645,
        "Forces": [
          [
            -0.0002131756638192261,
            -0.00021317570929557596,
            -0.0002177113561536658
          ]
        ],
        "Lattice": [
          [
            2.222599226962898,
            -1.0901050492082951e-07,
            -2.0108733917434573e-08
          ],
          [
            -1.0901050492082951e-07,
            2.222599293639226,
            1.4764044113063803e-07
          ],
          [
            -2.0108733917434573e-08,
            1.4764044113063803e-07,
            2.2225997011056764
          ]
        ],
        "NumAtoms": 1,
        "Positions": [
          [
            0.0,
            0.0,
            0.0
          ]
        ],
        "Stress": [
          [
            -69.13941223831554,
            0.0,
            -0.0
          ],
          [
            0.0,
            -69.13941223831554,
            -0.0
          ],
          [
            -0.0,
            -0.0,
            -70.61046356253502
          ]
        ]
      }
    ],
    "EnergyStyle": "electronvolt",
    "ForcesStyle": "electronvoltperangstrom",
    "Label": "ASE generated",
    "LatticeStyle": "angstrom",
    "PositionsStyle": "angstrom",
    "StressStyle": "bar"
  }
}