{
  "Dataset": {
    "AtomTypeStyle": "chemicalsymbol",
    "Data": [
      {
        "AtomTypes": [
          "Cr"
        ],
        "Energy": -43.643988196601185,
        "Forces": [
          [
            -0.07032040421627188,
            -0.0703204020267458,
            -0.07031584945182208
          ]
        ],
        "Lattice": [
          [
            2.2264023981588283,
            4.762594875181872e-09,
            5.291772083535413e-09
          ],
          [
            4.762594875181872e-09,
            2.2264024420805373,
            -2.2225442750848734e-08
          ],
          [
            5.291772083535413e-09,
            -2.2225442750848734e-08,
            2.2264023288366146
          ]
        ],
        "NumAtoms": 1,
        "Positions": [
          [
            0.0,
            0.0,
            0.0
          ]
        ],
        "Stress": [
          [
            -22729.21401051518,
            -0.0,
            -0.0
          ],
          [
            -0.0,
            -22729.21401051518,
            0.0
          ],
          [
            -0.0,
            0.0,
            -22727.742959190957
          ]
        ]
      }
    ],
    "EnergyStyle": "electronvolt",
    "ForcesStyle": "electronvoltperangstrom",
    "Label": "ASE generated",
    "LatticeStyle": "angstrom",
    "PositionsStyle": "angstrom",
    "StressStyle": "bar"
  }
}