{
  "Dataset": {
    "AtomTypeStyle": "chemicalsymbol",
    "Data": [
      {
        "AtomTypes": [
          "Cr"
        ],
        "Energy": -43.64445473619071,
        "Forces": [
          [
            -0.024134145438344586,
            -0.02413415444972329,
            -0.024143233278813504
          ]
        ],
        "Lattice": [
          [
            2.223641394907156,
            -1.4922797275569865e-07,
            -3.915911341816206e-08
          ],
          [
            -1.4922797275569865e-07,
            2.223641485925636,
            2.1484594659153777e-07
          ],
          [
            -3.915911341816206e-08,
            2.1484594659153777e-07,
            2.223642225186196
          ]
        ],
        "NumAtoms": 1,
        "Positions": [
          [
            0.0,
            0.0,
            0.0
          ]
        ],
        "Stress": [
          [
            -7820.108839550753,
            0.0,
            0.0
          ],
          [
            0.0,
            -7820.108839550753,
            -0.0
          ],
          [
            0.0,
            -0.0,
            -7823.050942199193
          ]
        ]
      }
    ],
    "EnergyStyle": "electronvolt",
    "ForcesStyle": "electronvoltperangstrom",
    "Label": "ASE generated",
    "LatticeStyle": "angstrom",
    "PositionsStyle": "angstrom",
    "StressStyle": "bar"
  }
}