{
  "Dataset": {
    "AtomTypeStyle": "chemicalsymbol",
    "Data": [
      {
        "AtomTypes": [
          "Cr"
        ],
        "Energy": -43.644492287933645,
        "Forces": [
          [
            9.524870085539888e-05,
            9.524872117461904e-05,
            9.07130650640274e-05
          ]
        ],
        "Lattice": [
          [
            2.222599226962898,
            -1.0901050492082951e-07,
            -2.0108733917434573e-08
          ],
          [
            -1.0901050492082951e-07,
            2.222599293639226,
            1.4764044113063803e-07
          ],
          [
            -2.0108733917434573e-08,
            1.4764044113063803e-07,
            2.2225997011056764
          ]
        ],
        "NumAtoms": 1,
        "Positions": [
          [
            0.0,
            0.0,
            0.0
          ]
        ],
        "Stress": [
          [
            30.892077808609073,
            0.0,
            -0.0
          ],
          [
            0.0,
            30.892077808609073,
            -0.0
          ],
          [
            -0.0,
            -0.0,
            29.421026484389586
          ]
        ]
      }
    ],
    "EnergyStyle": "electronvolt",
    "ForcesStyle": "electronvoltperangstrom",
    "Label": "ASE generated",
    "LatticeStyle": "angstrom",
    "PositionsStyle": "angstrom",
    "StressStyle": "bar"
  }
}