{
  "Dataset": {
    "AtomTypeStyle": "chemicalsymbol",
    "Data": [
      {
        "AtomTypes": [
          "Cr"
        ],
        "Energy": -43.979606083094495,
        "Forces": [
          [
            1.1540332595640128,
            1.1540335057516842,
            1.154033471131544
          ]
        ],
        "Lattice": [
          [
            2.222599226962898,
            -1.0901050492082951e-07,
            -2.0108733917434573e-08
          ],
          [
            -1.0901050492082951e-07,
            2.222599293639226,
            1.4764044113063803e-07
          ],
          [
            -2.0108733917434573e-08,
            1.4764044113063803e-07,
            2.2225997011056764
          ]
        ],
        "NumAtoms": 1,
        "Positions": [
          [
            0.0,
            0.0,
            0.0
          ]
        ],
        "Stress": [
          [
            374288.41472910746,
            -0.0,
            0.0
          ],
          [
            -0.0,
            374288.41472910746,
            0.0
          ],
          [
            0.0,
            0.0,
            374288.41472910746
          ]
        ]
      }
    ],
    "EnergyStyle": "electronvolt",
    "ForcesStyle": "electronvoltperangstrom",
    "Label": "ASE generated",
    "LatticeStyle": "angstrom",
    "PositionsStyle": "angstrom",
    "StressStyle": "bar"
  }
}