{
  "Dataset": {
    "AtomTypeStyle": "chemicalsymbol",
    "Data": [
      {
        "AtomTypes": [
          "Cr"
        ],
        "Energy": -35.99155999705545,
        "Forces": [
          [
            -11.207999533001585,
            -11.208137200987906,
            -11.20841372071081
          ]
        ],
        "Lattice": [
          [
            2.6804975110343654,
            1.4287784625545616e-08,
            1.640449345895978e-08
          ],
          [
            1.4287784625545616e-08,
            2.6804976438578447,
            -6.720550546089975e-08
          ],
          [
            1.640449345895978e-08,
            -6.720550546089975e-08,
            2.680497303067723
          ]
        ],
        "NumAtoms": 1,
        "Positions": [
          [
            0.0,
            0.0,
            0.0
          ]
        ],
        "Stress": [
          [
            -2499257.357795927,
            8.826307945316877,
            10.297359269536358
          ],
          [
            8.826307945316877,
            -2499227.936769443,
            -50.0157450234623
          ],
          [
            10.297359269536358,
            -50.0157450234623,
            -2499291.1919763843
          ]
        ]
      }
    ],
    "EnergyStyle": "electronvolt",
    "ForcesStyle": "electronvoltperangstrom",
    "Label": "ASE generated",
    "LatticeStyle": "angstrom",
    "PositionsStyle": "angstrom",
    "StressStyle": "bar"
  }
}