{
  "Dataset": {
    "AtomTypeStyle": "chemicalsymbol",
    "Data": [
      {
        "AtomTypes": [
          "Ni"
        ],
        "Energy": -3.9375127719813463,
        "Forces": [
          [
            0.015477406655795478,
            0.0124364722966415,
            0.0027118515987526303
          ]
        ],
        "Lattice": [
          [
            2.2067545929360093,
            -2.781355407106213e-06,
            -9.200804121643024e-06
          ],
          [
            -3.3719171716287653e-06,
            2.321126644072004,
            -1.927210475102762e-05
          ],
          [
            -1.0569785559653634e-05,
            -2.0339455180276717e-05,
            2.327697825355024
          ]
        ],
        "NumAtoms": 1,
        "Positions": [
          [
            0.0,
            0.0,
            0.0
          ]
        ],
        "Stress": [
          [
            4839.758856682088,
            0.0,
            1.4710513242194794
          ],
          [
            0.0,
            3692.338823790894,
            -4.413153972658439
          ],
          [
            1.4710513242194794,
            -4.413153972658439,
            848.7966140746397
          ]
        ]
      }
    ],
    "EnergyStyle": "electronvolt",
    "ForceStyle": "electronvoltperangstrom",
    "ForcesStyle": null,
    "Label": "ASE generated",
    "LatticeStyle": "angstrom",
    "PositionsStyle": "angstrom",
    "StressStyle": "bar"
  }
}