{
  "Dataset": {
    "AtomTypeStyle": "chemicalsymbol",
    "Data": [
      {
        "AtomTypes": [
          "Ni"
        ],
        "Energy": -3.9372262358556327,
        "Forces": [
          [
            0.07639794101638085,
            0.03572822860262954,
            -0.017509608844433228
          ]
        ],
        "Lattice": [
          [
            2.202912821437792,
            -2.9575714174879425e-06,
            -9.81306215170807e-06
          ],
          [
            -3.6158678646797476e-06,
            2.318422094503273,
            -1.764435565813213e-05
          ],
          [
            -1.1593743457817737e-05,
            -1.8501622735664865e-05,
            2.332763675812997
          ]
        ],
        "NumAtoms": 1,
        "Positions": [
          [
            0.0,
            0.0,
            0.0
          ]
        ],
        "Stress": [
          [
            23964.897122859544,
            0.0,
            1.4710513242194794
          ],
          [
            0.0,
            10588.627431731815,
            -4.413153972658439
          ],
          [
            1.4710513242194794,
            -4.413153972658439,
            -5456.129361530049
          ]
        ]
      }
    ],
    "EnergyStyle": "electronvolt",
    "ForceStyle": "electronvoltperangstrom",
    "ForcesStyle": null,
    "Label": "ASE generated",
    "LatticeStyle": "angstrom",
    "PositionsStyle": "angstrom",
    "StressStyle": "bar"
  }
}