{
  "Dataset": {
    "AtomTypeStyle": "chemicalsymbol",
    "Data": [
      {
        "AtomTypes": [
          "Ni"
        ],
        "Energy": -3.5286891231298796,
        "Forces": [
          [
            2.4291240716794533,
            -0.10395824420251713,
            -0.6927637216653364
          ]
        ],
        "Lattice": [
          [
            1.9999998584662084,
            0.0,
            0.0
          ],
          [
            0.0,
            2.39999983015945,
            0.0
          ],
          [
            0.0,
            0.0,
            2.599999816006071
          ]
        ],
        "NumAtoms": 1,
        "Positions": [
          [
            0.0,
            0.0,
            0.0
          ]
        ],
        "Stress": [
          [
            810855.2583203708,
            -7.355256621097396,
            -38.24733442970647
          ],
          [
            -7.355256621097396,
            -26645.152635587434,
            -39.71838575392595
          ],
          [
            -38.24733442970647,
            -39.71838575392595,
            -213370.11037273862
          ]
        ]
      }
    ],
    "EnergyStyle": "electronvolt",
    "ForceStyle": "electronvoltperangstrom",
    "ForcesStyle": null,
    "Label": "ASE generated",
    "LatticeStyle": "angstrom",
    "PositionsStyle": "angstrom",
    "StressStyle": "bar"
  }
}