{
  "Dataset": {
    "AtomTypeStyle": "chemicalsymbol",
    "Data": [
      {
        "AtomTypes": [
          "Ni"
        ],
        "Energy": -3.9823969009430584,
        "Forces": [
          [
            0.7503219780150716,
            0.07212418663928631,
            0.0520853122465357
          ]
        ],
        "Lattice": [
          [
            2.207500144883909,
            -2.3172669953801573e-06,
            -8.163087616061729e-06
          ],
          [
            -2.7374336988128695e-06,
            2.3228448030909465,
            -2.3518222670856438e-05
          ],
          [
            -8.907110771006808e-06,
            -2.5296258090924337e-05,
            2.3279163083365684
          ]
        ],
        "NumAtoms": 1,
        "Positions": [
          [
            0.0,
            0.0,
            0.0
          ]
        ],
        "Stress": [
          [
            234444.3916435069,
            0.0,
            -1.4710513242194794
          ],
          [
            0.0,
            21372.904689584822,
            -2.9421026484389587
          ],
          [
            -1.4710513242194794,
            -2.9421026484389587,
            16243.348722031495
          ]
        ]
      }
    ],
    "EnergyStyle": "electronvolt",
    "ForceStyle": "electronvoltperangstrom",
    "ForcesStyle": null,
    "Label": "ASE generated",
    "LatticeStyle": "angstrom",
    "PositionsStyle": "angstrom",
    "StressStyle": "bar"
  }
}