{
  "Dataset": {
    "AtomTypeStyle": "chemicalsymbol",
    "Data": [
      {
        "AtomTypes": [
          "Ni"
        ],
        "Energy": -3.9375295069976346,
        "Forces": [
          [
            -0.00203860066567299,
            0.0003128104328457583,
            -0.0014345705553120674
          ]
        ],
        "Lattice": [
          [
            2.2075840099462436,
            -2.5188835117628567e-06,
            -8.656809951455582e-06
          ],
          [
            -3.0136642015734177e-06,
            2.322788089581996,
            -2.1517403646071697e-05
          ],
          [
            -9.698759874703707e-06,
            -2.2956236475584975e-05,
            2.32816445381735
          ]
        ],
        "NumAtoms": 1,
        "Positions": [
          [
            0.0,
            0.0,
            0.0
          ]
        ],
        "Stress": [
          [
            -638.4362747112541,
            0.0,
            1.4710513242194794
          ],
          [
            0.0,
            98.56043872270514,
            -5.8842052968779175
          ],
          [
            1.4710513242194794,
            -5.8842052968779175,
            -442.78644859006334
          ]
        ]
      }
    ],
    "EnergyStyle": "electronvolt",
    "ForceStyle": "electronvoltperangstrom",
    "ForcesStyle": null,
    "Label": "ASE generated",
    "LatticeStyle": "angstrom",
    "PositionsStyle": "angstrom",
    "StressStyle": "bar"
  }
}