{
  "Dataset": {
    "AtomTypeStyle": "chemicalsymbol",
    "Data": [
      {
        "AtomTypes": [
          "Cr"
        ],
        "Energy": -42.036887613087856,
        "Forces": [
          [
            -0.2519430339346957,
            -0.4831667161504729,
            -0.10367399854636732
          ]
        ],
        "Lattice": [
          [
            4.12227986952992,
            0.0,
            0.0
          ],
          [
            -0.5303436720546327,
            3.3011917982773418,
            0.0
          ],
          [
            -2.112940503605473,
            -3.8584745692793527,
            5.844988871566213
          ]
        ],
        "NumAtoms": 1,
        "Positions": [
          [
            0.0,
            0.0,
            0.0
          ]
        ],
        "Stress": [
          [
            -30294.830970975963,
            638.4362747112541,
            -5.8842052968779175
          ],
          [
            638.4362747112541,
            -36574.749074068925,
            -27.949975160170116
          ],
          [
            -5.8842052968779175,
            -27.949975160170116,
            -5719.447548565337
          ]
        ]
      }
    ],
    "EnergyStyle": "electronvolt",
    "ForcesStyle": "electronvoltperangstrom",
    "Label": "ASE generated",
    "LatticeStyle": "angstrom",
    "PositionsStyle": "angstrom",
    "StressStyle": "bar"
  }
}