{
  "Dataset": {
    "AtomTypeStyle": "chemicalsymbol",
    "Data": [
      {
        "AtomTypes": [
          "Cr"
        ],
        "Energy": -42.85834369156282,
        "Forces": [
          [
            -0.8679604277466656,
            -1.4604944450626867,
            -1.166163498616463
          ]
        ],
        "Lattice": [
          [
            2.4560199052964977,
            0.0,
            0.0
          ],
          [
            0.4428916135022121,
            2.415755914969067,
            0.0
          ],
          [
            -1.0741010092629386,
            -0.8950841743857821,
            3.841468101933968
          ]
        ],
        "NumAtoms": 1,
        "Positions": [
          [
            0.0,
            0.0,
            0.0
          ]
        ],
        "Stress": [
          [
            -250870.1507297416,
            22086.364581831265,
            -5598.821339979339
          ],
          [
            22086.364581831265,
            -258968.28826956984,
            -4664.70374909997
          ],
          [
            -5598.821339979339,
            -4664.70374909997,
            -182604.54297801244
          ]
        ]
      }
    ],
    "EnergyStyle": "electronvolt",
    "ForcesStyle": "electronvoltperangstrom",
    "Label": "ASE generated",
    "LatticeStyle": "angstrom",
    "PositionsStyle": "angstrom",
    "StressStyle": "bar"
  }
}