{
  "Dataset": {
    "AtomTypeStyle": "chemicalsymbol",
    "Data": [
      {
        "AtomTypes": [
          "Cr"
        ],
        "Energy": -45.24613902500778,
        "Forces": [
          [
            0.004469592293284219,
            0.0023347956360609016,
            -0.0005299199454181077
          ]
        ],
        "Lattice": [
          [
            2.438416299458472,
            0.17461648654277293,
            -0.14663043393121775
          ],
          [
            0.6114702915809201,
            2.3669533538021934,
            -0.14662930625458676
          ],
          [
            -1.4088459970360523,
            -1.1740382626877133,
            2.1663434536513635
          ]
        ],
        "NumAtoms": 1,
        "Positions": [
          [
            0.0,
            0.0,
            0.0
          ]
        ],
        "Stress": [
          [
            -102.97359269536356,
            1894.7141055946897,
            -531.0495280432322
          ],
          [
            1894.7141055946897,
            -797.309817726958,
            -442.78644859006334
          ],
          [
            -531.0495280432322,
            -442.78644859006334,
            825.2597928871279
          ]
        ]
      }
    ],
    "EnergyStyle": "electronvolt",
    "ForcesStyle": "electronvoltperangstrom",
    "Label": "ASE generated",
    "LatticeStyle": "angstrom",
    "PositionsStyle": "angstrom",
    "StressStyle": "bar"
  }
}