{
  "Dataset": {
    "AtomTypeStyle": "chemicalsymbol",
    "Data": [
      {
        "AtomTypes": [
          "Cr"
        ],
        "Energy": -44.88329639697213,
        "Forces": [
          [
            1.2501495851693742,
            1.468901894856986,
            -0.5132771946595085
          ]
        ],
        "Lattice": [
          [
            2.232862116729744,
            0.14077054513445209,
            -0.07116985609683701
          ],
          [
            0.541111770509108,
            2.170872428960133,
            -0.07116816272977029
          ],
          [
            -1.145386814187539,
            -0.9544869623196213,
            2.255106845343951
          ]
        ],
        "NumAtoms": 1,
        "Positions": [
          [
            0.0,
            0.0,
            0.0
          ]
        ],
        "Stress": [
          [
            542659.0650939723,
            -4769.148393119553,
            -118403.4500351017
          ],
          [
            -4769.148393119553,
            544406.674067145,
            -98670.7675720216
          ],
          [
            -118403.4500351017,
            -98670.7675720216,
            62987.47560042967
          ]
        ]
      }
    ],
    "EnergyStyle": "electronvolt",
    "ForcesStyle": "electronvoltperangstrom",
    "Label": "ASE generated",
    "LatticeStyle": "angstrom",
    "PositionsStyle": "angstrom",
    "StressStyle": "bar"
  }
}