{
  "Dataset": {
    "AtomTypeStyle": "chemicalsymbol",
    "Data": [
      {
        "AtomTypes": [
          "Cr"
        ],
        "Energy": -44.09849122781179,
        "Forces": [
          [
            2.6612584035541538,
            3.4818257853642707,
            -1.4122374927053334
          ]
        ],
        "Lattice": [
          [
            2.093919958755912,
            0.11362337968845192,
            -0.03573538662277223
          ],
          [
            0.4893543352626884,
            2.039103453257556,
            -0.03573355249456808
          ],
          [
            -1.0095817726953942,
            -0.8413148834756555,
            2.537752433752954
          ]
        ],
        "NumAtoms": 1,
        "Positions": [
          [
            0.0,
            0.0,
            0.0
          ]
        ],
        "Stress": [
          [
            1031127.5415063475,
            34635.903428747646,
            -54200.886040866724
          ],
          [
            34635.903428747646,
            1018427.9554243606,
            -45168.630910159125
          ],
          [
            -54200.886040866724,
            -45168.630910159125,
            -309435.6460495675
          ]
        ]
      }
    ],
    "EnergyStyle": "electronvolt",
    "ForcesStyle": "electronvoltperangstrom",
    "Label": "ASE generated",
    "LatticeStyle": "angstrom",
    "PositionsStyle": "angstrom",
    "StressStyle": "bar"
  }
}