{
  "Dataset": {
    "AtomTypeStyle": "chemicalsymbol",
    "Data": [
      {
        "AtomTypes": [
          "Cr"
        ],
        "Energy": -43.19832207012314,
        "Forces": [
          [
            -0.455992966780754,
            -0.804432455949388,
            -1.1984371530519697
          ]
        ],
        "Lattice": [
          [
            2.351308638162026,
            0.009218976596155093,
            -0.002337030705757745
          ],
          [
            0.4330760232354959,
            2.3110998599460952,
            -0.002336418976904889
          ],
          [
            -1.0353226481226634,
            -0.8627672628847192,
            3.7239873770012015
          ]
        ],
        "NumAtoms": 1,
        "Positions": [
          [
            0.0,
            0.0,
            0.0
          ]
        ],
        "Stress": [
          [
            -155084.1148045144,
            27486.593993040973,
            -6944.833301640163
          ],
          [
            27486.593993040973,
            -165163.7584780663,
            -5787.115909479433
          ],
          [
            -6944.833301640163,
            -5787.115909479433,
            -201000.03978737703
          ]
        ]
      }
    ],
    "EnergyStyle": "electronvolt",
    "ForcesStyle": "electronvoltperangstrom",
    "Label": "ASE generated",
    "LatticeStyle": "angstrom",
    "PositionsStyle": "angstrom",
    "StressStyle": "bar"
  }
}