{
  "Dataset": {
    "AtomTypeStyle": "chemicalsymbol",
    "Data": [
      {
        "AtomTypes": [
          "Cr"
        ],
        "Energy": -45.241999897744336,
        "Forces": [
          [
            0.03245633349383205,
            0.014183840796814067,
            -0.10978177741950781
          ]
        ],
        "Lattice": [
          [
            2.438507703179317,
            0.17559107802834692,
            -0.14674692065173822
          ],
          [
            0.6124453947808547,
            2.3668676016939343,
            -0.14674579509181604
          ],
          [
            -1.409506975353336,
            -1.174589101765091,
            2.1667027221124813
          ]
        ],
        "NumAtoms": 1,
        "Positions": [
          [
            0.0,
            0.0,
            0.0
          ]
        ],
        "Stress": [
          [
            -2662.602896837258,
            16047.698895910302,
            -4229.272557131004
          ],
          [
            16047.698895910302,
            -8546.808193715176,
            -3524.638972829873
          ],
          [
            -4229.272557131004,
            -3524.638972829873,
            -23021.953224034856
          ]
        ]
      }
    ],
    "EnergyStyle": "electronvolt",
    "ForcesStyle": "electronvoltperangstrom",
    "Label": "ASE generated",
    "LatticeStyle": "angstrom",
    "PositionsStyle": "angstrom",
    "StressStyle": "bar"
  }
}