{
  "Dataset": {
    "AtomTypeStyle": "chemicalsymbol",
    "Data": [
      {
        "AtomTypes": [
          "Cr"
        ],
        "Energy": -43.97323208289572,
        "Forces": [
          [
            2.0715242894236776,
            2.848560680409769,
            -1.8981783960160892
          ]
        ],
        "Lattice": [
          [
            2.107796486434682,
            0.09690612239062127,
            -0.0284531287577996
          ],
          [
            0.47541346492715475,
            2.055767127129623,
            -0.028451528525921536
          ],
          [
            -0.9990872864066034,
            -0.8325697358561006,
            2.746274188290053
          ]
        ],
        "NumAtoms": 1,
        "Positions": [
          [
            0.0,
            0.0,
            0.0
          ]
        ],
        "Stress": [
          [
            760802.7370138032,
            55361.54553567589,
            -42098.54679651306
          ],
          [
            55361.54553567589,
            740503.6997908985,
            -35083.10303131037
          ],
          [
            -42098.54679651306,
            -35083.10303131037,
            -429776.4706786663
          ]
        ]
      }
    ],
    "EnergyStyle": "electronvolt",
    "ForcesStyle": "electronvoltperangstrom",
    "Label": "ASE generated",
    "LatticeStyle": "angstrom",
    "PositionsStyle": "angstrom",
    "StressStyle": "bar"
  }
}