{
  "Dataset": {
    "AtomTypeStyle": "chemicalsymbol",
    "Data": [
      {
        "AtomTypes": [
          "Cr"
        ],
        "Energy": -44.3568055860228,
        "Forces": [
          [
            2.803922989503045,
            3.3407306879756367,
            0.07526722690422416
          ]
        ],
        "Lattice": [
          [
            2.1241874202568547,
            0.13232559022000645,
            -0.0503765785426763
          ],
          [
            0.5132080499335144,
            2.0655020626166443,
            -0.0503744819425768
          ],
          [
            -1.0514602060765272,
            -0.8762135245130349,
            2.2606400254240513
          ]
        ],
        "NumAtoms": 1,
        "Positions": [
          [
            0.0,
            0.0,
            0.0
          ]
        ],
        "Stress": [
          [
            1147845.1667238935,
            -2987.7052394897632,
            -105306.68009557566
          ],
          [
            -2987.7052394897632,
            1148941.099960437,
            -87758.5088489615
          ],
          [
            -105306.68009557566,
            -87758.5088489615,
            216906.51775616227
          ]
        ]
      }
    ],
    "EnergyStyle": "electronvolt",
    "ForcesStyle": "electronvoltperangstrom",
    "Label": "ASE generated",
    "LatticeStyle": "angstrom",
    "PositionsStyle": "angstrom",
    "StressStyle": "bar"
  }
}