{
  "Dataset": {
    "AtomTypeStyle": "chemicalsymbol",
    "Data": [
      {
        "AtomTypes": [
          "Cr"
        ],
        "Energy": -45.24462103661517,
        "Forces": [
          [
            0.059624865302699684,
            0.0462347550728119,
            -0.04861565784805963
          ]
        ],
        "Lattice": [
          [
            2.4331022527187054,
            0.1687603697211484,
            -0.14825115290490026
          ],
          [
            0.6047518810274608,
            2.362782180604498,
            -0.14825002681580088
          ],
          [
            -1.414715760279526,
            -1.1789296582370539,
            2.1861600431198505
          ]
        ],
        "NumAtoms": 1,
        "Positions": [
          [
            0.0,
            0.0,
            0.0
          ]
        ],
        "Stress": [
          [
            403.06806283613736,
            6207.836588206204,
            10259.111935106652
          ],
          [
            6207.836588206204,
            -1872.6483357313978,
            8548.279245039395
          ],
          [
            10259.111935106652,
            8548.279245039395,
            -32354.302824883234
          ]
        ]
      }
    ],
    "EnergyStyle": "electronvolt",
    "ForcesStyle": "electronvoltperangstrom",
    "Label": "ASE generated",
    "LatticeStyle": "angstrom",
    "PositionsStyle": "angstrom",
    "StressStyle": "bar"
  }
}