{
  "Dataset": {
    "AtomTypeStyle": "chemicalsymbol",
    "Data": [
      {
        "AtomTypes": [
          "Cr"
        ],
        "Energy": -45.246146916315865,
        "Forces": [
          [
            -0.0005058265342065727,
            -0.0008028589130272114,
            -0.0009760245972959442
          ]
        ],
        "Lattice": [
          [
            2.438507703179317,
            0.17559107802834692,
            -0.14674692065173822
          ],
          [
            0.6124453947808547,
            2.3668676016939343,
            -0.14674579509181604
          ],
          [
            -1.409506975353336,
            -1.174589101765091,
            2.1667027221124813
          ]
        ],
        "NumAtoms": 1,
        "Positions": [
          [
            0.0,
            0.0,
            0.0
          ]
        ],
        "Stress": [
          [
            -288.32605954701796,
            286.8550082227985,
            -141.22092712507003
          ],
          [
            286.8550082227985,
            -394.2417548908206,
            -117.68410593755834
          ],
          [
            -141.22092712507003,
            -117.68410593755834,
            -14.710513242194793
          ]
        ]
      }
    ],
    "EnergyStyle": "electronvolt",
    "ForcesStyle": "electronvoltperangstrom",
    "Label": "ASE generated",
    "LatticeStyle": "angstrom",
    "PositionsStyle": "angstrom",
    "StressStyle": "bar"
  }
}