{
  "Dataset": {
    "AtomTypeStyle": "chemicalsymbol",
    "Data": [
      {
        "AtomTypes": [
          "Cr"
        ],
        "Energy": -45.24596582439608,
        "Forces": [
          [
            0.03765460671680342,
            0.028430615536306852,
            -0.0007409828742097474
          ]
        ],
        "Lattice": [
          [
            2.4365333805865315,
            0.1713939264631387,
            -0.1473107198081255
          ],
          [
            0.6079610037102432,
            2.365682246334754,
            -0.1473095953065577
          ],
          [
            -1.410708523535092,
            -1.175590333618865,
            2.171674130843257
          ]
        ],
        "NumAtoms": 1,
        "Positions": [
          [
            0.0,
            0.0,
            0.0
          ]
        ],
        "Stress": [
          [
            1387.2013987389694,
            5654.72129029968,
            3587.894179771311
          ],
          [
            5654.72129029968,
            -685.5099170862775,
            2989.176290813982
          ],
          [
            3587.894179771311,
            2989.176290813982,
            -6784.488707300239
          ]
        ]
      }
    ],
    "EnergyStyle": "electronvolt",
    "ForcesStyle": "electronvoltperangstrom",
    "Label": "ASE generated",
    "LatticeStyle": "angstrom",
    "PositionsStyle": "angstrom",
    "StressStyle": "bar"
  }
}