{
  "Dataset": {
    "AtomTypeStyle": "chemicalsymbol",
    "Data": [
      {
        "AtomTypes": [
          "Cr"
        ],
        "Energy": -43.72420633878937,
        "Forces": [
          [
            1.0654285219814454,
            1.5695782739558142,
            -1.809461878624509
          ]
        ],
        "Lattice": [
          [
            2.1545586613460137,
            0.0637378400235459,
            -0.017680039135645823
          ],
          [
            0.4512214837802556,
            2.1077439237917535,
            -0.01767890193382507
          ],
          [
            -0.9920020084073139,
            -0.8266659735061677,
            3.1254602175299704
          ]
        ],
        "NumAtoms": 1,
        "Positions": [
          [
            0.0,
            0.0,
            0.0
          ]
        ],
        "Stress": [
          [
            347069.5520770745,
            52273.808806139205,
            -21080.16547606514
          ],
          [
            52273.808806139205,
            327901.7533224946,
            -17565.823862504807
          ],
          [
            -21080.16547606514,
            -17565.823862504807,
            -379382.66546487965
          ]
        ]
      }
    ],
    "EnergyStyle": "electronvolt",
    "ForcesStyle": "electronvoltperangstrom",
    "Label": "ASE generated",
    "LatticeStyle": "angstrom",
    "PositionsStyle": "angstrom",
    "StressStyle": "bar"
  }
}