{
  "Dataset": {
    "AtomTypeStyle": "chemicalsymbol",
    "Data": [
      {
        "AtomTypes": [
          "Cr"
        ],
        "Energy": -45.239180251652215,
        "Forces": [
          [
            0.3841604212265795,
            0.3433177370930302,
            0.36816418142420404
          ]
        ],
        "Lattice": [
          [
            2.42290806602882,
            0.16348442903215532,
            -0.15366070025545847
          ],
          [
            0.5977241177114155,
            2.3537064279364928,
            -0.1536596053878144
          ],
          [
            -1.4242579535519484,
            -1.186881539058186,
            2.1637839785434796
          ]
        ],
        "NumAtoms": 1,
        "Positions": [
          [
            0.0,
            0.0,
            0.0
          ]
        ],
        "Stress": [
          [
            57574.00672730198,
            19850.366569017657,
            32051.266252094025
          ],
          [
            19850.366569017657,
            50295.24477506401,
            26709.878893853096
          ],
          [
            32051.266252094025,
            26709.878893853096,
            45103.90465189347
          ]
        ]
      }
    ],
    "EnergyStyle": "electronvolt",
    "ForcesStyle": "electronvoltperangstrom",
    "Label": "ASE generated",
    "LatticeStyle": "angstrom",
    "PositionsStyle": "angstrom",
    "StressStyle": "bar"
  }
}