{
  "Dataset": {
    "AtomTypeStyle": "chemicalsymbol",
    "Data": [
      {
        "AtomTypes": [
          "Cr"
        ],
        "Energy": -45.24612528324678,
        "Forces": [
          [
            0.00789189779870857,
            0.004035128023324925,
            -0.0018627705896123573
          ]
        ],
        "Lattice": [
          [
            2.4383451679873027,
            0.17375401924081368,
            -0.14661437975307073
          ],
          [
            0.6106091318758428,
            2.367038854022102,
            -0.14661325260561694
          ],
          [
            -1.4086128833630511,
            -1.173843990092628,
            2.1665213138153314
          ]
        ],
        "NumAtoms": 1,
        "Positions": [
          [
            0.0,
            0.0,
            0.0
          ]
        ],
        "Stress": [
          [
            -495.7442962619646,
            3208.362938122685,
            -486.9179883166477
          ],
          [
            3208.362938122685,
            -1671.1143043133286,
            -406.0101654845763
          ],
          [
            -486.9179883166477,
            -406.0101654845763,
            370.7049337033088
          ]
        ]
      }
    ],
    "EnergyStyle": "electronvolt",
    "ForcesStyle": "electronvoltperangstrom",
    "Label": "ASE generated",
    "LatticeStyle": "angstrom",
    "PositionsStyle": "angstrom",
    "StressStyle": "bar"
  }
}