{
  "Dataset": {
    "AtomTypeStyle": "chemicalsymbol",
    "Data": [
      {
        "AtomTypes": [
          "Cr"
        ],
        "Energy": -43.487285725567745,
        "Forces": [
          [
            0.3601787509011588,
            0.5286784951530477,
            -1.4667099300932933
          ]
        ],
        "Lattice": [
          [
            2.2140987296086636,
            0.0322795170745698,
            -0.008174232617246863
          ],
          [
            0.43101565007850584,
            2.171980789564675,
            -0.008173495473395626
          ],
          [
            -0.9926985040404679,
            -0.8272469555756873,
            3.470426038430833
          ]
        ],
        "NumAtoms": 1,
        "Positions": [
          [
            0.0,
            0.0,
            0.0
          ]
        ],
        "Stress": [
          [
            92005.43402198312,
            40955.539917594535,
            -12615.736156506258
          ],
          [
            40955.539917594535,
            76987.47105302646,
            -10513.603814196622
          ],
          [
            -12615.736156506258,
            -10513.603814196622,
            -274911.54252146056
          ]
        ]
      }
    ],
    "EnergyStyle": "electronvolt",
    "ForcesStyle": "electronvoltperangstrom",
    "Label": "ASE generated",
    "LatticeStyle": "angstrom",
    "PositionsStyle": "angstrom",
    "StressStyle": "bar"
  }
}