{
  "Dataset": {
    "AtomTypeStyle": "chemicalsymbol",
    "Data": [
      {
        "AtomTypes": [
          "Cr"
        ],
        "Energy": -45.246146916315865,
        "Forces": [
          [
            -0.0007039853826586322,
            -0.0009970143364390212,
            -0.0012069121364412217
          ]
        ],
        "Lattice": [
          [
            2.438507703179317,
            0.17559107802834692,
            -0.14674692065173822
          ],
          [
            0.6124453947808547,
            2.3668676016939343,
            -0.14674579509181604
          ],
          [
            -1.409506975353336,
            -1.174589101765091,
            2.1667027221124813
          ]
        ],
        "NumAtoms": 1,
        "Positions": [
          [
            0.0,
            0.0,
            0.0
          ]
        ],
        "Stress": [
          [
            -339.81285589469974,
            288.32605954701796,
            -147.10513242194796
          ],
          [
            288.32605954701796,
            -444.25749991428285,
            -123.5683112344363
          ],
          [
            -147.10513242194796,
            -123.5683112344363,
            -67.66836091409607
          ]
        ]
      }
    ],
    "EnergyStyle": "electronvolt",
    "ForcesStyle": "electronvoltperangstrom",
    "Label": "ASE generated",
    "LatticeStyle": "angstrom",
    "PositionsStyle": "angstrom",
    "StressStyle": "bar"
  }
}