{
  "Dataset": {
    "AtomTypeStyle": "chemicalsymbol",
    "Data": [
      {
        "AtomTypes": [
          "Cr"
        ],
        "Energy": -45.20157721517353,
        "Forces": [
          [
            0.5765995607984709,
            0.5946992568034474,
            -0.18752427693777637
          ]
        ],
        "Lattice": [
          [
            2.3574283503222073,
            0.15075368854516544,
            -0.12601149804176678
          ],
          [
            0.5733941551949698,
            2.291595760202685,
            -0.12601016186931568
          ],
          [
            -1.3292217714330559,
            -1.1076838837320204,
            2.198143718212125
          ]
        ],
        "NumAtoms": 1,
        "Positions": [
          [
            0.0,
            0.0,
            0.0
          ]
        ],
        "Stress": [
          [
            187829.71728164004,
            23327.931899472507,
            -37750.11908212028
          ],
          [
            23327.931899472507,
            179277.024882628,
            -31458.432568433567
          ],
          [
            -37750.11908212028,
            -31458.432568433567,
            15241.562770238028
          ]
        ]
      }
    ],
    "EnergyStyle": "electronvolt",
    "ForcesStyle": "electronvoltperangstrom",
    "Label": "ASE generated",
    "LatticeStyle": "angstrom",
    "PositionsStyle": "angstrom",
    "StressStyle": "bar"
  }
}