{
  "Dataset": {
    "AtomTypeStyle": "chemicalsymbol",
    "Data": [
      {
        "AtomTypes": [
          "Cr"
        ],
        "Energy": -43.81483053154943,
        "Forces": [
          [
            4.082038989372425,
            4.859282935560558,
            1.2136254687630825
          ]
        ],
        "Lattice": [
          [
            2.0701567624924606,
            0.14225125387317122,
            -0.04820606614578
          ],
          [
            0.5132277183919945,
            2.0105673399882966,
            -0.048203832488783536
          ],
          [
            -1.0275533106837933,
            -0.8562907233578819,
            2.180664289097811
          ]
        ],
        "NumAtoms": 1,
        "Positions": [
          [
            0.0,
            0.0,
            0.0
          ]
        ],
        "Stress": [
          [
            1772521.2273483987,
            -40549.52975210996,
            -133250.7710504489
          ],
          [
            -40549.52975210996,
            1787389.143082285,
            -111046.72236268008
          ],
          [
            -133250.7710504489,
            -111046.72236268008,
            652843.7513806596
          ]
        ]
      }
    ],
    "EnergyStyle": "electronvolt",
    "ForcesStyle": "electronvoltperangstrom",
    "Label": "ASE generated",
    "LatticeStyle": "angstrom",
    "PositionsStyle": "angstrom",
    "StressStyle": "bar"
  }
}