{
  "Dataset": {
    "AtomTypeStyle": "chemicalsymbol",
    "Data": [
      {
        "AtomTypes": [
          "Cr"
        ],
        "Energy": 2237.6663894425897,
        "Forces": [
          [
            -0.6740526099757548,
            -0.6775513990871155,
            -0.688432871721848
          ]
        ],
        "Lattice": [
          [
            3.947949846718762,
            0.0,
            0.0
          ],
          [
            -1.4891429944832366,
            3.6563305833410342,
            0.0
          ],
          [
            -1.4891429944832366,
            -2.2144090169744004,
            2.9094929628873993
          ]
        ],
        "NumAtoms": 1,
        "Positions": [
          [
            0.0,
            0.0,
            0.0
          ]
        ],
        "Stress": [
          [
            -74161.58145920084,
            -216.2445446602635,
            -436.9022432931854
          ],
          [
            -216.2445446602635,
            -74338.10761810717,
            -648.7336339807905
          ],
          [
            -436.9022432931854,
            -648.7336339807905,
            -75325.18305665844
          ]
        ]
      }
    ],
    "EnergyStyle": "electronvolt",
    "ForcesStyle": "electronvoltperangstrom",
    "Label": "ASE generated",
    "LatticeStyle": "angstrom",
    "PositionsStyle": "angstrom",
    "StressStyle": "bar"
  }
}