{
  "Dataset": {
    "AtomTypeStyle": "chemicalsymbol",
    "Data": [
      {
        "AtomTypes": [
          "Cr"
        ],
        "Energy": 2238.5703597618553,
        "Forces": [
          [
            -0.31811827785038055,
            -0.26401503632869827,
            -0.12305749300513456
          ]
        ],
        "Lattice": [
          [
            4.001589894443519,
            0.0,
            0.0
          ],
          [
            -1.170489053664096,
            4.523021067228877,
            0.0
          ],
          [
            -2.6475639186808766,
            -2.3846674657957263,
            4.85510100779906
          ]
        ],
        "NumAtoms": 1,
        "Positions": [
          [
            0.0,
            0.0,
            0.0
          ]
        ],
        "Stress": [
          [
            -29015.016318905018,
            1028.264875629416,
            -173.5840562578986
          ],
          [
            1028.264875629416,
            -16366.91703326593,
            -289.7971108712375
          ],
          [
            -173.5840562578986,
            -289.7971108712375,
            -8645.368632437881
          ]
        ]
      }
    ],
    "EnergyStyle": "electronvolt",
    "ForcesStyle": "electronvoltperangstrom",
    "Label": "ASE generated",
    "LatticeStyle": "angstrom",
    "PositionsStyle": "angstrom",
    "StressStyle": "bar"
  }
}