{
  "Dataset": {
    "AtomTypeStyle": "chemicalsymbol",
    "Data": [
      {
        "AtomTypes": [
          "Cr"
        ],
        "Energy": 2236.9757991475262,
        "Forces": [
          [
            -0.8906795452065127,
            -1.4679798808677833,
            -0.7425164050114521
          ]
        ],
        "Lattice": [
          [
            3.622739759907427,
            0.0,
            0.0
          ],
          [
            -2.3081489377502993,
            3.468787811070401,
            0.0
          ],
          [
            -3.1572611736364413,
            -4.787696939021338,
            2.1399741126158762
          ]
        ],
        "NumAtoms": 1,
        "Positions": [
          [
            0.0,
            0.0,
            0.0
          ]
        ],
        "Stress": [
          [
            -98678.1228286427,
            -9861.92807756739,
            -5017.756066912644
          ],
          [
            -9861.92807756739,
            -83561.59942096332,
            -5645.894982354363
          ],
          [
            -5017.756066912644,
            -5645.894982354363,
            -51954.59066878358
          ]
        ]
      }
    ],
    "EnergyStyle": "electronvolt",
    "ForcesStyle": "electronvoltperangstrom",
    "Label": "ASE generated",
    "LatticeStyle": "angstrom",
    "PositionsStyle": "angstrom",
    "StressStyle": "bar"
  }
}