{
  "Dataset": {
    "AtomTypeStyle": "chemicalsymbol",
    "Data": [
      {
        "AtomTypes": [
          "Cr",
          "Cr"
        ],
        "Energy": -83.20156021182083,
        "Forces": [
          [
            0.014472880262712606,
            -0.149153313543041,
            0.05984346669128084
          ],
          [
            -0.014472880262712606,
            0.149153313543041,
            -0.05984346669128084
          ]
        ],
        "Lattice": [
          [
            4.682539888747732,
            0.0,
            0.0
          ],
          [
            -1.8194242864723749,
            6.12929955563423,
            0.0
          ],
          [
            -0.44242978138832945,
            1.0774430633210756,
            4.15890081806885
          ]
        ],
        "NumAtoms": 2,
        "Positions": [
          [
            0.016046127690760727,
            4.8944885012560535,
            3.119173740535682
          ],
          [
            2.4046410979582333,
            2.312257395477174,
            1.0397247362632236
          ]
        ],
        "Stress": [
          [
            -56219.16845769585,
            837.0282034808838,
            1871.177284407178
          ],
          [
            837.0282034808838,
            -48716.80670417651,
            935.588642203589
          ],
          [
            1871.177284407178,
            935.588642203589,
            -56263.29999742243
          ]
        ]
      }
    ],
    "EnergyStyle": "electronvolt",
    "ForcesStyle": "electronvoltperangstrom",
    "Label": "ASE generated",
    "LatticeStyle": "angstrom",
    "PositionsStyle": "angstrom",
    "StressStyle": "bar"
  }
}