{
  "Dataset": {
    "AtomTypeStyle": "chemicalsymbol",
    "Data": [
      {
        "AtomTypes": [
          "Cr"
        ],
        "Energy": -42.078194394302955,
        "Forces": [
          [
            -0.5945578147079434,
            -0.2682157693679604,
            -0.37578320939891585
          ]
        ],
        "Lattice": [
          [
            3.9374197494497354,
            0.0,
            0.0
          ],
          [
            -2.8353713983564997,
            4.466278220516826,
            0.0
          ],
          [
            -1.5557729785013268,
            -0.9616832744451023,
            3.378928257348286
          ]
        ],
        "NumAtoms": 1,
        "Positions": [
          [
            0.0,
            0.0,
            0.0
          ]
        ],
        "Stress": [
          [
            -54717.22505566776,
            -1244.5094202896796,
            1793.2115642235456
          ],
          [
            -1244.5094202896796,
            -27864.65418336538,
            7967.213971972701
          ],
          [
            1793.2115642235456,
            7967.213971972701,
            -53285.89211720221
          ]
        ]
      }
    ],
    "EnergyStyle": "electronvolt",
    "ForcesStyle": "electronvoltperangstrom",
    "Label": "ASE generated",
    "LatticeStyle": "angstrom",
    "PositionsStyle": "angstrom",
    "StressStyle": "bar"
  }
}