{
  "Dataset": {
    "AtomTypeStyle": "chemicalsymbol",
    "Data": [
      {
        "AtomTypes": [
          "Cr"
        ],
        "Energy": -41.48119651237948,
        "Forces": [
          [
            -0.127446579343524,
            -0.06814596326065243,
            -0.11445190785965523
          ]
        ],
        "Lattice": [
          [
            4.5789598003390255,
            0.0,
            0.0
          ],
          [
            -1.1875257504591243,
            5.636676619418339,
            0.0
          ],
          [
            -0.6113781335814663,
            0.4581157701043188,
            4.49433146530916
          ]
        ],
        "NumAtoms": 1,
        "Positions": [
          [
            0.0,
            0.0,
            0.0
          ]
        ],
        "Stress": [
          [
            -8695.384377461345,
            176.52615890633757,
            607.5441969026451
          ],
          [
            176.52615890633757,
            -3780.601903244063,
            -586.9494783635723
          ],
          [
            607.5441969026451,
            -586.9494783635723,
            -8885.149998285655
          ]
        ]
      }
    ],
    "EnergyStyle": "electronvolt",
    "ForcesStyle": "electronvoltperangstrom",
    "Label": "ASE generated",
    "LatticeStyle": "angstrom",
    "PositionsStyle": "angstrom",
    "StressStyle": "bar"
  }
}