{
  "Dataset": {
    "AtomTypeStyle": "chemicalsymbol",
    "Data": [
      {
        "AtomTypes": [
          "Cr"
        ],
        "Energy": -42.45365114260949,
        "Forces": [
          [
            4.227504713202292,
            1.7223753565367854,
            3.533168593933562
          ]
        ],
        "Lattice": [
          [
            4.635829416566365,
            0.0,
            0.0
          ],
          [
            0.8293267034766398,
            3.1735868303341688,
            0.0
          ],
          [
            0.07309775824041845,
            -1.6030744480780657,
            1.0829575666864022
          ]
        ],
        "NumAtoms": 1,
        "Positions": [
          [
            0.0,
            0.0,
            0.0
          ]
        ],
        "Stress": [
          [
            86947.95956931655,
            134854.21699384812,
            238578.0458645636
          ],
          [
            134854.21699384812,
            740749.365362043,
            -164435.58807257764
          ],
          [
            238578.0458645636,
            -164435.58807257764,
            557044.4759935146
          ]
        ]
      }
    ],
    "EnergyStyle": "electronvolt",
    "ForcesStyle": "electronvoltperangstrom",
    "Label": "ASE generated",
    "LatticeStyle": "angstrom",
    "PositionsStyle": "angstrom",
    "StressStyle": "bar"
  }
}