{
  "Dataset": {
    "AtomTypeStyle": "chemicalsymbol",
    "Data": [
      {
        "AtomTypes": [
          "Ni"
        ],
        "Energy": -3.9207275510434556,
        "Forces": [
          [
            -0.04108585148099198,
            -0.09027435671278657,
            -0.3676804865328057
          ]
        ],
        "Lattice": [
          [
            2.200619374825269,
            -2.804110027065415e-06,
            -1.0694142203616717e-05
          ],
          [
            -3.4370059682562507e-06,
            2.338085854418924,
            -1.587796213664801e-05
          ],
          [
            -1.3443746978221717e-05,
            -1.6920970414312838e-05,
            2.41289798961491
          ]
        ],
        "NumAtoms": 1,
        "Positions": [
          [
            0.0,
            0.0,
            0.0
          ]
        ],
        "Stress": [
          [
            -12798.146520709473,
            0.0,
            4.413153972658439
          ],
          [
            0.0,
            -25636.011427172867,
            -1.4710513242194794
          ],
          [
            4.413153972658439,
            -1.4710513242194794,
            -110945.21982130893
          ]
        ]
      }
    ],
    "EnergyStyle": "electronvolt",
    "ForcesStyle": "electronvoltperangstrom",
    "Label": "ASE generated",
    "LatticeStyle": "angstrom",
    "PositionsStyle": "angstrom",
    "StressStyle": "bar"
  }
}