{
  "Dataset": {
    "AtomTypeStyle": "chemicalsymbol",
    "Data": [
      {
        "AtomTypes": [
          "Ni"
        ],
        "Energy": -3.784913100981612,
        "Forces": [
          [
            -1.6171974504510032,
            -0.5982662878626414,
            -0.8347102689623546
          ]
        ],
        "Lattice": [
          [
            2.275604060950291,
            -2.691395281686111e-06,
            -1.2778571227321316e-05
          ],
          [
            -3.2295685025816624e-06,
            2.389131724652828,
            -1.6315591687956384e-05
          ],
          [
            -1.661193092463437e-05,
            -1.7675047936216634e-05,
            2.505719813830131
          ]
        ],
        "NumAtoms": 1,
        "Positions": [
          [
            0.0,
            0.0,
            0.0
          ]
        ],
        "Stress": [
          [
            -476600.0343285723,
            1.4710513242194794,
            17.652615890633754
          ],
          [
            1.4710513242194794,
            -160125.40769261456,
            8.826307945316877
          ],
          [
            17.652615890633754,
            8.826307945316877,
            -234566.4889034171
          ]
        ]
      }
    ],
    "EnergyStyle": "electronvolt",
    "ForcesStyle": "electronvoltperangstrom",
    "Label": "ASE generated",
    "LatticeStyle": "angstrom",
    "PositionsStyle": "angstrom",
    "StressStyle": "bar"
  }
}