{
  "Dataset": {
    "AtomTypeStyle": "chemicalsymbol",
    "Data": [
      {
        "AtomTypes": [
          "Ni"
        ],
        "Energy": -3.937529779112083,
        "Forces": [
          [
            0.000362517599231733,
            0.0009929673936709064,
            0.0007266181797233897
          ]
        ],
        "Lattice": [
          [
            2.207500144883909,
            -2.3172669953801573e-06,
            -8.163087616061729e-06
          ],
          [
            -2.7374336988128695e-06,
            2.3228448030909465,
            -2.3518222670856438e-05
          ],
          [
            -8.907110771006808e-06,
            -2.5296258090924337e-05,
            2.3279163083365684
          ]
        ],
        "NumAtoms": 1,
        "Positions": [
          [
            0.0,
            0.0,
            0.0
          ]
        ],
        "Stress": [
          [
            111.79990064068046,
            0.0,
            1.4710513242194794
          ],
          [
            0.0,
            300.0944701407738,
            -5.8842052968779175
          ],
          [
            1.4710513242194794,
            -5.8842052968779175,
            230.9550579024583
          ]
        ]
      }
    ],
    "EnergyStyle": "electronvolt",
    "ForcesStyle": "electronvoltperangstrom",
    "Label": "ASE generated",
    "LatticeStyle": "angstrom",
    "PositionsStyle": "angstrom",
    "StressStyle": "bar"
  }
}