<?xml version="1.0" encoding="UTF-8"?>
<!-- All quantities are in Hartree atomic units unless otherwise specified -->
<qes:espresso xmlns:xsi="http://www.w3.org/2001/XMLSchema-instance" xmlns:qes="http://www.quantum-espresso.org/ns/qes/qes-1.0" xsi:schemaLocation="http://www.quantum-espresso.org/ns/qes/qes-1.0 http://www.quantum-espresso.org/ns/qes/qes_230310.xsd" Units="Hartree atomic units">
  <general_info>
    <xml_format NAME="QEXSD" VERSION="23.03.10">QEXSD_23.03.10</xml_format>
    <creator NAME="CP" VERSION="7.2">XML file generated by CP</creator>
    <created DATE="27Jul2023" TIME="16: 7: 9">This run was terminated on:  16: 7: 9  27 Jul 2023</created>
    <job>MD Simulation</job>
  </general_info>
  <parallel_info>
    <nprocs>24</nprocs>
    <nthreads>1</nthreads>
    <ntasks>1</ntasks>
    <nbgrp>1</nbgrp>
    <npool>1</npool>
    <ndiag>24</ndiag>
  </parallel_info>
  <output>
    <algorithmic_info>
      <real_space_q>false</real_space_q>
      <real_space_beta>false</real_space_beta>
      <uspp>true</uspp>
      <paw>false</paw>
    </algorithmic_info>
    <atomic_species ntyp="1">
      <species name="Cr">
        <mass>5.199610000000000E+01</mass>
        <pseudo_file>Cr.upf</pseudo_file>
      </species>
    </atomic_species>
    <atomic_structure nat="16" alat="10.8848224778444">
      <atomic_positions>
        <atom name="Cr" index="1">-2.182083186739180E-02   6.750433662320446E-02   3.620177993727143E-02</atom>
        <atom name="Cr" index="2">2.709901048718075E+00   2.747180440811513E+00   2.748688947025871E+00</atom>
        <atom name="Cr" index="3">-2.447883280108013E-02   6.856610120317062E-03   5.450067007368843E+00</atom>
        <atom name="Cr" index="4">2.735931109202062E+00   2.676291450704122E+00   8.162828631843903E+00</atom>
        <atom name="Cr" index="5">-7.224185580237560E-02   5.433070115104122E+00   7.058659223439304E-03</atom>
        <atom name="Cr" index="6">2.678187152091619E+00   8.111476246330454E+00   2.733191661858271E+00</atom>
        <atom name="Cr" index="7">-4.941043088953144E-03   5.444517684761769E+00   5.423088832211773E+00</atom>
        <atom name="Cr" index="8">2.843746601422024E+00   8.121386242394561E+00   8.152645534641183E+00</atom>
        <atom name="Cr" index="9">5.429931708243324E+00   9.431027656659471E-03  -1.715911175627989E-02</atom>
        <atom name="Cr" index="10">8.021444330952892E+00   2.749844883976739E+00   2.848233327252279E+00</atom>
        <atom name="Cr" index="11">5.444914584849209E+00   1.896288308059369E-02   5.450184021984796E+00</atom>
        <atom name="Cr" index="12">8.215786825644148E+00   2.710936241092791E+00   8.118362320224744E+00</atom>
        <atom name="Cr" index="13">5.450350800823021E+00   5.470283935011168E+00  -4.185512804694150E-03</atom>
        <atom name="Cr" index="14">8.152970554547030E+00   8.206927834439023E+00   2.683267799236683E+00</atom>
        <atom name="Cr" index="15">5.433509908246863E+00   5.437815442954725E+00   5.453677194899432E+00</atom>
        <atom name="Cr" index="16">8.315742805886170E+00   8.096449492004869E+00   8.062783773919117E+00</atom>
      </atomic_positions>
      <cell>
        <a1>1.088482247784444E+01   0.000000000000000E+00   0.000000000000000E+00</a1>
        <a2>0.000000000000000E+00   1.088482247784444E+01   0.000000000000000E+00</a2>
        <a3>0.000000000000000E+00   0.000000000000000E+00   1.088482247784444E+01</a3>
      </cell>
    </atomic_structure>
    <basis_set>
      <gamma_only>true</gamma_only>
      <ecutwfc>3.000000000000000E+01</ecutwfc>
      <ecutrho>2.400000000000000E+02</ecutrho>
      <fft_grid nr1="75" nr2="75" nr3="75"></fft_grid>
      <fft_smooth nr1="54" nr2="54" nr3="54"></fft_smooth>
      <fft_box nr1="75" nr2="75" nr3="75"></fft_box>
      <ngm>114304</ngm>
      <ngms>40399</ngms>
      <npwx>5066</npwx>
      <reciprocal_lattice>
        <b1>1.000000000000000E+00   0.000000000000000E+00   0.000000000000000E+00</b1>
        <b2>0.000000000000000E+00   1.000000000000000E+00   0.000000000000000E+00</b2>
        <b3>0.000000000000000E+00   0.000000000000000E+00   1.000000000000000E+00</b3>
      </reciprocal_lattice>
    </basis_set>
    <dft>
      <functional>PBE</functional>
    </dft>
    <magnetization>
      <lsda>true</lsda>
      <noncolin>false</noncolin>
      <spinorbit>false</spinorbit>
      <absolute>0.000000000000000E+00</absolute>
    </magnetization>
    <total_energy>
      <etot>-7.609226859296726E+02</etot>
      <ehart>-1.190188671018567E+03</ehart>
      <vtxc>0.000000000000000E+00</vtxc>
      <etxc>-2.188073284707965E+02</etxc>
    </total_energy>
    <band_structure>
      <lsda>true</lsda>
      <noncolin>false</noncolin>
      <spinorbit>false</spinorbit>
      <nbnd_up>112</nbnd_up>
      <nbnd_dw>112</nbnd_dw>
      <nelec>2.240000000000000E+02</nelec>
      <num_of_atomic_wfc>160</num_of_atomic_wfc>
      <wf_collected>true</wf_collected>
      <starting_k_points>
        <nk>1</nk>
        <k_point weight="1.00000000000000">0.000000000000000E+00   0.000000000000000E+00   0.000000000000000E+00</k_point>
      </starting_k_points>
      <nks>1</nks>
      <occupations_kind spin="0">fixed</occupations_kind>
      <ks_energies>
        <k_point weight="1.00000000000000">0.000000000000000E+00   0.000000000000000E+00   0.000000000000000E+00</k_point>
        <npw>5066</npw>
        <eigenvalues size="224">
  -3.396269185813550E+00  -3.202282564278083E+00  -2.867990922138355E+00
  -2.733839039040611E+00  -2.524683610967071E+00
  -2.462353336948140E+00  -2.376804832032960E+00  -2.362376407790956E+00
  -2.198973925441424E+00  -2.168710391868338E+00
  -2.117931210383940E+00  -2.056318031372492E+00  -2.048798267260767E+00
  -1.942198344755078E+00  -1.928761466523174E+00
  -1.891194914726988E+00  -1.858940602800343E+00  -1.808531900499819E+00
  -1.774465509864348E+00  -1.753623581607019E+00
  -1.742600602962922E+00  -1.709847813569320E+00  -1.665593926442805E+00
  -1.661865271456727E+00  -1.644367720724861E+00
  -1.623295875491552E+00  -1.610610942046837E+00  -1.550203131477422E+00
  -1.530143111425157E+00  -1.521493804725809E+00
  -1.497548089708064E+00  -1.453908180308526E+00  -1.442367609361253E+00
  -1.421011298358471E+00  -1.381576616701812E+00
  -1.365774819479660E+00  -1.330716666869467E+00  -1.301703153657614E+00
  -1.295352730023376E+00  -1.275913515060346E+00
  -1.250990826680337E+00  -1.225237230681904E+00  -1.215490755551136E+00
  -1.172402580830749E+00  -1.160879633949947E+00
  -1.116173641295402E+00  -1.090378312677524E+00  -1.080826582377179E+00
  -1.055881031842824E+00  -1.036137891676626E+00
  -1.026645870363169E+00  -9.976619177493841E-01  -9.742379535378402E-01
  -9.281682659178138E-01  -8.981707228217923E-01
  -8.817157099195040E-01  -8.762421509264390E-01  -8.450337922027531E-01
  -8.249786881620396E-01  -7.917185257325873E-01
  -7.703930549795608E-01  -7.534622270727190E-01  -7.401349647126757E-01
  -7.294968277704712E-01  -6.930147658316367E-01
  -6.688729486484009E-01  -6.340140883879727E-01  -6.172882282948206E-01
  -6.053110778742785E-01  -5.806250905851512E-01
  -5.751046513651278E-01  -5.615086749344809E-01  -5.312751086421539E-01
  -4.737575822538971E-01  -4.481208000594522E-01
  -4.418096010683124E-01  -4.341515709875626E-01  -4.130558623675160E-01
  -3.797817767725535E-01  -3.697891643278838E-01
  -3.440624572511578E-01  -3.209348777050567E-01  -3.079999491035239E-01
  -2.985671014000916E-01  -2.649838149910036E-01
  -2.431981429759261E-01  -2.294795258900353E-01  -2.132323232848305E-01
  -1.850398285167220E-01  -1.769062008942203E-01
  -1.730199385945740E-01  -1.404908500543350E-01  -1.106252901655154E-01
  -1.069937234118514E-01  -7.432291878316488E-02
  -6.199828311730212E-02  -4.895283207697942E-02  -2.696363466714782E-02
  -1.150468554086780E-02   6.838993331564670E-03
   3.023499727654910E-02   3.728216551329110E-02   5.391226730597957E-02
   6.777745746263111E-02   7.992449887061967E-02
   9.083739193439071E-02   1.443336473786932E-01   1.801430975962333E-01
   2.022722084446201E-01   2.400145936278961E-01
   2.860271897823740E-01   3.059070672531019E-01  -3.814053904378687E+00
  -3.682982166019228E+00  -3.575914216992363E+00
  -3.379894961822040E+00  -3.187981849287445E+00  -3.040588862728492E+00
  -2.503759559859744E+00  -2.422710778221609E+00
  -2.182781797647815E+00  -2.136550343933850E+00  -2.036435147909816E+00
  -1.981510848674964E+00  -1.911564867523265E+00
  -1.902393081617733E+00  -1.858057296877631E+00  -1.834974389539649E+00
  -1.789423986712614E+00  -1.775337992503291E+00
  -1.718653939584305E+00  -1.709614398794376E+00  -1.691931014605904E+00
  -1.682816644406272E+00  -1.655406426634414E+00
  -1.621700294190191E+00  -1.595210100773321E+00  -1.590820265405838E+00
  -1.565523823086420E+00  -1.533239113262627E+00
  -1.509349867744433E+00  -1.505099252329200E+00  -1.467095917343497E+00
  -1.454692363811037E+00  -1.413614430182448E+00
  -1.395072993697311E+00  -1.376390692168231E+00  -1.349777611751459E+00
  -1.317292624907612E+00  -1.303392909705609E+00
  -1.297358730631841E+00  -1.259720306876222E+00  -1.214825696007689E+00
  -1.200670300290674E+00  -1.183755385998002E+00
  -1.154652580962831E+00  -1.138024468811499E+00  -1.114843323047253E+00
  -1.086026462813254E+00  -1.079661776749093E+00
  -1.018029470149297E+00  -1.010642759670623E+00  -9.639334504373411E-01
  -9.549204086635312E-01  -9.442327491631423E-01
  -9.145258876107075E-01  -8.907118250776820E-01  -8.533651697926352E-01
  -8.432972136723818E-01  -8.187546150838390E-01
  -7.941048666078411E-01  -7.863653111729314E-01  -7.585020372219350E-01
  -7.346173200244056E-01  -6.995269387491831E-01
  -6.603175310126904E-01  -6.440841436187240E-01  -6.057165356959584E-01
  -5.995316240284241E-01  -5.864731552282476E-01
  -5.659270186888348E-01  -5.418782893637786E-01  -5.256731630089999E-01
  -5.164991433830186E-01  -4.864189626892065E-01
  -4.649432808993244E-01  -4.624855959517729E-01  -4.215157736497676E-01
  -4.102441767671460E-01  -3.837625765113786E-01
  -3.783068336003792E-01  -3.604326827685034E-01  -3.537527026497142E-01
  -3.387749906903265E-01  -3.107959513783330E-01
  -2.835741834947347E-01  -2.661386418995176E-01  -2.641375689578376E-01
  -2.375000746828333E-01  -2.031777150407369E-01
  -1.812623982540801E-01  -1.669144903718799E-01  -1.498080940196464E-01
  -1.288573658348080E-01  -1.196905279898419E-01
  -9.993270229791720E-02  -7.810364695677259E-02  -5.887023882245213E-02
  -4.559861866387974E-02  -7.812100179748539E-03
  -1.706102935061231E-03   1.221745924433589E-02   4.688117234401565E-02
   5.884681947411280E-02   7.517258982788767E-02
   1.020764139103335E-01   1.248644152961854E-01   1.419661558537925E-01
   1.503349701505300E-01   1.841243779497980E-01
   2.291400820218137E-01   2.536678437487281E-01   2.975159157649805E-01
   3.331382459230959E-01
        </eigenvalues>
        <occupations size="224">
   1.000000000000000E+00   1.000000000000000E+00   1.000000000000000E+00
   1.000000000000000E+00   1.000000000000000E+00
   1.000000000000000E+00   1.000000000000000E+00   1.000000000000000E+00
   1.000000000000000E+00   1.000000000000000E+00
   1.000000000000000E+00   1.000000000000000E+00   1.000000000000000E+00
   1.000000000000000E+00   1.000000000000000E+00
   1.000000000000000E+00   1.000000000000000E+00   1.000000000000000E+00
   1.000000000000000E+00   1.000000000000000E+00
   1.000000000000000E+00   1.000000000000000E+00   1.000000000000000E+00
   1.000000000000000E+00   1.000000000000000E+00
   1.000000000000000E+00   1.000000000000000E+00   1.000000000000000E+00
   1.000000000000000E+00   1.000000000000000E+00
   1.000000000000000E+00   1.000000000000000E+00   1.000000000000000E+00
   1.000000000000000E+00   1.000000000000000E+00
   1.000000000000000E+00   1.000000000000000E+00   1.000000000000000E+00
   1.000000000000000E+00   1.000000000000000E+00
   1.000000000000000E+00   1.000000000000000E+00   1.000000000000000E+00
   1.000000000000000E+00   1.000000000000000E+00
   1.000000000000000E+00   1.000000000000000E+00   1.000000000000000E+00
   1.000000000000000E+00   1.000000000000000E+00
   1.000000000000000E+00   1.000000000000000E+00   1.000000000000000E+00
   1.000000000000000E+00   1.000000000000000E+00
   1.000000000000000E+00   1.000000000000000E+00   1.000000000000000E+00
   1.000000000000000E+00   1.000000000000000E+00
   1.000000000000000E+00   1.000000000000000E+00   1.000000000000000E+00
   1.000000000000000E+00   1.000000000000000E+00
   1.000000000000000E+00   1.000000000000000E+00   1.000000000000000E+00
   1.000000000000000E+00   1.000000000000000E+00
   1.000000000000000E+00   1.000000000000000E+00   1.000000000000000E+00
   1.000000000000000E+00   1.000000000000000E+00
   1.000000000000000E+00   1.000000000000000E+00   1.000000000000000E+00
   1.000000000000000E+00   1.000000000000000E+00
   1.000000000000000E+00   1.000000000000000E+00   1.000000000000000E+00
   1.000000000000000E+00   1.000000000000000E+00
   1.000000000000000E+00   1.000000000000000E+00   1.000000000000000E+00
   1.000000000000000E+00   1.000000000000000E+00
   1.000000000000000E+00   1.000000000000000E+00   1.000000000000000E+00
   1.000000000000000E+00   1.000000000000000E+00
   1.000000000000000E+00   1.000000000000000E+00   1.000000000000000E+00
   1.000000000000000E+00   1.000000000000000E+00
   1.000000000000000E+00   1.000000000000000E+00   1.000000000000000E+00
   1.000000000000000E+00   1.000000000000000E+00
   1.000000000000000E+00   1.000000000000000E+00   1.000000000000000E+00
   1.000000000000000E+00   1.000000000000000E+00
   1.000000000000000E+00   1.000000000000000E+00   1.000000000000000E+00
   1.000000000000000E+00   1.000000000000000E+00
   1.000000000000000E+00   1.000000000000000E+00   1.000000000000000E+00
   1.000000000000000E+00   1.000000000000000E+00
   1.000000000000000E+00   1.000000000000000E+00   1.000000000000000E+00
   1.000000000000000E+00   1.000000000000000E+00
   1.000000000000000E+00   1.000000000000000E+00   1.000000000000000E+00
   1.000000000000000E+00   1.000000000000000E+00
   1.000000000000000E+00   1.000000000000000E+00   1.000000000000000E+00
   1.000000000000000E+00   1.000000000000000E+00
   1.000000000000000E+00   1.000000000000000E+00   1.000000000000000E+00
   1.000000000000000E+00   1.000000000000000E+00
   1.000000000000000E+00   1.000000000000000E+00   1.000000000000000E+00
   1.000000000000000E+00   1.000000000000000E+00
   1.000000000000000E+00   1.000000000000000E+00   1.000000000000000E+00
   1.000000000000000E+00   1.000000000000000E+00
   1.000000000000000E+00   1.000000000000000E+00   1.000000000000000E+00
   1.000000000000000E+00   1.000000000000000E+00
   1.000000000000000E+00   1.000000000000000E+00   1.000000000000000E+00
   1.000000000000000E+00   1.000000000000000E+00
   1.000000000000000E+00   1.000000000000000E+00   1.000000000000000E+00
   1.000000000000000E+00   1.000000000000000E+00
   1.000000000000000E+00   1.000000000000000E+00   1.000000000000000E+00
   1.000000000000000E+00   1.000000000000000E+00
   1.000000000000000E+00   1.000000000000000E+00   1.000000000000000E+00
   1.000000000000000E+00   1.000000000000000E+00
   1.000000000000000E+00   1.000000000000000E+00   1.000000000000000E+00
   1.000000000000000E+00   1.000000000000000E+00
   1.000000000000000E+00   1.000000000000000E+00   1.000000000000000E+00
   1.000000000000000E+00   1.000000000000000E+00
   1.000000000000000E+00   1.000000000000000E+00   1.000000000000000E+00
   1.000000000000000E+00   1.000000000000000E+00
   1.000000000000000E+00   1.000000000000000E+00   1.000000000000000E+00
   1.000000000000000E+00   1.000000000000000E+00
   1.000000000000000E+00   1.000000000000000E+00   1.000000000000000E+00
   1.000000000000000E+00   1.000000000000000E+00
   1.000000000000000E+00   1.000000000000000E+00   1.000000000000000E+00
   1.000000000000000E+00   1.000000000000000E+00
   1.000000000000000E+00   1.000000000000000E+00   1.000000000000000E+00
   1.000000000000000E+00   1.000000000000000E+00
   1.000000000000000E+00   1.000000000000000E+00   1.000000000000000E+00
   1.000000000000000E+00   1.000000000000000E+00
   1.000000000000000E+00   1.000000000000000E+00   1.000000000000000E+00
   1.000000000000000E+00   1.000000000000000E+00
   1.000000000000000E+00   1.000000000000000E+00   1.000000000000000E+00
   1.000000000000000E+00
        </occupations>
      </ks_energies>
    </band_structure>
    <forces rank="2" dims="           3          16">
  -4.615287807422546E-01  -4.077394324817137E-01   4.719551723068526E-01
  -1.015005537306038E-01   1.672968243470326E-01  -7.527994912353501E-01
   1.600236818162538E-01  -2.357077322610553E-01   2.046853219005184E-01
   3.098640774848204E-01  -2.200932357425660E+00  -1.119122296480255E+00
   7.101701468039501E-02   4.277784029406378E-02  -2.066737625163695E-01
   1.440235623841823E-02  -1.411533095757299E+00  -1.137227726289378E+00
  -1.206451586980589E-01  -3.978367758019933E-01   7.318097540522045E-02
  -2.302812152224446E-01  -6.461833481337922E-01  -8.621333774712102E-01
  -1.069967093861802E-01   8.758711372990502E-03   2.351541201098368E-01
   9.079379904964714E-01   1.798496699779998E+00   1.129755858186273E-01
  -4.194793173877344E-01  -3.203704045357614E-02   8.736673717882659E-02
  -3.582235061961167E+00   6.389367491904000E-01   4.536892581592276E-01
  -7.271342503953026E-01  -5.274219070243913E-01  -3.330209665652910E-01
   2.786416798287917E+00  -3.908128452731253E+00   2.312479149438162E+00
   1.791393457058277E-01  -3.684899034140580E-01   8.106547442339159E-01
  -5.210904705590249E-01   6.024256007249859E-01   5.718154938909296E-01
    </forces>
  </output>
  <STATUS>
    <STEP ITERATION="200"/>
    <TIME UNITS="pico-seconds">9.675537306342888E-03</TIME>
    <TITLE>temporary title</TITLE>
    <KINETIC_ENERGY UNITS="Hartree">9.004318247410645E+02</KINETIC_ENERGY>
    <HARTREE_ENERGY>-1.190188671018567E+03</HARTREE_ENERGY>
    <EWALD_TERM>6.966689939931095E-03</EWALD_TERM>
    <GAUSS_SELFINT>1.251082991338893E+03</GAUSS_SELFINT>
    <LPSP_ENERGY>-4.373532002492644E+02</LPSP_ENERGY>
    <NLPSP_ENERGY>1.849946890678910E+02</NLPSP_ENERGY>
    <EXC_ENERGY>-2.188073284707965E+02</EXC_ENERGY>
    <AVERAGE_POT>0.000000000000000E+00</AVERAGE_POT>
    <ENTHALPY>-7.609226859296726E+02</ENTHALPY>
  </STATUS>
  <TIMESTEPS nt="2">
    <STEP0>
      <ACCUMULATORS>
   1.036535422901445E+05   1.542151811620397E+05  -3.541408614275313E+05
  -1.560908418089704E+05   4.453644580749735E+05  -1.560908418089704E+05
  -1.560569925613915E+05   0.000000000000000E+00   2.579253609923179E+05
   0.000000000000000E+00
      </ACCUMULATORS>
      <IONS_POSITIONS>
        <stau>
  -2.004702594994739E-03   6.201693850368849E-03   3.325895301550256E-03
   2.489614372888447E-01   2.523863339437345E-01   2.525249219838636E-01
  -2.248895914554940E-03   6.299239270344906E-04   5.007033434364417E-01
   2.513528461094268E-01   2.458736884456859E-01   7.499275848052618E-01
  -6.636934681242679E-03   4.991418212068126E-01   6.484863889886019E-04
   2.460478485104325E-01   7.452097875588690E-01   2.511011702231763E-01
  -4.539387848548210E-04   5.001935213774813E-01   4.982248303314294E-01
   2.612579678915611E-01   7.461202292389495E-01   7.489920530385796E-01
   4.988534924933966E-01   8.664383526562699E-04  -1.576425503604352E-03
   7.369384615394674E-01   2.526311191178289E-01   2.616701680757522E-01
   5.002299850027032E-01   1.742139857511850E-03   5.007140936913210E-01
   7.547929093347192E-01   2.490565414925948E-01   7.458424183535656E-01
   5.007294158372324E-01   5.025606936765100E-01  -3.845274291991048E-04
   7.490219129565074E-01   7.539790245678195E-01   2.465146128656074E-01
   4.991822254617865E-01   4.995777794284797E-01   5.010350151323226E-01
   7.639759695495714E-01   7.438292639576646E-01   7.407363593049450E-01
        </stau>
        <svel>
  -2.420376012540022E-05   4.833856672707757E-05   6.953118556868131E-05
   2.334019700887439E-05  -6.920287811545229E-06  -2.242030345107827E-05
  -2.447434003271347E-05  -1.749128435402442E-05   7.746325740649111E-06
   1.491343361295981E-05   4.214179666788990E-05   4.330864063127191E-06
  -6.350111095020802E-05  -4.039823753700893E-05   1.609928454959476E-05
   3.624234388725575E-05   4.156796350436275E-06  -3.608833200531170E-05
  -2.045139976300315E-05  -2.324678910914554E-05   6.188370794213126E-06
   3.909057740247492E-05   3.643418388878632E-06   1.589635907335560E-06
  -1.396185437649133E-05  -1.474191369347534E-05  -1.918668589583259E-05
   6.499323055045013E-06  -2.192021966217780E-05   1.795483556182370E-05
   1.470099589320950E-06  -2.211051166116949E-05   2.588221621079321E-05
  -2.469302289355854E-05   2.978256523153354E-05  -3.333667867930886E-05
  -6.681682308387380E-06   5.606893517311918E-06  -1.071283214584423E-06
  -5.694574728051862E-07  -1.109651096256147E-05  -9.082484044023036E-06
  -3.033216400522986E-06  -2.929297609089968E-05   2.711273652778397E-05
   4.572990833018735E-05   2.205036507439941E-07  -4.809271173008473E-05
        </svel>
        <taui>
  -4.081808429191664E+00  -4.081808429191664E+00  -4.081808429191663E+00
  -1.360602809730555E+00  -1.360602809730555E+00  -1.360602809730554E+00
  -4.081808429191664E+00  -4.081808429191664E+00   1.360602809730555E+00
  -1.360602809730555E+00  -1.360602809730555E+00   4.081808429191663E+00
  -4.081808429191664E+00   1.360602809730554E+00  -4.081808429191663E+00
  -1.360602809730555E+00   4.081808429191662E+00  -1.360602809730554E+00
  -4.081808429191664E+00   1.360602809730554E+00   1.360602809730555E+00
  -1.360602809730555E+00   4.081808429191662E+00   4.081808429191663E+00
   1.360602809730554E+00  -4.081808429191664E+00  -4.081808429191663E+00
   4.081808429191662E+00  -1.360602809730555E+00  -1.360602809730554E+00
   1.360602809730554E+00  -4.081808429191664E+00   1.360602809730555E+00
   4.081808429191662E+00  -1.360602809730555E+00   4.081808429191663E+00
   1.360602809730554E+00   1.360602809730554E+00  -4.081808429191663E+00
   4.081808429191662E+00   4.081808429191662E+00  -1.360602809730554E+00
   1.360602809730554E+00   1.360602809730554E+00   1.360602809730555E+00
   4.081808429191662E+00   4.081808429191662E+00   4.081808429191663E+00
        </taui>
        <cdmi>4.081808429191664E+00   4.081808429191664E+00   4.081808429191663E+00</cdmi>
        <force>
  -9.230575614845092E-01  -8.154788649634274E-01   9.439103446137052E-01
  -2.030011074612075E-01   3.345936486940653E-01  -1.505598982470700E+00
   3.200473636325075E-01  -4.714154645221107E-01   4.093706438010368E-01
   6.197281549696408E-01  -4.401864714851320E+00  -2.238244592960509E+00
   1.420340293607900E-01   8.555568058812757E-02  -4.133475250327391E-01
   2.880471247683647E-02  -2.823066191514599E+00  -2.274455452578756E+00
  -2.412903173961179E-01  -7.956735516039867E-01   1.463619508104409E-01
  -4.605624304448892E-01  -1.292366696267584E+00  -1.724266754942420E+00
  -2.139934187723603E-01   1.751742274598100E-02   4.703082402196737E-01
   1.815875980992943E+00   3.596993399559996E+00   2.259511716372545E-01
  -8.389586347754687E-01  -6.407408090715228E-02   1.747334743576532E-01
  -7.164470123922333E+00   1.277873498380800E+00   9.073785163184552E-01
  -1.454268500790605E+00  -1.054843814048783E+00  -6.660419331305819E-01
   5.572833596575834E+00  -7.816256905462506E+00   4.624958298876324E+00
   3.582786914116554E-01  -7.369798068281159E-01   1.621309488467832E+00
  -1.042180941118050E+00   1.204851201449972E+00   1.143630987781859E+00
        </force>
      </IONS_POSITIONS>
      <IONS_NOSE>
        <nhpcl>1</nhpcl>
        <nhpdim>1</nhpdim>
        <xnhp>-2.533873423483431E-04</xnhp>
        <vnhp>-5.055118625906934E-07</vnhp>
      </IONS_NOSE>
      <ekincm>5.597764798842770E+02</ekincm>
      <ELECTRONS_NOSE>
        <xnhe>0.000000000000000E+00</xnhe>
        <vnhe>0.000000000000000E+00</vnhe>
      </ELECTRONS_NOSE>
      <CELL_PARAMETERS>
        <ht>
   1.088482247784444E+01   0.000000000000000E+00   0.000000000000000E+00
   0.000000000000000E+00   1.088482247784444E+01   0.000000000000000E+00
   0.000000000000000E+00   0.000000000000000E+00   1.088482247784444E+01
        </ht>
        <htvel>
   0.000000000000000E+00   0.000000000000000E+00   0.000000000000000E+00
   0.000000000000000E+00   0.000000000000000E+00   0.000000000000000E+00
   0.000000000000000E+00   0.000000000000000E+00   0.000000000000000E+00
        </htvel>
        <gvel>
   0.000000000000000E+00   0.000000000000000E+00   0.000000000000000E+00
   0.000000000000000E+00   0.000000000000000E+00   0.000000000000000E+00
   0.000000000000000E+00   0.000000000000000E+00   0.000000000000000E+00
        </gvel>
      </CELL_PARAMETERS>
      <CELL_NOSE>
        <xnhh>
   0.000000000000000E+00   0.000000000000000E+00   0.000000000000000E+00
   0.000000000000000E+00   0.000000000000000E+00   0.000000000000000E+00
   0.000000000000000E+00   0.000000000000000E+00   0.000000000000000E+00
        </xnhh>
        <vnhh>
   0.000000000000000E+00   0.000000000000000E+00   0.000000000000000E+00
   0.000000000000000E+00   0.000000000000000E+00   0.000000000000000E+00
   0.000000000000000E+00   0.000000000000000E+00   0.000000000000000E+00
        </vnhh>
      </CELL_NOSE>
    </STEP0>
    <STEPM>
      <IONS_POSITIONS>
        <stau>
  -1.959077329117370E-03   6.099075240062172E-03   3.189200669995312E-03
   2.489138443572921E-01   2.523957719995021E-01   2.525684512594326E-01
  -2.200203668640800E-03   6.594608178419487E-04   5.006893903384650E-01
   2.513234350954212E-01   2.457714610422516E-01   7.499132850598990E-01
  -6.510432773593335E-03   4.992185887668317E-01   6.162386692735033E-04
   2.459700840833481E-01   7.451874778680820E-01   2.511711322482162E-01
  -4.150306823112653E-04   5.002335308548449E-01   4.982134734450521E-01
   2.611764608068227E-01   7.461082702939335E-01   7.489872865239150E-01
   4.988800376373044E-01   8.909111172911858E-04  -1.536330960292048E-03
   7.369273914026675E-01   2.526771519553468E-01   2.616328980691981E-01
   5.002241288079556E-01   1.781622227177134E-03   5.006633702016178E-01
   7.548263774659023E-01   2.489938079173537E-01   7.459118989601339E-01
   5.007392185453015E-01   5.025428673310095E-01  -3.829575280407618E-04
   7.490353369994081E-01   7.539827434226389E-01   2.465430327832197E-01
   4.991881231285162E-01   4.996301903138302E-01   5.009849327271141E-01
   7.638803061237249E-01   7.438270688320043E-01   7.408346975328023E-01
        </stau>
        <svel>
  -2.214111044754894E-05   5.126645093433773E-05   6.754419906857543E-05
   2.377003110830972E-05  -5.876591718204094E-06  -2.019345780018833E-05
  -2.487951173317732E-05  -1.514475869175802E-05   6.691579923528979E-06
   1.388162502108381E-05   5.454704611579375E-05   9.431174016749644E-06
  -6.361177884224643E-05  -3.929994024574890E-05   1.663632732518984E-05
   3.863108737936494E-05   1.305791812752921E-05  -3.266459156184287E-05
  -1.944335125547238E-05  -2.006675366997279E-05   5.648402851762824E-06
   4.097674719466537E-05   6.398877238106282E-06   4.166374581421328E-06
  -1.328833329712620E-05  -1.308660790610549E-05  -2.039129242319626E-05
   3.551793411105120E-06  -2.733613984126637E-05   1.852781245136048E-05
   3.518091762910736E-06  -2.051232192330863E-05   2.530419472146495E-05
  -1.001289339941369E-05   2.929490681759239E-05  -3.550795844864396E-05
  -3.714950466637834E-06   9.102350715967100E-06  -2.754388332447736E-08
  -1.233681992313107E-05   4.883432922375697E-06  -1.858098602677827E-05
  -3.519289674430714E-06  -2.632434497994163E-05   2.358152090575771E-05
   4.861866316191454E-05  -9.035238954790970E-07  -5.016575570163107E-05
        </svel>
      </IONS_POSITIONS>
      <IONS_NOSE>
        <nhpcl>1</nhpcl>
        <nhpdim>1</nhpdim>
        <xnhp>-2.523777287769138E-04</xnhp>
      </IONS_NOSE>
      <ELECTRONS_NOSE>
        <xnhe>0.000000000000000E+00</xnhe>
      </ELECTRONS_NOSE>
      <CELL_PARAMETERS>
        <ht>
   1.088482247784444E+01   0.000000000000000E+00   0.000000000000000E+00
   0.000000000000000E+00   1.088482247784444E+01   0.000000000000000E+00
   0.000000000000000E+00   0.000000000000000E+00   1.088482247784444E+01
        </ht>
      </CELL_PARAMETERS>
      <CELL_NOSE>
        <xnhh>
   0.000000000000000E+00   0.000000000000000E+00   0.000000000000000E+00
   0.000000000000000E+00   0.000000000000000E+00   0.000000000000000E+00
   0.000000000000000E+00   0.000000000000000E+00   0.000000000000000E+00
        </xnhh>
      </CELL_NOSE>
    </STEPM>
  </TIMESTEPS>
  <exit_status>0</exit_status>
  <timing_info>
    <total label="CP">
      <cpu>3.292994220000000E+02</cpu>
      <wall>3.336442868709564E+02</wall>
    </total>
    <partial label="initialize" calls="1">
      <cpu>6.347938000000000E+00</cpu>
      <wall>6.598042964935303E+00</wall>
    </partial>
    <partial label="init_dim" calls="1">
      <cpu>4.280899999999999E-02</cpu>
      <wall>4.350209236145020E-02</wall>
    </partial>
    <partial label="nlinit" calls="1">
      <cpu>4.468161000000000E+00</cpu>
      <wall>4.482012987136841E+00</wall>
    </partial>
    <partial label="qradx" calls="1">
      <cpu>1.308931000000000E+00</cpu>
      <wall>1.310218095779419E+00</wall>
    </partial>
    <partial label="betagx" calls="1">
      <cpu>2.453785000000000E+00</cpu>
      <wall>2.453557968139648E+00</wall>
    </partial>
    <partial label="newnlinit" calls="1">
      <cpu>3.478139999999996E-01</cpu>
      <wall>3.594019412994385E-01</wall>
    </partial>
    <partial label="from_scratch" calls="1">
      <cpu>1.828593000000000E+00</cpu>
      <wall>1.867333889007568E+00</wall>
    </partial>
    <partial label="strucf" calls="201">
      <cpu>2.210500000001048E-02</cpu>
      <wall>2.203583717346191E-02</wall>
    </partial>
    <partial label="fftb" calls="248474">
      <cpu>7.886551300000215E+01</cpu>
      <wall>7.936708831787109E+01</wall>
    </partial>
    <partial label="prefor" calls="801">
      <cpu>1.609700000003613E-01</cpu>
      <wall>1.626114845275879E-01</wall>
    </partial>
    <partial label="gram" calls="1">
      <cpu>4.820100000000060E-02</cpu>
      <wall>4.821205139160156E-02</wall>
    </partial>
    <partial label="calbec" calls="404">
      <cpu>4.527370000002406E-01</cpu>
      <wall>5.033528804779053E-01</wall>
    </partial>
    <partial label="nlsm1" calls="404">
      <cpu>4.514250000001994E-01</cpu>
      <wall>5.024464130401611E-01</wall>
    </partial>
    <partial label="formf" calls="1">
      <cpu>3.599999999996939E-04</cpu>
      <wall>7.228851318359375E-04</wall>
    </partial>
    <partial label="rhoofr" calls="201">
      <cpu>1.973890599999976E+01</cpu>
      <wall>1.992863392829895E+01</wall>
    </partial>
    <partial label="fftw" calls="67536">
      <cpu>7.042776999996590E+00</cpu>
      <wall>7.268051624298096E+00</wall>
    </partial>
    <partial label="fft_scatter" calls="70972">
      <cpu>3.961589999999774E+00</cpu>
      <wall>4.250482797622681E+00</wall>
    </partial>
    <partial label="ffts" calls="402">
      <cpu>7.348999999936723E-02</cpu>
      <wall>7.985210418701172E-02</wall>
    </partial>
    <partial label="fft" calls="3034">
      <cpu>1.662032999998985E+00</cpu>
      <wall>1.902563333511353E+00</wall>
    </partial>
    <partial label="rhov" calls="201">
      <cpu>1.609838600000029E+01</cpu>
      <wall>1.613673496246338E+01</wall>
    </partial>
    <partial label="set_cc" calls="201">
      <cpu>6.531729999999811E-01</cpu>
      <wall>6.678800582885742E-01</wall>
    </partial>
    <partial label="vofrho" calls="201">
      <cpu>1.030403600000005E+01</cpu>
      <wall>1.060768389701843E+01</wall>
    </partial>
    <partial label="force_loc" calls="201">
      <cpu>8.208899999999630E-02</cpu>
      <wall>8.249258995056152E-02</wall>
    </partial>
    <partial label="exch_corr" calls="201">
      <cpu>4.825864000000081E+00</cpu>
      <wall>5.040547847747803E+00</wall>
    </partial>
    <partial label="forcecc" calls="201">
      <cpu>1.935312000000579E+00</cpu>
      <wall>1.954401016235352E+00</wall>
    </partial>
    <partial label="newd" calls="201">
      <cpu>2.739393739999999E+02</cpu>
      <wall>2.746345083713531E+02</wall>
    </partial>
    <partial label="runcp_uspp" calls="201">
      <cpu>7.102434999999957E+00</cpu>
      <wall>7.310075521469116E+00</wall>
    </partial>
    <partial label="dforce" calls="22512">
      <cpu>7.020868999998470E+00</cpu>
      <wall>7.237237930297852E+00</wall>
    </partial>
    <partial label="nlfq" calls="201">
      <cpu>1.653776000000391E+00</cpu>
      <wall>1.869047641754150E+00</wall>
    </partial>
    <partial label="nlsm2" calls="201">
      <cpu>1.580789000000266E+00</cpu>
      <wall>1.795987606048584E+00</wall>
    </partial>
    <partial label="calphi" calls="201">
      <cpu>5.275799999999435E-01</cpu>
      <wall>5.335850715637207E-01</wall>
    </partial>
    <partial label="ortho" calls="201">
      <cpu>5.104468999999995E+00</cpu>
      <wall>5.289947032928467E+00</wall>
    </partial>
    <partial label="nlsm1us" calls="402">
      <cpu>8.507080000002247E-01</cpu>
      <wall>9.480018615722656E-01</wall>
    </partial>
    <partial label="rhoset" calls="402">
      <cpu>3.142350000001102E-01</cpu>
      <wall>3.404107093811035E-01</wall>
    </partial>
    <partial label="sigset" calls="402">
      <cpu>2.641659999999320E-01</cpu>
      <wall>2.845673561096191E-01</wall>
    </partial>
    <partial label="tauset" calls="402">
      <cpu>2.647599999999670E-01</cpu>
      <wall>2.861480712890625E-01</wall>
    </partial>
    <partial label="rsg" calls="402">
      <cpu>1.531428000000176E+00</cpu>
      <wall>1.537669897079468E+00</wall>
    </partial>
    <partial label="ortho_iter" calls="402">
      <cpu>1.548405000000230E+00</cpu>
      <wall>1.549588680267334E+00</wall>
    </partial>
    <partial label="nlfl" calls="201">
      <cpu>6.767129999998929E-01</cpu>
      <wall>6.768519878387451E-01</wall>
    </partial>
    <partial label="updatc" calls="201">
      <cpu>3.697699999996757E-01</cpu>
      <wall>3.868553638458252E-01</wall>
    </partial>
    <partial label="main_loop" calls="200">
      <cpu>3.218903649999997E+02</cpu>
      <wall>3.239494147300720E+02</wall>
    </partial>
    <partial label="cpr_md" calls="199">
      <cpu>3.228648590000003E+02</cpu>
      <wall>3.269523005485535E+02</wall>
    </partial>
    <partial label="move_electro" calls="200">
      <cpu>3.129618170000001E+02</cpu>
      <wall>3.145624880790710E+02</wall>
    </partial>
    <partial label="restart" calls="19">
      <cpu>9.638170000000059E-01</cpu>
      <wall>2.985527992248535E+00</wall>
    </partial>
  </timing_info>
  <closed DATE="27 Jul 2023" TIME="16: 7: 9"></closed>
</qes:espresso>
