{
  "Dataset": {
    "AtomTypeStyle": "chemicalsymbol",
    "Data": [
      {
        "AtomTypes": [
          "Ni"
        ],
        "Energy": -4.752574169587206,
        "Forces": [
          [
            -0.0007804741493823113,
            -0.0008327123263133785,
            -0.0017221091387820693
          ]
        ],
        "Lattice": [
          [
            2.313435596284401,
            0.49632724142342965,
            0.20187688903205706
          ],
          [
            0.5351279859817278,
            2.316441265676711,
            -0.18447558658243055
          ],
          [
            1.0566081081065415,
            -0.26535841202036997,
            2.206968641941725
          ]
        ],
        "NumAtoms": 1,
        "Positions": [
          [
            0.0,
            0.0,
            0.0
          ]
        ],
        "Stress": [
          [
            -333.92865059782184,
            104.44464401958304,
            -13.239461917975316
          ],
          [
            104.44464401958304,
            -366.2917797306504,
            33.834180457048035
          ],
          [
            -13.239461917975316,
            33.834180457048035,
            -556.0574005549632
          ]
        ]
      }
    ],
    "EnergyStyle": "electronvolt",
    "ForcesStyle": "electronvoltperangstrom",
    "Label": "ASE generated",
    "LatticeStyle": "angstrom",
    "PositionsStyle": "angstrom",
    "StressStyle": "bar"
  }
}