{
  "Dataset": {
    "AtomTypeStyle": "chemicalsymbol",
    "Data": [
      {
        "AtomTypes": [
          "Ni"
        ],
        "Energy": -4.752574305644885,
        "Forces": [
          [
            0.003798598450935165,
            0.003325646986665432,
            0.003415941333516874
          ]
        ],
        "Lattice": [
          [
            2.31347649162824,
            0.4963458779863535,
            0.20182482910747646
          ],
          [
            0.5351265508531386,
            2.3165848145196666,
            -0.184453366960629
          ],
          [
            1.0565536293129416,
            -0.26533946006783,
            2.2069775051307876
          ]
        ],
        "NumAtoms": 1,
        "Positions": [
          [
            0.0,
            0.0,
            0.0
          ]
        ],
        "Stress": [
          [
            1120.9411090552435,
            -0.0,
            60.313104292998666
          ],
          [
            -0.0,
            897.3413077738825,
            13.239461917975316
          ],
          [
            60.313104292998666,
            13.239461917975316,
            988.5464898754904
          ]
        ]
      }
    ],
    "EnergyStyle": "electronvolt",
    "ForcesStyle": "electronvoltperangstrom",
    "Label": "ASE generated",
    "LatticeStyle": "angstrom",
    "PositionsStyle": "angstrom",
    "StressStyle": "bar"
  }
}