{
  "Dataset": {
    "AtomTypeStyle": "chemicalsymbol",
    "Data": [
      {
        "AtomTypes": [
          "Ni"
        ],
        "Energy": -4.698585647753134,
        "Forces": [
          [
            -0.13112968116993937,
            -0.0693119363185303,
            -0.7015196572788583
          ]
        ],
        "Lattice": [
          [
            2.2898149947573994,
            0.46842114060875295,
            0.2721935495408024
          ],
          [
            0.6148547730070067,
            2.279369560020759,
            -0.12716919912921573
          ],
          [
            1.1687376782161272,
            -0.15319351562788633,
            2.3109520686894602
          ]
        ],
        "NumAtoms": 1,
        "Positions": [
          [
            0.0,
            0.0,
            0.0
          ]
        ],
        "Stress": [
          [
            36523.26227772124,
            15229.794359644271,
            -93779.52191899183
          ],
          [
            15229.794359644271,
            38225.268659843176,
            -71562.23376930502
          ],
          [
            -93779.52191899183,
            -71562.23376930502,
            -51742.759278095975
          ]
        ]
      }
    ],
    "EnergyStyle": "electronvolt",
    "ForcesStyle": "electronvoltperangstrom",
    "Label": "ASE generated",
    "LatticeStyle": "angstrom",
    "PositionsStyle": "angstrom",
    "StressStyle": "bar"
  }
}