{
  "Dataset": {
    "AtomTypeStyle": "chemicalsymbol",
    "Data": [
      {
        "AtomTypes": [
          "Ni"
        ],
        "Energy": -4.752572128732027,
        "Forces": [
          [
            -0.009043118307444501,
            -0.009948030970754956,
            -0.00491275560093938
          ]
        ],
        "Lattice": [
          [
            2.3139193796134676,
            0.4964217879277146,
            0.20188349422197172
          ],
          [
            0.5352264161175447,
            2.3169376010891596,
            -0.18447372017441668
          ],
          [
            1.056777547473593,
            -0.2653750895692685,
            2.2073586339023827
          ]
        ],
        "NumAtoms": 1,
        "Positions": [
          [
            0.0,
            0.0,
            0.0
          ]
        ],
        "Stress": [
          [
            -2262.4769366495593,
            -575.1810677698165,
            26.47892383595063
          ],
          [
            -575.1810677698165,
            -2202.163832356561,
            54.42889899612075
          ],
          [
            26.47892383595063,
            54.42889899612075,
            -1607.8590973718913
          ]
        ]
      }
    ],
    "EnergyStyle": "electronvolt",
    "ForcesStyle": "electronvoltperangstrom",
    "Label": "ASE generated",
    "LatticeStyle": "angstrom",
    "PositionsStyle": "angstrom",
    "StressStyle": "bar"
  }
}