{
  "Dataset": {
    "AtomTypeStyle": "chemicalsymbol",
    "Data": [
      {
        "AtomTypes": [
          "Ni"
        ],
        "Energy": -4.748446062943913,
        "Forces": [
          [
            -0.1298771640639429,
            -0.01766094520263735,
            -0.03524902769894596
          ]
        ],
        "Lattice": [
          [
            2.331715221772681,
            0.4599296456171871,
            0.22412849642079563
          ],
          [
            0.522723356770335,
            2.3260722861061502,
            -0.21005045065260372
          ],
          [
            1.0767494546861498,
            -0.28536015794817404,
            2.2043661844150924
          ]
        ],
        "NumAtoms": 1,
        "Positions": [
          [
            0.0,
            0.0,
            0.0
          ]
        ],
        "Stress": [
          [
            -23605.960599749986,
            9819.267589165025,
            -25809.59548343077
          ],
          [
            9819.267589165025,
            -17345.166163871887,
            2717.0317958333794
          ],
          [
            -25809.59548343077,
            2717.0317958333794,
            12122.933962892732
          ]
        ]
      }
    ],
    "EnergyStyle": "electronvolt",
    "ForcesStyle": "electronvoltperangstrom",
    "Label": "ASE generated",
    "LatticeStyle": "angstrom",
    "PositionsStyle": "angstrom",
    "StressStyle": "bar"
  }
}