{
  "Dataset": {
    "AtomTypeStyle": "chemicalsymbol",
    "Data": [
      {
        "AtomTypes": [
          "Ni"
        ],
        "Energy": -4.752093207951475,
        "Forces": [
          [
            -0.09788049443367572,
            -0.06884506744244377,
            -0.0022344311319675084
          ]
        ],
        "Lattice": [
          [
            2.3190651003750293,
            0.49525390229571364,
            0.20802719080994433
          ],
          [
            0.5418010904993168,
            2.3185005349700445,
            -0.18318061798548907
          ],
          [
            1.0657521569142343,
            -0.2584824262528703,
            2.203227292402337
          ]
        ],
        "NumAtoms": 1,
        "Positions": [
          [
            0.0,
            0.0,
            0.0
          ]
        ],
        "Stress": [
          [
            -14473.67397899546,
            -7194.912026757474,
            -8673.318607598052
          ],
          [
            -7194.912026757474,
            -9016.07356614119,
            -2606.702946516918
          ],
          [
            -8673.318607598052,
            -2606.702946516918,
            10584.214277759154
          ]
        ]
      }
    ],
    "EnergyStyle": "electronvolt",
    "ForcesStyle": "electronvoltperangstrom",
    "Label": "ASE generated",
    "LatticeStyle": "angstrom",
    "PositionsStyle": "angstrom",
    "StressStyle": "bar"
  }
}