{
  "Dataset": {
    "AtomTypeStyle": "chemicalsymbol",
    "Data": [
      {
        "AtomTypes": [
          "Ni"
        ],
        "Energy": -4.496315905361371,
        "Forces": [
          [
            -0.004881438334839838,
            0.09705918337029376,
            -0.07157900497959956
          ]
        ],
        "Lattice": [
          [
            2.428385077652494,
            0.1737242006343002,
            0.1988392763867424
          ],
          [
            0.34376593168965447,
            2.3308591516939936,
            0.0005796511888407188
          ],
          [
            1.0537973817768402,
            -0.0011543958466055837,
            2.152996176736579
          ]
        ],
        "NumAtoms": 1,
        "Positions": [
          [
            0.0,
            0.0,
            0.0
          ]
        ],
        "Stress": [
          [
            -54809.90128909359,
            81424.16184687242,
            -28005.87511049045
          ],
          [
            81424.16184687242,
            -37055.782857088685,
            -16777.340352723164
          ],
          [
            -28005.87511049045,
            -16777.340352723164,
            22011.340964296072
          ]
        ]
      }
    ],
    "EnergyStyle": "electronvolt",
    "ForcesStyle": "electronvoltperangstrom",
    "Label": "ASE generated",
    "LatticeStyle": "angstrom",
    "PositionsStyle": "angstrom",
    "StressStyle": "bar"
  }
}