{
  "Dataset": {
    "AtomTypeStyle": "chemicalsymbol",
    "Data": [
      {
        "AtomTypes": [
          "Ni"
        ],
        "Energy": -4.671488527714246,
        "Forces": [
          [
            -0.34847034713546515,
            -0.28060604864899275,
            -0.8264348334611521
          ]
        ],
        "Lattice": [
          [
            2.3022650300191545,
            0.45771343718081775,
            0.27416715404011593
          ],
          [
            0.6232177800681441,
            2.2775919490008123,
            -0.08499742535864452
          ],
          [
            1.1792852113449925,
            -0.0897032490445598,
            2.298095938075419
          ]
        ],
        "NumAtoms": 1,
        "Positions": [
          [
            0.0,
            0.0,
            0.0
          ]
        ],
        "Stress": [
          [
            5225.174303627591,
            9151.410287969384,
            -125683.68303866389
          ],
          [
            9151.410287969384,
            13389.509153045703,
            -96270.01181089542
          ],
          [
            -125683.68303866389,
            -96270.01181089542,
            -35787.7366156115
          ]
        ]
      }
    ],
    "EnergyStyle": "electronvolt",
    "ForcesStyle": "electronvoltperangstrom",
    "Label": "ASE generated",
    "LatticeStyle": "angstrom",
    "PositionsStyle": "angstrom",
    "StressStyle": "bar"
  }
}