{
  "Dataset": {
    "AtomTypeStyle": "chemicalsymbol",
    "Data": [
      {
        "AtomTypes": [
          "Ni"
        ],
        "Energy": -4.75257158450313,
        "Forces": [
          [
            -0.002342038883715568,
            -0.009192379094437368,
            0.0018117702559648319
          ]
        ],
        "Lattice": [
          [
            2.313627444718695,
            0.4966755855502586,
            0.20157623805948544
          ],
          [
            0.5354002624723875,
            2.3170722819804577,
            -0.18397729903526022
          ],
          [
            1.0563536135576141,
            -0.264662427043222,
            2.206433200862756
          ]
        ],
        "NumAtoms": 1,
        "Positions": [
          [
            0.0,
            0.0,
            0.0
          ]
        ],
        "Stress": [
          [
            -469.265372426014,
            -642.8494286839125,
            383.94439562128423
          ],
          [
            -642.8494286839125,
            -1522.5381205671613,
            -351.58126648845564
          ],
          [
            383.94439562128423,
            -351.58126648845564,
            531.0495280432322
          ]
        ]
      }
    ],
    "EnergyStyle": "electronvolt",
    "ForcesStyle": "electronvoltperangstrom",
    "Label": "ASE generated",
    "LatticeStyle": "angstrom",
    "PositionsStyle": "angstrom",
    "StressStyle": "bar"
  }
}