{
  "Dataset": {
    "AtomTypeStyle": "chemicalsymbol",
    "Data": [
      {
        "AtomTypes": [
          "Ni"
        ],
        "Energy": -4.607936148383487,
        "Forces": [
          [
            -0.8685166780870464,
            -0.5141110695135762,
            -0.7334772640666881
          ]
        ],
        "Lattice": [
          [
            2.3814615793649545,
            0.38577699963382084,
            0.26529754341197914
          ],
          [
            0.5693796464973387,
            2.301550840816862,
            -0.028597814802575998
          ],
          [
            1.169950274030462,
            -0.009636175673803357,
            2.2178025059787263
          ]
        ],
        "NumAtoms": 1,
        "Positions": [
          [
            0.0,
            0.0,
            0.0
          ]
        ],
        "Stress": [
          [
            -135663.29522216885,
            40611.31390772717,
            -167373.27756704393
          ],
          [
            40611.31390772717,
            -84616.3432204287,
            -95200.55749818786
          ],
          [
            -167373.27756704393,
            -95200.55749818786,
            30649.354340112855
          ]
        ]
      }
    ],
    "EnergyStyle": "electronvolt",
    "ForcesStyle": "electronvoltperangstrom",
    "Label": "ASE generated",
    "LatticeStyle": "angstrom",
    "PositionsStyle": "angstrom",
    "StressStyle": "bar"
  }
}