{
  "Dataset": {
    "AtomTypeStyle": "chemicalsymbol",
    "Data": [
      {
        "AtomTypes": [
          "Ni"
        ],
        "Energy": -3.563103254710768,
        "Forces": [
          [
            -0.6314912648330053,
            -0.7944558220860087,
            -1.1190063838794686
          ]
        ],
        "Lattice": [
          [
            2.4333700624245496,
            0.0,
            0.0
          ],
          [
            0.16228631620321807,
            2.508344627417912,
            0.0
          ],
          [
            0.7594134291916407,
            -0.03419128274712734,
            2.91035926206101
          ]
        ],
        "NumAtoms": 1,
        "Positions": [
          [
            0.0,
            0.0,
            0.0
          ]
        ],
        "Stress": [
          [
            -175071.28914668452,
            9773.664998114222,
            -463.3811671291361
          ],
          [
            9773.664998114222,
            -179908.10590071813,
            1784.385256278229
          ],
          [
            -463.3811671291361,
            1784.385256278229,
            -254459.51596083716
          ]
        ]
      }
    ],
    "EnergyStyle": "electronvolt",
    "ForcesStyle": "electronvoltperangstrom",
    "Label": "ASE generated",
    "LatticeStyle": "angstrom",
    "PositionsStyle": "angstrom",
    "StressStyle": "bar"
  }
}