{
  "Dataset": {
    "AtomTypeStyle": "chemicalsymbol",
    "Data": [
      {
        "AtomTypes": [
          "Ni"
        ],
        "Energy": -4.752478385431459,
        "Forces": [
          [
            -0.03607029461020931,
            -0.03955399896514896,
            0.0035395056998339895
          ]
        ],
        "Lattice": [
          [
            2.3152275189019482,
            0.4976728612752231,
            0.20310870932519406
          ],
          [
            0.5387515988840289,
            2.3175078625576155,
            -0.1817807193690804
          ],
          [
            1.0592137459881963,
            -0.2600611513108295,
            2.2041860514350144
          ]
        ],
        "NumAtoms": 1,
        "Positions": [
          [
            0.0,
            0.0,
            0.0
          ]
        ],
        "Stress": [
          [
            -5135.440172850203,
            -4068.92796279108,
            -2005.0429549111504
          ],
          [
            -4068.92796279108,
            -4547.019643162411,
            -2212.4611916260974
          ],
          [
            -2005.0429549111504,
            -2212.4611916260974,
            5319.321588377638
          ]
        ]
      }
    ],
    "EnergyStyle": "electronvolt",
    "ForcesStyle": "electronvoltperangstrom",
    "Label": "ASE generated",
    "LatticeStyle": "angstrom",
    "PositionsStyle": "angstrom",
    "StressStyle": "bar"
  }
}