{
  "Dataset": {
    "AtomTypeStyle": "chemicalsymbol",
    "Data": [
      {
        "AtomTypes": [
          "Ni"
        ],
        "Energy": -4.73567642947728,
        "Forces": [
          [
            0.07778085642040741,
            0.17279264752299311,
            -0.3799819328839238
          ]
        ],
        "Lattice": [
          [
            2.304235276889081,
            0.44248728007454674,
            0.2496202473894476
          ],
          [
            0.5415398907459822,
            2.311686860877183,
            -0.20757429608370662
          ],
          [
            1.112966987892883,
            -0.2770544216195881,
            2.2855992373215455
          ]
        ],
        "NumAtoms": 1,
        "Positions": [
          [
            0.0,
            0.0,
            0.0
          ]
        ],
        "Stress": [
          [
            22629.182520468257,
            47206.0369942031,
            -45718.804105417206
          ],
          [
            47206.0369942031,
            3043.6051898101036,
            -4664.70374909997
          ],
          [
            -45718.804105417206,
            -4664.70374909997,
            -66061.97286804838
          ]
        ]
      }
    ],
    "EnergyStyle": "electronvolt",
    "ForcesStyle": "electronvoltperangstrom",
    "Label": "ASE generated",
    "LatticeStyle": "angstrom",
    "PositionsStyle": "angstrom",
    "StressStyle": "bar"
  }
}