{
  "Dataset": {
    "AtomTypeStyle": "chemicalsymbol",
    "Data": [
      {
        "AtomTypes": [
          "Ni"
        ],
        "Energy": -4.725720727706175,
        "Forces": [
          [
            0.0012895676895609276,
            0.2565207261660264,
            -0.3585066464248987
          ]
        ],
        "Lattice": [
          [
            2.286364900649249,
            0.47327904506175417,
            0.26571740636769425
          ],
          [
            0.5849716455040103,
            2.292952653645725,
            -0.1988607832068443
          ],
          [
            1.1431722091581111,
            -0.2600832915560498,
            2.3109089513305237
          ]
        ],
        "NumAtoms": 1,
        "Positions": [
          [
            0.0,
            0.0,
            0.0
          ]
        ],
        "Stress": [
          [
            43829.9742051194,
            18801.50697484917,
            -62222.52891183554
          ],
          [
            18801.50697484917,
            47657.649750738485,
            461.9101158049166
          ],
          [
            -62222.52891183554,
            461.9101158049166,
            -47890.07585996517
          ]
        ]
      }
    ],
    "EnergyStyle": "electronvolt",
    "ForcesStyle": "electronvoltperangstrom",
    "Label": "ASE generated",
    "LatticeStyle": "angstrom",
    "PositionsStyle": "angstrom",
    "StressStyle": "bar"
  }
}