{
  "Dataset": {
    "AtomTypeStyle": "chemicalsymbol",
    "Data": [
      {
        "AtomTypes": [
          "Ni"
        ],
        "Energy": -4.7421762824378675,
        "Forces": [
          [
            0.013284769017822023,
            0.15986872047412073,
            -0.20716376832173955
          ]
        ],
        "Lattice": [
          [
            2.316022480654969,
            0.44089645537971855,
            0.24233108429108313
          ],
          [
            0.5251770541168641,
            2.3198589725521788,
            -0.22321417081077216
          ],
          [
            1.0971867441487069,
            -0.2992888016443087,
            2.252040802653118
          ]
        ],
        "NumAtoms": 1,
        "Positions": [
          [
            0.0,
            0.0,
            0.0
          ]
        ],
        "Stress": [
          [
            9527.999426969569,
            35377.313296154265,
            -40830.50055503587
          ],
          [
            35377.313296154265,
            -713.4598922464477,
            8059.890205398529
          ],
          [
            -40830.50055503587,
            8059.890205398529,
            -31080.37237810917
          ]
        ]
      }
    ],
    "EnergyStyle": "electronvolt",
    "ForcesStyle": "electronvoltperangstrom",
    "Label": "ASE generated",
    "LatticeStyle": "angstrom",
    "PositionsStyle": "angstrom",
    "StressStyle": "bar"
  }
}