{
  "Dataset": {
    "AtomTypeStyle": "chemicalsymbol",
    "Data": [
      {
        "AtomTypes": [
          "Ni"
        ],
        "Energy": -4.2224513159617345,
        "Forces": [
          [
            1.1123932650154258,
            0.5599419620084055,
            -0.18083653021260393
          ]
        ],
        "Lattice": [
          [
            2.2261430320045212,
            0.02661501373255849,
            0.007294699350318234
          ],
          [
            0.17583354279179686,
            2.2587746889940354,
            0.00527409597724478
          ],
          [
            0.7034986151013921,
            -0.0169298177280593,
            2.314864524504106
          ]
        ],
        "NumAtoms": 1,
        "Positions": [
          [
            0.0,
            0.0,
            0.0
          ]
        ],
        "Stress": [
          [
            221969.87641412573,
            46442.5613569332,
            86355.12588565612
          ],
          [
            46442.5613569332,
            119725.925175575,
            -2480.192532634043
          ],
          [
            86355.12588565612,
            -2480.192532634043,
            -140147.05965838983
          ]
        ]
      }
    ],
    "EnergyStyle": "electronvolt",
    "ForcesStyle": "electronvoltperangstrom",
    "Label": "ASE generated",
    "LatticeStyle": "angstrom",
    "PositionsStyle": "angstrom",
    "StressStyle": "bar"
  }
}