{
  "Dataset": {
    "AtomTypeStyle": "chemicalsymbol",
    "Data": [
      {
        "AtomTypes": [
          "Ni"
        ],
        "Energy": -4.752574169587206,
        "Forces": [
          [
            -0.0006765113300621549,
            -0.0029980613839382213,
            -0.0006340026262789541
          ]
        ],
        "Lattice": [
          [
            2.3135148463923016,
            0.4963633572387226,
            0.20177600245563887
          ],
          [
            0.5351252051554979,
            2.3167194472558386,
            -0.18443252796216403
          ],
          [
            1.0565025346075891,
            -0.26532168553457863,
            2.2069858174463763
          ]
        ],
        "NumAtoms": 1,
        "Positions": [
          [
            0.0,
            0.0,
            0.0
          ]
        ],
        "Stress": [
          [
            -261.8471357110673,
            -94.14728475004668,
            145.63408109772848
          ],
          [
            -94.14728475004668,
            -711.9888409222282,
            -14.710513242194793
          ],
          [
            145.63408109772848,
            -14.710513242194793,
            -328.0444453009439
          ]
        ]
      }
    ],
    "EnergyStyle": "electronvolt",
    "ForcesStyle": "electronvoltperangstrom",
    "Label": "ASE generated",
    "LatticeStyle": "angstrom",
    "PositionsStyle": "angstrom",
    "StressStyle": "bar"
  }
}