{
  "Dataset": {
    "AtomTypeStyle": "chemicalsymbol",
    "Data": [
      {
        "AtomTypes": [
          "Ni"
        ],
        "Energy": -4.752574169587206,
        "Forces": [
          [
            -0.0022330395316863642,
            -0.0031755441793573412,
            -0.0012207901392024682
          ]
        ],
        "Lattice": [
          [
            2.313614278260574,
            0.49636949516516227,
            0.20184307937103815
          ],
          [
            0.5351576199053955,
            2.3166945722228056,
            -0.18445969962428138
          ],
          [
            1.0566232917881808,
            -0.2653505452719906,
            2.207096078926218
          ]
        ],
        "NumAtoms": 1,
        "Positions": [
          [
            0.0,
            0.0,
            0.0
          ]
        ],
        "Stress": [
          [
            -573.710016445597,
            -177.99721023055704,
            57.371001644559705
          ],
          [
            -177.99721023055704,
            -716.4019948948866,
            25.00787251173115
          ],
          [
            57.371001644559705,
            25.00787251173115,
            -461.9101158049166
          ]
        ]
      }
    ],
    "EnergyStyle": "electronvolt",
    "ForcesStyle": "electronvoltperangstrom",
    "Label": "ASE generated",
    "LatticeStyle": "angstrom",
    "PositionsStyle": "angstrom",
    "StressStyle": "bar"
  }
}