{
  "Dataset": {
    "AtomTypeStyle": "chemicalsymbol",
    "Data": [
      {
        "AtomTypes": [
          "Cr"
        ],
        "Energy": -41.53409344858346,
        "Forces": [
          [
            -0.20366483361978074,
            -0.20126066995713482,
            -0.05169247409525337
          ]
        ],
        "Lattice": [
          [
            4.168219859695924,
            0.0,
            0.0
          ],
          [
            -2.4094311534575095,
            4.521001315741148,
            0.0
          ],
          [
            -0.7808534674161359,
            -0.15500776014237203,
            6.260024323404885
          ]
        ],
        "NumAtoms": 1,
        "Positions": [
          [
            0.0,
            0.0,
            0.0
          ]
        ],
        "Stress": [
          [
            -16972.990178844357,
            -366.2917797306504,
            23.53682118751167
          ],
          [
            -366.2917797306504,
            -9626.559865692274,
            11.768410593755835
          ],
          [
            23.53682118751167,
            11.768410593755835,
            -3208.362938122685
          ]
        ]
      }
    ],
    "EnergyStyle": "electronvolt",
    "ForcesStyle": "electronvoltperangstrom",
    "Label": "ASE generated",
    "LatticeStyle": "angstrom",
    "PositionsStyle": "angstrom",
    "StressStyle": "bar"
  }
}