{
  "Dataset": {
    "AtomTypeStyle": "chemicalsymbol",
    "Data": [
      {
        "AtomTypes": [
          "Cr"
        ],
        "Energy": 2238.716040796326,
        "Forces": [
          [
            -0.09281742826193358,
            -0.095901765823227,
            -0.06651383468770385
          ]
        ],
        "Lattice": [
          [
            4.994749679081445,
            0.0,
            0.0
          ],
          [
            -0.7916228713872973,
            4.931636022136572,
            0.0
          ],
          [
            -1.3280489974212863,
            -1.5582270416320756,
            5.020642461417803
          ]
        ],
        "NumAtoms": 1,
        "Positions": [
          [
            0.0,
            0.0,
            0.0
          ]
        ],
        "Stress": [
          [
            -6675.630909307999,
            436.9022432931854,
            201.53403141806868
          ],
          [
            436.9022432931854,
            -6522.641571589173,
            233.89716055089724
          ],
          [
            201.53403141806868,
            233.89716055089724,
            -4494.061795490509
          ]
        ]
      }
    ],
    "EnergyStyle": "electronvolt",
    "ForcesStyle": "electronvoltperangstrom",
    "Label": "ASE generated",
    "LatticeStyle": "angstrom",
    "PositionsStyle": "angstrom",
    "StressStyle": "bar"
  }
}