{
  "Dataset": {
    "AtomTypeStyle": "chemicalsymbol",
    "Data": [
      {
        "AtomTypes": [
          "Cr"
        ],
        "Energy": 2238.412574548899,
        "Forces": [
          [
            -0.4085697387008896,
            -0.10288648058448256,
            -0.2962045316934718
          ]
        ],
        "Lattice": [
          [
            4.183909434746399,
            0.0,
            0.0
          ],
          [
            -2.710424393926847,
            4.966940637187491,
            0.0
          ],
          [
            -1.3516495980797367,
            -0.41534505740614447,
            3.6954045369642787
          ]
        ],
        "NumAtoms": 1,
        "Positions": [
          [
            0.0,
            0.0,
            0.0
          ]
        ],
        "Stress": [
          [
            -33959.21981960668,
            -610.4862995510841,
            3070.0841136460535
          ],
          [
            -610.4862995510841,
            -9907.530668618194,
            3136.2814232359297
          ],
          [
            3070.0841136460535,
            3136.2814232359297,
            -36708.61474457289
          ]
        ]
      }
    ],
    "EnergyStyle": "electronvolt",
    "ForcesStyle": "electronvoltperangstrom",
    "Label": "ASE generated",
    "LatticeStyle": "angstrom",
    "PositionsStyle": "angstrom",
    "StressStyle": "bar"
  }
}