{
  "Dataset": {
    "AtomTypeStyle": "chemicalsymbol",
    "Data": [
      {
        "AtomTypes": [
          "Cr"
        ],
        "Energy": -41.939752274633065,
        "Forces": [
          [
            -0.3896398381423054,
            -0.3800701096650806,
            -0.3651337335992335
          ]
        ],
        "Lattice": [
          [
            4.068109586242393,
            0.0,
            0.0
          ],
          [
            -0.789123761320127,
            3.990839912761305,
            0.0
          ],
          [
            -0.789123761320127,
            -0.9604359241063803,
            3.8735481771707643
          ]
        ],
        "NumAtoms": 1,
        "Positions": [
          [
            0.0,
            0.0,
            0.0
          ]
        ],
        "Stress": [
          [
            -41651.347193950336,
            1404.8540146296032,
            1794.682615547765
          ],
          [
            1404.8540146296032,
            -41096.760844719596,
            2184.511216465927
          ],
          [
            1794.682615547765,
            2184.511216465927,
            -40012.596018769844
          ]
        ]
      }
    ],
    "EnergyStyle": "electronvolt",
    "ForcesStyle": "electronvoltperangstrom",
    "Label": "ASE generated",
    "LatticeStyle": "angstrom",
    "PositionsStyle": "angstrom",
    "StressStyle": "bar"
  }
}