{
  "Dataset": {
    "AtomTypeStyle": "chemicalsymbol",
    "Data": [
      {
        "AtomTypes": [
          "Cr"
        ],
        "Energy": 2237.4118005982414,
        "Forces": [
          [
            3.7207224975030653,
            1.3954443927111342,
            3.343486135332018
          ]
        ],
        "Lattice": [
          [
            4.769169372818456,
            0.0,
            0.0
          ],
          [
            0.8381862864422164,
            3.268125773586948,
            0.0
          ],
          [
            0.059924613169463896,
            -1.6662094729509567,
            1.0863213997405878
          ]
        ],
        "NumAtoms": 1,
        "Positions": [
          [
            0.0,
            0.0,
            0.0
          ]
        ],
        "Stress": [
          [
            70179.4455245387,
            108885.74796740166,
            203403.73765115166
          ],
          [
            108885.74796740166,
            542260.4101851089,
            -91668.56326873686
          ],
          [
            203403.73765115166,
            -91668.56326873686,
            452967.5948049864
          ]
        ]
      }
    ],
    "EnergyStyle": "electronvolt",
    "ForcesStyle": "electronvoltperangstrom",
    "Label": "ASE generated",
    "LatticeStyle": "angstrom",
    "PositionsStyle": "angstrom",
    "StressStyle": "bar"
  }
}