{
  "Dataset": {
    "AtomTypeStyle": "chemicalsymbol",
    "Data": [
      {
        "AtomTypes": [
          "Ni"
        ],
        "Energy": -4.747110527041514,
        "Forces": [
          [
            0.19082664013681902,
            0.17405241646102618,
            0.049293471923014906
          ]
        ],
        "Lattice": [
          [
            2.459865299541883,
            0.03645635617263539,
            1.635898421904138e-05
          ],
          [
            -0.10830577105689584,
            2.457744576370166,
            1.6233040043453235e-05
          ],
          [
            -1.1757499768574355,
            -1.2470689635584218,
            1.7648245703292
          ]
        ],
        "NumAtoms": 1,
        "Positions": [
          [
            0.0,
            0.0,
            0.0
          ]
        ],
        "Stress": [
          [
            32280.75025867226,
            18291.05216534501,
            -33.834180457048035
          ],
          [
            18291.05216534501,
            34444.666756599116,
            -35.30523178126751
          ],
          [
            -33.834180457048035,
            -35.30523178126751,
            14994.426147769154
          ]
        ]
      }
    ],
    "EnergyStyle": "electronvolt",
    "ForcesStyle": "electronvoltperangstrom",
    "Label": "ASE generated",
    "LatticeStyle": "angstrom",
    "PositionsStyle": "angstrom",
    "StressStyle": "bar"
  }
}