{
  "Dataset": {
    "AtomTypeStyle": "chemicalsymbol",
    "Data": [
      {
        "AtomTypes": [
          "Ni"
        ],
        "Energy": -4.727737229091872,
        "Forces": [
          [
            -0.16756502734219042,
            -0.14061688120223811,
            -0.2620066878271336
          ]
        ],
        "Lattice": [
          [
            2.4727024072936383,
            0.013856143772704173,
            5.612030130030976e-05
          ],
          [
            -0.13162150618568463,
            2.469273894619576,
            1.2730945278569497e-05
          ],
          [
            -1.1704812525580326,
            -1.2415338556857516,
            1.7896575586455397
          ]
        ],
        "NumAtoms": 1,
        "Positions": [
          [
            0.0,
            0.0,
            0.0
          ]
        ],
        "Stress": [
          [
            -61448.755915296104,
            17552.58440058683,
            -60.313104292998666
          ],
          [
            17552.58440058683,
            -59465.77873024824,
            11.768410593755835
          ],
          [
            -60.313104292998666,
            11.768410593755835,
            -78024.5622366012
          ]
        ]
      }
    ],
    "EnergyStyle": "electronvolt",
    "ForcesStyle": "electronvoltperangstrom",
    "Label": "ASE generated",
    "LatticeStyle": "angstrom",
    "PositionsStyle": "angstrom",
    "StressStyle": "bar"
  }
}